iso3,area_name,area_type,year,gii_inv
AFG,Afghanistan,country,1990,
AFG,Afghanistan,country,1991,
AFG,Afghanistan,country,1992,
AFG,Afghanistan,country,1993,
AFG,Afghanistan,country,1994,
AFG,Afghanistan,country,1995,
AFG,Afghanistan,country,1996,
AFG,Afghanistan,country,1997,
AFG,Afghanistan,country,1998,
AFG,Afghanistan,country,1999,
AFG,Afghanistan,country,2000,
AFG,Afghanistan,country,2001,
AFG,Afghanistan,country,2002,
AFG,Afghanistan,country,2003,
AFG,Afghanistan,country,2004,
AFG,Afghanistan,country,2005,
AFG,Afghanistan,country,2006,
AFG,Afghanistan,country,2007,
AFG,Afghanistan,country,2008,.31
AFG,Afghanistan,country,2009,.30400002
AFG,Afghanistan,country,2010,.296
AFG,Afghanistan,country,2011,.28399998
AFG,Afghanistan,country,2012,.26899999
AFG,Afghanistan,country,2013,.292
AFG,Afghanistan,country,2014,.31300002
AFG,Afghanistan,country,2015,.31699997
AFG,Afghanistan,country,2016,.31800002
AFG,Afghanistan,country,2017,.32099998
AFG,Afghanistan,country,2018,.32300001
AFG,Afghanistan,country,2019,.324
AFG,Afghanistan,country,2020,.32599998
AFG,Afghanistan,country,2021,.35799998
AFG,Afghanistan,country,2022,.33499998
AFG,Afghanistan,country,2023,.33899999
AGO,Angola,country,1990,
AGO,Angola,country,1991,
AGO,Angola,country,1992,
AGO,Angola,country,1993,
AGO,Angola,country,1994,
AGO,Angola,country,1995,
AGO,Angola,country,1996,
AGO,Angola,country,1997,
AGO,Angola,country,1998,
AGO,Angola,country,1999,
AGO,Angola,country,2000,
AGO,Angola,country,2001,
AGO,Angola,country,2002,
AGO,Angola,country,2003,
AGO,Angola,country,2004,
AGO,Angola,country,2005,
AGO,Angola,country,2006,
AGO,Angola,country,2007,
AGO,Angola,country,2008,
AGO,Angola,country,2009,
AGO,Angola,country,2010,.44400001
AGO,Angola,country,2011,.45099998
AGO,Angola,country,2012,.44999999
AGO,Angola,country,2013,.449
AGO,Angola,country,2014,.44700003
AGO,Angola,country,2015,.45099998
AGO,Angola,country,2016,.45599997
AGO,Angola,country,2017,.45300001
AGO,Angola,country,2018,.46100003
AGO,Angola,country,2019,.46399999
AGO,Angola,country,2020,.46700001
AGO,Angola,country,2021,.46799999
AGO,Angola,country,2022,.47600001
AGO,Angola,country,2023,.48500001
ALB,Albania,country,1990,
ALB,Albania,country,1991,
ALB,Albania,country,1992,
ALB,Albania,country,1993,
ALB,Albania,country,1994,
ALB,Albania,country,1995,
ALB,Albania,country,1996,
ALB,Albania,country,1997,
ALB,Albania,country,1998,
ALB,Albania,country,1999,.69299996
ALB,Albania,country,2000,.70899999
ALB,Albania,country,2001,.76300001
ALB,Albania,country,2002,.73800004
ALB,Albania,country,2003,.722
ALB,Albania,country,2004,.73399997
ALB,Albania,country,2005,.74000001
ALB,Albania,country,2006,.74800003
ALB,Albania,country,2007,.74699998
ALB,Albania,country,2008,.755
ALB,Albania,country,2009,.80799997
ALB,Albania,country,2010,.80799997
ALB,Albania,country,2011,.80599999
ALB,Albania,country,2012,.80299997
ALB,Albania,country,2013,.80599999
ALB,Albania,country,2014,.81
ALB,Albania,country,2015,.82099998
ALB,Albania,country,2016,.838
ALB,Albania,country,2017,.85500002
ALB,Albania,country,2018,.86199999
ALB,Albania,country,2019,.86900002
ALB,Albania,country,2020,.875
ALB,Albania,country,2021,.89100003
ALB,Albania,country,2022,.89300001
ALB,Albania,country,2023,.89300001
AND,Andorra,country,1990,
AND,Andorra,country,1991,
AND,Andorra,country,1992,
AND,Andorra,country,1993,
AND,Andorra,country,1994,
AND,Andorra,country,1995,
AND,Andorra,country,1996,
AND,Andorra,country,1997,
AND,Andorra,country,1998,
AND,Andorra,country,1999,
AND,Andorra,country,2000,
AND,Andorra,country,2001,
AND,Andorra,country,2002,
AND,Andorra,country,2003,
AND,Andorra,country,2004,
AND,Andorra,country,2005,
AND,Andorra,country,2006,
AND,Andorra,country,2007,
AND,Andorra,country,2008,
AND,Andorra,country,2009,
AND,Andorra,country,2010,
AND,Andorra,country,2011,
AND,Andorra,country,2012,
AND,Andorra,country,2013,
AND,Andorra,country,2014,
AND,Andorra,country,2015,
AND,Andorra,country,2016,
AND,Andorra,country,2017,
AND,Andorra,country,2018,
AND,Andorra,country,2019,
AND,Andorra,country,2020,
AND,Andorra,country,2021,
AND,Andorra,country,2022,
AND,Andorra,country,2023,
ARE,United Arab Emirates,country,1990,
ARE,United Arab Emirates,country,1991,
ARE,United Arab Emirates,country,1992,
ARE,United Arab Emirates,country,1993,
ARE,United Arab Emirates,country,1994,
ARE,United Arab Emirates,country,1995,.236
ARE,United Arab Emirates,country,1996,.23900002
ARE,United Arab Emirates,country,1997,.24400002
ARE,United Arab Emirates,country,1998,.25
ARE,United Arab Emirates,country,1999,.25400001
ARE,United Arab Emirates,country,2000,.25599998
ARE,United Arab Emirates,country,2001,.264
ARE,United Arab Emirates,country,2002,.26700002
ARE,United Arab Emirates,country,2003,.278
ARE,United Arab Emirates,country,2004,.28100002
ARE,United Arab Emirates,country,2005,.27999997
ARE,United Arab Emirates,country,2006,.65900004
ARE,United Arab Emirates,country,2007,.78499997
ARE,United Arab Emirates,country,2008,.824
ARE,United Arab Emirates,country,2009,.83099997
ARE,United Arab Emirates,country,2010,.83499998
ARE,United Arab Emirates,country,2011,.82800001
ARE,United Arab Emirates,country,2012,.83899999
ARE,United Arab Emirates,country,2013,.84600002
ARE,United Arab Emirates,country,2014,.861
ARE,United Arab Emirates,country,2015,.88599998
ARE,United Arab Emirates,country,2016,.89600003
ARE,United Arab Emirates,country,2017,.89899999
ARE,United Arab Emirates,country,2018,.90700001
ARE,United Arab Emirates,country,2019,.96100003
ARE,United Arab Emirates,country,2020,.97000003
ARE,United Arab Emirates,country,2021,.96499997
ARE,United Arab Emirates,country,2022,.96499997
ARE,United Arab Emirates,country,2023,.95999998
ARG,Argentina,country,1990,.51100004
ARG,Argentina,country,1991,.54799998
ARG,Argentina,country,1992,.55000001
ARG,Argentina,country,1993,.55799997
ARG,Argentina,country,1994,.55599999
ARG,Argentina,country,1995,.55799997
ARG,Argentina,country,1996,.57099998
ARG,Argentina,country,1997,.57099998
ARG,Argentina,country,1998,.57499999
ARG,Argentina,country,1999,.579
ARG,Argentina,country,2000,.574
ARG,Argentina,country,2001,.57499999
ARG,Argentina,country,2002,.60399997
ARG,Argentina,country,2003,.60299999
ARG,Argentina,country,2004,.61000001
ARG,Argentina,country,2005,.625
ARG,Argentina,country,2006,.625
ARG,Argentina,country,2007,.62599999
ARG,Argentina,country,2008,.62699997
ARG,Argentina,country,2009,.63
ARG,Argentina,country,2010,.63
ARG,Argentina,country,2011,.63600004
ARG,Argentina,country,2012,.64700001
ARG,Argentina,country,2013,.648
ARG,Argentina,country,2014,.653
ARG,Argentina,country,2015,.662
ARG,Argentina,country,2016,.667
ARG,Argentina,country,2017,.67900002
ARG,Argentina,country,2018,.699
ARG,Argentina,country,2019,.71700001
ARG,Argentina,country,2020,.71500003
ARG,Argentina,country,2021,.72799999
ARG,Argentina,country,2022,.73800004
ARG,Argentina,country,2023,.736
ARM,Armenia,country,1990,
ARM,Armenia,country,1991,
ARM,Armenia,country,1992,
ARM,Armenia,country,1993,
ARM,Armenia,country,1994,
ARM,Armenia,country,1995,.53200001
ARM,Armenia,country,1996,.53499997
ARM,Armenia,country,1997,.55299997
ARM,Armenia,country,1998,.56099999
ARM,Armenia,country,1999,.52999997
ARM,Armenia,country,2000,.54799998
ARM,Armenia,country,2001,.55299997
ARM,Armenia,country,2002,.55400002
ARM,Armenia,country,2003,.58599997
ARM,Armenia,country,2004,.59399998
ARM,Armenia,country,2005,.60299999
ARM,Armenia,country,2006,.60100001
ARM,Armenia,country,2007,.64300001
ARM,Armenia,country,2008,.65200001
ARM,Armenia,country,2009,.65400004
ARM,Armenia,country,2010,.648
ARM,Armenia,country,2011,.64899999
ARM,Armenia,country,2012,.67400002
ARM,Armenia,country,2013,.68599999
ARM,Armenia,country,2014,.69099998
ARM,Armenia,country,2015,.699
ARM,Armenia,country,2016,.704
ARM,Armenia,country,2017,.74599999
ARM,Armenia,country,2018,.75800002
ARM,Armenia,country,2019,.78399998
ARM,Armenia,country,2020,.79299998
ARM,Armenia,country,2021,.815
ARM,Armenia,country,2022,.81999999
ARM,Armenia,country,2023,.81999999
ATG,Antigua and Barbuda,country,1990,
ATG,Antigua and Barbuda,country,1991,
ATG,Antigua and Barbuda,country,1992,
ATG,Antigua and Barbuda,country,1993,
ATG,Antigua and Barbuda,country,1994,
ATG,Antigua and Barbuda,country,1995,
ATG,Antigua and Barbuda,country,1996,
ATG,Antigua and Barbuda,country,1997,
ATG,Antigua and Barbuda,country,1998,
ATG,Antigua and Barbuda,country,1999,
ATG,Antigua and Barbuda,country,2000,
ATG,Antigua and Barbuda,country,2001,
ATG,Antigua and Barbuda,country,2002,
ATG,Antigua and Barbuda,country,2003,
ATG,Antigua and Barbuda,country,2004,
ATG,Antigua and Barbuda,country,2005,
ATG,Antigua and Barbuda,country,2006,
ATG,Antigua and Barbuda,country,2007,
ATG,Antigua and Barbuda,country,2008,
ATG,Antigua and Barbuda,country,2009,
ATG,Antigua and Barbuda,country,2010,
ATG,Antigua and Barbuda,country,2011,
ATG,Antigua and Barbuda,country,2012,
ATG,Antigua and Barbuda,country,2013,
ATG,Antigua and Barbuda,country,2014,
ATG,Antigua and Barbuda,country,2015,
ATG,Antigua and Barbuda,country,2016,
ATG,Antigua and Barbuda,country,2017,
ATG,Antigua and Barbuda,country,2018,
ATG,Antigua and Barbuda,country,2019,
ATG,Antigua and Barbuda,country,2020,
ATG,Antigua and Barbuda,country,2021,.77499998
ATG,Antigua and Barbuda,country,2022,.77600002
ATG,Antigua and Barbuda,country,2023,.75999999
AUS,Australia,country,1990,.81200004
AUS,Australia,country,1991,.81299996
AUS,Australia,country,1992,.81299996
AUS,Australia,country,1993,.81700003
AUS,Australia,country,1994,.81900001
AUS,Australia,country,1995,.82200003
AUS,Australia,country,1996,.82300001
AUS,Australia,country,1997,.82599998
AUS,Australia,country,1998,.829
AUS,Australia,country,1999,.84200001
AUS,Australia,country,2000,.847
AUS,Australia,country,2001,.84799999
AUS,Australia,country,2002,.85399997
AUS,Australia,country,2003,.85899997
AUS,Australia,country,2004,.86300004
AUS,Australia,country,2005,.86300004
AUS,Australia,country,2006,.86500001
AUS,Australia,country,2007,.86399996
AUS,Australia,country,2008,.86000001
AUS,Australia,country,2009,.86300004
AUS,Australia,country,2010,.86300004
AUS,Australia,country,2011,.86800003
AUS,Australia,country,2012,.86900002
AUS,Australia,country,2013,.87800002
AUS,Australia,country,2014,.884
AUS,Australia,country,2015,.89100003
AUS,Australia,country,2016,.89899999
AUS,Australia,country,2017,.90600002
AUS,Australia,country,2018,.90899998
AUS,Australia,country,2019,.921
AUS,Australia,country,2020,.92799997
AUS,Australia,country,2021,.935
AUS,Australia,country,2022,.94400001
AUS,Australia,country,2023,.94400001
AUT,Austria,country,1990,.80500001
AUT,Austria,country,1991,.80199999
AUT,Austria,country,1992,.80500001
AUT,Austria,country,1993,.81
AUT,Austria,country,1994,.82599998
AUT,Austria,country,1995,.83700001
AUT,Austria,country,1996,.84399998
AUT,Austria,country,1997,.852
AUT,Austria,country,1998,.85699999
AUT,Austria,country,1999,.85899997
AUT,Austria,country,2000,.85799998
AUT,Austria,country,2001,.85899997
AUT,Austria,country,2002,.86000001
AUT,Austria,country,2003,.87599999
AUT,Austria,country,2004,.87900001
AUT,Austria,country,2005,.88499999
AUT,Austria,country,2006,.88800001
AUT,Austria,country,2007,.89200002
AUT,Austria,country,2008,.88499999
AUT,Austria,country,2009,.89300001
AUT,Austria,country,2010,.89499998
AUT,Austria,country,2011,.903
AUT,Austria,country,2012,.90600002
AUT,Austria,country,2013,.917
AUT,Austria,country,2014,.91900003
AUT,Austria,country,2015,.917
AUT,Austria,country,2016,.91900003
AUT,Austria,country,2017,.92900002
AUT,Austria,country,2018,.94
AUT,Austria,country,2019,.94800001
AUT,Austria,country,2020,.95200002
AUT,Austria,country,2021,.958
AUT,Austria,country,2022,.96200001
AUT,Austria,country,2023,.96700001
AZE,Azerbaijan,country,1990,
AZE,Azerbaijan,country,1991,
AZE,Azerbaijan,country,1992,
AZE,Azerbaijan,country,1993,.58399999
AZE,Azerbaijan,country,1994,.59099996
AZE,Azerbaijan,country,1995,.60699999
AZE,Azerbaijan,country,1996,.611
AZE,Azerbaijan,country,1997,.611
AZE,Azerbaijan,country,1998,.61699998
AZE,Azerbaijan,country,1999,.625
AZE,Azerbaijan,country,2000,.64199996
AZE,Azerbaijan,country,2001,.64199996
AZE,Azerbaijan,country,2002,.64399999
AZE,Azerbaijan,country,2003,.64700001
AZE,Azerbaijan,country,2004,.63300002
AZE,Azerbaijan,country,2005,.64600003
AZE,Azerbaijan,country,2006,.64199996
AZE,Azerbaijan,country,2007,.65200001
AZE,Azerbaijan,country,2008,.65400004
AZE,Azerbaijan,country,2009,.65400004
AZE,Azerbaijan,country,2010,.667
AZE,Azerbaijan,country,2011,.66799998
AZE,Azerbaijan,country,2012,.66100001
AZE,Azerbaijan,country,2013,.65799999
AZE,Azerbaijan,country,2014,.65400004
AZE,Azerbaijan,country,2015,.65900004
AZE,Azerbaijan,country,2016,.67199999
AZE,Azerbaijan,country,2017,.67699999
AZE,Azerbaijan,country,2018,.68000001
AZE,Azerbaijan,country,2019,.68599999
AZE,Azerbaijan,country,2020,.66799998
AZE,Azerbaijan,country,2021,.685
AZE,Azerbaijan,country,2022,.68299997
AZE,Azerbaijan,country,2023,.685
BDI,Burundi,country,1990,
BDI,Burundi,country,1991,
BDI,Burundi,country,1992,
BDI,Burundi,country,1993,
BDI,Burundi,country,1994,
BDI,Burundi,country,1995,
BDI,Burundi,country,1996,
BDI,Burundi,country,1997,
BDI,Burundi,country,1998,.37900001
BDI,Burundi,country,1999,.35000002
BDI,Burundi,country,2000,.39099997
BDI,Burundi,country,2001,.39499998
BDI,Burundi,country,2002,.39700001
BDI,Burundi,country,2003,.40799999
BDI,Burundi,country,2004,.412
BDI,Burundi,country,2005,.44400001
BDI,Burundi,country,2006,.44800001
BDI,Burundi,country,2007,.45300001
BDI,Burundi,country,2008,.46100003
BDI,Burundi,country,2009,.458
BDI,Burundi,country,2010,.46399999
BDI,Burundi,country,2011,.46700001
BDI,Burundi,country,2012,.47000003
BDI,Burundi,country,2013,.47399998
BDI,Burundi,country,2014,.47799999
BDI,Burundi,country,2015,.486
BDI,Burundi,country,2016,.49000001
BDI,Burundi,country,2017,.49299997
BDI,Burundi,country,2018,.49299997
BDI,Burundi,country,2019,.49900001
BDI,Burundi,country,2020,.49699998
BDI,Burundi,country,2021,.49800003
BDI,Burundi,country,2022,.49800003
BDI,Burundi,country,2023,.49900001
BEL,Belgium,country,1990,.81999999
BEL,Belgium,country,1991,.82099998
BEL,Belgium,country,1992,.82499999
BEL,Belgium,country,1993,.833
BEL,Belgium,country,1994,.84000003
BEL,Belgium,country,1995,.84299999
BEL,Belgium,country,1996,.84200001
BEL,Belgium,country,1997,.84399998
BEL,Belgium,country,1998,.84399998
BEL,Belgium,country,1999,.87199998
BEL,Belgium,country,2000,.86800003
BEL,Belgium,country,2001,.86500001
BEL,Belgium,country,2002,.87099999
BEL,Belgium,country,2003,.89200002
BEL,Belgium,country,2004,.89700001
BEL,Belgium,country,2005,.89899999
BEL,Belgium,country,2006,.89999998
BEL,Belgium,country,2007,.90200001
BEL,Belgium,country,2008,.90200001
BEL,Belgium,country,2009,.90700001
BEL,Belgium,country,2010,.90999997
BEL,Belgium,country,2011,.91299999
BEL,Belgium,country,2012,.91799998
BEL,Belgium,country,2013,.92699999
BEL,Belgium,country,2014,.93400002
BEL,Belgium,country,2015,.93800002
BEL,Belgium,country,2016,.94200003
BEL,Belgium,country,2017,.94400001
BEL,Belgium,country,2018,.94800001
BEL,Belgium,country,2019,.95300001
BEL,Belgium,country,2020,.95599997
BEL,Belgium,country,2021,.958
BEL,Belgium,country,2022,.96200001
BEL,Belgium,country,2023,.96899998
BEN,Benin,country,1990,.30000001
BEN,Benin,country,1991,.30299997
BEN,Benin,country,1992,.31300002
BEN,Benin,country,1993,.31999999
BEN,Benin,country,1994,.32700002
BEN,Benin,country,1995,.33499998
BEN,Benin,country,1996,.34500003
BEN,Benin,country,1997,.34799999
BEN,Benin,country,1998,.34799999
BEN,Benin,country,1999,.34200001
BEN,Benin,country,2000,.34500003
BEN,Benin,country,2001,.34299999
BEN,Benin,country,2002,.33200002
BEN,Benin,country,2003,.34100002
BEN,Benin,country,2004,.34799999
BEN,Benin,country,2005,.35000002
BEN,Benin,country,2006,.35100001
BEN,Benin,country,2007,.37199998
BEN,Benin,country,2008,.37099999
BEN,Benin,country,2009,.36500001
BEN,Benin,country,2010,.36299998
BEN,Benin,country,2011,.34799999
BEN,Benin,country,2012,.347
BEN,Benin,country,2013,.34799999
BEN,Benin,country,2014,.347
BEN,Benin,country,2015,.34100002
BEN,Benin,country,2016,.34100002
BEN,Benin,country,2017,.34399998
BEN,Benin,country,2018,.35500002
BEN,Benin,country,2019,.36400002
BEN,Benin,country,2020,.36199999
BEN,Benin,country,2021,.366
BEN,Benin,country,2022,.36000001
BEN,Benin,country,2023,.42699999
BFA,Burkina Faso,country,1990,
BFA,Burkina Faso,country,1991,
BFA,Burkina Faso,country,1992,
BFA,Burkina Faso,country,1993,
BFA,Burkina Faso,country,1994,
BFA,Burkina Faso,country,1995,
BFA,Burkina Faso,country,1996,
BFA,Burkina Faso,country,1997,
BFA,Burkina Faso,country,1998,
BFA,Burkina Faso,country,1999,.35299999
BFA,Burkina Faso,country,2000,.35600001
BFA,Burkina Faso,country,2001,.361
BFA,Burkina Faso,country,2002,.36699998
BFA,Burkina Faso,country,2003,.37099999
BFA,Burkina Faso,country,2004,.37599999
BFA,Burkina Faso,country,2005,.38099998
BFA,Burkina Faso,country,2006,.36699998
BFA,Burkina Faso,country,2007,.39600003
BFA,Burkina Faso,country,2008,.39899999
BFA,Burkina Faso,country,2009,.39999998
BFA,Burkina Faso,country,2010,.40100002
BFA,Burkina Faso,country,2011,.40399998
BFA,Burkina Faso,country,2012,.40700001
BFA,Burkina Faso,country,2013,.40499997
BFA,Burkina Faso,country,2014,.40799999
BFA,Burkina Faso,country,2015,.38999999
BFA,Burkina Faso,country,2016,.39399999
BFA,Burkina Faso,country,2017,.40700001
BFA,Burkina Faso,country,2018,.41100001
BFA,Burkina Faso,country,2019,.42900002
BFA,Burkina Faso,country,2020,.39399999
BFA,Burkina Faso,country,2021,.39099997
BFA,Burkina Faso,country,2022,.45200002
BFA,Burkina Faso,country,2023,.44499999
BGD,Bangladesh,country,1990,.30000001
BGD,Bangladesh,country,1991,.30400002
BGD,Bangladesh,country,1992,.31
BGD,Bangladesh,country,1993,.31199998
BGD,Bangladesh,country,1994,.315
BGD,Bangladesh,country,1995,.31699997
BGD,Bangladesh,country,1996,.31800002
BGD,Bangladesh,country,1997,.32999998
BGD,Bangladesh,country,1998,.34100002
BGD,Bangladesh,country,1999,.35000002
BGD,Bangladesh,country,2000,.352
BGD,Bangladesh,country,2001,.34299999
BGD,Bangladesh,country,2002,.27200001
BGD,Bangladesh,country,2003,.255
BGD,Bangladesh,country,2004,.26099998
BGD,Bangladesh,country,2005,.34600002
BGD,Bangladesh,country,2006,.35399997
BGD,Bangladesh,country,2007,.35500002
BGD,Bangladesh,country,2008,.32700002
BGD,Bangladesh,country,2009,.38499999
BGD,Bangladesh,country,2010,.39700001
BGD,Bangladesh,country,2011,.403
BGD,Bangladesh,country,2012,.417
BGD,Bangladesh,country,2013,.42199999
BGD,Bangladesh,country,2014,.43099999
BGD,Bangladesh,country,2015,.43699998
BGD,Bangladesh,country,2016,.44300002
BGD,Bangladesh,country,2017,.45899999
BGD,Bangladesh,country,2018,.46799999
BGD,Bangladesh,country,2019,.48000002
BGD,Bangladesh,country,2020,.5
BGD,Bangladesh,country,2021,.50600004
BGD,Bangladesh,country,2022,.51300001
BGD,Bangladesh,country,2023,.51300001
BGR,Bulgaria,country,1990,.63800001
BGR,Bulgaria,country,1991,.63600004
BGR,Bulgaria,country,1992,.64399999
BGR,Bulgaria,country,1993,.64499998
BGR,Bulgaria,country,1994,.63999999
BGR,Bulgaria,country,1995,.64499998
BGR,Bulgaria,country,1996,.66600001
BGR,Bulgaria,country,1997,.662
BGR,Bulgaria,country,1998,.67199999
BGR,Bulgaria,country,1999,.65600002
BGR,Bulgaria,country,2000,.66400003
BGR,Bulgaria,country,2001,.73199999
BGR,Bulgaria,country,2002,.74599999
BGR,Bulgaria,country,2003,.755
BGR,Bulgaria,country,2004,.76100004
BGR,Bulgaria,country,2005,.75999999
BGR,Bulgaria,country,2006,.76899999
BGR,Bulgaria,country,2007,.77600002
BGR,Bulgaria,country,2008,.77399999
BGR,Bulgaria,country,2009,.76700002
BGR,Bulgaria,country,2010,.77200001
BGR,Bulgaria,country,2011,.77700001
BGR,Bulgaria,country,2012,.78200001
BGR,Bulgaria,country,2013,.787
BGR,Bulgaria,country,2014,.77600002
BGR,Bulgaria,country,2015,.78200001
BGR,Bulgaria,country,2016,.78299999
BGR,Bulgaria,country,2017,.79299998
BGR,Bulgaria,country,2018,.79100001
BGR,Bulgaria,country,2019,.79500002
BGR,Bulgaria,country,2020,.80000001
BGR,Bulgaria,country,2021,.79500002
BGR,Bulgaria,country,2022,.79100001
BGR,Bulgaria,country,2023,.792
BHR,Bahrain,country,1990,
BHR,Bahrain,country,1991,
BHR,Bahrain,country,1992,
BHR,Bahrain,country,1993,
BHR,Bahrain,country,1994,
BHR,Bahrain,country,1995,
BHR,Bahrain,country,1996,
BHR,Bahrain,country,1997,
BHR,Bahrain,country,1998,
BHR,Bahrain,country,1999,
BHR,Bahrain,country,2000,
BHR,Bahrain,country,2001,
BHR,Bahrain,country,2002,
BHR,Bahrain,country,2003,.64700001
BHR,Bahrain,country,2004,.64300001
BHR,Bahrain,country,2005,.63999999
BHR,Bahrain,country,2006,.70899999
BHR,Bahrain,country,2007,.73399997
BHR,Bahrain,country,2008,.73899996
BHR,Bahrain,country,2009,.74000001
BHR,Bahrain,country,2010,.74699998
BHR,Bahrain,country,2011,.759
BHR,Bahrain,country,2012,.76199996
BHR,Bahrain,country,2013,.764
BHR,Bahrain,country,2014,.76700002
BHR,Bahrain,country,2015,.75599998
BHR,Bahrain,country,2016,.76300001
BHR,Bahrain,country,2017,.76499999
BHR,Bahrain,country,2018,.796
BHR,Bahrain,country,2019,.80900002
BHR,Bahrain,country,2020,.81099999
BHR,Bahrain,country,2021,.80900002
BHR,Bahrain,country,2022,.82300001
BHR,Bahrain,country,2023,.83499998
BHS,Bahamas,country,1990,.62599999
BHS,Bahamas,country,1991,.62900001
BHS,Bahamas,country,1992,.62199998
BHS,Bahamas,country,1993,.62099999
BHS,Bahamas,country,1994,.63
BHS,Bahamas,country,1995,.63300002
BHS,Bahamas,country,1996,.63
BHS,Bahamas,country,1997,.63499999
BHS,Bahamas,country,1998,.64399999
BHS,Bahamas,country,1999,.63
BHS,Bahamas,country,2000,.63999999
BHS,Bahamas,country,2001,.63999999
BHS,Bahamas,country,2002,.639
BHS,Bahamas,country,2003,.63699996
BHS,Bahamas,country,2004,.65100002
BHS,Bahamas,country,2005,.648
BHS,Bahamas,country,2006,.64300001
BHS,Bahamas,country,2007,.63199997
BHS,Bahamas,country,2008,.634
BHS,Bahamas,country,2009,.616
BHS,Bahamas,country,2010,.62900001
BHS,Bahamas,country,2011,.61300004
BHS,Bahamas,country,2012,.60600001
BHS,Bahamas,country,2013,.62599999
BHS,Bahamas,country,2014,.616
BHS,Bahamas,country,2015,.634
BHS,Bahamas,country,2016,.64300001
BHS,Bahamas,country,2017,.667
BHS,Bahamas,country,2018,.66900003
BHS,Bahamas,country,2019,.66499996
BHS,Bahamas,country,2020,.67400002
BHS,Bahamas,country,2021,.671
BHS,Bahamas,country,2022,.67299998
BHS,Bahamas,country,2023,.67500001
BIH,Bosnia and Herzegovina,country,1990,
BIH,Bosnia and Herzegovina,country,1991,
BIH,Bosnia and Herzegovina,country,1992,
BIH,Bosnia and Herzegovina,country,1993,
BIH,Bosnia and Herzegovina,country,1994,
BIH,Bosnia and Herzegovina,country,1995,
BIH,Bosnia and Herzegovina,country,1996,
BIH,Bosnia and Herzegovina,country,1997,
BIH,Bosnia and Herzegovina,country,1998,
BIH,Bosnia and Herzegovina,country,1999,
BIH,Bosnia and Herzegovina,country,2000,
BIH,Bosnia and Herzegovina,country,2001,
BIH,Bosnia and Herzegovina,country,2002,
BIH,Bosnia and Herzegovina,country,2003,
BIH,Bosnia and Herzegovina,country,2004,
BIH,Bosnia and Herzegovina,country,2005,
BIH,Bosnia and Herzegovina,country,2006,
BIH,Bosnia and Herzegovina,country,2007,
BIH,Bosnia and Herzegovina,country,2008,
BIH,Bosnia and Herzegovina,country,2009,
BIH,Bosnia and Herzegovina,country,2010,
BIH,Bosnia and Herzegovina,country,2011,
BIH,Bosnia and Herzegovina,country,2012,
BIH,Bosnia and Herzegovina,country,2013,
BIH,Bosnia and Herzegovina,country,2014,
BIH,Bosnia and Herzegovina,country,2015,
BIH,Bosnia and Herzegovina,country,2016,.83099997
BIH,Bosnia and Herzegovina,country,2017,.833
BIH,Bosnia and Herzegovina,country,2018,.82999998
BIH,Bosnia and Herzegovina,country,2019,.847
BIH,Bosnia and Herzegovina,country,2020,.85600001
BIH,Bosnia and Herzegovina,country,2021,.86199999
BIH,Bosnia and Herzegovina,country,2022,.84200001
BIH,Bosnia and Herzegovina,country,2023,.84299999
BLR,Belarus,country,1990,
BLR,Belarus,country,1991,
BLR,Belarus,country,1992,
BLR,Belarus,country,1993,
BLR,Belarus,country,1994,
BLR,Belarus,country,1995,
BLR,Belarus,country,1996,
BLR,Belarus,country,1997,
BLR,Belarus,country,1998,
BLR,Belarus,country,1999,
BLR,Belarus,country,2000,
BLR,Belarus,country,2001,.745
BLR,Belarus,country,2002,.77600002
BLR,Belarus,country,2003,.79299998
BLR,Belarus,country,2004,.84500003
BLR,Belarus,country,2005,.847
BLR,Belarus,country,2006,.85000002
BLR,Belarus,country,2007,.84899998
BLR,Belarus,country,2008,.85299999
BLR,Belarus,country,2009,.84299999
BLR,Belarus,country,2010,.85100001
BLR,Belarus,country,2011,.85399997
BLR,Belarus,country,2012,.84799999
BLR,Belarus,country,2013,.85299999
BLR,Belarus,country,2014,.86199999
BLR,Belarus,country,2015,.87199998
BLR,Belarus,country,2016,.88099998
BLR,Belarus,country,2017,.89100003
BLR,Belarus,country,2018,.898
BLR,Belarus,country,2019,.90399998
BLR,Belarus,country,2020,.90600002
BLR,Belarus,country,2021,.90799999
BLR,Belarus,country,2022,.912
BLR,Belarus,country,2023,.92000002
BLZ,Belize,country,1990,
BLZ,Belize,country,1991,
BLZ,Belize,country,1992,
BLZ,Belize,country,1993,
BLZ,Belize,country,1994,.45999998
BLZ,Belize,country,1995,.46799999
BLZ,Belize,country,1996,.47399998
BLZ,Belize,country,1997,.477
BLZ,Belize,country,1998,.47299999
BLZ,Belize,country,1999,.486
BLZ,Belize,country,2000,.49199998
BLZ,Belize,country,2001,.495
BLZ,Belize,country,2002,.50800002
BLZ,Belize,country,2003,.491
BLZ,Belize,country,2004,.50699997
BLZ,Belize,country,2005,.51699996
BLZ,Belize,country,2006,.53200001
BLZ,Belize,country,2007,.55500001
BLZ,Belize,country,2008,.56200004
BLZ,Belize,country,2009,.57700002
BLZ,Belize,country,2010,.59399998
BLZ,Belize,country,2011,.59099996
BLZ,Belize,country,2012,.616
BLZ,Belize,country,2013,.59899998
BLZ,Belize,country,2014,.58700001
BLZ,Belize,country,2015,.57099998
BLZ,Belize,country,2016,.56
BLZ,Belize,country,2017,.53600001
BLZ,Belize,country,2018,.53400004
BLZ,Belize,country,2019,.53900003
BLZ,Belize,country,2020,.53100002
BLZ,Belize,country,2021,.56400001
BLZ,Belize,country,2022,.56400001
BLZ,Belize,country,2023,.57200003
BOL,Bolivia (Plurinational State of),country,1990,
BOL,Bolivia (Plurinational State of),country,1991,
BOL,Bolivia (Plurinational State of),country,1992,
BOL,Bolivia (Plurinational State of),country,1993,
BOL,Bolivia (Plurinational State of),country,1994,
BOL,Bolivia (Plurinational State of),country,1995,
BOL,Bolivia (Plurinational State of),country,1996,
BOL,Bolivia (Plurinational State of),country,1997,
BOL,Bolivia (Plurinational State of),country,1998,
BOL,Bolivia (Plurinational State of),country,1999,.41799998
BOL,Bolivia (Plurinational State of),country,2000,.41900003
BOL,Bolivia (Plurinational State of),country,2001,.43099999
BOL,Bolivia (Plurinational State of),country,2002,.45999998
BOL,Bolivia (Plurinational State of),country,2003,.46100003
BOL,Bolivia (Plurinational State of),country,2004,.46399999
BOL,Bolivia (Plurinational State of),country,2005,.45899999
BOL,Bolivia (Plurinational State of),country,2006,.46700001
BOL,Bolivia (Plurinational State of),country,2007,.46499997
BOL,Bolivia (Plurinational State of),country,2008,.46899998
BOL,Bolivia (Plurinational State of),country,2009,.51100004
BOL,Bolivia (Plurinational State of),country,2010,.51999998
BOL,Bolivia (Plurinational State of),country,2011,.52399999
BOL,Bolivia (Plurinational State of),country,2012,.52100003
BOL,Bolivia (Plurinational State of),country,2013,.52700001
BOL,Bolivia (Plurinational State of),country,2014,.565
BOL,Bolivia (Plurinational State of),country,2015,.55900002
BOL,Bolivia (Plurinational State of),country,2016,.56700003
BOL,Bolivia (Plurinational State of),country,2017,.56900001
BOL,Bolivia (Plurinational State of),country,2018,.56999999
BOL,Bolivia (Plurinational State of),country,2019,.57099998
BOL,Bolivia (Plurinational State of),country,2020,.56900001
BOL,Bolivia (Plurinational State of),country,2021,.57700002
BOL,Bolivia (Plurinational State of),country,2022,.579
BOL,Bolivia (Plurinational State of),country,2023,.58099997
BRA,Brazil,country,1990,.41799998
BRA,Brazil,country,1991,.42299998
BRA,Brazil,country,1992,.43900001
BRA,Brazil,country,1993,.44300002
BRA,Brazil,country,1994,.44700003
BRA,Brazil,country,1995,.45700002
BRA,Brazil,country,1996,.46399999
BRA,Brazil,country,1997,.47000003
BRA,Brazil,country,1998,.47799999
BRA,Brazil,country,1999,.486
BRA,Brazil,country,2000,.49400002
BRA,Brazil,country,2001,.505
BRA,Brazil,country,2002,.50600004
BRA,Brazil,country,2003,.52900004
BRA,Brazil,country,2004,.52999997
BRA,Brazil,country,2005,.53299999
BRA,Brazil,country,2006,.53400004
BRA,Brazil,country,2007,.537
BRA,Brazil,country,2008,.53999996
BRA,Brazil,country,2009,.54400003
BRA,Brazil,country,2010,.55299997
BRA,Brazil,country,2011,.55400002
BRA,Brazil,country,2012,.55900002
BRA,Brazil,country,2013,.55500001
BRA,Brazil,country,2014,.55900002
BRA,Brazil,country,2015,.56400001
BRA,Brazil,country,2016,.56799996
BRA,Brazil,country,2017,.57800001
BRA,Brazil,country,2018,.59899998
BRA,Brazil,country,2019,.602
BRA,Brazil,country,2020,.58899999
BRA,Brazil,country,2021,.59500003
BRA,Brazil,country,2022,.61000001
BRA,Brazil,country,2023,.61000001
BRB,Barbados,country,1990,.61500001
BRB,Barbados,country,1991,.61399996
BRB,Barbados,country,1992,.61199999
BRB,Barbados,country,1993,.62800002
BRB,Barbados,country,1994,.63300002
BRB,Barbados,country,1995,.63600004
BRB,Barbados,country,1996,.63600004
BRB,Barbados,country,1997,.63600004
BRB,Barbados,country,1998,.639
BRB,Barbados,country,1999,.64300001
BRB,Barbados,country,2000,.63199997
BRB,Barbados,country,2001,.63199997
BRB,Barbados,country,2002,.64300001
BRB,Barbados,country,2003,.64100003
BRB,Barbados,country,2004,.65100002
BRB,Barbados,country,2005,.65799999
BRB,Barbados,country,2006,.662
BRB,Barbados,country,2007,.66400003
BRB,Barbados,country,2008,.625
BRB,Barbados,country,2009,.64600003
BRB,Barbados,country,2010,.64399999
BRB,Barbados,country,2011,.64700001
BRB,Barbados,country,2012,.648
BRB,Barbados,country,2013,.65799999
BRB,Barbados,country,2014,.66299999
BRB,Barbados,country,2015,.65900004
BRB,Barbados,country,2016,.65999997
BRB,Barbados,country,2017,.65999997
BRB,Barbados,country,2018,.67799997
BRB,Barbados,country,2019,.68400002
BRB,Barbados,country,2020,.69800001
BRB,Barbados,country,2021,.69700003
BRB,Barbados,country,2022,.70200002
BRB,Barbados,country,2023,.70300001
BRN,Brunei Darussalam,country,1990,
BRN,Brunei Darussalam,country,1991,
BRN,Brunei Darussalam,country,1992,
BRN,Brunei Darussalam,country,1993,
BRN,Brunei Darussalam,country,1994,
BRN,Brunei Darussalam,country,1995,
BRN,Brunei Darussalam,country,1996,
BRN,Brunei Darussalam,country,1997,
BRN,Brunei Darussalam,country,1998,
BRN,Brunei Darussalam,country,1999,
BRN,Brunei Darussalam,country,2000,
BRN,Brunei Darussalam,country,2001,
BRN,Brunei Darussalam,country,2002,
BRN,Brunei Darussalam,country,2003,
BRN,Brunei Darussalam,country,2004,
BRN,Brunei Darussalam,country,2005,
BRN,Brunei Darussalam,country,2006,
BRN,Brunei Darussalam,country,2007,
BRN,Brunei Darussalam,country,2008,
BRN,Brunei Darussalam,country,2009,
BRN,Brunei Darussalam,country,2010,
BRN,Brunei Darussalam,country,2011,
BRN,Brunei Darussalam,country,2012,
BRN,Brunei Darussalam,country,2013,
BRN,Brunei Darussalam,country,2014,
BRN,Brunei Darussalam,country,2015,
BRN,Brunei Darussalam,country,2016,.68799996
BRN,Brunei Darussalam,country,2017,.71399999
BRN,Brunei Darussalam,country,2018,.71399999
BRN,Brunei Darussalam,country,2019,.71399999
BRN,Brunei Darussalam,country,2020,.72399998
BRN,Brunei Darussalam,country,2021,.72799999
BRN,Brunei Darussalam,country,2022,.72399998
BRN,Brunei Darussalam,country,2023,.74300003
BTN,Bhutan,country,1990,
BTN,Bhutan,country,1991,
BTN,Bhutan,country,1992,
BTN,Bhutan,country,1993,
BTN,Bhutan,country,1994,
BTN,Bhutan,country,1995,
BTN,Bhutan,country,1996,
BTN,Bhutan,country,1997,
BTN,Bhutan,country,1998,
BTN,Bhutan,country,1999,
BTN,Bhutan,country,2000,
BTN,Bhutan,country,2001,
BTN,Bhutan,country,2002,
BTN,Bhutan,country,2003,
BTN,Bhutan,country,2004,
BTN,Bhutan,country,2005,
BTN,Bhutan,country,2006,
BTN,Bhutan,country,2007,
BTN,Bhutan,country,2008,
BTN,Bhutan,country,2009,
BTN,Bhutan,country,2010,.55799997
BTN,Bhutan,country,2011,.58700001
BTN,Bhutan,country,2012,.60800004
BTN,Bhutan,country,2013,.56999999
BTN,Bhutan,country,2014,.59599996
BTN,Bhutan,country,2015,.61500001
BTN,Bhutan,country,2016,.63699996
BTN,Bhutan,country,2017,.653
BTN,Bhutan,country,2018,.72299999
BTN,Bhutan,country,2019,.73500001
BTN,Bhutan,country,2020,.73399997
BTN,Bhutan,country,2021,.73399997
BTN,Bhutan,country,2022,.71700001
BTN,Bhutan,country,2023,.722
BWA,Botswana,country,1990,.40499997
BWA,Botswana,country,1991,.41000003
BWA,Botswana,country,1992,.41900003
BWA,Botswana,country,1993,.43199998
BWA,Botswana,country,1994,.44099998
BWA,Botswana,country,1995,.454
BWA,Botswana,country,1996,.45899999
BWA,Botswana,country,1997,.46200001
BWA,Botswana,country,1998,.45999998
BWA,Botswana,country,1999,.46200001
BWA,Botswana,country,2000,.5
BWA,Botswana,country,2001,.50099999
BWA,Botswana,country,2002,.50699997
BWA,Botswana,country,2003,.50699997
BWA,Botswana,country,2004,.48299998
BWA,Botswana,country,2005,.48299998
BWA,Botswana,country,2006,.48100001
BWA,Botswana,country,2007,.48199999
BWA,Botswana,country,2008,.48199999
BWA,Botswana,country,2009,.47799999
BWA,Botswana,country,2010,.491
BWA,Botswana,country,2011,.47000003
BWA,Botswana,country,2012,.46200001
BWA,Botswana,country,2013,.50199997
BWA,Botswana,country,2014,.49800003
BWA,Botswana,country,2015,.495
BWA,Botswana,country,2016,.51999998
BWA,Botswana,country,2017,.54100001
BWA,Botswana,country,2018,.50800002
BWA,Botswana,country,2019,.53400004
BWA,Botswana,country,2020,.50300002
BWA,Botswana,country,2021,.505
BWA,Botswana,country,2022,.50800002
BWA,Botswana,country,2023,.50999999
CAF,Central African Republic,country,1990,
CAF,Central African Republic,country,1991,
CAF,Central African Republic,country,1992,
CAF,Central African Republic,country,1993,
CAF,Central African Republic,country,1994,
CAF,Central African Republic,country,1995,
CAF,Central African Republic,country,1996,
CAF,Central African Republic,country,1997,
CAF,Central African Republic,country,1998,
CAF,Central African Republic,country,1999,
CAF,Central African Republic,country,2000,
CAF,Central African Republic,country,2001,
CAF,Central African Republic,country,2002,
CAF,Central African Republic,country,2003,
CAF,Central African Republic,country,2004,
CAF,Central African Republic,country,2005,
CAF,Central African Republic,country,2006,
CAF,Central African Republic,country,2007,
CAF,Central African Republic,country,2008,
CAF,Central African Republic,country,2009,
CAF,Central African Republic,country,2010,
CAF,Central African Republic,country,2011,
CAF,Central African Republic,country,2012,
CAF,Central African Republic,country,2013,
CAF,Central African Republic,country,2014,
CAF,Central African Republic,country,2015,
CAF,Central African Republic,country,2016,
CAF,Central African Republic,country,2017,
CAF,Central African Republic,country,2018,
CAF,Central African Republic,country,2019,
CAF,Central African Republic,country,2020,
CAF,Central African Republic,country,2021,
CAF,Central African Republic,country,2022,
CAF,Central African Republic,country,2023,
CAN,Canada,country,1990,.81400001
CAN,Canada,country,1991,.81299996
CAN,Canada,country,1992,.81400001
CAN,Canada,country,1993,.81599998
CAN,Canada,country,1994,.81599998
CAN,Canada,country,1995,.81900001
CAN,Canada,country,1996,.82599998
CAN,Canada,country,1997,.833
CAN,Canada,country,1998,.83899999
CAN,Canada,country,1999,.84399998
CAN,Canada,country,2000,.85100001
CAN,Canada,country,2001,.85699999
CAN,Canada,country,2002,.85899997
CAN,Canada,country,2003,.86199999
CAN,Canada,country,2004,.86699998
CAN,Canada,country,2005,.866
CAN,Canada,country,2006,.866
CAN,Canada,country,2007,.86699998
CAN,Canada,country,2008,.85399997
CAN,Canada,country,2009,.85500002
CAN,Canada,country,2010,.86300004
CAN,Canada,country,2011,.87300003
CAN,Canada,country,2012,.87599999
CAN,Canada,country,2013,.88300002
CAN,Canada,country,2014,.88700002
CAN,Canada,country,2015,.89300001
CAN,Canada,country,2016,.898
CAN,Canada,country,2017,.90399998
CAN,Canada,country,2018,.92199999
CAN,Canada,country,2019,.92799997
CAN,Canada,country,2020,.93400002
CAN,Canada,country,2021,.94099998
CAN,Canada,country,2022,.94599998
CAN,Canada,country,2023,.94800001
CHE,Switzerland,country,1990,.87300003
CHE,Switzerland,country,1991,.875
CHE,Switzerland,country,1992,.88
CHE,Switzerland,country,1993,.88499999
CHE,Switzerland,country,1994,.88999999
CHE,Switzerland,country,1995,.89399999
CHE,Switzerland,country,1996,.90200001
CHE,Switzerland,country,1997,.90399998
CHE,Switzerland,country,1998,.90499997
CHE,Switzerland,country,1999,.90200001
CHE,Switzerland,country,2000,.90700001
CHE,Switzerland,country,2001,.91299999
CHE,Switzerland,country,2002,.91500002
CHE,Switzerland,country,2003,.92299998
CHE,Switzerland,country,2004,.92299998
CHE,Switzerland,country,2005,.926
CHE,Switzerland,country,2006,.93099999
CHE,Switzerland,country,2007,.93800002
CHE,Switzerland,country,2008,.94
CHE,Switzerland,country,2009,.94200003
CHE,Switzerland,country,2010,.94400001
CHE,Switzerland,country,2011,.94700003
CHE,Switzerland,country,2012,.94999999
CHE,Switzerland,country,2013,.95700002
CHE,Switzerland,country,2014,.95899999
CHE,Switzerland,country,2015,.96200001
CHE,Switzerland,country,2016,.96200001
CHE,Switzerland,country,2017,.96600002
CHE,Switzerland,country,2018,.96899998
CHE,Switzerland,country,2019,.98400003
CHE,Switzerland,country,2020,.98799998
CHE,Switzerland,country,2021,.991
CHE,Switzerland,country,2022,.99199998
CHE,Switzerland,country,2023,.99000001
CHL,Chile,country,1990,.49199998
CHL,Chile,country,1991,.49599999
CHL,Chile,country,1992,.509
CHL,Chile,country,1993,.514
CHL,Chile,country,1994,.51699996
CHL,Chile,country,1995,.523
CHL,Chile,country,1996,.53100002
CHL,Chile,country,1997,.53499997
CHL,Chile,country,1998,.56
CHL,Chile,country,1999,.56200004
CHL,Chile,country,2000,.56700003
CHL,Chile,country,2001,.565
CHL,Chile,country,2002,.583
CHL,Chile,country,2003,.59000003
CHL,Chile,country,2004,.60699999
CHL,Chile,country,2005,.62099999
CHL,Chile,country,2006,.61800003
CHL,Chile,country,2007,.62400001
CHL,Chile,country,2008,.63
CHL,Chile,country,2009,.64300001
CHL,Chile,country,2010,.64999998
CHL,Chile,country,2011,.66499996
CHL,Chile,country,2012,.67299998
CHL,Chile,country,2013,.69200003
CHL,Chile,country,2014,.70899999
CHL,Chile,country,2015,.713
CHL,Chile,country,2016,.73300004
CHL,Chile,country,2017,.75099999
CHL,Chile,country,2018,.78499997
CHL,Chile,country,2019,.80500001
CHL,Chile,country,2020,.81800002
CHL,Chile,country,2021,.88099998
CHL,Chile,country,2022,.88599998
CHL,Chile,country,2023,.898
CHN,China,country,1990,
CHN,China,country,1991,
CHN,China,country,1992,
CHN,China,country,1993,
CHN,China,country,1994,
CHN,China,country,1995,
CHN,China,country,1996,
CHN,China,country,1997,
CHN,China,country,1998,.79299998
CHN,China,country,1999,.77200001
CHN,China,country,2000,.77600002
CHN,China,country,2001,.78499997
CHN,China,country,2002,.787
CHN,China,country,2003,.79500002
CHN,China,country,2004,.796
CHN,China,country,2005,.79000002
CHN,China,country,2006,.77700001
CHN,China,country,2007,.77899998
CHN,China,country,2008,.76999998
CHN,China,country,2009,.773
CHN,China,country,2010,.77399999
CHN,China,country,2011,.76800001
CHN,China,country,2012,.773
CHN,China,country,2013,.78299999
CHN,China,country,2014,.79000002
CHN,China,country,2015,.79799998
CHN,China,country,2016,.80799997
CHN,China,country,2017,.81900001
CHN,China,country,2018,.83700001
CHN,China,country,2019,.84100002
CHN,China,country,2020,.84600002
CHN,China,country,2021,.85500002
CHN,China,country,2022,.86199999
CHN,China,country,2023,.86800003
CIV,Côte d’Ivoire,country,1990,
CIV,Côte d’Ivoire,country,1991,
CIV,Côte d’Ivoire,country,1992,
CIV,Côte d’Ivoire,country,1993,
CIV,Côte d’Ivoire,country,1994,
CIV,Côte d’Ivoire,country,1995,
CIV,Côte d’Ivoire,country,1996,
CIV,Côte d’Ivoire,country,1997,
CIV,Côte d’Ivoire,country,1998,
CIV,Côte d’Ivoire,country,1999,
CIV,Côte d’Ivoire,country,2000,
CIV,Côte d’Ivoire,country,2001,
CIV,Côte d’Ivoire,country,2002,
CIV,Côte d’Ivoire,country,2003,
CIV,Côte d’Ivoire,country,2004,
CIV,Côte d’Ivoire,country,2005,
CIV,Côte d’Ivoire,country,2006,
CIV,Côte d’Ivoire,country,2007,
CIV,Côte d’Ivoire,country,2008,
CIV,Côte d’Ivoire,country,2009,
CIV,Côte d’Ivoire,country,2010,.35699999
CIV,Côte d’Ivoire,country,2011,.37099999
CIV,Côte d’Ivoire,country,2012,.36900002
CIV,Côte d’Ivoire,country,2013,.37199998
CIV,Côte d’Ivoire,country,2014,.37
CIV,Côte d’Ivoire,country,2015,.36900002
CIV,Côte d’Ivoire,country,2016,.36699998
CIV,Côte d’Ivoire,country,2017,.37300003
CIV,Côte d’Ivoire,country,2018,.37800002
CIV,Côte d’Ivoire,country,2019,.39499998
CIV,Côte d’Ivoire,country,2020,.398
CIV,Côte d’Ivoire,country,2021,.40600002
CIV,Côte d’Ivoire,country,2022,.40700001
CIV,Côte d’Ivoire,country,2023,.41100001
CMR,Cameroon,country,1990,
CMR,Cameroon,country,1991,
CMR,Cameroon,country,1992,
CMR,Cameroon,country,1993,
CMR,Cameroon,country,1994,
CMR,Cameroon,country,1995,.30599999
CMR,Cameroon,country,1996,.30699998
CMR,Cameroon,country,1997,.31
CMR,Cameroon,country,1998,.31300002
CMR,Cameroon,country,1999,.31599998
CMR,Cameroon,country,2000,.31900001
CMR,Cameroon,country,2001,.32200003
CMR,Cameroon,country,2002,.34500003
CMR,Cameroon,country,2003,.35000002
CMR,Cameroon,country,2004,.35299999
CMR,Cameroon,country,2005,.35299999
CMR,Cameroon,country,2006,.35600001
CMR,Cameroon,country,2007,.38
CMR,Cameroon,country,2008,.38
CMR,Cameroon,country,2009,.38
CMR,Cameroon,country,2010,.38
CMR,Cameroon,country,2011,.38
CMR,Cameroon,country,2012,.38599998
CMR,Cameroon,country,2013,.421
CMR,Cameroon,country,2014,.42299998
CMR,Cameroon,country,2015,.42699999
CMR,Cameroon,country,2016,.42799997
CMR,Cameroon,country,2017,.42699999
CMR,Cameroon,country,2018,.43400002
CMR,Cameroon,country,2019,.43300003
CMR,Cameroon,country,2020,.43699998
CMR,Cameroon,country,2021,.43800002
CMR,Cameroon,country,2022,.43800002
CMR,Cameroon,country,2023,.44199997
COD,Democratic Republic of the Congo,country,1990,
COD,Democratic Republic of the Congo,country,1991,
COD,Democratic Republic of the Congo,country,1992,
COD,Democratic Republic of the Congo,country,1993,
COD,Democratic Republic of the Congo,country,1994,
COD,Democratic Republic of the Congo,country,1995,
COD,Democratic Republic of the Congo,country,1996,
COD,Democratic Republic of the Congo,country,1997,
COD,Democratic Republic of the Congo,country,1998,
COD,Democratic Republic of the Congo,country,1999,
COD,Democratic Republic of the Congo,country,2000,
COD,Democratic Republic of the Congo,country,2001,
COD,Democratic Republic of the Congo,country,2002,
COD,Democratic Republic of the Congo,country,2003,
COD,Democratic Republic of the Congo,country,2004,
COD,Democratic Republic of the Congo,country,2005,.35600001
COD,Democratic Republic of the Congo,country,2006,.34200001
COD,Democratic Republic of the Congo,country,2007,.34399998
COD,Democratic Republic of the Congo,country,2008,.34500003
COD,Democratic Republic of the Congo,country,2009,.347
COD,Democratic Republic of the Congo,country,2010,.347
COD,Democratic Republic of the Congo,country,2011,.34899998
COD,Democratic Republic of the Congo,country,2012,.35100001
COD,Democratic Republic of the Congo,country,2013,.34799999
COD,Democratic Republic of the Congo,country,2014,.36000001
COD,Democratic Republic of the Congo,country,2015,.35500002
COD,Democratic Republic of the Congo,country,2016,.36000001
COD,Democratic Republic of the Congo,country,2017,.35900003
COD,Democratic Republic of the Congo,country,2018,.36199999
COD,Democratic Republic of the Congo,country,2019,.38200003
COD,Democratic Republic of the Congo,country,2020,.39099997
COD,Democratic Republic of the Congo,country,2021,.39300001
COD,Democratic Republic of the Congo,country,2022,.39600003
COD,Democratic Republic of the Congo,country,2023,.39600003
COG,Congo,country,1990,
COG,Congo,country,1991,
COG,Congo,country,1992,
COG,Congo,country,1993,
COG,Congo,country,1994,
COG,Congo,country,1995,
COG,Congo,country,1996,
COG,Congo,country,1997,
COG,Congo,country,1998,
COG,Congo,country,1999,
COG,Congo,country,2000,
COG,Congo,country,2001,
COG,Congo,country,2002,
COG,Congo,country,2003,
COG,Congo,country,2004,
COG,Congo,country,2005,.37699997
COG,Congo,country,2006,.37800002
COG,Congo,country,2007,.37900001
COG,Congo,country,2008,.38300002
COG,Congo,country,2009,.384
COG,Congo,country,2010,.37900001
COG,Congo,country,2011,.375
COG,Congo,country,2012,.36699998
COG,Congo,country,2013,.37400001
COG,Congo,country,2014,.38200003
COG,Congo,country,2015,.38499999
COG,Congo,country,2016,.38599998
COG,Congo,country,2017,.39300001
COG,Congo,country,2018,.39200002
COG,Congo,country,2019,.40700001
COG,Congo,country,2020,.41100001
COG,Congo,country,2021,.412
COG,Congo,country,2022,.42199999
COG,Congo,country,2023,.435
COL,Colombia,country,1990,
COL,Colombia,country,1991,
COL,Colombia,country,1992,
COL,Colombia,country,1993,
COL,Colombia,country,1994,
COL,Colombia,country,1995,
COL,Colombia,country,1996,
COL,Colombia,country,1997,
COL,Colombia,country,1998,
COL,Colombia,country,1999,
COL,Colombia,country,2000,
COL,Colombia,country,2001,
COL,Colombia,country,2002,.49800003
COL,Colombia,country,2003,.509
COL,Colombia,country,2004,.51100004
COL,Colombia,country,2005,.51199996
COL,Colombia,country,2006,.50600004
COL,Colombia,country,2007,.505
COL,Colombia,country,2008,.51499999
COL,Colombia,country,2009,.52200001
COL,Colombia,country,2010,.546
COL,Colombia,country,2011,.54699999
COL,Colombia,country,2012,.54799998
COL,Colombia,country,2013,.551
COL,Colombia,country,2014,.57800001
COL,Colombia,country,2015,.583
COL,Colombia,country,2016,.58599997
COL,Colombia,country,2017,.583
COL,Colombia,country,2018,.59000003
COL,Colombia,country,2019,.58899999
COL,Colombia,country,2020,.579
COL,Colombia,country,2021,.58000004
COL,Colombia,country,2022,.60500002
COL,Colombia,country,2023,.60699999
COM,Comoros,country,1990,
COM,Comoros,country,1991,
COM,Comoros,country,1992,
COM,Comoros,country,1993,
COM,Comoros,country,1994,
COM,Comoros,country,1995,
COM,Comoros,country,1996,
COM,Comoros,country,1997,
COM,Comoros,country,1998,
COM,Comoros,country,1999,
COM,Comoros,country,2000,
COM,Comoros,country,2001,
COM,Comoros,country,2002,
COM,Comoros,country,2003,
COM,Comoros,country,2004,
COM,Comoros,country,2005,
COM,Comoros,country,2006,
COM,Comoros,country,2007,
COM,Comoros,country,2008,
COM,Comoros,country,2009,
COM,Comoros,country,2010,
COM,Comoros,country,2011,
COM,Comoros,country,2012,
COM,Comoros,country,2013,
COM,Comoros,country,2014,.35500002
COM,Comoros,country,2015,.36699998
COM,Comoros,country,2016,.37400001
COM,Comoros,country,2017,.417
COM,Comoros,country,2018,.42000002
COM,Comoros,country,2019,.42500001
COM,Comoros,country,2020,.48799998
COM,Comoros,country,2021,.49199998
COM,Comoros,country,2022,.49800003
COM,Comoros,country,2023,.49900001
CPV,Cabo Verde,country,1990,
CPV,Cabo Verde,country,1991,
CPV,Cabo Verde,country,1992,
CPV,Cabo Verde,country,1993,
CPV,Cabo Verde,country,1994,
CPV,Cabo Verde,country,1995,
CPV,Cabo Verde,country,1996,
CPV,Cabo Verde,country,1997,
CPV,Cabo Verde,country,1998,
CPV,Cabo Verde,country,1999,
CPV,Cabo Verde,country,2000,
CPV,Cabo Verde,country,2001,
CPV,Cabo Verde,country,2002,
CPV,Cabo Verde,country,2003,
CPV,Cabo Verde,country,2004,
CPV,Cabo Verde,country,2005,
CPV,Cabo Verde,country,2006,
CPV,Cabo Verde,country,2007,
CPV,Cabo Verde,country,2008,
CPV,Cabo Verde,country,2009,
CPV,Cabo Verde,country,2010,
CPV,Cabo Verde,country,2011,
CPV,Cabo Verde,country,2012,
CPV,Cabo Verde,country,2013,
CPV,Cabo Verde,country,2014,
CPV,Cabo Verde,country,2015,.63699996
CPV,Cabo Verde,country,2016,.648
CPV,Cabo Verde,country,2017,.65100002
CPV,Cabo Verde,country,2018,.64300001
CPV,Cabo Verde,country,2019,.66299999
CPV,Cabo Verde,country,2020,.67299998
CPV,Cabo Verde,country,2021,.699
CPV,Cabo Verde,country,2022,.69800001
CPV,Cabo Verde,country,2023,.70200002
CRI,Costa Rica,country,1990,
CRI,Costa Rica,country,1991,
CRI,Costa Rica,country,1992,
CRI,Costa Rica,country,1993,
CRI,Costa Rica,country,1994,
CRI,Costa Rica,country,1995,
CRI,Costa Rica,country,1996,
CRI,Costa Rica,country,1997,
CRI,Costa Rica,country,1998,
CRI,Costa Rica,country,1999,
CRI,Costa Rica,country,2000,.55700004
CRI,Costa Rica,country,2001,.59200001
CRI,Costa Rica,country,2002,.63300002
CRI,Costa Rica,country,2003,.63499999
CRI,Costa Rica,country,2004,.64499998
CRI,Costa Rica,country,2005,.65600002
CRI,Costa Rica,country,2006,.66799998
CRI,Costa Rica,country,2007,.66600001
CRI,Costa Rica,country,2008,.66900003
CRI,Costa Rica,country,2009,.67500001
CRI,Costa Rica,country,2010,.685
CRI,Costa Rica,country,2011,.69299996
CRI,Costa Rica,country,2012,.699
CRI,Costa Rica,country,2013,.70700002
CRI,Costa Rica,country,2014,.69700003
CRI,Costa Rica,country,2015,.71799999
CRI,Costa Rica,country,2016,.722
CRI,Costa Rica,country,2017,.727
CRI,Costa Rica,country,2018,.75099999
CRI,Costa Rica,country,2019,.76600003
CRI,Costa Rica,country,2020,.76899999
CRI,Costa Rica,country,2021,.78399998
CRI,Costa Rica,country,2022,.79100001
CRI,Costa Rica,country,2023,.78299999
CUB,Cuba,country,1990,
CUB,Cuba,country,1991,
CUB,Cuba,country,1992,
CUB,Cuba,country,1993,
CUB,Cuba,country,1994,
CUB,Cuba,country,1995,
CUB,Cuba,country,1996,
CUB,Cuba,country,1997,
CUB,Cuba,country,1998,
CUB,Cuba,country,1999,
CUB,Cuba,country,2000,
CUB,Cuba,country,2001,
CUB,Cuba,country,2002,
CUB,Cuba,country,2003,
CUB,Cuba,country,2004,.66600001
CUB,Cuba,country,2005,.667
CUB,Cuba,country,2006,.66900003
CUB,Cuba,country,2007,.66900003
CUB,Cuba,country,2008,.67400002
CUB,Cuba,country,2009,.67299998
CUB,Cuba,country,2010,.66999996
CUB,Cuba,country,2011,.671
CUB,Cuba,country,2012,.67900002
CUB,Cuba,country,2013,.68799996
CUB,Cuba,country,2014,.69
CUB,Cuba,country,2015,.69299996
CUB,Cuba,country,2016,.69299996
CUB,Cuba,country,2017,.69299996
CUB,Cuba,country,2018,.69700003
CUB,Cuba,country,2019,.69599998
CUB,Cuba,country,2020,.69700003
CUB,Cuba,country,2021,.70200002
CUB,Cuba,country,2022,.70300001
CUB,Cuba,country,2023,.704
CYP,Cyprus,country,1990,.57200003
CYP,Cyprus,country,1991,.58099997
CYP,Cyprus,country,1992,.579
CYP,Cyprus,country,1993,.60399997
CYP,Cyprus,country,1994,.611
CYP,Cyprus,country,1995,.63199997
CYP,Cyprus,country,1996,.65100002
CYP,Cyprus,country,1997,.69299996
CYP,Cyprus,country,1998,.67699999
CYP,Cyprus,country,1999,.69099998
CYP,Cyprus,country,2000,.70700002
CYP,Cyprus,country,2001,.75099999
CYP,Cyprus,country,2002,.75699997
CYP,Cyprus,country,2003,.76700002
CYP,Cyprus,country,2004,.78799999
CYP,Cyprus,country,2005,.80799997
CYP,Cyprus,country,2006,.79900002
CYP,Cyprus,country,2007,.82099998
CYP,Cyprus,country,2008,.815
CYP,Cyprus,country,2009,.79900002
CYP,Cyprus,country,2010,.80900002
CYP,Cyprus,country,2011,.79299998
CYP,Cyprus,country,2012,.787
CYP,Cyprus,country,2013,.78799999
CYP,Cyprus,country,2014,.79799998
CYP,Cyprus,country,2015,.79100001
CYP,Cyprus,country,2016,.80400002
CYP,Cyprus,country,2017,.78799999
CYP,Cyprus,country,2018,.76999998
CYP,Cyprus,country,2019,.76499999
CYP,Cyprus,country,2020,.76100004
CYP,Cyprus,country,2021,.74399996
CYP,Cyprus,country,2022,.745
CYP,Cyprus,country,2023,.74800003
CZE,Czechia,country,1990,.71599996
CZE,Czechia,country,1991,.71500003
CZE,Czechia,country,1992,.71500003
CZE,Czechia,country,1993,.71500003
CZE,Czechia,country,1994,.74699998
CZE,Czechia,country,1995,.76199996
CZE,Czechia,country,1996,.78499997
CZE,Czechia,country,1997,.79400003
CZE,Czechia,country,1998,.80199999
CZE,Czechia,country,1999,.81200004
CZE,Czechia,country,2000,.82200003
CZE,Czechia,country,2001,.83399999
CZE,Czechia,country,2002,.83599997
CZE,Czechia,country,2003,.84500003
CZE,Czechia,country,2004,.84600002
CZE,Czechia,country,2005,.84899998
CZE,Czechia,country,2006,.84799999
CZE,Czechia,country,2007,.84299999
CZE,Czechia,country,2008,.84500003
CZE,Czechia,country,2009,.84299999
CZE,Czechia,country,2010,.85899997
CZE,Czechia,country,2011,.86199999
CZE,Czechia,country,2012,.85699999
CZE,Czechia,country,2013,.85500002
CZE,Czechia,country,2014,.85399997
CZE,Czechia,country,2015,.86000001
CZE,Czechia,country,2016,.861
CZE,Czechia,country,2017,.866
CZE,Czechia,country,2018,.87
CZE,Czechia,country,2019,.87599999
CZE,Czechia,country,2020,.88
CZE,Czechia,country,2021,.89200002
CZE,Czechia,country,2022,.90499997
CZE,Czechia,country,2023,.912
DEU,Germany,country,1990,.82200003
DEU,Germany,country,1991,.83399999
DEU,Germany,country,1992,.84399998
DEU,Germany,country,1993,.85299999
DEU,Germany,country,1994,.861
DEU,Germany,country,1995,.866
DEU,Germany,country,1996,.866
DEU,Germany,country,1997,.86699998
DEU,Germany,country,1998,.86699998
DEU,Germany,country,1999,.875
DEU,Germany,country,2000,.875
DEU,Germany,country,2001,.87800002
DEU,Germany,country,2002,.88300002
DEU,Germany,country,2003,.889
DEU,Germany,country,2004,.89399999
DEU,Germany,country,2005,.89300001
DEU,Germany,country,2006,.89600003
DEU,Germany,country,2007,.89700001
DEU,Germany,country,2008,.898
DEU,Germany,country,2009,.90399998
DEU,Germany,country,2010,.90399998
DEU,Germany,country,2011,.91299999
DEU,Germany,country,2012,.91500002
DEU,Germany,country,2013,.92299998
DEU,Germany,country,2014,.92299998
DEU,Germany,country,2015,.92400002
DEU,Germany,country,2016,.917
DEU,Germany,country,2017,.91500002
DEU,Germany,country,2018,.92000002
DEU,Germany,country,2019,.92400002
DEU,Germany,country,2020,.92900002
DEU,Germany,country,2021,.93599999
DEU,Germany,country,2022,.94200003
DEU,Germany,country,2023,.94300002
DJI,Djibouti,country,1990,
DJI,Djibouti,country,1991,
DJI,Djibouti,country,1992,
DJI,Djibouti,country,1993,
DJI,Djibouti,country,1994,
DJI,Djibouti,country,1995,
DJI,Djibouti,country,1996,
DJI,Djibouti,country,1997,
DJI,Djibouti,country,1998,
DJI,Djibouti,country,1999,
DJI,Djibouti,country,2000,
DJI,Djibouti,country,2001,
DJI,Djibouti,country,2002,
DJI,Djibouti,country,2003,
DJI,Djibouti,country,2004,
DJI,Djibouti,country,2005,
DJI,Djibouti,country,2006,
DJI,Djibouti,country,2007,
DJI,Djibouti,country,2008,
DJI,Djibouti,country,2009,
DJI,Djibouti,country,2010,
DJI,Djibouti,country,2011,
DJI,Djibouti,country,2012,
DJI,Djibouti,country,2013,
DJI,Djibouti,country,2014,
DJI,Djibouti,country,2015,
DJI,Djibouti,country,2016,
DJI,Djibouti,country,2017,.45300001
DJI,Djibouti,country,2018,.50099999
DJI,Djibouti,country,2019,.50800002
DJI,Djibouti,country,2020,.514
DJI,Djibouti,country,2021,.51699996
DJI,Djibouti,country,2022,.51800001
DJI,Djibouti,country,2023,.51899999
DMA,Dominica,country,1990,
DMA,Dominica,country,1991,
DMA,Dominica,country,1992,
DMA,Dominica,country,1993,
DMA,Dominica,country,1994,
DMA,Dominica,country,1995,
DMA,Dominica,country,1996,
DMA,Dominica,country,1997,
DMA,Dominica,country,1998,
DMA,Dominica,country,1999,
DMA,Dominica,country,2000,
DMA,Dominica,country,2001,
DMA,Dominica,country,2002,
DMA,Dominica,country,2003,
DMA,Dominica,country,2004,
DMA,Dominica,country,2005,
DMA,Dominica,country,2006,
DMA,Dominica,country,2007,
DMA,Dominica,country,2008,
DMA,Dominica,country,2009,
DMA,Dominica,country,2010,
DMA,Dominica,country,2011,
DMA,Dominica,country,2012,
DMA,Dominica,country,2013,
DMA,Dominica,country,2014,
DMA,Dominica,country,2015,
DMA,Dominica,country,2016,
DMA,Dominica,country,2017,
DMA,Dominica,country,2018,
DMA,Dominica,country,2019,
DMA,Dominica,country,2020,
DMA,Dominica,country,2021,
DMA,Dominica,country,2022,
DMA,Dominica,country,2023,
DNK,Denmark,country,1990,.90100002
DNK,Denmark,country,1991,.903
DNK,Denmark,country,1992,.903
DNK,Denmark,country,1993,.90600002
DNK,Denmark,country,1994,.90499997
DNK,Denmark,country,1995,.90600002
DNK,Denmark,country,1996,.91399997
DNK,Denmark,country,1997,.912
DNK,Denmark,country,1998,.92199999
DNK,Denmark,country,1999,.92299998
DNK,Denmark,country,2000,.926
DNK,Denmark,country,2001,.93000001
DNK,Denmark,country,2002,.93900001
DNK,Denmark,country,2003,.94300002
DNK,Denmark,country,2004,.94599998
DNK,Denmark,country,2005,.94599998
DNK,Denmark,country,2006,.94499999
DNK,Denmark,country,2007,.94700003
DNK,Denmark,country,2008,.94599998
DNK,Denmark,country,2009,.94999999
DNK,Denmark,country,2010,.95200002
DNK,Denmark,country,2011,.95700002
DNK,Denmark,country,2012,.95899999
DNK,Denmark,country,2013,.96100003
DNK,Denmark,country,2014,.96499997
DNK,Denmark,country,2015,.96600002
DNK,Denmark,country,2016,.96700001
DNK,Denmark,country,2017,.97299999
DNK,Denmark,country,2018,.97899997
DNK,Denmark,country,2019,.98400003
DNK,Denmark,country,2020,.99000001
DNK,Denmark,country,2021,.99199998
DNK,Denmark,country,2022,.99599999
DNK,Denmark,country,2023,.99699998
DOM,Dominican Republic,country,1990,.426
DOM,Dominican Republic,country,1991,.42699999
DOM,Dominican Republic,country,1992,.435
DOM,Dominican Republic,country,1993,.38700002
DOM,Dominican Republic,country,1994,.435
DOM,Dominican Republic,country,1995,.43699998
DOM,Dominican Republic,country,1996,.44
DOM,Dominican Republic,country,1997,.44700003
DOM,Dominican Republic,country,1998,.46799999
DOM,Dominican Republic,country,1999,.48000002
DOM,Dominican Republic,country,2000,.49299997
DOM,Dominican Republic,country,2001,.505
DOM,Dominican Republic,country,2002,.51499999
DOM,Dominican Republic,country,2003,.51199996
DOM,Dominican Republic,country,2004,.509
DOM,Dominican Republic,country,2005,.50999999
DOM,Dominican Republic,country,2006,.51899999
DOM,Dominican Republic,country,2007,.514
DOM,Dominican Republic,country,2008,.51600003
DOM,Dominican Republic,country,2009,.50999999
DOM,Dominican Republic,country,2010,.52100003
DOM,Dominican Republic,country,2011,.523
DOM,Dominican Republic,country,2012,.528
DOM,Dominican Republic,country,2013,.52999997
DOM,Dominican Republic,country,2014,.52999997
DOM,Dominican Republic,country,2015,.53400004
DOM,Dominican Republic,country,2016,.54799998
DOM,Dominican Republic,country,2017,.551
DOM,Dominican Republic,country,2018,.55000001
DOM,Dominican Republic,country,2019,.56299996
DOM,Dominican Republic,country,2020,.56900001
DOM,Dominican Republic,country,2021,.57700002
DOM,Dominican Republic,country,2022,.57800001
DOM,Dominican Republic,country,2023,.583
DZA,Algeria,country,1990,
DZA,Algeria,country,1991,
DZA,Algeria,country,1992,
DZA,Algeria,country,1993,
DZA,Algeria,country,1994,
DZA,Algeria,country,1995,.32700002
DZA,Algeria,country,1996,.33899999
DZA,Algeria,country,1997,.35699999
DZA,Algeria,country,1998,.37300003
DZA,Algeria,country,1999,.37599999
DZA,Algeria,country,2000,.38999999
DZA,Algeria,country,2001,.403
DZA,Algeria,country,2002,.43599999
DZA,Algeria,country,2003,.44099998
DZA,Algeria,country,2004,.44599998
DZA,Algeria,country,2005,.44800001
DZA,Algeria,country,2006,.454
DZA,Algeria,country,2007,.472
DZA,Algeria,country,2008,.47899997
DZA,Algeria,country,2009,.48699999
DZA,Algeria,country,2010,.49199998
DZA,Algeria,country,2011,.50400001
DZA,Algeria,country,2012,.59299999
DZA,Algeria,country,2013,.597
DZA,Algeria,country,2014,.60100001
DZA,Algeria,country,2015,.60299999
DZA,Algeria,country,2016,.60800004
DZA,Algeria,country,2017,.60299999
DZA,Algeria,country,2018,.61699998
DZA,Algeria,country,2019,.61500001
DZA,Algeria,country,2020,.61699998
DZA,Algeria,country,2021,.55799997
DZA,Algeria,country,2022,.55700004
DZA,Algeria,country,2023,.55700004
ECU,Ecuador,country,1990,.352
ECU,Ecuador,country,1991,.36000001
ECU,Ecuador,country,1992,.37099999
ECU,Ecuador,country,1993,.38300002
ECU,Ecuador,country,1994,.39300001
ECU,Ecuador,country,1995,.40100002
ECU,Ecuador,country,1996,.40799999
ECU,Ecuador,country,1997,.41000003
ECU,Ecuador,country,1998,.50199997
ECU,Ecuador,country,1999,.50099999
ECU,Ecuador,country,2000,.48900002
ECU,Ecuador,country,2001,.50199997
ECU,Ecuador,country,2002,.50600004
ECU,Ecuador,country,2003,.514
ECU,Ecuador,country,2004,.52200001
ECU,Ecuador,country,2005,.523
ECU,Ecuador,country,2006,.54799998
ECU,Ecuador,country,2007,.54900002
ECU,Ecuador,country,2008,.54799998
ECU,Ecuador,country,2009,.56099999
ECU,Ecuador,country,2010,.56900001
ECU,Ecuador,country,2011,.57099998
ECU,Ecuador,country,2012,.57599998
ECU,Ecuador,country,2013,.59200001
ECU,Ecuador,country,2014,.60399997
ECU,Ecuador,country,2015,.60899997
ECU,Ecuador,country,2016,.61399996
ECU,Ecuador,country,2017,.611
ECU,Ecuador,country,2018,.60899997
ECU,Ecuador,country,2019,.61199999
ECU,Ecuador,country,2020,.62699997
ECU,Ecuador,country,2021,.634
ECU,Ecuador,country,2022,.63600004
ECU,Ecuador,country,2023,.64199996
EGY,Egypt,country,1990,.34799999
EGY,Egypt,country,1991,.34299999
EGY,Egypt,country,1992,.35000002
EGY,Egypt,country,1993,.35299999
EGY,Egypt,country,1994,.35900003
EGY,Egypt,country,1995,.36199999
EGY,Egypt,country,1996,.329
EGY,Egypt,country,1997,.347
EGY,Egypt,country,1998,.36699998
EGY,Egypt,country,1999,.36900002
EGY,Egypt,country,2000,.37800002
EGY,Egypt,country,2001,.38999999
EGY,Egypt,country,2002,.38499999
EGY,Egypt,country,2003,.41399997
EGY,Egypt,country,2004,.42900002
EGY,Egypt,country,2005,.42799997
EGY,Egypt,country,2006,.42699999
EGY,Egypt,country,2007,.43900001
EGY,Egypt,country,2008,.43800002
EGY,Egypt,country,2009,.44700003
EGY,Egypt,country,2010,.44800001
EGY,Egypt,country,2011,.45499998
EGY,Egypt,country,2012,.43400002
EGY,Egypt,country,2013,.44199997
EGY,Egypt,country,2014,.45200002
EGY,Egypt,country,2015,.458
EGY,Egypt,country,2016,.588
EGY,Egypt,country,2017,.59500003
EGY,Egypt,country,2018,.58399999
EGY,Egypt,country,2019,.57599998
EGY,Egypt,country,2020,.59500003
EGY,Egypt,country,2021,.60500002
EGY,Egypt,country,2022,.60100001
EGY,Egypt,country,2023,.602
ERI,Eritrea,country,1990,
ERI,Eritrea,country,1991,
ERI,Eritrea,country,1992,
ERI,Eritrea,country,1993,
ERI,Eritrea,country,1994,
ERI,Eritrea,country,1995,
ERI,Eritrea,country,1996,
ERI,Eritrea,country,1997,
ERI,Eritrea,country,1998,
ERI,Eritrea,country,1999,
ERI,Eritrea,country,2000,
ERI,Eritrea,country,2001,
ERI,Eritrea,country,2002,
ERI,Eritrea,country,2003,
ERI,Eritrea,country,2004,
ERI,Eritrea,country,2005,
ERI,Eritrea,country,2006,
ERI,Eritrea,country,2007,
ERI,Eritrea,country,2008,
ERI,Eritrea,country,2009,
ERI,Eritrea,country,2010,
ERI,Eritrea,country,2011,
ERI,Eritrea,country,2012,
ERI,Eritrea,country,2013,
ERI,Eritrea,country,2014,
ERI,Eritrea,country,2015,
ERI,Eritrea,country,2016,
ERI,Eritrea,country,2017,
ERI,Eritrea,country,2018,
ERI,Eritrea,country,2019,
ERI,Eritrea,country,2020,
ERI,Eritrea,country,2021,
ERI,Eritrea,country,2022,
ERI,Eritrea,country,2023,
ESP,Spain,country,1990,.81099999
ESP,Spain,country,1991,.81900001
ESP,Spain,country,1992,.82999998
ESP,Spain,country,1993,.83899999
ESP,Spain,country,1994,.84899998
ESP,Spain,country,1995,.85600001
ESP,Spain,country,1996,.85899997
ESP,Spain,country,1997,.85799998
ESP,Spain,country,1998,.85799998
ESP,Spain,country,1999,.84799999
ESP,Spain,country,2000,.87099999
ESP,Spain,country,2001,.86699998
ESP,Spain,country,2002,.87
ESP,Spain,country,2003,.86800003
ESP,Spain,country,2004,.87699997
ESP,Spain,country,2005,.87599999
ESP,Spain,country,2006,.87400001
ESP,Spain,country,2007,.87300003
ESP,Spain,country,2008,.87800002
ESP,Spain,country,2009,.88800001
ESP,Spain,country,2010,.89600003
ESP,Spain,country,2011,.90499997
ESP,Spain,country,2012,.91100001
ESP,Spain,country,2013,.917
ESP,Spain,country,2014,.921
ESP,Spain,country,2015,.926
ESP,Spain,country,2016,.93000001
ESP,Spain,country,2017,.93299997
ESP,Spain,country,2018,.93800002
ESP,Spain,country,2019,.94499999
ESP,Spain,country,2020,.95099998
ESP,Spain,country,2021,.95700002
ESP,Spain,country,2022,.95499998
ESP,Spain,country,2023,.95700002
EST,Estonia,country,1990,.61199999
EST,Estonia,country,1991,.61899996
EST,Estonia,country,1992,.61699998
EST,Estonia,country,1993,.63100004
EST,Estonia,country,1994,.62900001
EST,Estonia,country,1995,.64399999
EST,Estonia,country,1996,.65400004
EST,Estonia,country,1997,.67400002
EST,Estonia,country,1998,.67500001
EST,Estonia,country,1999,.72099996
EST,Estonia,country,2000,.73300004
EST,Estonia,country,2001,.74699998
EST,Estonia,country,2002,.75699997
EST,Estonia,country,2003,.77200001
EST,Estonia,country,2004,.78799999
EST,Estonia,country,2005,.80000001
EST,Estonia,country,2006,.80900002
EST,Estonia,country,2007,.80500001
EST,Estonia,country,2008,.81599998
EST,Estonia,country,2009,.829
EST,Estonia,country,2010,.84100002
EST,Estonia,country,2011,.84100002
EST,Estonia,country,2012,.84799999
EST,Estonia,country,2013,.84799999
EST,Estonia,country,2014,.84399998
EST,Estonia,country,2015,.87199998
EST,Estonia,country,2016,.88099998
EST,Estonia,country,2017,.89499998
EST,Estonia,country,2018,.89899999
EST,Estonia,country,2019,.91100001
EST,Estonia,country,2020,.917
EST,Estonia,country,2021,.91900003
EST,Estonia,country,2022,.92900002
EST,Estonia,country,2023,.93900001
ETH,Ethiopia,country,1990,
ETH,Ethiopia,country,1991,
ETH,Ethiopia,country,1992,
ETH,Ethiopia,country,1993,
ETH,Ethiopia,country,1994,
ETH,Ethiopia,country,1995,
ETH,Ethiopia,country,1996,
ETH,Ethiopia,country,1997,
ETH,Ethiopia,country,1998,
ETH,Ethiopia,country,1999,
ETH,Ethiopia,country,2000,
ETH,Ethiopia,country,2001,.296
ETH,Ethiopia,country,2002,.30000001
ETH,Ethiopia,country,2003,.30800003
ETH,Ethiopia,country,2004,.31099999
ETH,Ethiopia,country,2005,.35799998
ETH,Ethiopia,country,2006,.366
ETH,Ethiopia,country,2007,.37099999
ETH,Ethiopia,country,2008,.37699997
ETH,Ethiopia,country,2009,.38499999
ETH,Ethiopia,country,2010,.39899999
ETH,Ethiopia,country,2011,.40200001
ETH,Ethiopia,country,2012,.41500002
ETH,Ethiopia,country,2013,.42799997
ETH,Ethiopia,country,2014,.435
ETH,Ethiopia,country,2015,.46700001
ETH,Ethiopia,country,2016,.47600001
ETH,Ethiopia,country,2017,.48000002
ETH,Ethiopia,country,2018,.48699999
ETH,Ethiopia,country,2019,.491
ETH,Ethiopia,country,2020,.49800003
ETH,Ethiopia,country,2021,.50300002
ETH,Ethiopia,country,2022,.50199997
ETH,Ethiopia,country,2023,.50300002
FIN,Finland,country,1990,.89399999
FIN,Finland,country,1991,.89700001
FIN,Finland,country,1992,.90100002
FIN,Finland,country,1993,.90600002
FIN,Finland,country,1994,.90700001
FIN,Finland,country,1995,.90499997
FIN,Finland,country,1996,.89999998
FIN,Finland,country,1997,.90899998
FIN,Finland,country,1998,.91100001
FIN,Finland,country,1999,.91500002
FIN,Finland,country,2000,.912
FIN,Finland,country,2001,.90799999
FIN,Finland,country,2002,.90499997
FIN,Finland,country,2003,.90899998
FIN,Finland,country,2004,.90999997
FIN,Finland,country,2005,.91399997
FIN,Finland,country,2006,.91900003
FIN,Finland,country,2007,.926
FIN,Finland,country,2008,.92699999
FIN,Finland,country,2009,.92699999
FIN,Finland,country,2010,.92699999
FIN,Finland,country,2011,.93299997
FIN,Finland,country,2012,.935
FIN,Finland,country,2013,.93599999
FIN,Finland,country,2014,.93800002
FIN,Finland,country,2015,.94400001
FIN,Finland,country,2016,.94999999
FIN,Finland,country,2017,.95599997
FIN,Finland,country,2018,.96200001
FIN,Finland,country,2019,.96899998
FIN,Finland,country,2020,.97000003
FIN,Finland,country,2021,.97100002
FIN,Finland,country,2022,.977
FIN,Finland,country,2023,.97899997
FJI,Fiji,country,1990,
FJI,Fiji,country,1991,
FJI,Fiji,country,1992,
FJI,Fiji,country,1993,
FJI,Fiji,country,1994,
FJI,Fiji,country,1995,.514
FJI,Fiji,country,1996,.51800001
FJI,Fiji,country,1997,.523
FJI,Fiji,country,1998,.52499998
FJI,Fiji,country,1999,.59099996
FJI,Fiji,country,2000,.59099996
FJI,Fiji,country,2001,.59500003
FJI,Fiji,country,2002,.59299999
FJI,Fiji,country,2003,.59899998
FJI,Fiji,country,2004,.57800001
FJI,Fiji,country,2005,.58099997
FJI,Fiji,country,2006,.588
FJI,Fiji,country,2007,.59500003
FJI,Fiji,country,2008,.60399997
FJI,Fiji,country,2009,.60699999
FJI,Fiji,country,2010,.61000001
FJI,Fiji,country,2011,.61699998
FJI,Fiji,country,2012,.61399996
FJI,Fiji,country,2013,.61000001
FJI,Fiji,country,2014,.648
FJI,Fiji,country,2015,.66600001
FJI,Fiji,country,2016,.667
FJI,Fiji,country,2017,.67500001
FJI,Fiji,country,2018,.68700004
FJI,Fiji,country,2019,.68299997
FJI,Fiji,country,2020,.68299997
FJI,Fiji,country,2021,.69
FJI,Fiji,country,2022,.68599999
FJI,Fiji,country,2023,.64999998
FRA,France,country,1990,.76300001
FRA,France,country,1991,.76199996
FRA,France,country,1992,.76499999
FRA,France,country,1993,.77200001
FRA,France,country,1994,.78399998
FRA,France,country,1995,.79299998
FRA,France,country,1996,.80000001
FRA,France,country,1997,.80799997
FRA,France,country,1998,.81099999
FRA,France,country,1999,.80900002
FRA,France,country,2000,.80500001
FRA,France,country,2001,.81700003
FRA,France,country,2002,.82599998
FRA,France,country,2003,.82999998
FRA,France,country,2004,.84200001
FRA,France,country,2005,.84299999
FRA,France,country,2006,.84399998
FRA,France,country,2007,.86300004
FRA,France,country,2008,.86699998
FRA,France,country,2009,.87099999
FRA,France,country,2010,.87099999
FRA,France,country,2011,.875
FRA,France,country,2012,.88999999
FRA,France,country,2013,.89399999
FRA,France,country,2014,.89899999
FRA,France,country,2015,.90399998
FRA,France,country,2016,.90799999
FRA,France,country,2017,.92799997
FRA,France,country,2018,.935
FRA,France,country,2019,.93900001
FRA,France,country,2020,.94400001
FRA,France,country,2021,.95200002
FRA,France,country,2022,.95899999
FRA,France,country,2023,.96600002
FSM,Micronesia (Federated States of),country,1990,
FSM,Micronesia (Federated States of),country,1991,
FSM,Micronesia (Federated States of),country,1992,
FSM,Micronesia (Federated States of),country,1993,
FSM,Micronesia (Federated States of),country,1994,
FSM,Micronesia (Federated States of),country,1995,
FSM,Micronesia (Federated States of),country,1996,
FSM,Micronesia (Federated States of),country,1997,
FSM,Micronesia (Federated States of),country,1998,
FSM,Micronesia (Federated States of),country,1999,
FSM,Micronesia (Federated States of),country,2000,
FSM,Micronesia (Federated States of),country,2001,
FSM,Micronesia (Federated States of),country,2002,
FSM,Micronesia (Federated States of),country,2003,
FSM,Micronesia (Federated States of),country,2004,
FSM,Micronesia (Federated States of),country,2005,
FSM,Micronesia (Federated States of),country,2006,
FSM,Micronesia (Federated States of),country,2007,
FSM,Micronesia (Federated States of),country,2008,
FSM,Micronesia (Federated States of),country,2009,
FSM,Micronesia (Federated States of),country,2010,
FSM,Micronesia (Federated States of),country,2011,
FSM,Micronesia (Federated States of),country,2012,
FSM,Micronesia (Federated States of),country,2013,
FSM,Micronesia (Federated States of),country,2014,
FSM,Micronesia (Federated States of),country,2015,
FSM,Micronesia (Federated States of),country,2016,
FSM,Micronesia (Federated States of),country,2017,
FSM,Micronesia (Federated States of),country,2018,
FSM,Micronesia (Federated States of),country,2019,
FSM,Micronesia (Federated States of),country,2020,
FSM,Micronesia (Federated States of),country,2021,
FSM,Micronesia (Federated States of),country,2022,
FSM,Micronesia (Federated States of),country,2023,
GAB,Gabon,country,1990,
GAB,Gabon,country,1991,
GAB,Gabon,country,1992,
GAB,Gabon,country,1993,.40700001
GAB,Gabon,country,1994,.412
GAB,Gabon,country,1995,.41399997
GAB,Gabon,country,1996,.41600001
GAB,Gabon,country,1997,.41900003
GAB,Gabon,country,1998,.421
GAB,Gabon,country,1999,.42500001
GAB,Gabon,country,2000,.44300002
GAB,Gabon,country,2001,.44700003
GAB,Gabon,country,2002,.44999999
GAB,Gabon,country,2003,.45499998
GAB,Gabon,country,2004,.45899999
GAB,Gabon,country,2005,.45700002
GAB,Gabon,country,2006,.463
GAB,Gabon,country,2007,.47000003
GAB,Gabon,country,2008,.47399998
GAB,Gabon,country,2009,.47399998
GAB,Gabon,country,2010,.477
GAB,Gabon,country,2011,.47500002
GAB,Gabon,country,2012,.48100001
GAB,Gabon,country,2013,.47600001
GAB,Gabon,country,2014,.46700001
GAB,Gabon,country,2015,.47000003
GAB,Gabon,country,2016,.46899998
GAB,Gabon,country,2017,.472
GAB,Gabon,country,2018,.46899998
GAB,Gabon,country,2019,.47299999
GAB,Gabon,country,2020,.46899998
GAB,Gabon,country,2021,.477
GAB,Gabon,country,2022,.47799999
GAB,Gabon,country,2023,.495
GBR,United Kingdom of Great Britain and Northern Ireland,country,1990,.74599999
GBR,United Kingdom of Great Britain and Northern Ireland,country,1991,.74699998
GBR,United Kingdom of Great Britain and Northern Ireland,country,1992,.75099999
GBR,United Kingdom of Great Britain and Northern Ireland,country,1993,.75699997
GBR,United Kingdom of Great Britain and Northern Ireland,country,1994,.76199996
GBR,United Kingdom of Great Britain and Northern Ireland,country,1995,.76499999
GBR,United Kingdom of Great Britain and Northern Ireland,country,1996,.764
GBR,United Kingdom of Great Britain and Northern Ireland,country,1997,.76199996
GBR,United Kingdom of Great Britain and Northern Ireland,country,1998,.75999999
GBR,United Kingdom of Great Britain and Northern Ireland,country,1999,.76199996
GBR,United Kingdom of Great Britain and Northern Ireland,country,2000,.78399998
GBR,United Kingdom of Great Britain and Northern Ireland,country,2001,.78900003
GBR,United Kingdom of Great Britain and Northern Ireland,country,2002,.78900003
GBR,United Kingdom of Great Britain and Northern Ireland,country,2003,.78900003
GBR,United Kingdom of Great Britain and Northern Ireland,country,2004,.79299998
GBR,United Kingdom of Great Britain and Northern Ireland,country,2005,.79699999
GBR,United Kingdom of Great Britain and Northern Ireland,country,2006,.80199999
GBR,United Kingdom of Great Britain and Northern Ireland,country,2007,.80699998
GBR,United Kingdom of Great Britain and Northern Ireland,country,2008,.80799997
GBR,United Kingdom of Great Britain and Northern Ireland,country,2009,.81400001
GBR,United Kingdom of Great Britain and Northern Ireland,country,2010,.82200003
GBR,United Kingdom of Great Britain and Northern Ireland,country,2011,.83200002
GBR,United Kingdom of Great Britain and Northern Ireland,country,2012,.83899999
GBR,United Kingdom of Great Britain and Northern Ireland,country,2013,.84899998
GBR,United Kingdom of Great Britain and Northern Ireland,country,2014,.85699999
GBR,United Kingdom of Great Britain and Northern Ireland,country,2015,.87099999
GBR,United Kingdom of Great Britain and Northern Ireland,country,2016,.87599999
GBR,United Kingdom of Great Britain and Northern Ireland,country,2017,.884
GBR,United Kingdom of Great Britain and Northern Ireland,country,2018,.889
GBR,United Kingdom of Great Britain and Northern Ireland,country,2019,.89499998
GBR,United Kingdom of Great Britain and Northern Ireland,country,2020,.90600002
GBR,United Kingdom of Great Britain and Northern Ireland,country,2021,.91600001
GBR,United Kingdom of Great Britain and Northern Ireland,country,2022,.917
GBR,United Kingdom of Great Britain and Northern Ireland,country,2023,.917
GEO,Georgia,country,1990,
GEO,Georgia,country,1991,
GEO,Georgia,country,1992,
GEO,Georgia,country,1993,
GEO,Georgia,country,1994,
GEO,Georgia,country,1995,
GEO,Georgia,country,1996,
GEO,Georgia,country,1997,
GEO,Georgia,country,1998,
GEO,Georgia,country,1999,
GEO,Georgia,country,2000,.57499999
GEO,Georgia,country,2001,.60399997
GEO,Georgia,country,2002,.60399997
GEO,Georgia,country,2003,.60399997
GEO,Georgia,country,2004,.60800004
GEO,Georgia,country,2005,.60600001
GEO,Georgia,country,2006,.60800004
GEO,Georgia,country,2007,.60699999
GEO,Georgia,country,2008,.56999999
GEO,Georgia,country,2009,.54699999
GEO,Georgia,country,2010,.56999999
GEO,Georgia,country,2011,.58000004
GEO,Georgia,country,2012,.62800002
GEO,Georgia,country,2013,.63499999
GEO,Georgia,country,2014,.639
GEO,Georgia,country,2015,.63999999
GEO,Georgia,country,2016,.67900002
GEO,Georgia,country,2017,.69700003
GEO,Georgia,country,2018,.70099998
GEO,Georgia,country,2019,.704
GEO,Georgia,country,2020,.72899997
GEO,Georgia,country,2021,.73100001
GEO,Georgia,country,2022,.74300003
GEO,Georgia,country,2023,.74300003
GHA,Ghana,country,1990,.35000002
GHA,Ghana,country,1991,.35299999
GHA,Ghana,country,1992,.36199999
GHA,Ghana,country,1993,.36400002
GHA,Ghana,country,1994,.36799997
GHA,Ghana,country,1995,.37099999
GHA,Ghana,country,1996,.38
GHA,Ghana,country,1997,.38300002
GHA,Ghana,country,1998,.38800001
GHA,Ghana,country,1999,.39399999
GHA,Ghana,country,2000,.39399999
GHA,Ghana,country,2001,.39899999
GHA,Ghana,country,2002,.40499997
GHA,Ghana,country,2003,.41000003
GHA,Ghana,country,2004,.42199999
GHA,Ghana,country,2005,.42799997
GHA,Ghana,country,2006,.43199998
GHA,Ghana,country,2007,.43400002
GHA,Ghana,country,2008,.42000002
GHA,Ghana,country,2009,.42699999
GHA,Ghana,country,2010,.42900002
GHA,Ghana,country,2011,.43000001
GHA,Ghana,country,2012,.43000001
GHA,Ghana,country,2013,.44199997
GHA,Ghana,country,2014,.44700003
GHA,Ghana,country,2015,.44700003
GHA,Ghana,country,2016,.45700002
GHA,Ghana,country,2017,.46600002
GHA,Ghana,country,2018,.46600002
GHA,Ghana,country,2019,.47500002
GHA,Ghana,country,2020,.47100002
GHA,Ghana,country,2021,.47600001
GHA,Ghana,country,2022,.48500001
GHA,Ghana,country,2023,.486
GIN,Guinea,country,1990,
GIN,Guinea,country,1991,
GIN,Guinea,country,1992,
GIN,Guinea,country,1993,
GIN,Guinea,country,1994,
GIN,Guinea,country,1995,
GIN,Guinea,country,1996,
GIN,Guinea,country,1997,
GIN,Guinea,country,1998,
GIN,Guinea,country,1999,
GIN,Guinea,country,2000,
GIN,Guinea,country,2001,
GIN,Guinea,country,2002,
GIN,Guinea,country,2003,
GIN,Guinea,country,2004,
GIN,Guinea,country,2005,
GIN,Guinea,country,2006,
GIN,Guinea,country,2007,
GIN,Guinea,country,2008,
GIN,Guinea,country,2009,
GIN,Guinea,country,2010,
GIN,Guinea,country,2011,
GIN,Guinea,country,2012,
GIN,Guinea,country,2013,
GIN,Guinea,country,2014,
GIN,Guinea,country,2015,
GIN,Guinea,country,2016,
GIN,Guinea,country,2017,
GIN,Guinea,country,2018,
GIN,Guinea,country,2019,.36900002
GIN,Guinea,country,2020,.35699999
GIN,Guinea,country,2021,.36000001
GIN,Guinea,country,2022,.38999999
GIN,Guinea,country,2023,.39099997
GMB,Gambia,country,1990,
GMB,Gambia,country,1991,
GMB,Gambia,country,1992,
GMB,Gambia,country,1993,
GMB,Gambia,country,1994,
GMB,Gambia,country,1995,
GMB,Gambia,country,1996,
GMB,Gambia,country,1997,
GMB,Gambia,country,1998,
GMB,Gambia,country,1999,
GMB,Gambia,country,2000,
GMB,Gambia,country,2001,
GMB,Gambia,country,2002,
GMB,Gambia,country,2003,
GMB,Gambia,country,2004,
GMB,Gambia,country,2005,
GMB,Gambia,country,2006,
GMB,Gambia,country,2007,
GMB,Gambia,country,2008,
GMB,Gambia,country,2009,
GMB,Gambia,country,2010,.34100002
GMB,Gambia,country,2011,.34600002
GMB,Gambia,country,2012,.35100001
GMB,Gambia,country,2013,.35399997
GMB,Gambia,country,2014,.375
GMB,Gambia,country,2015,.38200003
GMB,Gambia,country,2016,.39099997
GMB,Gambia,country,2017,.403
GMB,Gambia,country,2018,.40600002
GMB,Gambia,country,2019,.41399997
GMB,Gambia,country,2020,.41100001
GMB,Gambia,country,2021,.41500002
GMB,Gambia,country,2022,.41900003
GMB,Gambia,country,2023,.42199999
GNB,Guinea-Bissau,country,1990,
GNB,Guinea-Bissau,country,1991,
GNB,Guinea-Bissau,country,1992,
GNB,Guinea-Bissau,country,1993,
GNB,Guinea-Bissau,country,1994,
GNB,Guinea-Bissau,country,1995,
GNB,Guinea-Bissau,country,1996,
GNB,Guinea-Bissau,country,1997,
GNB,Guinea-Bissau,country,1998,
GNB,Guinea-Bissau,country,1999,
GNB,Guinea-Bissau,country,2000,
GNB,Guinea-Bissau,country,2001,
GNB,Guinea-Bissau,country,2002,
GNB,Guinea-Bissau,country,2003,
GNB,Guinea-Bissau,country,2004,
GNB,Guinea-Bissau,country,2005,
GNB,Guinea-Bissau,country,2006,
GNB,Guinea-Bissau,country,2007,
GNB,Guinea-Bissau,country,2008,
GNB,Guinea-Bissau,country,2009,
GNB,Guinea-Bissau,country,2010,
GNB,Guinea-Bissau,country,2011,
GNB,Guinea-Bissau,country,2012,
GNB,Guinea-Bissau,country,2013,
GNB,Guinea-Bissau,country,2014,
GNB,Guinea-Bissau,country,2015,
GNB,Guinea-Bissau,country,2016,
GNB,Guinea-Bissau,country,2017,
GNB,Guinea-Bissau,country,2018,.37699997
GNB,Guinea-Bissau,country,2019,.37800002
GNB,Guinea-Bissau,country,2020,.37900001
GNB,Guinea-Bissau,country,2021,.38200003
GNB,Guinea-Bissau,country,2022,.38300002
GNB,Guinea-Bissau,country,2023,.36799997
GNQ,Equatorial Guinea,country,1990,
GNQ,Equatorial Guinea,country,1991,
GNQ,Equatorial Guinea,country,1992,
GNQ,Equatorial Guinea,country,1993,
GNQ,Equatorial Guinea,country,1994,
GNQ,Equatorial Guinea,country,1995,
GNQ,Equatorial Guinea,country,1996,
GNQ,Equatorial Guinea,country,1997,
GNQ,Equatorial Guinea,country,1998,
GNQ,Equatorial Guinea,country,1999,
GNQ,Equatorial Guinea,country,2000,
GNQ,Equatorial Guinea,country,2001,
GNQ,Equatorial Guinea,country,2002,
GNQ,Equatorial Guinea,country,2003,
GNQ,Equatorial Guinea,country,2004,
GNQ,Equatorial Guinea,country,2005,
GNQ,Equatorial Guinea,country,2006,
GNQ,Equatorial Guinea,country,2007,
GNQ,Equatorial Guinea,country,2008,
GNQ,Equatorial Guinea,country,2009,
GNQ,Equatorial Guinea,country,2010,
GNQ,Equatorial Guinea,country,2011,
GNQ,Equatorial Guinea,country,2012,
GNQ,Equatorial Guinea,country,2013,
GNQ,Equatorial Guinea,country,2014,
GNQ,Equatorial Guinea,country,2015,
GNQ,Equatorial Guinea,country,2016,
GNQ,Equatorial Guinea,country,2017,
GNQ,Equatorial Guinea,country,2018,
GNQ,Equatorial Guinea,country,2019,
GNQ,Equatorial Guinea,country,2020,
GNQ,Equatorial Guinea,country,2021,
GNQ,Equatorial Guinea,country,2022,
GNQ,Equatorial Guinea,country,2023,
GRC,Greece,country,1990,.70200002
GRC,Greece,country,1991,.704
GRC,Greece,country,1992,.71500003
GRC,Greece,country,1993,.72399998
GRC,Greece,country,1994,.73000002
GRC,Greece,country,1995,.73899996
GRC,Greece,country,1996,.74699998
GRC,Greece,country,1997,.75
GRC,Greece,country,1998,.75699997
GRC,Greece,country,1999,.76100004
GRC,Greece,country,2000,.792
GRC,Greece,country,2001,.78200001
GRC,Greece,country,2002,.78399998
GRC,Greece,country,2003,.78600001
GRC,Greece,country,2004,.824
GRC,Greece,country,2005,.82200003
GRC,Greece,country,2006,.824
GRC,Greece,country,2007,.829
GRC,Greece,country,2008,.824
GRC,Greece,country,2009,.83899999
GRC,Greece,country,2010,.84399998
GRC,Greece,country,2011,.85799998
GRC,Greece,country,2012,.87300003
GRC,Greece,country,2013,.87699997
GRC,Greece,country,2014,.87900001
GRC,Greece,country,2015,.875
GRC,Greece,country,2016,.87099999
GRC,Greece,country,2017,.86800003
GRC,Greece,country,2018,.87
GRC,Greece,country,2019,.87800002
GRC,Greece,country,2020,.88199997
GRC,Greece,country,2021,.88599998
GRC,Greece,country,2022,.89100003
GRC,Greece,country,2023,.89700001
GRD,Grenada,country,1990,
GRD,Grenada,country,1991,
GRD,Grenada,country,1992,
GRD,Grenada,country,1993,
GRD,Grenada,country,1994,
GRD,Grenada,country,1995,
GRD,Grenada,country,1996,
GRD,Grenada,country,1997,
GRD,Grenada,country,1998,
GRD,Grenada,country,1999,
GRD,Grenada,country,2000,
GRD,Grenada,country,2001,
GRD,Grenada,country,2002,
GRD,Grenada,country,2003,
GRD,Grenada,country,2004,
GRD,Grenada,country,2005,
GRD,Grenada,country,2006,
GRD,Grenada,country,2007,
GRD,Grenada,country,2008,
GRD,Grenada,country,2009,
GRD,Grenada,country,2010,
GRD,Grenada,country,2011,
GRD,Grenada,country,2012,
GRD,Grenada,country,2013,
GRD,Grenada,country,2014,
GRD,Grenada,country,2015,
GRD,Grenada,country,2016,
GRD,Grenada,country,2017,
GRD,Grenada,country,2018,.787
GRD,Grenada,country,2019,.78799999
GRD,Grenada,country,2020,.78200001
GRD,Grenada,country,2021,.77399999
GRD,Grenada,country,2022,.773
GRD,Grenada,country,2023,.77399999
GTM,Guatemala,country,1990,
GTM,Guatemala,country,1991,
GTM,Guatemala,country,1992,
GTM,Guatemala,country,1993,
GTM,Guatemala,country,1994,.34600002
GTM,Guatemala,country,1995,.35399997
GTM,Guatemala,country,1996,.36199999
GTM,Guatemala,country,1997,.37199998
GTM,Guatemala,country,1998,.38300002
GTM,Guatemala,country,1999,.366
GTM,Guatemala,country,2000,.41600001
GTM,Guatemala,country,2001,.42500001
GTM,Guatemala,country,2002,.42799997
GTM,Guatemala,country,2003,.42799997
GTM,Guatemala,country,2004,.42500001
GTM,Guatemala,country,2005,.42699999
GTM,Guatemala,country,2006,.43699998
GTM,Guatemala,country,2007,.45899999
GTM,Guatemala,country,2008,.46200001
GTM,Guatemala,country,2009,.47000003
GTM,Guatemala,country,2010,.47399998
GTM,Guatemala,country,2011,.47299999
GTM,Guatemala,country,2012,.46399999
GTM,Guatemala,country,2013,.47000003
GTM,Guatemala,country,2014,.47399998
GTM,Guatemala,country,2015,.47100002
GTM,Guatemala,country,2016,.49199998
GTM,Guatemala,country,2017,.491
GTM,Guatemala,country,2018,.491
GTM,Guatemala,country,2019,.5
GTM,Guatemala,country,2020,.51999998
GTM,Guatemala,country,2021,.53299999
GTM,Guatemala,country,2022,.51999998
GTM,Guatemala,country,2023,.51999998
GUY,Guyana,country,1990,
GUY,Guyana,country,1991,
GUY,Guyana,country,1992,
GUY,Guyana,country,1993,
GUY,Guyana,country,1994,
GUY,Guyana,country,1995,
GUY,Guyana,country,1996,
GUY,Guyana,country,1997,
GUY,Guyana,country,1998,
GUY,Guyana,country,1999,
GUY,Guyana,country,2000,
GUY,Guyana,country,2001,
GUY,Guyana,country,2002,
GUY,Guyana,country,2003,
GUY,Guyana,country,2004,
GUY,Guyana,country,2005,
GUY,Guyana,country,2006,
GUY,Guyana,country,2007,
GUY,Guyana,country,2008,
GUY,Guyana,country,2009,
GUY,Guyana,country,2010,
GUY,Guyana,country,2011,
GUY,Guyana,country,2012,
GUY,Guyana,country,2013,
GUY,Guyana,country,2014,
GUY,Guyana,country,2015,
GUY,Guyana,country,2016,
GUY,Guyana,country,2017,
GUY,Guyana,country,2018,.55599999
GUY,Guyana,country,2019,.56099999
GUY,Guyana,country,2020,.56599998
GUY,Guyana,country,2021,.56799996
GUY,Guyana,country,2022,.56900001
GUY,Guyana,country,2023,.57300001
HKG,"China, Hong Kong Special Administrative Region",country,1990,
HKG,"China, Hong Kong Special Administrative Region",country,1991,
HKG,"China, Hong Kong Special Administrative Region",country,1992,
HKG,"China, Hong Kong Special Administrative Region",country,1993,
HKG,"China, Hong Kong Special Administrative Region",country,1994,
HKG,"China, Hong Kong Special Administrative Region",country,1995,
HKG,"China, Hong Kong Special Administrative Region",country,1996,
HKG,"China, Hong Kong Special Administrative Region",country,1997,
HKG,"China, Hong Kong Special Administrative Region",country,1998,
HKG,"China, Hong Kong Special Administrative Region",country,1999,
HKG,"China, Hong Kong Special Administrative Region",country,2000,
HKG,"China, Hong Kong Special Administrative Region",country,2001,
HKG,"China, Hong Kong Special Administrative Region",country,2002,
HKG,"China, Hong Kong Special Administrative Region",country,2003,
HKG,"China, Hong Kong Special Administrative Region",country,2004,
HKG,"China, Hong Kong Special Administrative Region",country,2005,
HKG,"China, Hong Kong Special Administrative Region",country,2006,
HKG,"China, Hong Kong Special Administrative Region",country,2007,
HKG,"China, Hong Kong Special Administrative Region",country,2008,
HKG,"China, Hong Kong Special Administrative Region",country,2009,
HKG,"China, Hong Kong Special Administrative Region",country,2010,
HKG,"China, Hong Kong Special Administrative Region",country,2011,
HKG,"China, Hong Kong Special Administrative Region",country,2012,
HKG,"China, Hong Kong Special Administrative Region",country,2013,
HKG,"China, Hong Kong Special Administrative Region",country,2014,
HKG,"China, Hong Kong Special Administrative Region",country,2015,
HKG,"China, Hong Kong Special Administrative Region",country,2016,
HKG,"China, Hong Kong Special Administrative Region",country,2017,
HKG,"China, Hong Kong Special Administrative Region",country,2018,
HKG,"China, Hong Kong Special Administrative Region",country,2019,
HKG,"China, Hong Kong Special Administrative Region",country,2020,
HKG,"China, Hong Kong Special Administrative Region",country,2021,
HKG,"China, Hong Kong Special Administrative Region",country,2022,
HKG,"China, Hong Kong Special Administrative Region",country,2023,
HND,Honduras,country,1990,
HND,Honduras,country,1991,
HND,Honduras,country,1992,
HND,Honduras,country,1993,
HND,Honduras,country,1994,
HND,Honduras,country,1995,
HND,Honduras,country,1996,
HND,Honduras,country,1997,
HND,Honduras,country,1998,.45099998
HND,Honduras,country,1999,.458
HND,Honduras,country,2000,.46100003
HND,Honduras,country,2001,.46499997
HND,Honduras,country,2002,.43400002
HND,Honduras,country,2003,.44400001
HND,Honduras,country,2004,.46200001
HND,Honduras,country,2005,.52600002
HND,Honduras,country,2006,.52100003
HND,Honduras,country,2007,.52200001
HND,Honduras,country,2008,.52499998
HND,Honduras,country,2009,.52200001
HND,Honduras,country,2010,.52700001
HND,Honduras,country,2011,.528
HND,Honduras,country,2012,.537
HND,Honduras,country,2013,.546
HND,Honduras,country,2014,.56200004
HND,Honduras,country,2015,.56799996
HND,Honduras,country,2016,.57200003
HND,Honduras,country,2017,.57300001
HND,Honduras,country,2018,.565
HND,Honduras,country,2019,.55500001
HND,Honduras,country,2020,.56400001
HND,Honduras,country,2021,.583
HND,Honduras,country,2022,.57300001
HND,Honduras,country,2023,.56299996
HRV,Croatia,country,1990,.68299997
HRV,Croatia,country,1991,.68599999
HRV,Croatia,country,1992,.71099997
HRV,Croatia,country,1993,.71799999
HRV,Croatia,country,1994,.73000002
HRV,Croatia,country,1995,.72099996
HRV,Croatia,country,1996,.73000002
HRV,Croatia,country,1997,.74000001
HRV,Croatia,country,1998,.755
HRV,Croatia,country,1999,.755
HRV,Croatia,country,2000,.81200004
HRV,Croatia,country,2001,.80900002
HRV,Croatia,country,2002,.81099999
HRV,Croatia,country,2003,.81400001
HRV,Croatia,country,2004,.84299999
HRV,Croatia,country,2005,.84200001
HRV,Croatia,country,2006,.847
HRV,Croatia,country,2007,.84299999
HRV,Croatia,country,2008,.84399998
HRV,Croatia,country,2009,.85899997
HRV,Croatia,country,2010,.86500001
HRV,Croatia,country,2011,.86800003
HRV,Croatia,country,2012,.87099999
HRV,Croatia,country,2013,.87800002
HRV,Croatia,country,2014,.88099998
HRV,Croatia,country,2015,.85699999
HRV,Croatia,country,2016,.84200001
HRV,Croatia,country,2017,.87
HRV,Croatia,country,2018,.87400001
HRV,Croatia,country,2019,.88199997
HRV,Croatia,country,2020,.91399997
HRV,Croatia,country,2021,.91500002
HRV,Croatia,country,2022,.92199999
HRV,Croatia,country,2023,.926
HTI,Haiti,country,1990,
HTI,Haiti,country,1991,
HTI,Haiti,country,1992,
HTI,Haiti,country,1993,
HTI,Haiti,country,1994,
HTI,Haiti,country,1995,
HTI,Haiti,country,1996,
HTI,Haiti,country,1997,
HTI,Haiti,country,1998,
HTI,Haiti,country,1999,
HTI,Haiti,country,2000,
HTI,Haiti,country,2001,.40700001
HTI,Haiti,country,2002,.412
HTI,Haiti,country,2003,.41600001
HTI,Haiti,country,2004,.41100001
HTI,Haiti,country,2005,.421
HTI,Haiti,country,2006,.38800001
HTI,Haiti,country,2007,.39499998
HTI,Haiti,country,2008,.38700002
HTI,Haiti,country,2009,.38499999
HTI,Haiti,country,2010,.38700002
HTI,Haiti,country,2011,.37400001
HTI,Haiti,country,2012,.36900002
HTI,Haiti,country,2013,.37099999
HTI,Haiti,country,2014,.37300003
HTI,Haiti,country,2015,.375
HTI,Haiti,country,2016,.16000003
HTI,Haiti,country,2017,.37199998
HTI,Haiti,country,2018,.37099999
HTI,Haiti,country,2019,.375
HTI,Haiti,country,2020,.37699997
HTI,Haiti,country,2021,.37900001
HTI,Haiti,country,2022,.38099998
HTI,Haiti,country,2023,.38200003
HUN,Hungary,country,1990,.65999997
HUN,Hungary,country,1991,.67500001
HUN,Hungary,country,1992,.67699999
HUN,Hungary,country,1993,.676
HUN,Hungary,country,1994,.69499999
HUN,Hungary,country,1995,.699
HUN,Hungary,country,1996,.70700002
HUN,Hungary,country,1997,.71200001
HUN,Hungary,country,1998,.69999999
HUN,Hungary,country,1999,.708
HUN,Hungary,country,2000,.71700001
HUN,Hungary,country,2001,.72799999
HUN,Hungary,country,2002,.73699999
HUN,Hungary,country,2003,.74699998
HUN,Hungary,country,2004,.74599999
HUN,Hungary,country,2005,.74699998
HUN,Hungary,country,2006,.76100004
HUN,Hungary,country,2007,.76100004
HUN,Hungary,country,2008,.76100004
HUN,Hungary,country,2009,.75999999
HUN,Hungary,country,2010,.75
HUN,Hungary,country,2011,.745
HUN,Hungary,country,2012,.74199998
HUN,Hungary,country,2013,.73500001
HUN,Hungary,country,2014,.73899996
HUN,Hungary,country,2015,.73899996
HUN,Hungary,country,2016,.73899996
HUN,Hungary,country,2017,.741
HUN,Hungary,country,2018,.75800002
HUN,Hungary,country,2019,.76300001
HUN,Hungary,country,2020,.75599998
HUN,Hungary,country,2021,.77200001
HUN,Hungary,country,2022,.78200001
HUN,Hungary,country,2023,.787
IDN,Indonesia,country,1990,.39399999
IDN,Indonesia,country,1991,.39600003
IDN,Indonesia,country,1992,.40399998
IDN,Indonesia,country,1993,.417
IDN,Indonesia,country,1994,.41900003
IDN,Indonesia,country,1995,.42299998
IDN,Indonesia,country,1996,.42500001
IDN,Indonesia,country,1997,.43000001
IDN,Indonesia,country,1998,.43400002
IDN,Indonesia,country,1999,.44400001
IDN,Indonesia,country,2000,.42500001
IDN,Indonesia,country,2001,.42699999
IDN,Indonesia,country,2002,.426
IDN,Indonesia,country,2003,.43199998
IDN,Indonesia,country,2004,.44800001
IDN,Indonesia,country,2005,.44999999
IDN,Indonesia,country,2006,.45599997
IDN,Indonesia,country,2007,.46399999
IDN,Indonesia,country,2008,.46600002
IDN,Indonesia,country,2009,.495
IDN,Indonesia,country,2010,.50600004
IDN,Indonesia,country,2011,.49900001
IDN,Indonesia,country,2012,.51100004
IDN,Indonesia,country,2013,.51800001
IDN,Indonesia,country,2014,.51800001
IDN,Indonesia,country,2015,.523
IDN,Indonesia,country,2016,.52900004
IDN,Indonesia,country,2017,.54499996
IDN,Indonesia,country,2018,.55599999
IDN,Indonesia,country,2019,.56400001
IDN,Indonesia,country,2020,.57099998
IDN,Indonesia,country,2021,.57499999
IDN,Indonesia,country,2022,.57800001
IDN,Indonesia,country,2023,.57700002
IND,India,country,1990,.30299997
IND,India,country,1991,.30199999
IND,India,country,1992,.30000001
IND,India,country,1993,.29799998
IND,India,country,1994,.29799998
IND,India,country,1995,.29799998
IND,India,country,1996,.30299997
IND,India,country,1997,.30800003
IND,India,country,1998,.31800002
IND,India,country,1999,.324
IND,India,country,2000,.329
IND,India,country,2001,.35000002
IND,India,country,2002,.35699999
IND,India,country,2003,.36299998
IND,India,country,2004,.37099999
IND,India,country,2005,.38499999
IND,India,country,2006,.39899999
IND,India,country,2007,.40600002
IND,India,country,2008,.40399998
IND,India,country,2009,.42000002
IND,India,country,2010,.43400002
IND,India,country,2011,.43900001
IND,India,country,2012,.44300002
IND,India,country,2013,.44999999
IND,India,country,2014,.472
IND,India,country,2015,.50400001
IND,India,country,2016,.51600003
IND,India,country,2017,.51199996
IND,India,country,2018,.51300001
IND,India,country,2019,.53600001
IND,India,country,2020,.55900002
IND,India,country,2021,.56200004
IND,India,country,2022,.57300001
IND,India,country,2023,.597
IRL,Ireland,country,1990,.778
IRL,Ireland,country,1991,.77899998
IRL,Ireland,country,1992,.78200001
IRL,Ireland,country,1993,.796
IRL,Ireland,country,1994,.80299997
IRL,Ireland,country,1995,.80400002
IRL,Ireland,country,1996,.80199999
IRL,Ireland,country,1997,.796
IRL,Ireland,country,1998,.79299998
IRL,Ireland,country,1999,.792
IRL,Ireland,country,2000,.79100001
IRL,Ireland,country,2001,.79400003
IRL,Ireland,country,2002,.80000001
IRL,Ireland,country,2003,.80299997
IRL,Ireland,country,2004,.80799997
IRL,Ireland,country,2005,.81400001
IRL,Ireland,country,2006,.815
IRL,Ireland,country,2007,.81900001
IRL,Ireland,country,2008,.82200003
IRL,Ireland,country,2009,.82999998
IRL,Ireland,country,2010,.83700001
IRL,Ireland,country,2011,.85899997
IRL,Ireland,country,2012,.86500001
IRL,Ireland,country,2013,.87900001
IRL,Ireland,country,2014,.884
IRL,Ireland,country,2015,.889
IRL,Ireland,country,2016,.90700001
IRL,Ireland,country,2017,.91299999
IRL,Ireland,country,2018,.91799998
IRL,Ireland,country,2019,.92400002
IRL,Ireland,country,2020,.93400002
IRL,Ireland,country,2021,.93699998
IRL,Ireland,country,2022,.94499999
IRL,Ireland,country,2023,.94599998
IRN,Iran (Islamic Republic of),country,1990,.31199998
IRN,Iran (Islamic Republic of),country,1991,.32200003
IRN,Iran (Islamic Republic of),country,1992,.333
IRN,Iran (Islamic Republic of),country,1993,.347
IRN,Iran (Islamic Republic of),country,1994,.361
IRN,Iran (Islamic Republic of),country,1995,.36900002
IRN,Iran (Islamic Republic of),country,1996,.38200003
IRN,Iran (Islamic Republic of),country,1997,.398
IRN,Iran (Islamic Republic of),country,1998,.41100001
IRN,Iran (Islamic Republic of),country,1999,.43000001
IRN,Iran (Islamic Republic of),country,2000,.42299998
IRN,Iran (Islamic Republic of),country,2001,.43400002
IRN,Iran (Islamic Republic of),country,2002,.45300001
IRN,Iran (Islamic Republic of),country,2003,.46100003
IRN,Iran (Islamic Republic of),country,2004,.47399998
IRN,Iran (Islamic Republic of),country,2005,.49400002
IRN,Iran (Islamic Republic of),country,2006,.49599999
IRN,Iran (Islamic Republic of),country,2007,.49199998
IRN,Iran (Islamic Republic of),country,2008,.44999999
IRN,Iran (Islamic Republic of),country,2009,.44800001
IRN,Iran (Islamic Republic of),country,2010,.45499998
IRN,Iran (Islamic Republic of),country,2011,.449
IRN,Iran (Islamic Republic of),country,2012,.47500002
IRN,Iran (Islamic Republic of),country,2013,.45700002
IRN,Iran (Islamic Republic of),country,2014,.463
IRN,Iran (Islamic Republic of),country,2015,.46799999
IRN,Iran (Islamic Republic of),country,2016,.52999997
IRN,Iran (Islamic Republic of),country,2017,.53999996
IRN,Iran (Islamic Republic of),country,2018,.54499996
IRN,Iran (Islamic Republic of),country,2019,.537
IRN,Iran (Islamic Republic of),country,2020,.51699996
IRN,Iran (Islamic Republic of),country,2021,.51300001
IRN,Iran (Islamic Republic of),country,2022,.51699996
IRN,Iran (Islamic Republic of),country,2023,.51800001
IRQ,Iraq,country,1990,
IRQ,Iraq,country,1991,
IRQ,Iraq,country,1992,
IRQ,Iraq,country,1993,
IRQ,Iraq,country,1994,
IRQ,Iraq,country,1995,.27499998
IRQ,Iraq,country,1996,.27600002
IRQ,Iraq,country,1997,.27999997
IRQ,Iraq,country,1998,.28299999
IRQ,Iraq,country,1999,.29799998
IRQ,Iraq,country,2000,.32099998
IRQ,Iraq,country,2001,.32599998
IRQ,Iraq,country,2002,.32999998
IRQ,Iraq,country,2003,.329
IRQ,Iraq,country,2004,.329
IRQ,Iraq,country,2005,.33099997
IRQ,Iraq,country,2006,.38499999
IRQ,Iraq,country,2007,.38599998
IRQ,Iraq,country,2008,.38499999
IRQ,Iraq,country,2009,.38599998
IRQ,Iraq,country,2010,.38800001
IRQ,Iraq,country,2011,.38800001
IRQ,Iraq,country,2012,.38999999
IRQ,Iraq,country,2013,.39899999
IRQ,Iraq,country,2014,.41299999
IRQ,Iraq,country,2015,.42199999
IRQ,Iraq,country,2016,.44199997
IRQ,Iraq,country,2017,.421
IRQ,Iraq,country,2018,.42699999
IRQ,Iraq,country,2019,.42900002
IRQ,Iraq,country,2020,.43099999
IRQ,Iraq,country,2021,.43800002
IRQ,Iraq,country,2022,.44
IRQ,Iraq,country,2023,.44199997
ISL,Iceland,country,1990,.81
ISL,Iceland,country,1991,.815
ISL,Iceland,country,1992,.824
ISL,Iceland,country,1993,.833
ISL,Iceland,country,1994,.838
ISL,Iceland,country,1995,.84100002
ISL,Iceland,country,1996,.84200001
ISL,Iceland,country,1997,.838
ISL,Iceland,country,1998,.83499998
ISL,Iceland,country,1999,.85500002
ISL,Iceland,country,2000,.85799998
ISL,Iceland,country,2001,.866
ISL,Iceland,country,2002,.87300003
ISL,Iceland,country,2003,.87400001
ISL,Iceland,country,2004,.88499999
ISL,Iceland,country,2005,.89300001
ISL,Iceland,country,2006,.89300001
ISL,Iceland,country,2007,.88999999
ISL,Iceland,country,2008,.88800001
ISL,Iceland,country,2009,.90100002
ISL,Iceland,country,2010,.90700001
ISL,Iceland,country,2011,.912
ISL,Iceland,country,2012,.91600001
ISL,Iceland,country,2013,.92799997
ISL,Iceland,country,2014,.93099999
ISL,Iceland,country,2015,.93800002
ISL,Iceland,country,2016,.94800001
ISL,Iceland,country,2017,.94599998
ISL,Iceland,country,2018,.95099998
ISL,Iceland,country,2019,.95499998
ISL,Iceland,country,2020,.95899999
ISL,Iceland,country,2021,.96899998
ISL,Iceland,country,2022,.97500002
ISL,Iceland,country,2023,.97600001
ISR,Israel,country,1990,.66299999
ISR,Israel,country,1991,.66900003
ISR,Israel,country,1992,.66900003
ISR,Israel,country,1993,.68299997
ISR,Israel,country,1994,.69400001
ISR,Israel,country,1995,.704
ISR,Israel,country,1996,.71599996
ISR,Israel,country,1997,.72899997
ISR,Israel,country,1998,.745
ISR,Israel,country,1999,.79400003
ISR,Israel,country,2000,.80699998
ISR,Israel,country,2001,.81400001
ISR,Israel,country,2002,.81900001
ISR,Israel,country,2003,.82499999
ISR,Israel,country,2004,.829
ISR,Israel,country,2005,.83200002
ISR,Israel,country,2006,.82999998
ISR,Israel,country,2007,.82999998
ISR,Israel,country,2008,.83099997
ISR,Israel,country,2009,.85100001
ISR,Israel,country,2010,.85600001
ISR,Israel,country,2011,.86300004
ISR,Israel,country,2012,.86699998
ISR,Israel,country,2013,.88199997
ISR,Israel,country,2014,.884
ISR,Israel,country,2015,.89700001
ISR,Israel,country,2016,.89999998
ISR,Israel,country,2017,.90399998
ISR,Israel,country,2018,.90999997
ISR,Israel,country,2019,.90600002
ISR,Israel,country,2020,.92000002
ISR,Israel,country,2021,.92400002
ISR,Israel,country,2022,.91299999
ISR,Israel,country,2023,.92000002
ITA,Italy,country,1990,.75999999
ITA,Italy,country,1991,.76499999
ITA,Italy,country,1992,.76999998
ITA,Italy,country,1993,.76999998
ITA,Italy,country,1994,.77700001
ITA,Italy,country,1995,.78200001
ITA,Italy,country,1996,.78900003
ITA,Italy,country,1997,.80500001
ITA,Italy,country,1998,.80900002
ITA,Italy,country,1999,.81200004
ITA,Italy,country,2000,.81400001
ITA,Italy,country,2001,.81099999
ITA,Italy,country,2002,.81299996
ITA,Italy,country,2003,.82200003
ITA,Italy,country,2004,.824
ITA,Italy,country,2005,.82700002
ITA,Italy,country,2006,.86000001
ITA,Italy,country,2007,.86000001
ITA,Italy,country,2008,.87400001
ITA,Italy,country,2009,.875
ITA,Italy,country,2010,.87699997
ITA,Italy,country,2011,.88199997
ITA,Italy,country,2012,.88599998
ITA,Italy,country,2013,.91500002
ITA,Italy,country,2014,.91900003
ITA,Italy,country,2015,.921
ITA,Italy,country,2016,.926
ITA,Italy,country,2017,.93099999
ITA,Italy,country,2018,.94400001
ITA,Italy,country,2019,.94800001
ITA,Italy,country,2020,.95200002
ITA,Italy,country,2021,.95599997
ITA,Italy,country,2022,.954
ITA,Italy,country,2023,.95700002
JAM,Jamaica,country,1990,
JAM,Jamaica,country,1991,
JAM,Jamaica,country,1992,
JAM,Jamaica,country,1993,.55299997
JAM,Jamaica,country,1994,.54799998
JAM,Jamaica,country,1995,.542
JAM,Jamaica,country,1996,.54299998
JAM,Jamaica,country,1997,.54100001
JAM,Jamaica,country,1998,.55500001
JAM,Jamaica,country,1999,.55900002
JAM,Jamaica,country,2000,.56099999
JAM,Jamaica,country,2001,.55900002
JAM,Jamaica,country,2002,.56400001
JAM,Jamaica,country,2003,.55500001
JAM,Jamaica,country,2004,.56099999
JAM,Jamaica,country,2005,.56
JAM,Jamaica,country,2006,.55700004
JAM,Jamaica,country,2007,.56200004
JAM,Jamaica,country,2008,.55900002
JAM,Jamaica,country,2009,.56200004
JAM,Jamaica,country,2010,.56999999
JAM,Jamaica,country,2011,.588
JAM,Jamaica,country,2012,.58700001
JAM,Jamaica,country,2013,.583
JAM,Jamaica,country,2014,.58099997
JAM,Jamaica,country,2015,.59099996
JAM,Jamaica,country,2016,.60100001
JAM,Jamaica,country,2017,.60299999
JAM,Jamaica,country,2018,.616
JAM,Jamaica,country,2019,.61500001
JAM,Jamaica,country,2020,.63800001
JAM,Jamaica,country,2021,.63800001
JAM,Jamaica,country,2022,.63999999
JAM,Jamaica,country,2023,.64199996
JOR,Jordan,country,1990,
JOR,Jordan,country,1991,
JOR,Jordan,country,1992,
JOR,Jordan,country,1993,
JOR,Jordan,country,1994,
JOR,Jordan,country,1995,
JOR,Jordan,country,1996,
JOR,Jordan,country,1997,
JOR,Jordan,country,1998,
JOR,Jordan,country,1999,
JOR,Jordan,country,2000,.38599998
JOR,Jordan,country,2001,.39899999
JOR,Jordan,country,2002,.40700001
JOR,Jordan,country,2003,.44599998
JOR,Jordan,country,2004,.44800001
JOR,Jordan,country,2005,.44800001
JOR,Jordan,country,2006,.45999998
JOR,Jordan,country,2007,.48400003
JOR,Jordan,country,2008,.48299998
JOR,Jordan,country,2009,.486
JOR,Jordan,country,2010,.51100004
JOR,Jordan,country,2011,.51199996
JOR,Jordan,country,2012,.509
JOR,Jordan,country,2013,.51199996
JOR,Jordan,country,2014,.51100004
JOR,Jordan,country,2015,.523
JOR,Jordan,country,2016,.55799997
JOR,Jordan,country,2017,.57300001
JOR,Jordan,country,2018,.56599998
JOR,Jordan,country,2019,.56099999
JOR,Jordan,country,2020,.55799997
JOR,Jordan,country,2021,.55900002
JOR,Jordan,country,2022,.56700003
JOR,Jordan,country,2023,.56700003
JPN,Japan,country,1990,.83399999
JPN,Japan,country,1991,.83499998
JPN,Japan,country,1992,.833
JPN,Japan,country,1993,.83499998
JPN,Japan,country,1994,.83899999
JPN,Japan,country,1995,.83700001
JPN,Japan,country,1996,.84100002
JPN,Japan,country,1997,.838
JPN,Japan,country,1998,.83499998
JPN,Japan,country,1999,.84100002
JPN,Japan,country,2000,.85000002
JPN,Japan,country,2001,.84600002
JPN,Japan,country,2002,.84000003
JPN,Japan,country,2003,.84100002
JPN,Japan,country,2004,.84000003
JPN,Japan,country,2005,.85399997
JPN,Japan,country,2006,.85899997
JPN,Japan,country,2007,.86699998
JPN,Japan,country,2008,.86800003
JPN,Japan,country,2009,.87699997
JPN,Japan,country,2010,.88199997
JPN,Japan,country,2011,.88300002
JPN,Japan,country,2012,.87400001
JPN,Japan,country,2013,.87199998
JPN,Japan,country,2014,.87400001
JPN,Japan,country,2015,.88199997
JPN,Japan,country,2016,.89600003
JPN,Japan,country,2017,.90399998
JPN,Japan,country,2018,.90899998
JPN,Japan,country,2019,.91799998
JPN,Japan,country,2020,.921
JPN,Japan,country,2021,.92799997
JPN,Japan,country,2022,.93800002
JPN,Japan,country,2023,.94099998
KAZ,Kazakhstan,country,1990,
KAZ,Kazakhstan,country,1991,
KAZ,Kazakhstan,country,1992,
KAZ,Kazakhstan,country,1993,
KAZ,Kazakhstan,country,1994,
KAZ,Kazakhstan,country,1995,
KAZ,Kazakhstan,country,1996,
KAZ,Kazakhstan,country,1997,
KAZ,Kazakhstan,country,1998,
KAZ,Kazakhstan,country,1999,
KAZ,Kazakhstan,country,2000,.63
KAZ,Kazakhstan,country,2001,.64300001
KAZ,Kazakhstan,country,2002,.653
KAZ,Kazakhstan,country,2003,.64999998
KAZ,Kazakhstan,country,2004,.667
KAZ,Kazakhstan,country,2005,.66299999
KAZ,Kazakhstan,country,2006,.67199999
KAZ,Kazakhstan,country,2007,.69800001
KAZ,Kazakhstan,country,2008,.69999999
KAZ,Kazakhstan,country,2009,.71799999
KAZ,Kazakhstan,country,2010,.73000002
KAZ,Kazakhstan,country,2011,.74000001
KAZ,Kazakhstan,country,2012,.764
KAZ,Kazakhstan,country,2013,.76700002
KAZ,Kazakhstan,country,2014,.77100003
KAZ,Kazakhstan,country,2015,.78299999
KAZ,Kazakhstan,country,2016,.78799999
KAZ,Kazakhstan,country,2017,.80199999
KAZ,Kazakhstan,country,2018,.80500001
KAZ,Kazakhstan,country,2019,.80799997
KAZ,Kazakhstan,country,2020,.81800002
KAZ,Kazakhstan,country,2021,.81800002
KAZ,Kazakhstan,country,2022,.83200002
KAZ,Kazakhstan,country,2023,.81800002
KEN,Kenya,country,1990,
KEN,Kenya,country,1991,
KEN,Kenya,country,1992,
KEN,Kenya,country,1993,
KEN,Kenya,country,1994,
KEN,Kenya,country,1995,
KEN,Kenya,country,1996,
KEN,Kenya,country,1997,
KEN,Kenya,country,1998,
KEN,Kenya,country,1999,.31800002
KEN,Kenya,country,2000,.31699997
KEN,Kenya,country,2001,.31599998
KEN,Kenya,country,2002,.31900001
KEN,Kenya,country,2003,.35100001
KEN,Kenya,country,2004,.352
KEN,Kenya,country,2005,.35299999
KEN,Kenya,country,2006,.36000001
KEN,Kenya,country,2007,.36400002
KEN,Kenya,country,2008,.38300002
KEN,Kenya,country,2009,.38999999
KEN,Kenya,country,2010,.39300001
KEN,Kenya,country,2011,.39700001
KEN,Kenya,country,2012,.39899999
KEN,Kenya,country,2013,.43199998
KEN,Kenya,country,2014,.43800002
KEN,Kenya,country,2015,.449
KEN,Kenya,country,2016,.45300001
KEN,Kenya,country,2017,.46399999
KEN,Kenya,country,2018,.46200001
KEN,Kenya,country,2019,.46499997
KEN,Kenya,country,2020,.46700001
KEN,Kenya,country,2021,.46700001
KEN,Kenya,country,2022,.47299999
KEN,Kenya,country,2023,.47399998
KGZ,Kyrgyzstan,country,1990,
KGZ,Kyrgyzstan,country,1991,
KGZ,Kyrgyzstan,country,1992,
KGZ,Kyrgyzstan,country,1993,
KGZ,Kyrgyzstan,country,1994,
KGZ,Kyrgyzstan,country,1995,
KGZ,Kyrgyzstan,country,1996,
KGZ,Kyrgyzstan,country,1997,
KGZ,Kyrgyzstan,country,1998,
KGZ,Kyrgyzstan,country,1999,
KGZ,Kyrgyzstan,country,2000,.546
KGZ,Kyrgyzstan,country,2001,.55900002
KGZ,Kyrgyzstan,country,2002,.56200004
KGZ,Kyrgyzstan,country,2003,.56700003
KGZ,Kyrgyzstan,country,2004,.56900001
KGZ,Kyrgyzstan,country,2005,.23400003
KGZ,Kyrgyzstan,country,2006,.23400003
KGZ,Kyrgyzstan,country,2007,.64300001
KGZ,Kyrgyzstan,country,2008,.64499998
KGZ,Kyrgyzstan,country,2009,.64600003
KGZ,Kyrgyzstan,country,2010,.63199997
KGZ,Kyrgyzstan,country,2011,.62800002
KGZ,Kyrgyzstan,country,2012,.62699997
KGZ,Kyrgyzstan,country,2013,.61800003
KGZ,Kyrgyzstan,country,2014,.62699997
KGZ,Kyrgyzstan,country,2015,.61699998
KGZ,Kyrgyzstan,country,2016,.63
KGZ,Kyrgyzstan,country,2017,.63199997
KGZ,Kyrgyzstan,country,2018,.62800002
KGZ,Kyrgyzstan,country,2019,.63800001
KGZ,Kyrgyzstan,country,2020,.63699996
KGZ,Kyrgyzstan,country,2021,.65400004
KGZ,Kyrgyzstan,country,2022,.65999997
KGZ,Kyrgyzstan,country,2023,.65999997
KHM,Cambodia,country,1990,
KHM,Cambodia,country,1991,
KHM,Cambodia,country,1992,
KHM,Cambodia,country,1993,.34500003
KHM,Cambodia,country,1994,.34399998
KHM,Cambodia,country,1995,.35000002
KHM,Cambodia,country,1996,.35799998
KHM,Cambodia,country,1997,.35799998
KHM,Cambodia,country,1998,.35799998
KHM,Cambodia,country,1999,.36299998
KHM,Cambodia,country,2000,.38599998
KHM,Cambodia,country,2001,.38800001
KHM,Cambodia,country,2002,.39899999
KHM,Cambodia,country,2003,.41100001
KHM,Cambodia,country,2004,.41900003
KHM,Cambodia,country,2005,.43000001
KHM,Cambodia,country,2006,.43599999
KHM,Cambodia,country,2007,.46399999
KHM,Cambodia,country,2008,.46799999
KHM,Cambodia,country,2009,.48699999
KHM,Cambodia,country,2010,.48500001
KHM,Cambodia,country,2011,.48799998
KHM,Cambodia,country,2012,.47799999
KHM,Cambodia,country,2013,.48299998
KHM,Cambodia,country,2014,.48400003
KHM,Cambodia,country,2015,.48100001
KHM,Cambodia,country,2016,.49400002
KHM,Cambodia,country,2017,.49800003
KHM,Cambodia,country,2018,.50199997
KHM,Cambodia,country,2019,.50400001
KHM,Cambodia,country,2020,.50800002
KHM,Cambodia,country,2021,.51300001
KHM,Cambodia,country,2022,.51100004
KHM,Cambodia,country,2023,.49400002
KIR,Kiribati,country,1990,
KIR,Kiribati,country,1991,
KIR,Kiribati,country,1992,
KIR,Kiribati,country,1993,
KIR,Kiribati,country,1994,
KIR,Kiribati,country,1995,
KIR,Kiribati,country,1996,
KIR,Kiribati,country,1997,
KIR,Kiribati,country,1998,
KIR,Kiribati,country,1999,
KIR,Kiribati,country,2000,
KIR,Kiribati,country,2001,
KIR,Kiribati,country,2002,
KIR,Kiribati,country,2003,
KIR,Kiribati,country,2004,
KIR,Kiribati,country,2005,
KIR,Kiribati,country,2006,
KIR,Kiribati,country,2007,
KIR,Kiribati,country,2008,
KIR,Kiribati,country,2009,
KIR,Kiribati,country,2010,
KIR,Kiribati,country,2011,
KIR,Kiribati,country,2012,
KIR,Kiribati,country,2013,
KIR,Kiribati,country,2014,
KIR,Kiribati,country,2015,
KIR,Kiribati,country,2016,
KIR,Kiribati,country,2017,
KIR,Kiribati,country,2018,
KIR,Kiribati,country,2019,
KIR,Kiribati,country,2020,
KIR,Kiribati,country,2021,
KIR,Kiribati,country,2022,
KIR,Kiribati,country,2023,
KNA,Saint Kitts and Nevis,country,1990,
KNA,Saint Kitts and Nevis,country,1991,
KNA,Saint Kitts and Nevis,country,1992,
KNA,Saint Kitts and Nevis,country,1993,
KNA,Saint Kitts and Nevis,country,1994,
KNA,Saint Kitts and Nevis,country,1995,
KNA,Saint Kitts and Nevis,country,1996,
KNA,Saint Kitts and Nevis,country,1997,
KNA,Saint Kitts and Nevis,country,1998,
KNA,Saint Kitts and Nevis,country,1999,
KNA,Saint Kitts and Nevis,country,2000,
KNA,Saint Kitts and Nevis,country,2001,
KNA,Saint Kitts and Nevis,country,2002,
KNA,Saint Kitts and Nevis,country,2003,
KNA,Saint Kitts and Nevis,country,2004,
KNA,Saint Kitts and Nevis,country,2005,
KNA,Saint Kitts and Nevis,country,2006,
KNA,Saint Kitts and Nevis,country,2007,
KNA,Saint Kitts and Nevis,country,2008,
KNA,Saint Kitts and Nevis,country,2009,
KNA,Saint Kitts and Nevis,country,2010,
KNA,Saint Kitts and Nevis,country,2011,
KNA,Saint Kitts and Nevis,country,2012,
KNA,Saint Kitts and Nevis,country,2013,
KNA,Saint Kitts and Nevis,country,2014,
KNA,Saint Kitts and Nevis,country,2015,
KNA,Saint Kitts and Nevis,country,2016,
KNA,Saint Kitts and Nevis,country,2017,
KNA,Saint Kitts and Nevis,country,2018,
KNA,Saint Kitts and Nevis,country,2019,
KNA,Saint Kitts and Nevis,country,2020,
KNA,Saint Kitts and Nevis,country,2021,
KNA,Saint Kitts and Nevis,country,2022,
KNA,Saint Kitts and Nevis,country,2023,
KOR,Republic of Korea,country,1990,.68599999
KOR,Republic of Korea,country,1991,.69200003
KOR,Republic of Korea,country,1992,.69400001
KOR,Republic of Korea,country,1993,.69800001
KOR,Republic of Korea,country,1994,.71599996
KOR,Republic of Korea,country,1995,.72399998
KOR,Republic of Korea,country,1996,.73100001
KOR,Republic of Korea,country,1997,.73899996
KOR,Republic of Korea,country,1998,.75599998
KOR,Republic of Korea,country,1999,.76300001
KOR,Republic of Korea,country,2000,.815
KOR,Republic of Korea,country,2001,.81999999
KOR,Republic of Korea,country,2002,.81299996
KOR,Republic of Korea,country,2003,.82700002
KOR,Republic of Korea,country,2004,.89100003
KOR,Republic of Korea,country,2005,.898
KOR,Republic of Korea,country,2006,.903
KOR,Republic of Korea,country,2007,.912
KOR,Republic of Korea,country,2008,.91600001
KOR,Republic of Korea,country,2009,.92000002
KOR,Republic of Korea,country,2010,.92199999
KOR,Republic of Korea,country,2011,.92000002
KOR,Republic of Korea,country,2012,.926
KOR,Republic of Korea,country,2013,.92699999
KOR,Republic of Korea,country,2014,.93000001
KOR,Republic of Korea,country,2015,.93299997
KOR,Republic of Korea,country,2016,.93900001
KOR,Republic of Korea,country,2017,.94599998
KOR,Republic of Korea,country,2018,.94499999
KOR,Republic of Korea,country,2019,.949
KOR,Republic of Korea,country,2020,.958
KOR,Republic of Korea,country,2021,.95999998
KOR,Republic of Korea,country,2022,.95999998
KOR,Republic of Korea,country,2023,.96200001
KWT,Kuwait,country,1990,
KWT,Kuwait,country,1991,
KWT,Kuwait,country,1992,
KWT,Kuwait,country,1993,
KWT,Kuwait,country,1994,
KWT,Kuwait,country,1995,.28399998
KWT,Kuwait,country,1996,.28100002
KWT,Kuwait,country,1997,.292
KWT,Kuwait,country,1998,.30199999
KWT,Kuwait,country,1999,.30800003
KWT,Kuwait,country,2000,.31199998
KWT,Kuwait,country,2001,.315
KWT,Kuwait,country,2002,.31699997
KWT,Kuwait,country,2003,.31900001
KWT,Kuwait,country,2004,.31999999
KWT,Kuwait,country,2005,.634
KWT,Kuwait,country,2006,.653
KWT,Kuwait,country,2007,.65799999
KWT,Kuwait,country,2008,.71599996
KWT,Kuwait,country,2009,.78200001
KWT,Kuwait,country,2010,.79299998
KWT,Kuwait,country,2011,.80400002
KWT,Kuwait,country,2012,.78900003
KWT,Kuwait,country,2013,.80500001
KWT,Kuwait,country,2014,.699
KWT,Kuwait,country,2015,.69999999
KWT,Kuwait,country,2016,.71599996
KWT,Kuwait,country,2017,.75199997
KWT,Kuwait,country,2018,.75999999
KWT,Kuwait,country,2019,.79799998
KWT,Kuwait,country,2020,.84000003
KWT,Kuwait,country,2021,.74800003
KWT,Kuwait,country,2022,.86199999
KWT,Kuwait,country,2023,.81200004
LAO,Lao People's Democratic Republic,country,1990,
LAO,Lao People's Democratic Republic,country,1991,
LAO,Lao People's Democratic Republic,country,1992,
LAO,Lao People's Democratic Republic,country,1993,
LAO,Lao People's Democratic Republic,country,1994,
LAO,Lao People's Democratic Republic,country,1995,
LAO,Lao People's Democratic Republic,country,1996,
LAO,Lao People's Democratic Republic,country,1997,
LAO,Lao People's Democratic Republic,country,1998,.39600003
LAO,Lao People's Democratic Republic,country,1999,.39499998
LAO,Lao People's Democratic Republic,country,2000,.39999998
LAO,Lao People's Democratic Republic,country,2001,.40399998
LAO,Lao People's Democratic Republic,country,2002,.41500002
LAO,Lao People's Democratic Republic,country,2003,.42000002
LAO,Lao People's Democratic Republic,country,2004,.42500001
LAO,Lao People's Democratic Republic,country,2005,.43300003
LAO,Lao People's Democratic Republic,country,2006,.44199997
LAO,Lao People's Democratic Republic,country,2007,.449
LAO,Lao People's Democratic Republic,country,2008,.44999999
LAO,Lao People's Democratic Republic,country,2009,.45599997
LAO,Lao People's Democratic Republic,country,2010,.46700001
LAO,Lao People's Democratic Republic,country,2011,.47100002
LAO,Lao People's Democratic Republic,country,2012,.47899997
LAO,Lao People's Democratic Republic,country,2013,.48299998
LAO,Lao People's Democratic Republic,country,2014,.5
LAO,Lao People's Democratic Republic,country,2015,.50199997
LAO,Lao People's Democratic Republic,country,2016,.51499999
LAO,Lao People's Democratic Republic,country,2017,.51499999
LAO,Lao People's Democratic Republic,country,2018,.51600003
LAO,Lao People's Democratic Republic,country,2019,.52200001
LAO,Lao People's Democratic Republic,country,2020,.53600001
LAO,Lao People's Democratic Republic,country,2021,.52399999
LAO,Lao People's Democratic Republic,country,2022,.52399999
LAO,Lao People's Democratic Republic,country,2023,.52499998
LBN,Lebanon,country,1990,
LBN,Lebanon,country,1991,
LBN,Lebanon,country,1992,
LBN,Lebanon,country,1993,
LBN,Lebanon,country,1994,
LBN,Lebanon,country,1995,
LBN,Lebanon,country,1996,
LBN,Lebanon,country,1997,
LBN,Lebanon,country,1998,
LBN,Lebanon,country,1999,
LBN,Lebanon,country,2000,
LBN,Lebanon,country,2001,
LBN,Lebanon,country,2002,
LBN,Lebanon,country,2003,
LBN,Lebanon,country,2004,
LBN,Lebanon,country,2005,
LBN,Lebanon,country,2006,
LBN,Lebanon,country,2007,.58700001
LBN,Lebanon,country,2008,.58899999
LBN,Lebanon,country,2009,.56299996
LBN,Lebanon,country,2010,.56700003
LBN,Lebanon,country,2011,.56200004
LBN,Lebanon,country,2012,.56599998
LBN,Lebanon,country,2013,.56799996
LBN,Lebanon,country,2014,.57200003
LBN,Lebanon,country,2015,.57599998
LBN,Lebanon,country,2016,.579
LBN,Lebanon,country,2017,.58200002
LBN,Lebanon,country,2018,.61899996
LBN,Lebanon,country,2019,.616
LBN,Lebanon,country,2020,.61300004
LBN,Lebanon,country,2021,.61699998
LBN,Lebanon,country,2022,.639
LBN,Lebanon,country,2023,.63999999
LBR,Liberia,country,1990,
LBR,Liberia,country,1991,
LBR,Liberia,country,1992,
LBR,Liberia,country,1993,
LBR,Liberia,country,1994,
LBR,Liberia,country,1995,
LBR,Liberia,country,1996,
LBR,Liberia,country,1997,
LBR,Liberia,country,1998,
LBR,Liberia,country,1999,
LBR,Liberia,country,2000,
LBR,Liberia,country,2001,
LBR,Liberia,country,2002,
LBR,Liberia,country,2003,
LBR,Liberia,country,2004,
LBR,Liberia,country,2005,.34799999
LBR,Liberia,country,2006,.34899998
LBR,Liberia,country,2007,.35000002
LBR,Liberia,country,2008,.35399997
LBR,Liberia,country,2009,.35399997
LBR,Liberia,country,2010,.35600001
LBR,Liberia,country,2011,.34299999
LBR,Liberia,country,2012,.34600002
LBR,Liberia,country,2013,.347
LBR,Liberia,country,2014,.33600003
LBR,Liberia,country,2015,.33600003
LBR,Liberia,country,2016,.338
LBR,Liberia,country,2017,.34799999
LBR,Liberia,country,2018,.35100001
LBR,Liberia,country,2019,.35000002
LBR,Liberia,country,2020,.34600002
LBR,Liberia,country,2021,.34899998
LBR,Liberia,country,2022,.34899998
LBR,Liberia,country,2023,.35399997
LBY,Libya,country,1990,
LBY,Libya,country,1991,
LBY,Libya,country,1992,
LBY,Libya,country,1993,
LBY,Libya,country,1994,
LBY,Libya,country,1995,
LBY,Libya,country,1996,
LBY,Libya,country,1997,
LBY,Libya,country,1998,
LBY,Libya,country,1999,
LBY,Libya,country,2000,
LBY,Libya,country,2001,
LBY,Libya,country,2002,
LBY,Libya,country,2003,
LBY,Libya,country,2004,
LBY,Libya,country,2005,
LBY,Libya,country,2006,
LBY,Libya,country,2007,
LBY,Libya,country,2008,
LBY,Libya,country,2009,
LBY,Libya,country,2010,.70599997
LBY,Libya,country,2011,.69800001
LBY,Libya,country,2012,.74199998
LBY,Libya,country,2013,.73300004
LBY,Libya,country,2014,.73199999
LBY,Libya,country,2015,.73199999
LBY,Libya,country,2016,.73100001
LBY,Libya,country,2017,.74000001
LBY,Libya,country,2018,.73800004
LBY,Libya,country,2019,.736
LBY,Libya,country,2020,.73800004
LBY,Libya,country,2021,.741
LBY,Libya,country,2022,.745
LBY,Libya,country,2023,.74699998
LCA,Saint Lucia,country,1990,.54400003
LCA,Saint Lucia,country,1991,.55299997
LCA,Saint Lucia,country,1992,.56999999
LCA,Saint Lucia,country,1993,.58099997
LCA,Saint Lucia,country,1994,.57800001
LCA,Saint Lucia,country,1995,.56799996
LCA,Saint Lucia,country,1996,.57700002
LCA,Saint Lucia,country,1997,.54699999
LCA,Saint Lucia,country,1998,.56
LCA,Saint Lucia,country,1999,.55900002
LCA,Saint Lucia,country,2000,.57300001
LCA,Saint Lucia,country,2001,.565
LCA,Saint Lucia,country,2002,.58700001
LCA,Saint Lucia,country,2003,.61699998
LCA,Saint Lucia,country,2004,.60399997
LCA,Saint Lucia,country,2005,.60500002
LCA,Saint Lucia,country,2006,.597
LCA,Saint Lucia,country,2007,.60600001
LCA,Saint Lucia,country,2008,.60800004
LCA,Saint Lucia,country,2009,.61899996
LCA,Saint Lucia,country,2010,.63100004
LCA,Saint Lucia,country,2011,.64999998
LCA,Saint Lucia,country,2012,.63199997
LCA,Saint Lucia,country,2013,.63
LCA,Saint Lucia,country,2014,.63199997
LCA,Saint Lucia,country,2015,.63800001
LCA,Saint Lucia,country,2016,.65799999
LCA,Saint Lucia,country,2017,.662
LCA,Saint Lucia,country,2018,.66799998
LCA,Saint Lucia,country,2019,.662
LCA,Saint Lucia,country,2020,.662
LCA,Saint Lucia,country,2021,.67199999
LCA,Saint Lucia,country,2022,.671
LCA,Saint Lucia,country,2023,.67299998
LIE,Liechtenstein,country,1990,
LIE,Liechtenstein,country,1991,
LIE,Liechtenstein,country,1992,
LIE,Liechtenstein,country,1993,
LIE,Liechtenstein,country,1994,
LIE,Liechtenstein,country,1995,
LIE,Liechtenstein,country,1996,
LIE,Liechtenstein,country,1997,
LIE,Liechtenstein,country,1998,
LIE,Liechtenstein,country,1999,
LIE,Liechtenstein,country,2000,
LIE,Liechtenstein,country,2001,
LIE,Liechtenstein,country,2002,
LIE,Liechtenstein,country,2003,
LIE,Liechtenstein,country,2004,
LIE,Liechtenstein,country,2005,
LIE,Liechtenstein,country,2006,
LIE,Liechtenstein,country,2007,
LIE,Liechtenstein,country,2008,
LIE,Liechtenstein,country,2009,
LIE,Liechtenstein,country,2010,
LIE,Liechtenstein,country,2011,
LIE,Liechtenstein,country,2012,
LIE,Liechtenstein,country,2013,
LIE,Liechtenstein,country,2014,
LIE,Liechtenstein,country,2015,
LIE,Liechtenstein,country,2016,
LIE,Liechtenstein,country,2017,
LIE,Liechtenstein,country,2018,
LIE,Liechtenstein,country,2019,
LIE,Liechtenstein,country,2020,
LIE,Liechtenstein,country,2021,
LIE,Liechtenstein,country,2022,
LIE,Liechtenstein,country,2023,
LKA,Sri Lanka,country,1990,.55299997
LKA,Sri Lanka,country,1991,.54900002
LKA,Sri Lanka,country,1992,.54499996
LKA,Sri Lanka,country,1993,.54799998
LKA,Sri Lanka,country,1994,.55400002
LKA,Sri Lanka,country,1995,.54900002
LKA,Sri Lanka,country,1996,.54799998
LKA,Sri Lanka,country,1997,.54799998
LKA,Sri Lanka,country,1998,.56999999
LKA,Sri Lanka,country,1999,.54799998
LKA,Sri Lanka,country,2000,.53200001
LKA,Sri Lanka,country,2001,.53900003
LKA,Sri Lanka,country,2002,.54100001
LKA,Sri Lanka,country,2003,.542
LKA,Sri Lanka,country,2004,.55400002
LKA,Sri Lanka,country,2005,.565
LKA,Sri Lanka,country,2006,.58899999
LKA,Sri Lanka,country,2007,.59799999
LKA,Sri Lanka,country,2008,.60299999
LKA,Sri Lanka,country,2009,.59899998
LKA,Sri Lanka,country,2010,.59000003
LKA,Sri Lanka,country,2011,.60000002
LKA,Sri Lanka,country,2012,.60000002
LKA,Sri Lanka,country,2013,.61300004
LKA,Sri Lanka,country,2014,.62599999
LKA,Sri Lanka,country,2015,.62199998
LKA,Sri Lanka,country,2016,.63699996
LKA,Sri Lanka,country,2017,.639
LKA,Sri Lanka,country,2018,.63499999
LKA,Sri Lanka,country,2019,.63300002
LKA,Sri Lanka,country,2020,.63199997
LKA,Sri Lanka,country,2021,.63
LKA,Sri Lanka,country,2022,.63300002
LKA,Sri Lanka,country,2023,.63300002
LSO,Lesotho,country,1990,
LSO,Lesotho,country,1991,
LSO,Lesotho,country,1992,
LSO,Lesotho,country,1993,
LSO,Lesotho,country,1994,
LSO,Lesotho,country,1995,.39499998
LSO,Lesotho,country,1996,.39399999
LSO,Lesotho,country,1997,.42799997
LSO,Lesotho,country,1998,.43199998
LSO,Lesotho,country,1999,.42799997
LSO,Lesotho,country,2000,.421
LSO,Lesotho,country,2001,.41399997
LSO,Lesotho,country,2002,.40899998
LSO,Lesotho,country,2003,.42199999
LSO,Lesotho,country,2004,.42500001
LSO,Lesotho,country,2005,.417
LSO,Lesotho,country,2006,.40200001
LSO,Lesotho,country,2007,.421
LSO,Lesotho,country,2008,.42000002
LSO,Lesotho,country,2009,.40899998
LSO,Lesotho,country,2010,.41000003
LSO,Lesotho,country,2011,.41100001
LSO,Lesotho,country,2012,.417
LSO,Lesotho,country,2013,.42500001
LSO,Lesotho,country,2014,.43000001
LSO,Lesotho,country,2015,.43199998
LSO,Lesotho,country,2016,.435
LSO,Lesotho,country,2017,.43400002
LSO,Lesotho,country,2018,.44099998
LSO,Lesotho,country,2019,.44
LSO,Lesotho,country,2020,.45200002
LSO,Lesotho,country,2021,.45599997
LSO,Lesotho,country,2022,.46499997
LSO,Lesotho,country,2023,.46600002
LTU,Lithuania,country,1990,
LTU,Lithuania,country,1991,
LTU,Lithuania,country,1992,
LTU,Lithuania,country,1993,
LTU,Lithuania,country,1994,
LTU,Lithuania,country,1995,.68599999
LTU,Lithuania,country,1996,.71099997
LTU,Lithuania,country,1997,.72399998
LTU,Lithuania,country,1998,.73500001
LTU,Lithuania,country,1999,.75400001
LTU,Lithuania,country,2000,.73500001
LTU,Lithuania,country,2001,.74199998
LTU,Lithuania,country,2002,.759
LTU,Lithuania,country,2003,.76600003
LTU,Lithuania,country,2004,.81800002
LTU,Lithuania,country,2005,.82200003
LTU,Lithuania,country,2006,.81900001
LTU,Lithuania,country,2007,.82300001
LTU,Lithuania,country,2008,.81700003
LTU,Lithuania,country,2009,.84000003
LTU,Lithuania,country,2010,.85000002
LTU,Lithuania,country,2011,.84600002
LTU,Lithuania,country,2012,.86000001
LTU,Lithuania,country,2013,.86199999
LTU,Lithuania,country,2014,.86500001
LTU,Lithuania,country,2015,.86199999
LTU,Lithuania,country,2016,.861
LTU,Lithuania,country,2017,.866
LTU,Lithuania,country,2018,.87099999
LTU,Lithuania,country,2019,.87900001
LTU,Lithuania,country,2020,.90499997
LTU,Lithuania,country,2021,.91900003
LTU,Lithuania,country,2022,.92699999
LTU,Lithuania,country,2023,.93000001
LUX,Luxembourg,country,1990,.79299998
LUX,Luxembourg,country,1991,.80799997
LUX,Luxembourg,country,1992,.81299996
LUX,Luxembourg,country,1993,.815
LUX,Luxembourg,country,1994,.824
LUX,Luxembourg,country,1995,.82999998
LUX,Luxembourg,country,1996,.83599997
LUX,Luxembourg,country,1997,.83899999
LUX,Luxembourg,country,1998,.84299999
LUX,Luxembourg,country,1999,.82999998
LUX,Luxembourg,country,2000,.83099997
LUX,Luxembourg,country,2001,.82599998
LUX,Luxembourg,country,2002,.82599998
LUX,Luxembourg,country,2003,.82200003
LUX,Luxembourg,country,2004,.86000001
LUX,Luxembourg,country,2005,.86300004
LUX,Luxembourg,country,2006,.87300003
LUX,Luxembourg,country,2007,.88800001
LUX,Luxembourg,country,2008,.88499999
LUX,Luxembourg,country,2009,.88599998
LUX,Luxembourg,country,2010,.88800001
LUX,Luxembourg,country,2011,.90899998
LUX,Luxembourg,country,2012,.903
LUX,Luxembourg,country,2013,.92500001
LUX,Luxembourg,country,2014,.92699999
LUX,Luxembourg,country,2015,.93199998
LUX,Luxembourg,country,2016,.93699998
LUX,Luxembourg,country,2017,.94200003
LUX,Luxembourg,country,2018,.926
LUX,Luxembourg,country,2019,.93800002
LUX,Luxembourg,country,2020,.95200002
LUX,Luxembourg,country,2021,.963
LUX,Luxembourg,country,2022,.95700002
LUX,Luxembourg,country,2023,.95599997
LVA,Latvia,country,1990,
LVA,Latvia,country,1991,
LVA,Latvia,country,1992,
LVA,Latvia,country,1993,
LVA,Latvia,country,1994,
LVA,Latvia,country,1995,
LVA,Latvia,country,1996,
LVA,Latvia,country,1997,.66299999
LVA,Latvia,country,1998,.671
LVA,Latvia,country,1999,.72299999
LVA,Latvia,country,2000,.72799999
LVA,Latvia,country,2001,.73500001
LVA,Latvia,country,2002,.75
LVA,Latvia,country,2003,.74199998
LVA,Latvia,country,2004,.75099999
LVA,Latvia,country,2005,.755
LVA,Latvia,country,2006,.74800003
LVA,Latvia,country,2007,.75099999
LVA,Latvia,country,2008,.75800002
LVA,Latvia,country,2009,.77100003
LVA,Latvia,country,2010,.77100003
LVA,Latvia,country,2011,.77899998
LVA,Latvia,country,2012,.78100002
LVA,Latvia,country,2013,.79000002
LVA,Latvia,country,2014,.76999998
LVA,Latvia,country,2015,.77499998
LVA,Latvia,country,2016,.78799999
LVA,Latvia,country,2017,.78499997
LVA,Latvia,country,2018,.83200002
LVA,Latvia,country,2019,.83599997
LVA,Latvia,country,2020,.85799998
LVA,Latvia,country,2021,.85899997
LVA,Latvia,country,2022,.87099999
LVA,Latvia,country,2023,.88300002
MAR,Morocco,country,1990,.25099999
MAR,Morocco,country,1991,.24900001
MAR,Morocco,country,1992,.25099999
MAR,Morocco,country,1993,.24900001
MAR,Morocco,country,1994,.25
MAR,Morocco,country,1995,.28200001
MAR,Morocco,country,1996,.278
MAR,Morocco,country,1997,.27700001
MAR,Morocco,country,1998,.273
MAR,Morocco,country,1999,.292
MAR,Morocco,country,2000,.29799998
MAR,Morocco,country,2001,.28100002
MAR,Morocco,country,2002,.39899999
MAR,Morocco,country,2003,.41000003
MAR,Morocco,country,2004,.41900003
MAR,Morocco,country,2005,.42299998
MAR,Morocco,country,2006,.43000001
MAR,Morocco,country,2007,.43199998
MAR,Morocco,country,2008,.43400002
MAR,Morocco,country,2009,.44400001
MAR,Morocco,country,2010,.44599998
MAR,Morocco,country,2011,.48100001
MAR,Morocco,country,2012,.48799998
MAR,Morocco,country,2013,.49800003
MAR,Morocco,country,2014,.505
MAR,Morocco,country,2015,.53100002
MAR,Morocco,country,2016,.54699999
MAR,Morocco,country,2017,.55000001
MAR,Morocco,country,2018,.551
MAR,Morocco,country,2019,.55199999
MAR,Morocco,country,2020,.55500001
MAR,Morocco,country,2021,.56099999
MAR,Morocco,country,2022,.56
MAR,Morocco,country,2023,.56200004
MCO,Monaco,country,1990,
MCO,Monaco,country,1991,
MCO,Monaco,country,1992,
MCO,Monaco,country,1993,
MCO,Monaco,country,1994,
MCO,Monaco,country,1995,
MCO,Monaco,country,1996,
MCO,Monaco,country,1997,
MCO,Monaco,country,1998,
MCO,Monaco,country,1999,
MCO,Monaco,country,2000,
MCO,Monaco,country,2001,
MCO,Monaco,country,2002,
MCO,Monaco,country,2003,
MCO,Monaco,country,2004,
MCO,Monaco,country,2005,
MCO,Monaco,country,2006,
MCO,Monaco,country,2007,
MCO,Monaco,country,2008,
MCO,Monaco,country,2009,
MCO,Monaco,country,2010,
MCO,Monaco,country,2011,
MCO,Monaco,country,2012,
MCO,Monaco,country,2013,
MCO,Monaco,country,2014,
MCO,Monaco,country,2015,
MCO,Monaco,country,2016,
MCO,Monaco,country,2017,
MCO,Monaco,country,2018,
MCO,Monaco,country,2019,
MCO,Monaco,country,2020,
MCO,Monaco,country,2021,
MCO,Monaco,country,2022,
MCO,Monaco,country,2023,
MDA,Republic of Moldova,country,1990,
MDA,Republic of Moldova,country,1991,
MDA,Republic of Moldova,country,1992,
MDA,Republic of Moldova,country,1993,
MDA,Republic of Moldova,country,1994,
MDA,Republic of Moldova,country,1995,
MDA,Republic of Moldova,country,1996,
MDA,Republic of Moldova,country,1997,
MDA,Republic of Moldova,country,1998,
MDA,Republic of Moldova,country,1999,
MDA,Republic of Moldova,country,2000,.60000002
MDA,Republic of Moldova,country,2001,.64600003
MDA,Republic of Moldova,country,2002,.66100001
MDA,Republic of Moldova,country,2003,.68000001
MDA,Republic of Moldova,country,2004,.70899999
MDA,Republic of Moldova,country,2005,.72799999
MDA,Republic of Moldova,country,2006,.736
MDA,Republic of Moldova,country,2007,.75199997
MDA,Republic of Moldova,country,2008,.76100004
MDA,Republic of Moldova,country,2009,.77200001
MDA,Republic of Moldova,country,2010,.76100004
MDA,Republic of Moldova,country,2011,.76700002
MDA,Republic of Moldova,country,2012,.77100003
MDA,Republic of Moldova,country,2013,.773
MDA,Republic of Moldova,country,2014,.75199997
MDA,Republic of Moldova,country,2015,.76600003
MDA,Republic of Moldova,country,2016,.77399999
MDA,Republic of Moldova,country,2017,.78499997
MDA,Republic of Moldova,country,2018,.79100001
MDA,Republic of Moldova,country,2019,.81700003
MDA,Republic of Moldova,country,2020,.81800002
MDA,Republic of Moldova,country,2021,.84799999
MDA,Republic of Moldova,country,2022,.85799998
MDA,Republic of Moldova,country,2023,.85399997
MDG,Madagascar,country,1990,
MDG,Madagascar,country,1991,
MDG,Madagascar,country,1992,
MDG,Madagascar,country,1993,
MDG,Madagascar,country,1994,
MDG,Madagascar,country,1995,
MDG,Madagascar,country,1996,
MDG,Madagascar,country,1997,
MDG,Madagascar,country,1998,
MDG,Madagascar,country,1999,
MDG,Madagascar,country,2000,
MDG,Madagascar,country,2001,
MDG,Madagascar,country,2002,
MDG,Madagascar,country,2003,
MDG,Madagascar,country,2004,
MDG,Madagascar,country,2005,
MDG,Madagascar,country,2006,
MDG,Madagascar,country,2007,
MDG,Madagascar,country,2008,
MDG,Madagascar,country,2009,
MDG,Madagascar,country,2010,
MDG,Madagascar,country,2011,
MDG,Madagascar,country,2012,
MDG,Madagascar,country,2013,
MDG,Madagascar,country,2014,
MDG,Madagascar,country,2015,
MDG,Madagascar,country,2016,
MDG,Madagascar,country,2017,
MDG,Madagascar,country,2018,
MDG,Madagascar,country,2019,
MDG,Madagascar,country,2020,
MDG,Madagascar,country,2021,.41600001
MDG,Madagascar,country,2022,.417
MDG,Madagascar,country,2023,.41600001
MDV,Maldives,country,1990,.32599998
MDV,Maldives,country,1991,.34500003
MDV,Maldives,country,1992,.361
MDV,Maldives,country,1993,.37699997
MDV,Maldives,country,1994,.389
MDV,Maldives,country,1995,.412
MDV,Maldives,country,1996,.43099999
MDV,Maldives,country,1997,.45200002
MDV,Maldives,country,1998,.47600001
MDV,Maldives,country,1999,.491
MDV,Maldives,country,2000,.509
MDV,Maldives,country,2001,.52999997
MDV,Maldives,country,2002,.55299997
MDV,Maldives,country,2003,.565
MDV,Maldives,country,2004,.56799996
MDV,Maldives,country,2005,.61500001
MDV,Maldives,country,2006,.62699997
MDV,Maldives,country,2007,.64100003
MDV,Maldives,country,2008,.63300002
MDV,Maldives,country,2009,.59099996
MDV,Maldives,country,2010,.60500002
MDV,Maldives,country,2011,.61000001
MDV,Maldives,country,2012,.62699997
MDV,Maldives,country,2013,.64199996
MDV,Maldives,country,2014,.63100004
MDV,Maldives,country,2015,.63600004
MDV,Maldives,country,2016,.65200001
MDV,Maldives,country,2017,.67199999
MDV,Maldives,country,2018,.68200004
MDV,Maldives,country,2019,.67500001
MDV,Maldives,country,2020,.67500001
MDV,Maldives,country,2021,.68099999
MDV,Maldives,country,2022,.68799996
MDV,Maldives,country,2023,.69099998
MEX,Mexico,country,1990,.44800001
MEX,Mexico,country,1991,.49000001
MEX,Mexico,country,1992,.495
MEX,Mexico,country,1993,.50199997
MEX,Mexico,country,1994,.50800002
MEX,Mexico,country,1995,.51499999
MEX,Mexico,country,1996,.51699996
MEX,Mexico,country,1997,.523
MEX,Mexico,country,1998,.54100001
MEX,Mexico,country,1999,.546
MEX,Mexico,country,2000,.54100001
MEX,Mexico,country,2001,.53999996
MEX,Mexico,country,2002,.53999996
MEX,Mexico,country,2003,.565
MEX,Mexico,country,2004,.56700003
MEX,Mexico,country,2005,.57499999
MEX,Mexico,country,2006,.56999999
MEX,Mexico,country,2007,.56999999
MEX,Mexico,country,2008,.56700003
MEX,Mexico,country,2009,.58500004
MEX,Mexico,country,2010,.58200002
MEX,Mexico,country,2011,.58599997
MEX,Mexico,country,2012,.60899997
MEX,Mexico,country,2013,.61000001
MEX,Mexico,country,2014,.61199999
MEX,Mexico,country,2015,.62099999
MEX,Mexico,country,2016,.63
MEX,Mexico,country,2017,.62800002
MEX,Mexico,country,2018,.63499999
MEX,Mexico,country,2019,.634
MEX,Mexico,country,2020,.63199997
MEX,Mexico,country,2021,.63499999
MEX,Mexico,country,2022,.639
MEX,Mexico,country,2023,.64199996
MHL,Marshall Islands,country,1990,
MHL,Marshall Islands,country,1991,
MHL,Marshall Islands,country,1992,
MHL,Marshall Islands,country,1993,
MHL,Marshall Islands,country,1994,
MHL,Marshall Islands,country,1995,
MHL,Marshall Islands,country,1996,
MHL,Marshall Islands,country,1997,
MHL,Marshall Islands,country,1998,
MHL,Marshall Islands,country,1999,
MHL,Marshall Islands,country,2000,
MHL,Marshall Islands,country,2001,
MHL,Marshall Islands,country,2002,
MHL,Marshall Islands,country,2003,
MHL,Marshall Islands,country,2004,
MHL,Marshall Islands,country,2005,
MHL,Marshall Islands,country,2006,
MHL,Marshall Islands,country,2007,
MHL,Marshall Islands,country,2008,
MHL,Marshall Islands,country,2009,
MHL,Marshall Islands,country,2010,
MHL,Marshall Islands,country,2011,
MHL,Marshall Islands,country,2012,
MHL,Marshall Islands,country,2013,
MHL,Marshall Islands,country,2014,
MHL,Marshall Islands,country,2015,
MHL,Marshall Islands,country,2016,
MHL,Marshall Islands,country,2017,
MHL,Marshall Islands,country,2018,
MHL,Marshall Islands,country,2019,
MHL,Marshall Islands,country,2020,
MHL,Marshall Islands,country,2021,
MHL,Marshall Islands,country,2022,
MHL,Marshall Islands,country,2023,
MKD,North Macedonia,country,1990,.56799996
MKD,North Macedonia,country,1991,.58099997
MKD,North Macedonia,country,1992,.56799996
MKD,North Macedonia,country,1993,.56200004
MKD,North Macedonia,country,1994,.565
MKD,North Macedonia,country,1995,.57300001
MKD,North Macedonia,country,1996,.59000003
MKD,North Macedonia,country,1997,.59899998
MKD,North Macedonia,country,1998,.60600001
MKD,North Macedonia,country,1999,.671
MKD,North Macedonia,country,2000,.671
MKD,North Macedonia,country,2001,.69200003
MKD,North Macedonia,country,2002,.764
MKD,North Macedonia,country,2003,.77100003
MKD,North Macedonia,country,2004,.787
MKD,North Macedonia,country,2005,.79000002
MKD,North Macedonia,country,2006,.81400001
MKD,North Macedonia,country,2007,.81700003
MKD,North Macedonia,country,2008,.82200003
MKD,North Macedonia,country,2009,.82200003
MKD,North Macedonia,country,2010,.81999999
MKD,North Macedonia,country,2011,.82700002
MKD,North Macedonia,country,2012,.82700002
MKD,North Macedonia,country,2013,.838
MKD,North Macedonia,country,2014,.83399999
MKD,North Macedonia,country,2015,.838
MKD,North Macedonia,country,2016,.838
MKD,North Macedonia,country,2017,.84899998
MKD,North Macedonia,country,2018,.85399997
MKD,North Macedonia,country,2019,.86000001
MKD,North Macedonia,country,2020,.861
MKD,North Macedonia,country,2021,.86699998
MKD,North Macedonia,country,2022,.87300003
MKD,North Macedonia,country,2023,.88800001
MLI,Mali,country,1990,
MLI,Mali,country,1991,
MLI,Mali,country,1992,
MLI,Mali,country,1993,
MLI,Mali,country,1994,
MLI,Mali,country,1995,
MLI,Mali,country,1996,
MLI,Mali,country,1997,
MLI,Mali,country,1998,
MLI,Mali,country,1999,
MLI,Mali,country,2000,
MLI,Mali,country,2001,
MLI,Mali,country,2002,
MLI,Mali,country,2003,
MLI,Mali,country,2004,.32999998
MLI,Mali,country,2005,.34200001
MLI,Mali,country,2006,.37300003
MLI,Mali,country,2007,.37099999
MLI,Mali,country,2008,.35799998
MLI,Mali,country,2009,.34799999
MLI,Mali,country,2010,.33399999
MLI,Mali,country,2011,.33399999
MLI,Mali,country,2012,.33700001
MLI,Mali,country,2013,.34100002
MLI,Mali,country,2014,.32999998
MLI,Mali,country,2015,.35399997
MLI,Mali,country,2016,.329
MLI,Mali,country,2017,.33600003
MLI,Mali,country,2018,.33399999
MLI,Mali,country,2019,.329
MLI,Mali,country,2020,.39499998
MLI,Mali,country,2021,.389
MLI,Mali,country,2022,.38700002
MLI,Mali,country,2023,.38800001
MLT,Malta,country,1990,.69499999
MLT,Malta,country,1991,.66100001
MLT,Malta,country,1992,.648
MLT,Malta,country,1993,.67299998
MLT,Malta,country,1994,.66600001
MLT,Malta,country,1995,.68799996
MLT,Malta,country,1996,.66499996
MLT,Malta,country,1997,.65999997
MLT,Malta,country,1998,.667
MLT,Malta,country,1999,.73000002
MLT,Malta,country,2000,.71700001
MLT,Malta,country,2001,.722
MLT,Malta,country,2002,.76800001
MLT,Malta,country,2003,.72000003
MLT,Malta,country,2004,.70300001
MLT,Malta,country,2005,.713
MLT,Malta,country,2006,.727
MLT,Malta,country,2007,.73500001
MLT,Malta,country,2008,.72899997
MLT,Malta,country,2009,.73000002
MLT,Malta,country,2010,.73699999
MLT,Malta,country,2011,.741
MLT,Malta,country,2012,.75699997
MLT,Malta,country,2013,.80599999
MLT,Malta,country,2014,.81299996
MLT,Malta,country,2015,.81099999
MLT,Malta,country,2016,.81200004
MLT,Malta,country,2017,.81299996
MLT,Malta,country,2018,.81800002
MLT,Malta,country,2019,.83899999
MLT,Malta,country,2020,.838
MLT,Malta,country,2021,.84200001
MLT,Malta,country,2022,.89100003
MLT,Malta,country,2023,.889
MMR,Myanmar,country,1990,
MMR,Myanmar,country,1991,
MMR,Myanmar,country,1992,
MMR,Myanmar,country,1993,
MMR,Myanmar,country,1994,
MMR,Myanmar,country,1995,
MMR,Myanmar,country,1996,
MMR,Myanmar,country,1997,
MMR,Myanmar,country,1998,
MMR,Myanmar,country,1999,
MMR,Myanmar,country,2000,
MMR,Myanmar,country,2001,
MMR,Myanmar,country,2002,
MMR,Myanmar,country,2003,
MMR,Myanmar,country,2004,
MMR,Myanmar,country,2005,
MMR,Myanmar,country,2006,
MMR,Myanmar,country,2007,
MMR,Myanmar,country,2008,
MMR,Myanmar,country,2009,
MMR,Myanmar,country,2010,
MMR,Myanmar,country,2011,
MMR,Myanmar,country,2012,
MMR,Myanmar,country,2013,
MMR,Myanmar,country,2014,
MMR,Myanmar,country,2015,.505
MMR,Myanmar,country,2016,.48799998
MMR,Myanmar,country,2017,.48799998
MMR,Myanmar,country,2018,.49900001
MMR,Myanmar,country,2019,.5
MMR,Myanmar,country,2020,.528
MMR,Myanmar,country,2021,.52200001
MMR,Myanmar,country,2022,.52100003
MMR,Myanmar,country,2023,.52200001
MNE,Montenegro,country,1990,
MNE,Montenegro,country,1991,
MNE,Montenegro,country,1992,
MNE,Montenegro,country,1993,
MNE,Montenegro,country,1994,
MNE,Montenegro,country,1995,
MNE,Montenegro,country,1996,
MNE,Montenegro,country,1997,
MNE,Montenegro,country,1998,
MNE,Montenegro,country,1999,
MNE,Montenegro,country,2000,
MNE,Montenegro,country,2001,
MNE,Montenegro,country,2002,
MNE,Montenegro,country,2003,
MNE,Montenegro,country,2004,
MNE,Montenegro,country,2005,
MNE,Montenegro,country,2006,.76999998
MNE,Montenegro,country,2007,.78299999
MNE,Montenegro,country,2008,.77700001
MNE,Montenegro,country,2009,.77399999
MNE,Montenegro,country,2010,.79000002
MNE,Montenegro,country,2011,.81
MNE,Montenegro,country,2012,.84100002
MNE,Montenegro,country,2013,.84100002
MNE,Montenegro,country,2014,.85100001
MNE,Montenegro,country,2015,.85500002
MNE,Montenegro,country,2016,.87599999
MNE,Montenegro,country,2017,.87800002
MNE,Montenegro,country,2018,.87800002
MNE,Montenegro,country,2019,.88700002
MNE,Montenegro,country,2020,.875
MNE,Montenegro,country,2021,.88300002
MNE,Montenegro,country,2022,.88999999
MNE,Montenegro,country,2023,.87900001
MNG,Mongolia,country,1990,
MNG,Mongolia,country,1991,
MNG,Mongolia,country,1992,
MNG,Mongolia,country,1993,
MNG,Mongolia,country,1994,
MNG,Mongolia,country,1995,
MNG,Mongolia,country,1996,
MNG,Mongolia,country,1997,
MNG,Mongolia,country,1998,
MNG,Mongolia,country,1999,
MNG,Mongolia,country,2000,.56700003
MNG,Mongolia,country,2001,.57700002
MNG,Mongolia,country,2002,.597
MNG,Mongolia,country,2003,.61899996
MNG,Mongolia,country,2004,.60899997
MNG,Mongolia,country,2005,.61500001
MNG,Mongolia,country,2006,.59500003
MNG,Mongolia,country,2007,.60699999
MNG,Mongolia,country,2008,.57499999
MNG,Mongolia,country,2009,.57800001
MNG,Mongolia,country,2010,.58399999
MNG,Mongolia,country,2011,.58000004
MNG,Mongolia,country,2012,.653
MNG,Mongolia,country,2013,.66100001
MNG,Mongolia,country,2014,.66799998
MNG,Mongolia,country,2015,.66400003
MNG,Mongolia,country,2016,.66900003
MNG,Mongolia,country,2017,.66999996
MNG,Mongolia,country,2018,.67799997
MNG,Mongolia,country,2019,.68900001
MNG,Mongolia,country,2020,.699
MNG,Mongolia,country,2021,.708
MNG,Mongolia,country,2022,.71599996
MNG,Mongolia,country,2023,.71599996
MOZ,Mozambique,country,1990,
MOZ,Mozambique,country,1991,
MOZ,Mozambique,country,1992,
MOZ,Mozambique,country,1993,
MOZ,Mozambique,country,1994,
MOZ,Mozambique,country,1995,.38999999
MOZ,Mozambique,country,1996,.39499998
MOZ,Mozambique,country,1997,.39899999
MOZ,Mozambique,country,1998,.40499997
MOZ,Mozambique,country,1999,.40899998
MOZ,Mozambique,country,2000,.42400002
MOZ,Mozambique,country,2001,.426
MOZ,Mozambique,country,2002,.43000001
MOZ,Mozambique,country,2003,.43199998
MOZ,Mozambique,country,2004,.44199997
MOZ,Mozambique,country,2005,.44300002
MOZ,Mozambique,country,2006,.44499999
MOZ,Mozambique,country,2007,.44599998
MOZ,Mozambique,country,2008,.44499999
MOZ,Mozambique,country,2009,.454
MOZ,Mozambique,country,2010,.45499998
MOZ,Mozambique,country,2011,.454
MOZ,Mozambique,country,2012,.463
MOZ,Mozambique,country,2013,.47299999
MOZ,Mozambique,country,2014,.47600001
MOZ,Mozambique,country,2015,.48299998
MOZ,Mozambique,country,2016,.48699999
MOZ,Mozambique,country,2017,.48699999
MOZ,Mozambique,country,2018,.49800003
MOZ,Mozambique,country,2019,.509
MOZ,Mozambique,country,2020,.52600002
MOZ,Mozambique,country,2021,.523
MOZ,Mozambique,country,2022,.51899999
MOZ,Mozambique,country,2023,.52100003
MRT,Mauritania,country,1990,
MRT,Mauritania,country,1991,
MRT,Mauritania,country,1992,
MRT,Mauritania,country,1993,
MRT,Mauritania,country,1994,
MRT,Mauritania,country,1995,
MRT,Mauritania,country,1996,
MRT,Mauritania,country,1997,
MRT,Mauritania,country,1998,
MRT,Mauritania,country,1999,
MRT,Mauritania,country,2000,.26800001
MRT,Mauritania,country,2001,.26999998
MRT,Mauritania,country,2002,.26999998
MRT,Mauritania,country,2003,.28500003
MRT,Mauritania,country,2004,.28500003
MRT,Mauritania,country,2005,.28500003
MRT,Mauritania,country,2006,.34399998
MRT,Mauritania,country,2007,.35000002
MRT,Mauritania,country,2008,.35100001
MRT,Mauritania,country,2009,.35500002
MRT,Mauritania,country,2010,.35600001
MRT,Mauritania,country,2011,.36000001
MRT,Mauritania,country,2012,.36299998
MRT,Mauritania,country,2013,.36699998
MRT,Mauritania,country,2014,.37300003
MRT,Mauritania,country,2015,.37599999
MRT,Mauritania,country,2016,.38099998
MRT,Mauritania,country,2017,.39099997
MRT,Mauritania,country,2018,.38200003
MRT,Mauritania,country,2019,.38800001
MRT,Mauritania,country,2020,.38599998
MRT,Mauritania,country,2021,.38800001
MRT,Mauritania,country,2022,.38999999
MRT,Mauritania,country,2023,.39700001
MUS,Mauritius,country,1990,.47000003
MUS,Mauritius,country,1991,.48900002
MUS,Mauritius,country,1992,.49400002
MUS,Mauritius,country,1993,.50699997
MUS,Mauritius,country,1994,.51199996
MUS,Mauritius,country,1995,.51100004
MUS,Mauritius,country,1996,.52499998
MUS,Mauritius,country,1997,.53200001
MUS,Mauritius,country,1998,.53499997
MUS,Mauritius,country,1999,.54100001
MUS,Mauritius,country,2000,.52399999
MUS,Mauritius,country,2001,.528
MUS,Mauritius,country,2002,.53400004
MUS,Mauritius,country,2003,.54299998
MUS,Mauritius,country,2004,.54400003
MUS,Mauritius,country,2005,.61800003
MUS,Mauritius,country,2006,.63
MUS,Mauritius,country,2007,.62699997
MUS,Mauritius,country,2008,.62900001
MUS,Mauritius,country,2009,.62699997
MUS,Mauritius,country,2010,.63
MUS,Mauritius,country,2011,.64999998
MUS,Mauritius,country,2012,.64499998
MUS,Mauritius,country,2013,.65600002
MUS,Mauritius,country,2014,.65700001
MUS,Mauritius,country,2015,.62699997
MUS,Mauritius,country,2016,.63
MUS,Mauritius,country,2017,.63999999
MUS,Mauritius,country,2018,.63699996
MUS,Mauritius,country,2019,.67500001
MUS,Mauritius,country,2020,.64100003
MUS,Mauritius,country,2021,.639
MUS,Mauritius,country,2022,.63999999
MUS,Mauritius,country,2023,.648
MWI,Malawi,country,1990,
MWI,Malawi,country,1991,
MWI,Malawi,country,1992,
MWI,Malawi,country,1993,
MWI,Malawi,country,1994,
MWI,Malawi,country,1995,
MWI,Malawi,country,1996,
MWI,Malawi,country,1997,
MWI,Malawi,country,1998,.30599999
MWI,Malawi,country,1999,.32700002
MWI,Malawi,country,2000,.33499998
MWI,Malawi,country,2001,.34100002
MWI,Malawi,country,2002,.347
MWI,Malawi,country,2003,.352
MWI,Malawi,country,2004,.38
MWI,Malawi,country,2005,.38099998
MWI,Malawi,country,2006,.38499999
MWI,Malawi,country,2007,.38
MWI,Malawi,country,2008,.37199998
MWI,Malawi,country,2009,.38999999
MWI,Malawi,country,2010,.38599998
MWI,Malawi,country,2011,.39300001
MWI,Malawi,country,2012,.39300001
MWI,Malawi,country,2013,.398
MWI,Malawi,country,2014,.389
MWI,Malawi,country,2015,.39099997
MWI,Malawi,country,2016,.39700001
MWI,Malawi,country,2017,.40799999
MWI,Malawi,country,2018,.40399998
MWI,Malawi,country,2019,.42299998
MWI,Malawi,country,2020,.421
MWI,Malawi,country,2021,.42299998
MWI,Malawi,country,2022,.42400002
MWI,Malawi,country,2023,.41900003
MYS,Malaysia,country,1990,.62599999
MYS,Malaysia,country,1991,.61199999
MYS,Malaysia,country,1992,.63100004
MYS,Malaysia,country,1993,.63300002
MYS,Malaysia,country,1994,.63699996
MYS,Malaysia,country,1995,.64899999
MYS,Malaysia,country,1996,.65499997
MYS,Malaysia,country,1997,.65799999
MYS,Malaysia,country,1998,.65999997
MYS,Malaysia,country,1999,.67400002
MYS,Malaysia,country,2000,.708
MYS,Malaysia,country,2001,.704
MYS,Malaysia,country,2002,.70700002
MYS,Malaysia,country,2003,.727
MYS,Malaysia,country,2004,.71500003
MYS,Malaysia,country,2005,.71799999
MYS,Malaysia,country,2006,.72399998
MYS,Malaysia,country,2007,.74000001
MYS,Malaysia,country,2008,.73100001
MYS,Malaysia,country,2009,.727
MYS,Malaysia,country,2010,.73800004
MYS,Malaysia,country,2011,.73800004
MYS,Malaysia,country,2012,.74699998
MYS,Malaysia,country,2013,.75400001
MYS,Malaysia,country,2014,.764
MYS,Malaysia,country,2015,.76700002
MYS,Malaysia,country,2016,.77600002
MYS,Malaysia,country,2017,.78799999
MYS,Malaysia,country,2018,.80699998
MYS,Malaysia,country,2019,.80699998
MYS,Malaysia,country,2020,.81800002
MYS,Malaysia,country,2021,.82700002
MYS,Malaysia,country,2022,.82700002
MYS,Malaysia,country,2023,.82800001
NAM,Namibia,country,1990,.454
NAM,Namibia,country,1991,.454
NAM,Namibia,country,1992,.45200002
NAM,Namibia,country,1993,.454
NAM,Namibia,country,1994,.45300001
NAM,Namibia,country,1995,.45200002
NAM,Namibia,country,1996,.44800001
NAM,Namibia,country,1997,.44499999
NAM,Namibia,country,1998,.44099998
NAM,Namibia,country,1999,.44199997
NAM,Namibia,country,2000,.44400001
NAM,Namibia,country,2001,.45099998
NAM,Namibia,country,2002,.45200002
NAM,Namibia,country,2003,.45200002
NAM,Namibia,country,2004,.46600002
NAM,Namibia,country,2005,.46799999
NAM,Namibia,country,2006,.46899998
NAM,Namibia,country,2007,.47000003
NAM,Namibia,country,2008,.47000003
NAM,Namibia,country,2009,.46600002
NAM,Namibia,country,2010,.45899999
NAM,Namibia,country,2011,.46899998
NAM,Namibia,country,2012,.477
NAM,Namibia,country,2013,.49000001
NAM,Namibia,country,2014,.49599999
NAM,Namibia,country,2015,.51800001
NAM,Namibia,country,2016,.52900004
NAM,Namibia,country,2017,.537
NAM,Namibia,country,2018,.54699999
NAM,Namibia,country,2019,.54400003
NAM,Namibia,country,2020,.54799998
NAM,Namibia,country,2021,.55000001
NAM,Namibia,country,2022,.55199999
NAM,Namibia,country,2023,.55199999
NER,Niger,country,1990,
NER,Niger,country,1991,
NER,Niger,country,1992,
NER,Niger,country,1993,
NER,Niger,country,1994,
NER,Niger,country,1995,
NER,Niger,country,1996,
NER,Niger,country,1997,
NER,Niger,country,1998,
NER,Niger,country,1999,
NER,Niger,country,2000,.18699998
NER,Niger,country,2001,.18800002
NER,Niger,country,2002,.19
NER,Niger,country,2003,.19199997
NER,Niger,country,2004,.27399999
NER,Niger,country,2005,.27600002
NER,Niger,country,2006,.28500003
NER,Niger,country,2007,.29299998
NER,Niger,country,2008,.301
NER,Niger,country,2009,.29900002
NER,Niger,country,2010,.30800003
NER,Niger,country,2011,.33099997
NER,Niger,country,2012,.27999997
NER,Niger,country,2013,.31800002
NER,Niger,country,2014,.33600003
NER,Niger,country,2015,.34100002
NER,Niger,country,2016,.34299999
NER,Niger,country,2017,.33399999
NER,Niger,country,2018,.36400002
NER,Niger,country,2019,.375
NER,Niger,country,2020,.37800002
NER,Niger,country,2021,.40399998
NER,Niger,country,2022,.40899998
NER,Niger,country,2023,.40899998
NGA,Nigeria,country,1990,
NGA,Nigeria,country,1991,
NGA,Nigeria,country,1992,
NGA,Nigeria,country,1993,
NGA,Nigeria,country,1994,
NGA,Nigeria,country,1995,
NGA,Nigeria,country,1996,
NGA,Nigeria,country,1997,
NGA,Nigeria,country,1998,
NGA,Nigeria,country,1999,
NGA,Nigeria,country,2000,
NGA,Nigeria,country,2001,
NGA,Nigeria,country,2002,
NGA,Nigeria,country,2003,.29699999
NGA,Nigeria,country,2004,.301
NGA,Nigeria,country,2005,.31400001
NGA,Nigeria,country,2006,.31599998
NGA,Nigeria,country,2007,.32800001
NGA,Nigeria,country,2008,.32800001
NGA,Nigeria,country,2009,.32800001
NGA,Nigeria,country,2010,.32999998
NGA,Nigeria,country,2011,.32499999
NGA,Nigeria,country,2012,.324
NGA,Nigeria,country,2013,.32300001
NGA,Nigeria,country,2014,.32300001
NGA,Nigeria,country,2015,.31900001
NGA,Nigeria,country,2016,.32099998
NGA,Nigeria,country,2017,.32499999
NGA,Nigeria,country,2018,.32800001
NGA,Nigeria,country,2019,.31
NGA,Nigeria,country,2020,.32099998
NGA,Nigeria,country,2021,.32700002
NGA,Nigeria,country,2022,.329
NGA,Nigeria,country,2023,.32300001
NIC,Nicaragua,country,1990,.375
NIC,Nicaragua,country,1991,.38
NIC,Nicaragua,country,1992,.38
NIC,Nicaragua,country,1993,.38300002
NIC,Nicaragua,country,1994,.384
NIC,Nicaragua,country,1995,.38700002
NIC,Nicaragua,country,1996,.39200002
NIC,Nicaragua,country,1997,.39999998
NIC,Nicaragua,country,1998,.40100002
NIC,Nicaragua,country,1999,.403
NIC,Nicaragua,country,2000,.43099999
NIC,Nicaragua,country,2001,.42699999
NIC,Nicaragua,country,2002,.47399998
NIC,Nicaragua,country,2003,.47899997
NIC,Nicaragua,country,2004,.47600001
NIC,Nicaragua,country,2005,.47899997
NIC,Nicaragua,country,2006,.472
NIC,Nicaragua,country,2007,.48500001
NIC,Nicaragua,country,2008,.49400002
NIC,Nicaragua,country,2009,.51199996
NIC,Nicaragua,country,2010,.52200001
NIC,Nicaragua,country,2011,.56599998
NIC,Nicaragua,country,2012,.574
NIC,Nicaragua,country,2013,.57499999
NIC,Nicaragua,country,2014,.56900001
NIC,Nicaragua,country,2015,.56900001
NIC,Nicaragua,country,2016,.57599998
NIC,Nicaragua,country,2017,.57599998
NIC,Nicaragua,country,2018,.57700002
NIC,Nicaragua,country,2019,.579
NIC,Nicaragua,country,2020,.58200002
NIC,Nicaragua,country,2021,.588
NIC,Nicaragua,country,2022,.59200001
NIC,Nicaragua,country,2023,.59200001
NLD,Netherlands (Kingdom of the),country,1990,.87800002
NLD,Netherlands (Kingdom of the),country,1991,.87800002
NLD,Netherlands (Kingdom of the),country,1992,.88499999
NLD,Netherlands (Kingdom of the),country,1993,.889
NLD,Netherlands (Kingdom of the),country,1994,.89399999
NLD,Netherlands (Kingdom of the),country,1995,.90100002
NLD,Netherlands (Kingdom of the),country,1996,.90399998
NLD,Netherlands (Kingdom of the),country,1997,.90100002
NLD,Netherlands (Kingdom of the),country,1998,.90700001
NLD,Netherlands (Kingdom of the),country,1999,.903
NLD,Netherlands (Kingdom of the),country,2000,.89999998
NLD,Netherlands (Kingdom of the),country,2001,.90100002
NLD,Netherlands (Kingdom of the),country,2002,.90200001
NLD,Netherlands (Kingdom of the),country,2003,.91500002
NLD,Netherlands (Kingdom of the),country,2004,.92400002
NLD,Netherlands (Kingdom of the),country,2005,.93199998
NLD,Netherlands (Kingdom of the),country,2006,.93900001
NLD,Netherlands (Kingdom of the),country,2007,.94599998
NLD,Netherlands (Kingdom of the),country,2008,.94700003
NLD,Netherlands (Kingdom of the),country,2009,.94700003
NLD,Netherlands (Kingdom of the),country,2010,.94800001
NLD,Netherlands (Kingdom of the),country,2011,.95099998
NLD,Netherlands (Kingdom of the),country,2012,.954
NLD,Netherlands (Kingdom of the),country,2013,.95899999
NLD,Netherlands (Kingdom of the),country,2014,.96200001
NLD,Netherlands (Kingdom of the),country,2015,.96600002
NLD,Netherlands (Kingdom of the),country,2016,.96899998
NLD,Netherlands (Kingdom of the),country,2017,.97100002
NLD,Netherlands (Kingdom of the),country,2018,.97299999
NLD,Netherlands (Kingdom of the),country,2019,.97299999
NLD,Netherlands (Kingdom of the),country,2020,.97600001
NLD,Netherlands (Kingdom of the),country,2021,.98299998
NLD,Netherlands (Kingdom of the),country,2022,.98299998
NLD,Netherlands (Kingdom of the),country,2023,.98699999
NOR,Norway,country,1990,.87400001
NOR,Norway,country,1991,.87599999
NOR,Norway,country,1992,.87900001
NOR,Norway,country,1993,.88300002
NOR,Norway,country,1994,.88700002
NOR,Norway,country,1995,.89300001
NOR,Norway,country,1996,.89499998
NOR,Norway,country,1997,.89899999
NOR,Norway,country,1998,.90100002
NOR,Norway,country,1999,.90399998
NOR,Norway,country,2000,.90399998
NOR,Norway,country,2001,.90799999
NOR,Norway,country,2002,.917
NOR,Norway,country,2003,.92199999
NOR,Norway,country,2004,.93000001
NOR,Norway,country,2005,.93099999
NOR,Norway,country,2006,.92699999
NOR,Norway,country,2007,.92299998
NOR,Norway,country,2008,.921
NOR,Norway,country,2009,.92400002
NOR,Norway,country,2010,.93000001
NOR,Norway,country,2011,.93900001
NOR,Norway,country,2012,.94599998
NOR,Norway,country,2013,.95099998
NOR,Norway,country,2014,.95499998
NOR,Norway,country,2015,.95999998
NOR,Norway,country,2016,.96600002
NOR,Norway,country,2017,.977
NOR,Norway,country,2018,.98199999
NOR,Norway,country,2019,.986
NOR,Norway,country,2020,.991
NOR,Norway,country,2021,.99000001
NOR,Norway,country,2022,.99599999
NOR,Norway,country,2023,.99599999
NPL,Nepal,country,1990,.25700003
NPL,Nepal,country,1991,.26300001
NPL,Nepal,country,1992,.26800001
NPL,Nepal,country,1993,.27600002
NPL,Nepal,country,1994,.28299999
NPL,Nepal,country,1995,.28600001
NPL,Nepal,country,1996,.296
NPL,Nepal,country,1997,.30400002
NPL,Nepal,country,1998,.30800003
NPL,Nepal,country,1999,.32700002
NPL,Nepal,country,2000,.34299999
NPL,Nepal,country,2001,.34899998
NPL,Nepal,country,2002,.35500002
NPL,Nepal,country,2003,.36199999
NPL,Nepal,country,2004,.36000001
NPL,Nepal,country,2005,.36400002
NPL,Nepal,country,2006,.37400001
NPL,Nepal,country,2007,.42500001
NPL,Nepal,country,2008,.46700001
NPL,Nepal,country,2009,.47000003
NPL,Nepal,country,2010,.47100002
NPL,Nepal,country,2011,.48299998
NPL,Nepal,country,2012,.48400003
NPL,Nepal,country,2013,.49000001
NPL,Nepal,country,2014,.48500001
NPL,Nepal,country,2015,.48900002
NPL,Nepal,country,2016,.48799998
NPL,Nepal,country,2017,.46399999
NPL,Nepal,country,2018,.48100001
NPL,Nepal,country,2019,.49699998
NPL,Nepal,country,2020,.50600004
NPL,Nepal,country,2021,.50999999
NPL,Nepal,country,2022,.51300001
NPL,Nepal,country,2023,.51300001
NRU,Nauru,country,1990,
NRU,Nauru,country,1991,
NRU,Nauru,country,1992,
NRU,Nauru,country,1993,
NRU,Nauru,country,1994,
NRU,Nauru,country,1995,
NRU,Nauru,country,1996,
NRU,Nauru,country,1997,
NRU,Nauru,country,1998,
NRU,Nauru,country,1999,
NRU,Nauru,country,2000,
NRU,Nauru,country,2001,
NRU,Nauru,country,2002,
NRU,Nauru,country,2003,
NRU,Nauru,country,2004,
NRU,Nauru,country,2005,
NRU,Nauru,country,2006,
NRU,Nauru,country,2007,
NRU,Nauru,country,2008,
NRU,Nauru,country,2009,
NRU,Nauru,country,2010,
NRU,Nauru,country,2011,
NRU,Nauru,country,2012,
NRU,Nauru,country,2013,
NRU,Nauru,country,2014,
NRU,Nauru,country,2015,
NRU,Nauru,country,2016,
NRU,Nauru,country,2017,
NRU,Nauru,country,2018,
NRU,Nauru,country,2019,
NRU,Nauru,country,2020,
NRU,Nauru,country,2021,
NRU,Nauru,country,2022,
NRU,Nauru,country,2023,
NZL,New Zealand,country,1990,.76300001
NZL,New Zealand,country,1991,.77700001
NZL,New Zealand,country,1992,.78600001
NZL,New Zealand,country,1993,.78900003
NZL,New Zealand,country,1994,.79400003
NZL,New Zealand,country,1995,.78399998
NZL,New Zealand,country,1996,.787
NZL,New Zealand,country,1997,.79100001
NZL,New Zealand,country,1998,.801
NZL,New Zealand,country,1999,.80500001
NZL,New Zealand,country,2000,.81900001
NZL,New Zealand,country,2001,.82200003
NZL,New Zealand,country,2002,.82999998
NZL,New Zealand,country,2003,.82800001
NZL,New Zealand,country,2004,.81700003
NZL,New Zealand,country,2005,.83499998
NZL,New Zealand,country,2006,.82700002
NZL,New Zealand,country,2007,.82499999
NZL,New Zealand,country,2008,.82599998
NZL,New Zealand,country,2009,.83200002
NZL,New Zealand,country,2010,.83499998
NZL,New Zealand,country,2011,.83700001
NZL,New Zealand,country,2012,.84500003
NZL,New Zealand,country,2013,.85500002
NZL,New Zealand,country,2014,.85899997
NZL,New Zealand,country,2015,.86399996
NZL,New Zealand,country,2016,.87400001
NZL,New Zealand,country,2017,.88999999
NZL,New Zealand,country,2018,.89700001
NZL,New Zealand,country,2019,.903
NZL,New Zealand,country,2020,.91500002
NZL,New Zealand,country,2021,.921
NZL,New Zealand,country,2022,.92199999
NZL,New Zealand,country,2023,.91799998
OMN,Oman,country,1990,
OMN,Oman,country,1991,
OMN,Oman,country,1992,
OMN,Oman,country,1993,
OMN,Oman,country,1994,
OMN,Oman,country,1995,
OMN,Oman,country,1996,
OMN,Oman,country,1997,
OMN,Oman,country,1998,
OMN,Oman,country,1999,
OMN,Oman,country,2000,
OMN,Oman,country,2001,
OMN,Oman,country,2002,
OMN,Oman,country,2003,
OMN,Oman,country,2004,.63600004
OMN,Oman,country,2005,.653
OMN,Oman,country,2006,.66400003
OMN,Oman,country,2007,.67400002
OMN,Oman,country,2008,.671
OMN,Oman,country,2009,.65799999
OMN,Oman,country,2010,.66999996
OMN,Oman,country,2011,.68099999
OMN,Oman,country,2012,.68400002
OMN,Oman,country,2013,.67900002
OMN,Oman,country,2014,.68700004
OMN,Oman,country,2015,.685
OMN,Oman,country,2016,.69599998
OMN,Oman,country,2017,.72299999
OMN,Oman,country,2018,.73100001
OMN,Oman,country,2019,.75800002
OMN,Oman,country,2020,.76100004
OMN,Oman,country,2021,.75800002
OMN,Oman,country,2022,.778
OMN,Oman,country,2023,.778
PAK,Pakistan,country,1990,.19999999
PAK,Pakistan,country,1991,.21499997
PAK,Pakistan,country,1992,.213
PAK,Pakistan,country,1993,.21399999
PAK,Pakistan,country,1994,.21700001
PAK,Pakistan,country,1995,.21100003
PAK,Pakistan,country,1996,.21799999
PAK,Pakistan,country,1997,.227
PAK,Pakistan,country,1998,.222
PAK,Pakistan,country,1999,.22799999
PAK,Pakistan,country,2000,.23199999
PAK,Pakistan,country,2001,.23699999
PAK,Pakistan,country,2002,.24199998
PAK,Pakistan,country,2003,.34299999
PAK,Pakistan,country,2004,.352
PAK,Pakistan,country,2005,.35600001
PAK,Pakistan,country,2006,.37699997
PAK,Pakistan,country,2007,.38200003
PAK,Pakistan,country,2008,.39200002
PAK,Pakistan,country,2009,.39700001
PAK,Pakistan,country,2010,.40499997
PAK,Pakistan,country,2011,.41000003
PAK,Pakistan,country,2012,.417
PAK,Pakistan,country,2013,.42400002
PAK,Pakistan,country,2014,.42799997
PAK,Pakistan,country,2015,.43699998
PAK,Pakistan,country,2016,.43699998
PAK,Pakistan,country,2017,.44099998
PAK,Pakistan,country,2018,.43699998
PAK,Pakistan,country,2019,.44499999
PAK,Pakistan,country,2020,.45599997
PAK,Pakistan,country,2021,.45899999
PAK,Pakistan,country,2022,.46200001
PAK,Pakistan,country,2023,.46399999
PAN,Panama,country,1990,.46100003
PAN,Panama,country,1991,.48100001
PAN,Panama,country,1992,.48299998
PAN,Panama,country,1993,.48699999
PAN,Panama,country,1994,.491
PAN,Panama,country,1995,.49400002
PAN,Panama,country,1996,.50199997
PAN,Panama,country,1997,.50199997
PAN,Panama,country,1998,.50400001
PAN,Panama,country,1999,.50600004
PAN,Panama,country,2000,.505
PAN,Panama,country,2001,.50600004
PAN,Panama,country,2002,.51999998
PAN,Panama,country,2003,.52100003
PAN,Panama,country,2004,.54900002
PAN,Panama,country,2005,.56099999
PAN,Panama,country,2006,.55799997
PAN,Panama,country,2007,.56
PAN,Panama,country,2008,.55799997
PAN,Panama,country,2009,.51999998
PAN,Panama,country,2010,.51800001
PAN,Panama,country,2011,.51800001
PAN,Panama,country,2012,.52100003
PAN,Panama,country,2013,.52499998
PAN,Panama,country,2014,.57599998
PAN,Panama,country,2015,.58099997
PAN,Panama,country,2016,.58399999
PAN,Panama,country,2017,.588
PAN,Panama,country,2018,.59599996
PAN,Panama,country,2019,.60800004
PAN,Panama,country,2020,.62300003
PAN,Panama,country,2021,.61899996
PAN,Panama,country,2022,.62
PAN,Panama,country,2023,.62599999
PER,Peru,country,1990,.43099999
PER,Peru,country,1991,.42400002
PER,Peru,country,1992,.421
PER,Peru,country,1993,.398
PER,Peru,country,1994,.42900002
PER,Peru,country,1995,.43599999
PER,Peru,country,1996,.454
PER,Peru,country,1997,.46600002
PER,Peru,country,1998,.47500002
PER,Peru,country,1999,.495
PER,Peru,country,2000,.50300002
PER,Peru,country,2001,.54100001
PER,Peru,country,2002,.546
PER,Peru,country,2003,.55000001
PER,Peru,country,2004,.54799998
PER,Peru,country,2005,.55199999
PER,Peru,country,2006,.58599997
PER,Peru,country,2007,.59000003
PER,Peru,country,2008,.59399998
PER,Peru,country,2009,.597
PER,Peru,country,2010,.60399997
PER,Peru,country,2011,.59200001
PER,Peru,country,2012,.59500003
PER,Peru,country,2013,.59599996
PER,Peru,country,2014,.60699999
PER,Peru,country,2015,.60899997
PER,Peru,country,2016,.63
PER,Peru,country,2017,.63499999
PER,Peru,country,2018,.63499999
PER,Peru,country,2019,.63300002
PER,Peru,country,2020,.62699997
PER,Peru,country,2021,.65799999
PER,Peru,country,2022,.65900004
PER,Peru,country,2023,.65999997
PHL,Philippines,country,1990,.48100001
PHL,Philippines,country,1991,.48299998
PHL,Philippines,country,1992,.49900001
PHL,Philippines,country,1993,.50400001
PHL,Philippines,country,1994,.50800002
PHL,Philippines,country,1995,.50800002
PHL,Philippines,country,1996,.514
PHL,Philippines,country,1997,.51899999
PHL,Philippines,country,1998,.52399999
PHL,Philippines,country,1999,.528
PHL,Philippines,country,2000,.52399999
PHL,Philippines,country,2001,.51999998
PHL,Philippines,country,2002,.55400002
PHL,Philippines,country,2003,.55299997
PHL,Philippines,country,2004,.542
PHL,Philippines,country,2005,.54499996
PHL,Philippines,country,2006,.54100001
PHL,Philippines,country,2007,.55700004
PHL,Philippines,country,2008,.55799997
PHL,Philippines,country,2009,.55799997
PHL,Philippines,country,2010,.55799997
PHL,Philippines,country,2011,.56200004
PHL,Philippines,country,2012,.56599998
PHL,Philippines,country,2013,.579
PHL,Philippines,country,2014,.59299999
PHL,Philippines,country,2015,.597
PHL,Philippines,country,2016,.60600001
PHL,Philippines,country,2017,.60899997
PHL,Philippines,country,2018,.61899996
PHL,Philippines,country,2019,.62900001
PHL,Philippines,country,2020,.63800001
PHL,Philippines,country,2021,.64399999
PHL,Philippines,country,2022,.648
PHL,Philippines,country,2023,.64899999
PLW,Palau,country,1990,
PLW,Palau,country,1991,
PLW,Palau,country,1992,
PLW,Palau,country,1993,
PLW,Palau,country,1994,
PLW,Palau,country,1995,
PLW,Palau,country,1996,
PLW,Palau,country,1997,
PLW,Palau,country,1998,
PLW,Palau,country,1999,
PLW,Palau,country,2000,
PLW,Palau,country,2001,
PLW,Palau,country,2002,
PLW,Palau,country,2003,
PLW,Palau,country,2004,
PLW,Palau,country,2005,
PLW,Palau,country,2006,
PLW,Palau,country,2007,
PLW,Palau,country,2008,
PLW,Palau,country,2009,
PLW,Palau,country,2010,
PLW,Palau,country,2011,
PLW,Palau,country,2012,
PLW,Palau,country,2013,
PLW,Palau,country,2014,
PLW,Palau,country,2015,
PLW,Palau,country,2016,
PLW,Palau,country,2017,
PLW,Palau,country,2018,
PLW,Palau,country,2019,
PLW,Palau,country,2020,
PLW,Palau,country,2021,
PLW,Palau,country,2022,
PLW,Palau,country,2023,
PNG,Papua New Guinea,country,1990,
PNG,Papua New Guinea,country,1991,
PNG,Papua New Guinea,country,1992,
PNG,Papua New Guinea,country,1993,
PNG,Papua New Guinea,country,1994,
PNG,Papua New Guinea,country,1995,
PNG,Papua New Guinea,country,1996,
PNG,Papua New Guinea,country,1997,
PNG,Papua New Guinea,country,1998,
PNG,Papua New Guinea,country,1999,
PNG,Papua New Guinea,country,2000,.33499998
PNG,Papua New Guinea,country,2001,.33399999
PNG,Papua New Guinea,country,2002,.333
PNG,Papua New Guinea,country,2003,.30299997
PNG,Papua New Guinea,country,2004,.30599999
PNG,Papua New Guinea,country,2005,.30699998
PNG,Papua New Guinea,country,2006,.30699998
PNG,Papua New Guinea,country,2007,.30699998
PNG,Papua New Guinea,country,2008,.315
PNG,Papua New Guinea,country,2009,.31699997
PNG,Papua New Guinea,country,2010,.31800002
PNG,Papua New Guinea,country,2011,.324
PNG,Papua New Guinea,country,2012,.37900001
PNG,Papua New Guinea,country,2013,.38599998
PNG,Papua New Guinea,country,2014,.39099997
PNG,Papua New Guinea,country,2015,.39999998
PNG,Papua New Guinea,country,2016,.40399998
PNG,Papua New Guinea,country,2017,.18000001
PNG,Papua New Guinea,country,2018,.18199998
PNG,Papua New Guinea,country,2019,.18400002
PNG,Papua New Guinea,country,2020,.18400002
PNG,Papua New Guinea,country,2021,.18400002
PNG,Papua New Guinea,country,2022,.39200002
PNG,Papua New Guinea,country,2023,.41600001
POL,Poland,country,1990,.70599997
POL,Poland,country,1991,.708
POL,Poland,country,1992,.72899997
POL,Poland,country,1993,.73899996
POL,Poland,country,1994,.74699998
POL,Poland,country,1995,.76800001
POL,Poland,country,1996,.77899998
POL,Poland,country,1997,.78399998
POL,Poland,country,1998,.78900003
POL,Poland,country,1999,.79500002
POL,Poland,country,2000,.79699999
POL,Poland,country,2001,.83499998
POL,Poland,country,2002,.83700001
POL,Poland,country,2003,.84000003
POL,Poland,country,2004,.84299999
POL,Poland,country,2005,.84000003
POL,Poland,country,2006,.84000003
POL,Poland,country,2007,.83399999
POL,Poland,country,2008,.82800001
POL,Poland,country,2009,.82700002
POL,Poland,country,2010,.82999998
POL,Poland,country,2011,.84799999
POL,Poland,country,2012,.84899998
POL,Poland,country,2013,.85100001
POL,Poland,country,2014,.85600001
POL,Poland,country,2015,.86699998
POL,Poland,country,2016,.86900002
POL,Poland,country,2017,.875
POL,Poland,country,2018,.88099998
POL,Poland,country,2019,.89200002
POL,Poland,country,2020,.90100002
POL,Poland,country,2021,.91299999
POL,Poland,country,2022,.92000002
POL,Poland,country,2023,.91900003
PRK,Democratic People's Republic of Korea,country,1990,
PRK,Democratic People's Republic of Korea,country,1991,
PRK,Democratic People's Republic of Korea,country,1992,
PRK,Democratic People's Republic of Korea,country,1993,
PRK,Democratic People's Republic of Korea,country,1994,
PRK,Democratic People's Republic of Korea,country,1995,
PRK,Democratic People's Republic of Korea,country,1996,
PRK,Democratic People's Republic of Korea,country,1997,
PRK,Democratic People's Republic of Korea,country,1998,
PRK,Democratic People's Republic of Korea,country,1999,
PRK,Democratic People's Republic of Korea,country,2000,
PRK,Democratic People's Republic of Korea,country,2001,
PRK,Democratic People's Republic of Korea,country,2002,
PRK,Democratic People's Republic of Korea,country,2003,
PRK,Democratic People's Republic of Korea,country,2004,
PRK,Democratic People's Republic of Korea,country,2005,
PRK,Democratic People's Republic of Korea,country,2006,
PRK,Democratic People's Republic of Korea,country,2007,
PRK,Democratic People's Republic of Korea,country,2008,
PRK,Democratic People's Republic of Korea,country,2009,
PRK,Democratic People's Republic of Korea,country,2010,
PRK,Democratic People's Republic of Korea,country,2011,
PRK,Democratic People's Republic of Korea,country,2012,
PRK,Democratic People's Republic of Korea,country,2013,
PRK,Democratic People's Republic of Korea,country,2014,
PRK,Democratic People's Republic of Korea,country,2015,
PRK,Democratic People's Republic of Korea,country,2016,
PRK,Democratic People's Republic of Korea,country,2017,
PRK,Democratic People's Republic of Korea,country,2018,
PRK,Democratic People's Republic of Korea,country,2019,
PRK,Democratic People's Republic of Korea,country,2020,
PRK,Democratic People's Republic of Korea,country,2021,
PRK,Democratic People's Republic of Korea,country,2022,
PRK,Democratic People's Republic of Korea,country,2023,
PRT,Portugal,country,1990,.73300004
PRT,Portugal,country,1991,.74000001
PRT,Portugal,country,1992,.745
PRT,Portugal,country,1993,.759
PRT,Portugal,country,1994,.76700002
PRT,Portugal,country,1995,.77200001
PRT,Portugal,country,1996,.77399999
PRT,Portugal,country,1997,.77499998
PRT,Portugal,country,1998,.78399998
PRT,Portugal,country,1999,.81
PRT,Portugal,country,2000,.79900002
PRT,Portugal,country,2001,.81299996
PRT,Portugal,country,2002,.81400001
PRT,Portugal,country,2003,.82099998
PRT,Portugal,country,2004,.82300001
PRT,Portugal,country,2005,.83499998
PRT,Portugal,country,2006,.84200001
PRT,Portugal,country,2007,.86300004
PRT,Portugal,country,2008,.866
PRT,Portugal,country,2009,.86800003
PRT,Portugal,country,2010,.87300003
PRT,Portugal,country,2011,.88
PRT,Portugal,country,2012,.88599998
PRT,Portugal,country,2013,.90100002
PRT,Portugal,country,2014,.90899998
PRT,Portugal,country,2015,.917
PRT,Portugal,country,2016,.91900003
PRT,Portugal,country,2017,.917
PRT,Portugal,country,2018,.92000002
PRT,Portugal,country,2019,.92299998
PRT,Portugal,country,2020,.92900002
PRT,Portugal,country,2021,.93800002
PRT,Portugal,country,2022,.92699999
PRT,Portugal,country,2023,.92400002
PRY,Paraguay,country,1990,.39300001
PRY,Paraguay,country,1991,.39300001
PRY,Paraguay,country,1992,.39700001
PRY,Paraguay,country,1993,.40100002
PRY,Paraguay,country,1994,.40399998
PRY,Paraguay,country,1995,.41900003
PRY,Paraguay,country,1996,.42199999
PRY,Paraguay,country,1997,.42299998
PRY,Paraguay,country,1998,.421
PRY,Paraguay,country,1999,.44300002
PRY,Paraguay,country,2000,.45599997
PRY,Paraguay,country,2001,.45899999
PRY,Paraguay,country,2002,.46899998
PRY,Paraguay,country,2003,.472
PRY,Paraguay,country,2004,.48500001
PRY,Paraguay,country,2005,.48400003
PRY,Paraguay,country,2006,.48699999
PRY,Paraguay,country,2007,.50099999
PRY,Paraguay,country,2008,.51100004
PRY,Paraguay,country,2009,.51600003
PRY,Paraguay,country,2010,.51699996
PRY,Paraguay,country,2011,.52100003
PRY,Paraguay,country,2012,.537
PRY,Paraguay,country,2013,.55700004
PRY,Paraguay,country,2014,.551
PRY,Paraguay,country,2015,.54799998
PRY,Paraguay,country,2016,.56
PRY,Paraguay,country,2017,.55900002
PRY,Paraguay,country,2018,.56
PRY,Paraguay,country,2019,.56400001
PRY,Paraguay,country,2020,.565
PRY,Paraguay,country,2021,.56799996
PRY,Paraguay,country,2022,.56900001
PRY,Paraguay,country,2023,.588
PSE,State of Palestine,country,1990,
PSE,State of Palestine,country,1991,
PSE,State of Palestine,country,1992,
PSE,State of Palestine,country,1993,
PSE,State of Palestine,country,1994,
PSE,State of Palestine,country,1995,
PSE,State of Palestine,country,1996,
PSE,State of Palestine,country,1997,
PSE,State of Palestine,country,1998,
PSE,State of Palestine,country,1999,
PSE,State of Palestine,country,2000,
PSE,State of Palestine,country,2001,
PSE,State of Palestine,country,2002,
PSE,State of Palestine,country,2003,
PSE,State of Palestine,country,2004,
PSE,State of Palestine,country,2005,
PSE,State of Palestine,country,2006,
PSE,State of Palestine,country,2007,
PSE,State of Palestine,country,2008,
PSE,State of Palestine,country,2009,
PSE,State of Palestine,country,2010,
PSE,State of Palestine,country,2011,
PSE,State of Palestine,country,2012,
PSE,State of Palestine,country,2013,
PSE,State of Palestine,country,2014,
PSE,State of Palestine,country,2015,
PSE,State of Palestine,country,2016,
PSE,State of Palestine,country,2017,
PSE,State of Palestine,country,2018,
PSE,State of Palestine,country,2019,
PSE,State of Palestine,country,2020,
PSE,State of Palestine,country,2021,
PSE,State of Palestine,country,2022,
PSE,State of Palestine,country,2023,
QAT,Qatar,country,1990,
QAT,Qatar,country,1991,
QAT,Qatar,country,1992,
QAT,Qatar,country,1993,
QAT,Qatar,country,1994,
QAT,Qatar,country,1995,
QAT,Qatar,country,1996,
QAT,Qatar,country,1997,
QAT,Qatar,country,1998,
QAT,Qatar,country,1999,
QAT,Qatar,country,2000,
QAT,Qatar,country,2001,
QAT,Qatar,country,2002,
QAT,Qatar,country,2003,
QAT,Qatar,country,2004,
QAT,Qatar,country,2005,
QAT,Qatar,country,2006,.30800003
QAT,Qatar,country,2007,.31300002
QAT,Qatar,country,2008,.31400001
QAT,Qatar,country,2009,.31900001
QAT,Qatar,country,2010,.33700001
QAT,Qatar,country,2011,.33499998
QAT,Qatar,country,2012,.33200002
QAT,Qatar,country,2013,.32700002
QAT,Qatar,country,2014,.338
QAT,Qatar,country,2015,.34299999
QAT,Qatar,country,2016,.35100001
QAT,Qatar,country,2017,.82499999
QAT,Qatar,country,2018,.83200002
QAT,Qatar,country,2019,.838
QAT,Qatar,country,2020,.84799999
QAT,Qatar,country,2021,.81
QAT,Qatar,country,2022,.80500001
QAT,Qatar,country,2023,.80500001
ROU,Romania,country,1990,.48100001
ROU,Romania,country,1991,.49299997
ROU,Romania,country,1992,.49900001
ROU,Romania,country,1993,.51800001
ROU,Romania,country,1994,.52900004
ROU,Romania,country,1995,.53600001
ROU,Romania,country,1996,.53600001
ROU,Romania,country,1997,.54699999
ROU,Romania,country,1998,.55299997
ROU,Romania,country,1999,.56
ROU,Romania,country,2000,.57200003
ROU,Romania,country,2001,.616
ROU,Romania,country,2002,.62
ROU,Romania,country,2003,.61399996
ROU,Romania,country,2004,.62599999
ROU,Romania,country,2005,.63600004
ROU,Romania,country,2006,.64600003
ROU,Romania,country,2007,.64999998
ROU,Romania,country,2008,.64700001
ROU,Romania,country,2009,.65400004
ROU,Romania,country,2010,.65799999
ROU,Romania,country,2011,.67900002
ROU,Romania,country,2012,.69499999
ROU,Romania,country,2013,.70300001
ROU,Romania,country,2014,.70700002
ROU,Romania,country,2015,.71000004
ROU,Romania,country,2016,.70300001
ROU,Romania,country,2017,.74800003
ROU,Romania,country,2018,.759
ROU,Romania,country,2019,.77200001
ROU,Romania,country,2020,.77700001
ROU,Romania,country,2021,.77100003
ROU,Romania,country,2022,.77399999
ROU,Romania,country,2023,.773
RUS,Russian Federation,country,1990,.54299998
RUS,Russian Federation,country,1991,.55000001
RUS,Russian Federation,country,1992,.55900002
RUS,Russian Federation,country,1993,.54799998
RUS,Russian Federation,country,1994,.54100001
RUS,Russian Federation,country,1995,.54400003
RUS,Russian Federation,country,1996,.55700004
RUS,Russian Federation,country,1997,.583
RUS,Russian Federation,country,1998,.59599996
RUS,Russian Federation,country,1999,.61000001
RUS,Russian Federation,country,2000,.60800004
RUS,Russian Federation,country,2001,.62
RUS,Russian Federation,country,2002,.62
RUS,Russian Federation,country,2003,.63
RUS,Russian Federation,country,2004,.65600002
RUS,Russian Federation,country,2005,.66499996
RUS,Russian Federation,country,2006,.67500001
RUS,Russian Federation,country,2007,.708
RUS,Russian Federation,country,2008,.71500003
RUS,Russian Federation,country,2009,.71399999
RUS,Russian Federation,country,2010,.72600001
RUS,Russian Federation,country,2011,.74199998
RUS,Russian Federation,country,2012,.75800002
RUS,Russian Federation,country,2013,.76999998
RUS,Russian Federation,country,2014,.77899998
RUS,Russian Federation,country,2015,.79400003
RUS,Russian Federation,country,2016,.80400002
RUS,Russian Federation,country,2017,.82099998
RUS,Russian Federation,country,2018,.83099997
RUS,Russian Federation,country,2019,.84000003
RUS,Russian Federation,country,2020,.81900001
RUS,Russian Federation,country,2021,.82099998
RUS,Russian Federation,country,2022,.829
RUS,Russian Federation,country,2023,.83099997
RWA,Rwanda,country,1990,
RWA,Rwanda,country,1991,
RWA,Rwanda,country,1992,
RWA,Rwanda,country,1993,
RWA,Rwanda,country,1994,
RWA,Rwanda,country,1995,.40200001
RWA,Rwanda,country,1996,.40200001
RWA,Rwanda,country,1997,.40499997
RWA,Rwanda,country,1998,.40899998
RWA,Rwanda,country,1999,.41399997
RWA,Rwanda,country,2000,.43900001
RWA,Rwanda,country,2001,.44800001
RWA,Rwanda,country,2002,.45700002
RWA,Rwanda,country,2003,.50099999
RWA,Rwanda,country,2004,.514
RWA,Rwanda,country,2005,.52399999
RWA,Rwanda,country,2006,.53299999
RWA,Rwanda,country,2007,.53499997
RWA,Rwanda,country,2008,.54400003
RWA,Rwanda,country,2009,.54799998
RWA,Rwanda,country,2010,.54900002
RWA,Rwanda,country,2011,.55400002
RWA,Rwanda,country,2012,.56400001
RWA,Rwanda,country,2013,.57300001
RWA,Rwanda,country,2014,.58000004
RWA,Rwanda,country,2015,.58000004
RWA,Rwanda,country,2016,.58700001
RWA,Rwanda,country,2017,.59000003
RWA,Rwanda,country,2018,.58899999
RWA,Rwanda,country,2019,.59200001
RWA,Rwanda,country,2020,.602
RWA,Rwanda,country,2021,.60299999
RWA,Rwanda,country,2022,.602
RWA,Rwanda,country,2023,.60600001
SAU,Saudi Arabia,country,1990,
SAU,Saudi Arabia,country,1991,
SAU,Saudi Arabia,country,1992,
SAU,Saudi Arabia,country,1993,
SAU,Saudi Arabia,country,1994,
SAU,Saudi Arabia,country,1995,
SAU,Saudi Arabia,country,1996,
SAU,Saudi Arabia,country,1997,
SAU,Saudi Arabia,country,1998,
SAU,Saudi Arabia,country,1999,
SAU,Saudi Arabia,country,2000,
SAU,Saudi Arabia,country,2001,
SAU,Saudi Arabia,country,2002,
SAU,Saudi Arabia,country,2003,.22000003
SAU,Saudi Arabia,country,2004,.22899997
SAU,Saudi Arabia,country,2005,.23400003
SAU,Saudi Arabia,country,2006,.23699999
SAU,Saudi Arabia,country,2007,.23500001
SAU,Saudi Arabia,country,2008,.23799998
SAU,Saudi Arabia,country,2009,.23699999
SAU,Saudi Arabia,country,2010,.24599999
SAU,Saudi Arabia,country,2011,.24900001
SAU,Saudi Arabia,country,2012,.25099999
SAU,Saudi Arabia,country,2013,.69099998
SAU,Saudi Arabia,country,2014,.69200003
SAU,Saudi Arabia,country,2015,.699
SAU,Saudi Arabia,country,2016,.70300001
SAU,Saudi Arabia,country,2017,.69099998
SAU,Saudi Arabia,country,2018,.70200002
SAU,Saudi Arabia,country,2019,.71700001
SAU,Saudi Arabia,country,2020,.755
SAU,Saudi Arabia,country,2021,.77999997
SAU,Saudi Arabia,country,2022,.78100002
SAU,Saudi Arabia,country,2023,.77200001
SDN,Sudan,country,1990,.25099999
SDN,Sudan,country,1991,.25599998
SDN,Sudan,country,1992,.25800002
SDN,Sudan,country,1993,.259
SDN,Sudan,country,1994,.273
SDN,Sudan,country,1995,.26999998
SDN,Sudan,country,1996,.27499998
SDN,Sudan,country,1997,.27700001
SDN,Sudan,country,1998,.27100003
SDN,Sudan,country,1999,.28600001
SDN,Sudan,country,2000,.28899997
SDN,Sudan,country,2001,.31400001
SDN,Sudan,country,2002,.31599998
SDN,Sudan,country,2003,.31800002
SDN,Sudan,country,2004,.32200003
SDN,Sudan,country,2005,.34100002
SDN,Sudan,country,2006,.35399997
SDN,Sudan,country,2007,.36199999
SDN,Sudan,country,2008,.36299998
SDN,Sudan,country,2009,.36500001
SDN,Sudan,country,2010,.39300001
SDN,Sudan,country,2011,.40899998
SDN,Sudan,country,2012,.412
SDN,Sudan,country,2013,.41100001
SDN,Sudan,country,2014,.412
SDN,Sudan,country,2015,.42299998
SDN,Sudan,country,2016,.421
SDN,Sudan,country,2017,.42199999
SDN,Sudan,country,2018,.417
SDN,Sudan,country,2019,.41100001
SDN,Sudan,country,2020,.41100001
SDN,Sudan,country,2021,.40399998
SDN,Sudan,country,2022,.41100001
SDN,Sudan,country,2023,.412
SEN,Senegal,country,1990,
SEN,Senegal,country,1991,
SEN,Senegal,country,1992,
SEN,Senegal,country,1993,
SEN,Senegal,country,1994,
SEN,Senegal,country,1995,
SEN,Senegal,country,1996,
SEN,Senegal,country,1997,
SEN,Senegal,country,1998,
SEN,Senegal,country,1999,
SEN,Senegal,country,2000,
SEN,Senegal,country,2001,
SEN,Senegal,country,2002,
SEN,Senegal,country,2003,
SEN,Senegal,country,2004,
SEN,Senegal,country,2005,.36900002
SEN,Senegal,country,2006,.37300003
SEN,Senegal,country,2007,.403
SEN,Senegal,country,2008,.40700001
SEN,Senegal,country,2009,.41600001
SEN,Senegal,country,2010,.42500001
SEN,Senegal,country,2011,.43400002
SEN,Senegal,country,2012,.45999998
SEN,Senegal,country,2013,.46899998
SEN,Senegal,country,2014,.47100002
SEN,Senegal,country,2015,.472
SEN,Senegal,country,2016,.49000001
SEN,Senegal,country,2017,.48100001
SEN,Senegal,country,2018,.49199998
SEN,Senegal,country,2019,.49400002
SEN,Senegal,country,2020,.49900001
SEN,Senegal,country,2021,.50300002
SEN,Senegal,country,2022,.50699997
SEN,Senegal,country,2023,.50999999
SGP,Singapore,country,1990,.74199998
SGP,Singapore,country,1991,.74300003
SGP,Singapore,country,1992,.73800004
SGP,Singapore,country,1993,.73500001
SGP,Singapore,country,1994,.73699999
SGP,Singapore,country,1995,.74800003
SGP,Singapore,country,1996,.73899996
SGP,Singapore,country,1997,.74599999
SGP,Singapore,country,1998,.74399996
SGP,Singapore,country,1999,.736
SGP,Singapore,country,2000,.74000001
SGP,Singapore,country,2001,.81099999
SGP,Singapore,country,2002,.81900001
SGP,Singapore,country,2003,.85000002
SGP,Singapore,country,2004,.85600001
SGP,Singapore,country,2005,.86300004
SGP,Singapore,country,2006,.89100003
SGP,Singapore,country,2007,.90200001
SGP,Singapore,country,2008,.91100001
SGP,Singapore,country,2009,.91799998
SGP,Singapore,country,2010,.92500001
SGP,Singapore,country,2011,.92500001
SGP,Singapore,country,2012,.93199998
SGP,Singapore,country,2013,.94
SGP,Singapore,country,2014,.94599998
SGP,Singapore,country,2015,.94999999
SGP,Singapore,country,2016,.95200002
SGP,Singapore,country,2017,.95099998
SGP,Singapore,country,2018,.95099998
SGP,Singapore,country,2019,.95300001
SGP,Singapore,country,2020,.96600002
SGP,Singapore,country,2021,.97000003
SGP,Singapore,country,2022,.96799999
SGP,Singapore,country,2023,.96899998
SLB,Solomon Islands,country,1990,
SLB,Solomon Islands,country,1991,
SLB,Solomon Islands,country,1992,
SLB,Solomon Islands,country,1993,
SLB,Solomon Islands,country,1994,
SLB,Solomon Islands,country,1995,
SLB,Solomon Islands,country,1996,
SLB,Solomon Islands,country,1997,
SLB,Solomon Islands,country,1998,
SLB,Solomon Islands,country,1999,
SLB,Solomon Islands,country,2000,
SLB,Solomon Islands,country,2001,
SLB,Solomon Islands,country,2002,
SLB,Solomon Islands,country,2003,
SLB,Solomon Islands,country,2004,
SLB,Solomon Islands,country,2005,
SLB,Solomon Islands,country,2006,
SLB,Solomon Islands,country,2007,
SLB,Solomon Islands,country,2008,
SLB,Solomon Islands,country,2009,
SLB,Solomon Islands,country,2010,
SLB,Solomon Islands,country,2011,
SLB,Solomon Islands,country,2012,
SLB,Solomon Islands,country,2013,.42199999
SLB,Solomon Islands,country,2014,.421
SLB,Solomon Islands,country,2015,.42199999
SLB,Solomon Islands,country,2016,.426
SLB,Solomon Islands,country,2017,.42699999
SLB,Solomon Islands,country,2018,.43199998
SLB,Solomon Islands,country,2019,.47500002
SLB,Solomon Islands,country,2020,.505
SLB,Solomon Islands,country,2021,.51899999
SLB,Solomon Islands,country,2022,.52100003
SLB,Solomon Islands,country,2023,.52200001
SLE,Sierra Leone,country,1990,
SLE,Sierra Leone,country,1991,
SLE,Sierra Leone,country,1992,
SLE,Sierra Leone,country,1993,
SLE,Sierra Leone,country,1994,
SLE,Sierra Leone,country,1995,
SLE,Sierra Leone,country,1996,
SLE,Sierra Leone,country,1997,
SLE,Sierra Leone,country,1998,
SLE,Sierra Leone,country,1999,
SLE,Sierra Leone,country,2000,
SLE,Sierra Leone,country,2001,
SLE,Sierra Leone,country,2002,
SLE,Sierra Leone,country,2003,.33399999
SLE,Sierra Leone,country,2004,.33700001
SLE,Sierra Leone,country,2005,.33700001
SLE,Sierra Leone,country,2006,.33700001
SLE,Sierra Leone,country,2007,.33499998
SLE,Sierra Leone,country,2008,.33700001
SLE,Sierra Leone,country,2009,.34200001
SLE,Sierra Leone,country,2010,.34799999
SLE,Sierra Leone,country,2011,.35399997
SLE,Sierra Leone,country,2012,.35699999
SLE,Sierra Leone,country,2013,.361
SLE,Sierra Leone,country,2014,.36299998
SLE,Sierra Leone,country,2015,.36799997
SLE,Sierra Leone,country,2016,.37800002
SLE,Sierra Leone,country,2017,.37800002
SLE,Sierra Leone,country,2018,.38499999
SLE,Sierra Leone,country,2019,.38800001
SLE,Sierra Leone,country,2020,.38700002
SLE,Sierra Leone,country,2021,.38800001
SLE,Sierra Leone,country,2022,.389
SLE,Sierra Leone,country,2023,.43400002
SLV,El Salvador,country,1990,.46399999
SLV,El Salvador,country,1991,.46899998
SLV,El Salvador,country,1992,.45499998
SLV,El Salvador,country,1993,.46399999
SLV,El Salvador,country,1994,.47399998
SLV,El Salvador,country,1995,.477
SLV,El Salvador,country,1996,.48500001
SLV,El Salvador,country,1997,.5
SLV,El Salvador,country,1998,.51800001
SLV,El Salvador,country,1999,.53200001
SLV,El Salvador,country,2000,.509
SLV,El Salvador,country,2001,.51300001
SLV,El Salvador,country,2002,.53400004
SLV,El Salvador,country,2003,.54499996
SLV,El Salvador,country,2004,.55199999
SLV,El Salvador,country,2005,.55400002
SLV,El Salvador,country,2006,.58500004
SLV,El Salvador,country,2007,.58099997
SLV,El Salvador,country,2008,.59099996
SLV,El Salvador,country,2009,.59899998
SLV,El Salvador,country,2010,.602
SLV,El Salvador,country,2011,.602
SLV,El Salvador,country,2012,.61899996
SLV,El Salvador,country,2013,.62
SLV,El Salvador,country,2014,.61800003
SLV,El Salvador,country,2015,.62199998
SLV,El Salvador,country,2016,.63
SLV,El Salvador,country,2017,.63
SLV,El Salvador,country,2018,.63199997
SLV,El Salvador,country,2019,.64199996
SLV,El Salvador,country,2020,.64100003
SLV,El Salvador,country,2021,.63100004
SLV,El Salvador,country,2022,.634
SLV,El Salvador,country,2023,.63800001
SMR,San Marino,country,1990,
SMR,San Marino,country,1991,
SMR,San Marino,country,1992,
SMR,San Marino,country,1993,
SMR,San Marino,country,1994,
SMR,San Marino,country,1995,
SMR,San Marino,country,1996,
SMR,San Marino,country,1997,
SMR,San Marino,country,1998,
SMR,San Marino,country,1999,
SMR,San Marino,country,2000,
SMR,San Marino,country,2001,
SMR,San Marino,country,2002,
SMR,San Marino,country,2003,
SMR,San Marino,country,2004,
SMR,San Marino,country,2005,
SMR,San Marino,country,2006,
SMR,San Marino,country,2007,
SMR,San Marino,country,2008,
SMR,San Marino,country,2009,
SMR,San Marino,country,2010,
SMR,San Marino,country,2011,
SMR,San Marino,country,2012,
SMR,San Marino,country,2013,
SMR,San Marino,country,2014,
SMR,San Marino,country,2015,
SMR,San Marino,country,2016,
SMR,San Marino,country,2017,
SMR,San Marino,country,2018,
SMR,San Marino,country,2019,
SMR,San Marino,country,2020,
SMR,San Marino,country,2021,
SMR,San Marino,country,2022,
SMR,San Marino,country,2023,
SOM,Somalia,country,1990,
SOM,Somalia,country,1991,
SOM,Somalia,country,1992,
SOM,Somalia,country,1993,
SOM,Somalia,country,1994,
SOM,Somalia,country,1995,
SOM,Somalia,country,1996,
SOM,Somalia,country,1997,
SOM,Somalia,country,1998,
SOM,Somalia,country,1999,
SOM,Somalia,country,2000,
SOM,Somalia,country,2001,
SOM,Somalia,country,2002,
SOM,Somalia,country,2003,
SOM,Somalia,country,2004,
SOM,Somalia,country,2005,
SOM,Somalia,country,2006,
SOM,Somalia,country,2007,
SOM,Somalia,country,2008,
SOM,Somalia,country,2009,
SOM,Somalia,country,2010,
SOM,Somalia,country,2011,
SOM,Somalia,country,2012,
SOM,Somalia,country,2013,
SOM,Somalia,country,2014,
SOM,Somalia,country,2015,
SOM,Somalia,country,2016,
SOM,Somalia,country,2017,
SOM,Somalia,country,2018,
SOM,Somalia,country,2019,
SOM,Somalia,country,2020,
SOM,Somalia,country,2021,
SOM,Somalia,country,2022,.324
SOM,Somalia,country,2023,.32499999
SRB,Serbia,country,1990,
SRB,Serbia,country,1991,
SRB,Serbia,country,1992,
SRB,Serbia,country,1993,
SRB,Serbia,country,1994,
SRB,Serbia,country,1995,
SRB,Serbia,country,1996,
SRB,Serbia,country,1997,
SRB,Serbia,country,1998,
SRB,Serbia,country,1999,
SRB,Serbia,country,2000,
SRB,Serbia,country,2001,
SRB,Serbia,country,2002,
SRB,Serbia,country,2003,
SRB,Serbia,country,2004,
SRB,Serbia,country,2005,
SRB,Serbia,country,2006,.74000001
SRB,Serbia,country,2007,.77999997
SRB,Serbia,country,2008,.78799999
SRB,Serbia,country,2009,.79000002
SRB,Serbia,country,2010,.792
SRB,Serbia,country,2011,.796
SRB,Serbia,country,2012,.82499999
SRB,Serbia,country,2013,.83499998
SRB,Serbia,country,2014,.84000003
SRB,Serbia,country,2015,.84500003
SRB,Serbia,country,2016,.85500002
SRB,Serbia,country,2017,.861
SRB,Serbia,country,2018,.86800003
SRB,Serbia,country,2019,.88199997
SRB,Serbia,country,2020,.88700002
SRB,Serbia,country,2021,.88700002
SRB,Serbia,country,2022,.884
SRB,Serbia,country,2023,.88300002
SSD,South Sudan,country,1990,
SSD,South Sudan,country,1991,
SSD,South Sudan,country,1992,
SSD,South Sudan,country,1993,
SSD,South Sudan,country,1994,
SSD,South Sudan,country,1995,
SSD,South Sudan,country,1996,
SSD,South Sudan,country,1997,
SSD,South Sudan,country,1998,
SSD,South Sudan,country,1999,
SSD,South Sudan,country,2000,
SSD,South Sudan,country,2001,
SSD,South Sudan,country,2002,
SSD,South Sudan,country,2003,
SSD,South Sudan,country,2004,
SSD,South Sudan,country,2005,
SSD,South Sudan,country,2006,
SSD,South Sudan,country,2007,
SSD,South Sudan,country,2008,
SSD,South Sudan,country,2009,
SSD,South Sudan,country,2010,
SSD,South Sudan,country,2011,
SSD,South Sudan,country,2012,
SSD,South Sudan,country,2013,
SSD,South Sudan,country,2014,
SSD,South Sudan,country,2015,
SSD,South Sudan,country,2016,
SSD,South Sudan,country,2017,
SSD,South Sudan,country,2018,
SSD,South Sudan,country,2019,
SSD,South Sudan,country,2020,
SSD,South Sudan,country,2021,
SSD,South Sudan,country,2022,
SSD,South Sudan,country,2023,
STP,Sao Tome and Principe,country,1990,
STP,Sao Tome and Principe,country,1991,
STP,Sao Tome and Principe,country,1992,
STP,Sao Tome and Principe,country,1993,
STP,Sao Tome and Principe,country,1994,
STP,Sao Tome and Principe,country,1995,
STP,Sao Tome and Principe,country,1996,
STP,Sao Tome and Principe,country,1997,
STP,Sao Tome and Principe,country,1998,
STP,Sao Tome and Principe,country,1999,.40200001
STP,Sao Tome and Principe,country,2000,.398
STP,Sao Tome and Principe,country,2001,.398
STP,Sao Tome and Principe,country,2002,.40399998
STP,Sao Tome and Principe,country,2003,.40899998
STP,Sao Tome and Principe,country,2004,.41600001
STP,Sao Tome and Principe,country,2005,.421
STP,Sao Tome and Principe,country,2006,.41299999
STP,Sao Tome and Principe,country,2007,.35100001
STP,Sao Tome and Principe,country,2008,.41900003
STP,Sao Tome and Principe,country,2009,.417
STP,Sao Tome and Principe,country,2010,.46499997
STP,Sao Tome and Principe,country,2011,.45999998
STP,Sao Tome and Principe,country,2012,.47299999
STP,Sao Tome and Principe,country,2013,.47899997
STP,Sao Tome and Principe,country,2014,.49000001
STP,Sao Tome and Principe,country,2015,.49800003
STP,Sao Tome and Principe,country,2016,.49400002
STP,Sao Tome and Principe,country,2017,.509
STP,Sao Tome and Principe,country,2018,.49699998
STP,Sao Tome and Principe,country,2019,.50300002
STP,Sao Tome and Principe,country,2020,.52999997
STP,Sao Tome and Principe,country,2021,.53200001
STP,Sao Tome and Principe,country,2022,.50699997
STP,Sao Tome and Principe,country,2023,.50800002
SUR,Suriname,country,1990,
SUR,Suriname,country,1991,
SUR,Suriname,country,1992,
SUR,Suriname,country,1993,
SUR,Suriname,country,1994,
SUR,Suriname,country,1995,
SUR,Suriname,country,1996,
SUR,Suriname,country,1997,
SUR,Suriname,country,1998,
SUR,Suriname,country,1999,
SUR,Suriname,country,2000,
SUR,Suriname,country,2001,
SUR,Suriname,country,2002,
SUR,Suriname,country,2003,
SUR,Suriname,country,2004,.47600001
SUR,Suriname,country,2005,.505
SUR,Suriname,country,2006,.50699997
SUR,Suriname,country,2007,.51300001
SUR,Suriname,country,2008,.51999998
SUR,Suriname,country,2009,.52999997
SUR,Suriname,country,2010,.48400003
SUR,Suriname,country,2011,.50600004
SUR,Suriname,country,2012,.51100004
SUR,Suriname,country,2013,.50699997
SUR,Suriname,country,2014,.51100004
SUR,Suriname,country,2015,.55799997
SUR,Suriname,country,2016,.57499999
SUR,Suriname,country,2017,.583
SUR,Suriname,country,2018,.588
SUR,Suriname,country,2019,.60000002
SUR,Suriname,country,2020,.60100001
SUR,Suriname,country,2021,.60600001
SUR,Suriname,country,2022,.60800004
SUR,Suriname,country,2023,.60899997
SVK,Slovakia,country,1990,.73199999
SVK,Slovakia,country,1991,.72500002
SVK,Slovakia,country,1992,.72799999
SVK,Slovakia,country,1993,.736
SVK,Slovakia,country,1994,.74399996
SVK,Slovakia,country,1995,.75800002
SVK,Slovakia,country,1996,.76499999
SVK,Slovakia,country,1997,.76999998
SVK,Slovakia,country,1998,.77600002
SVK,Slovakia,country,1999,.77200001
SVK,Slovakia,country,2000,.78600001
SVK,Slovakia,country,2001,.79400003
SVK,Slovakia,country,2002,.81
SVK,Slovakia,country,2003,.81900001
SVK,Slovakia,country,2004,.80900002
SVK,Slovakia,country,2005,.80799997
SVK,Slovakia,country,2006,.81999999
SVK,Slovakia,country,2007,.81800002
SVK,Slovakia,country,2008,.815
SVK,Slovakia,country,2009,.80799997
SVK,Slovakia,country,2010,.79699999
SVK,Slovakia,country,2011,.79900002
SVK,Slovakia,country,2012,.81099999
SVK,Slovakia,country,2013,.81099999
SVK,Slovakia,country,2014,.80900002
SVK,Slovakia,country,2015,.80900002
SVK,Slovakia,country,2016,.80799997
SVK,Slovakia,country,2017,.80599999
SVK,Slovakia,country,2018,.80599999
SVK,Slovakia,country,2019,.80699998
SVK,Slovakia,country,2020,.81700003
SVK,Slovakia,country,2021,.82200003
SVK,Slovakia,country,2022,.82200003
SVK,Slovakia,country,2023,.824
SVN,Slovenia,country,1990,.713
SVN,Slovenia,country,1991,.722
SVN,Slovenia,country,1992,.73000002
SVN,Slovenia,country,1993,.741
SVN,Slovenia,country,1994,.75400001
SVN,Slovenia,country,1995,.75999999
SVN,Slovenia,country,1996,.778
SVN,Slovenia,country,1997,.78900003
SVN,Slovenia,country,1998,.81099999
SVN,Slovenia,country,1999,.81900001
SVN,Slovenia,country,2000,.81299996
SVN,Slovenia,country,2001,.861
SVN,Slovenia,country,2002,.86900002
SVN,Slovenia,country,2003,.87300003
SVN,Slovenia,country,2004,.87599999
SVN,Slovenia,country,2005,.86699998
SVN,Slovenia,country,2006,.87400001
SVN,Slovenia,country,2007,.861
SVN,Slovenia,country,2008,.86500001
SVN,Slovenia,country,2009,.87
SVN,Slovenia,country,2010,.87300003
SVN,Slovenia,country,2011,.92299998
SVN,Slovenia,country,2012,.93000001
SVN,Slovenia,country,2013,.93000001
SVN,Slovenia,country,2014,.93400002
SVN,Slovenia,country,2015,.93800002
SVN,Slovenia,country,2016,.94300002
SVN,Slovenia,country,2017,.94700003
SVN,Slovenia,country,2018,.92799997
SVN,Slovenia,country,2019,.93099999
SVN,Slovenia,country,2020,.93400002
SVN,Slovenia,country,2021,.93599999
SVN,Slovenia,country,2022,.95999998
SVN,Slovenia,country,2023,.958
SWE,Sweden,country,1990,.90200001
SWE,Sweden,country,1991,.90399998
SWE,Sweden,country,1992,.90899998
SWE,Sweden,country,1993,.91299999
SWE,Sweden,country,1994,.92000002
SWE,Sweden,country,1995,.92900002
SWE,Sweden,country,1996,.93400002
SWE,Sweden,country,1997,.93699998
SWE,Sweden,country,1998,.93900001
SWE,Sweden,country,1999,.94099998
SWE,Sweden,country,2000,.94099998
SWE,Sweden,country,2001,.94400001
SWE,Sweden,country,2002,.94700003
SWE,Sweden,country,2003,.95200002
SWE,Sweden,country,2004,.95300001
SWE,Sweden,country,2005,.95300001
SWE,Sweden,country,2006,.954
SWE,Sweden,country,2007,.954
SWE,Sweden,country,2008,.95200002
SWE,Sweden,country,2009,.95099998
SWE,Sweden,country,2010,.94999999
SWE,Sweden,country,2011,.94999999
SWE,Sweden,country,2012,.95300001
SWE,Sweden,country,2013,.95499998
SWE,Sweden,country,2014,.958
SWE,Sweden,country,2015,.96200001
SWE,Sweden,country,2016,.96399999
SWE,Sweden,country,2017,.96600002
SWE,Sweden,country,2018,.97100002
SWE,Sweden,country,2019,.97799999
SWE,Sweden,country,2020,.98299998
SWE,Sweden,country,2021,.98699999
SWE,Sweden,country,2022,.991
SWE,Sweden,country,2023,.99299997
SWZ,Eswatini,country,1990,
SWZ,Eswatini,country,1991,
SWZ,Eswatini,country,1992,
SWZ,Eswatini,country,1993,
SWZ,Eswatini,country,1994,
SWZ,Eswatini,country,1995,
SWZ,Eswatini,country,1996,
SWZ,Eswatini,country,1997,
SWZ,Eswatini,country,1998,
SWZ,Eswatini,country,1999,
SWZ,Eswatini,country,2000,
SWZ,Eswatini,country,2001,
SWZ,Eswatini,country,2002,
SWZ,Eswatini,country,2003,
SWZ,Eswatini,country,2004,
SWZ,Eswatini,country,2005,
SWZ,Eswatini,country,2006,
SWZ,Eswatini,country,2007,
SWZ,Eswatini,country,2008,
SWZ,Eswatini,country,2009,
SWZ,Eswatini,country,2010,
SWZ,Eswatini,country,2011,
SWZ,Eswatini,country,2012,
SWZ,Eswatini,country,2013,
SWZ,Eswatini,country,2014,
SWZ,Eswatini,country,2015,.45300001
SWZ,Eswatini,country,2016,.46700001
SWZ,Eswatini,country,2017,.47899997
SWZ,Eswatini,country,2018,.47500002
SWZ,Eswatini,country,2019,.47399998
SWZ,Eswatini,country,2020,.495
SWZ,Eswatini,country,2021,.49699998
SWZ,Eswatini,country,2022,.50600004
SWZ,Eswatini,country,2023,.51600003
SYC,Seychelles,country,1990,
SYC,Seychelles,country,1991,
SYC,Seychelles,country,1992,
SYC,Seychelles,country,1993,
SYC,Seychelles,country,1994,
SYC,Seychelles,country,1995,
SYC,Seychelles,country,1996,
SYC,Seychelles,country,1997,
SYC,Seychelles,country,1998,
SYC,Seychelles,country,1999,
SYC,Seychelles,country,2000,
SYC,Seychelles,country,2001,
SYC,Seychelles,country,2002,
SYC,Seychelles,country,2003,
SYC,Seychelles,country,2004,
SYC,Seychelles,country,2005,
SYC,Seychelles,country,2006,
SYC,Seychelles,country,2007,
SYC,Seychelles,country,2008,
SYC,Seychelles,country,2009,
SYC,Seychelles,country,2010,
SYC,Seychelles,country,2011,
SYC,Seychelles,country,2012,
SYC,Seychelles,country,2013,
SYC,Seychelles,country,2014,
SYC,Seychelles,country,2015,
SYC,Seychelles,country,2016,
SYC,Seychelles,country,2017,
SYC,Seychelles,country,2018,
SYC,Seychelles,country,2019,
SYC,Seychelles,country,2020,
SYC,Seychelles,country,2021,
SYC,Seychelles,country,2022,
SYC,Seychelles,country,2023,
SYR,Syrian Arab Republic,country,1990,.44400001
SYR,Syrian Arab Republic,country,1991,.45099998
SYR,Syrian Arab Republic,country,1992,.46100003
SYR,Syrian Arab Republic,country,1993,.463
SYR,Syrian Arab Republic,country,1994,.46799999
SYR,Syrian Arab Republic,country,1995,.48199999
SYR,Syrian Arab Republic,country,1996,.46200001
SYR,Syrian Arab Republic,country,1997,.43800002
SYR,Syrian Arab Republic,country,1998,.46600002
SYR,Syrian Arab Republic,country,1999,.50400001
SYR,Syrian Arab Republic,country,2000,.51699996
SYR,Syrian Arab Republic,country,2001,.52600002
SYR,Syrian Arab Republic,country,2002,.546
SYR,Syrian Arab Republic,country,2003,.53999996
SYR,Syrian Arab Republic,country,2004,.52600002
SYR,Syrian Arab Republic,country,2005,.51899999
SYR,Syrian Arab Republic,country,2006,.51300001
SYR,Syrian Arab Republic,country,2007,.505
SYR,Syrian Arab Republic,country,2008,.51199996
SYR,Syrian Arab Republic,country,2009,.50800002
SYR,Syrian Arab Republic,country,2010,.50600004
SYR,Syrian Arab Republic,country,2011,.51800001
SYR,Syrian Arab Republic,country,2012,.51300001
SYR,Syrian Arab Republic,country,2013,.509
SYR,Syrian Arab Republic,country,2014,.509
SYR,Syrian Arab Republic,country,2015,.51600003
SYR,Syrian Arab Republic,country,2016,.523
SYR,Syrian Arab Republic,country,2017,.51699996
SYR,Syrian Arab Republic,country,2018,.51199996
SYR,Syrian Arab Republic,country,2019,.50999999
SYR,Syrian Arab Republic,country,2020,.509
SYR,Syrian Arab Republic,country,2021,.50999999
SYR,Syrian Arab Republic,country,2022,.51100004
SYR,Syrian Arab Republic,country,2023,.50999999
TCD,Chad,country,1990,
TCD,Chad,country,1991,
TCD,Chad,country,1992,
TCD,Chad,country,1993,
TCD,Chad,country,1994,
TCD,Chad,country,1995,
TCD,Chad,country,1996,
TCD,Chad,country,1997,
TCD,Chad,country,1998,
TCD,Chad,country,1999,
TCD,Chad,country,2000,
TCD,Chad,country,2001,
TCD,Chad,country,2002,
TCD,Chad,country,2003,
TCD,Chad,country,2004,
TCD,Chad,country,2005,
TCD,Chad,country,2006,
TCD,Chad,country,2007,
TCD,Chad,country,2008,
TCD,Chad,country,2009,
TCD,Chad,country,2010,
TCD,Chad,country,2011,
TCD,Chad,country,2012,
TCD,Chad,country,2013,
TCD,Chad,country,2014,
TCD,Chad,country,2015,
TCD,Chad,country,2016,
TCD,Chad,country,2017,
TCD,Chad,country,2018,.31400001
TCD,Chad,country,2019,.30000001
TCD,Chad,country,2020,.30400002
TCD,Chad,country,2021,.33999997
TCD,Chad,country,2022,.329
TCD,Chad,country,2023,.32999998
TGO,Togo,country,1990,
TGO,Togo,country,1991,
TGO,Togo,country,1992,
TGO,Togo,country,1993,
TGO,Togo,country,1994,
TGO,Togo,country,1995,
TGO,Togo,country,1996,
TGO,Togo,country,1997,
TGO,Togo,country,1998,
TGO,Togo,country,1999,
TGO,Togo,country,2000,
TGO,Togo,country,2001,
TGO,Togo,country,2002,
TGO,Togo,country,2003,
TGO,Togo,country,2004,
TGO,Togo,country,2005,.366
TGO,Togo,country,2006,.37099999
TGO,Togo,country,2007,.384
TGO,Togo,country,2008,.384
TGO,Togo,country,2009,.38599998
TGO,Togo,country,2010,.37400001
TGO,Togo,country,2011,.366
TGO,Togo,country,2012,.37
TGO,Togo,country,2013,.39300001
TGO,Togo,country,2014,.40600002
TGO,Togo,country,2015,.41799998
TGO,Togo,country,2016,.41399997
TGO,Togo,country,2017,.41100001
TGO,Togo,country,2018,.41299999
TGO,Togo,country,2019,.41500002
TGO,Togo,country,2020,.42699999
TGO,Togo,country,2021,.43099999
TGO,Togo,country,2022,.43199998
TGO,Togo,country,2023,.43599999
THA,Thailand,country,1990,.54100001
THA,Thailand,country,1991,.53999996
THA,Thailand,country,1992,.54100001
THA,Thailand,country,1993,.54100001
THA,Thailand,country,1994,.55000001
THA,Thailand,country,1995,.55599999
THA,Thailand,country,1996,.565
THA,Thailand,country,1997,.57200003
THA,Thailand,country,1998,.57800001
THA,Thailand,country,1999,.57300001
THA,Thailand,country,2000,.57599998
THA,Thailand,country,2001,.59799999
THA,Thailand,country,2002,.61000001
THA,Thailand,country,2003,.60600001
THA,Thailand,country,2004,.59599996
THA,Thailand,country,2005,.611
THA,Thailand,country,2006,.59599996
THA,Thailand,country,2007,.60899997
THA,Thailand,country,2008,.62199998
THA,Thailand,country,2009,.62800002
THA,Thailand,country,2010,.63199997
THA,Thailand,country,2011,.64300001
THA,Thailand,country,2012,.64600003
THA,Thailand,country,2013,.648
THA,Thailand,country,2014,.59200001
THA,Thailand,country,2015,.597
THA,Thailand,country,2016,.60600001
THA,Thailand,country,2017,.60000002
THA,Thailand,country,2018,.61500001
THA,Thailand,country,2019,.69
THA,Thailand,country,2020,.69299996
THA,Thailand,country,2021,.699
THA,Thailand,country,2022,.70200002
THA,Thailand,country,2023,.71200001
TJK,Tajikistan,country,1990,
TJK,Tajikistan,country,1991,
TJK,Tajikistan,country,1992,
TJK,Tajikistan,country,1993,
TJK,Tajikistan,country,1994,
TJK,Tajikistan,country,1995,.44999999
TJK,Tajikistan,country,1996,.45899999
TJK,Tajikistan,country,1997,.46499997
TJK,Tajikistan,country,1998,.47299999
TJK,Tajikistan,country,1999,.491
TJK,Tajikistan,country,2000,.59399998
TJK,Tajikistan,country,2001,.59500003
TJK,Tajikistan,country,2002,.60600001
TJK,Tajikistan,country,2003,.61800003
TJK,Tajikistan,country,2004,.62800002
TJK,Tajikistan,country,2005,.66100001
TJK,Tajikistan,country,2006,.66499996
TJK,Tajikistan,country,2007,.66299999
TJK,Tajikistan,country,2008,.65900004
TJK,Tajikistan,country,2009,.65400004
TJK,Tajikistan,country,2010,.64300001
TJK,Tajikistan,country,2011,.648
TJK,Tajikistan,country,2012,.65400004
TJK,Tajikistan,country,2013,.662
TJK,Tajikistan,country,2014,.66100001
TJK,Tajikistan,country,2015,.66499996
TJK,Tajikistan,country,2016,.69499999
TJK,Tajikistan,country,2017,.71099997
TJK,Tajikistan,country,2018,.70700002
TJK,Tajikistan,country,2019,.708
TJK,Tajikistan,country,2020,.72099996
TJK,Tajikistan,country,2021,.72500002
TJK,Tajikistan,country,2022,.73800004
TJK,Tajikistan,country,2023,.74199998
TKM,Turkmenistan,country,1990,
TKM,Turkmenistan,country,1991,
TKM,Turkmenistan,country,1992,
TKM,Turkmenistan,country,1993,
TKM,Turkmenistan,country,1994,
TKM,Turkmenistan,country,1995,
TKM,Turkmenistan,country,1996,
TKM,Turkmenistan,country,1997,
TKM,Turkmenistan,country,1998,
TKM,Turkmenistan,country,1999,
TKM,Turkmenistan,country,2000,
TKM,Turkmenistan,country,2001,
TKM,Turkmenistan,country,2002,
TKM,Turkmenistan,country,2003,
TKM,Turkmenistan,country,2004,
TKM,Turkmenistan,country,2005,
TKM,Turkmenistan,country,2006,
TKM,Turkmenistan,country,2007,
TKM,Turkmenistan,country,2008,
TKM,Turkmenistan,country,2009,
TKM,Turkmenistan,country,2010,
TKM,Turkmenistan,country,2011,
TKM,Turkmenistan,country,2012,
TKM,Turkmenistan,country,2013,
TKM,Turkmenistan,country,2014,
TKM,Turkmenistan,country,2015,
TKM,Turkmenistan,country,2016,
TKM,Turkmenistan,country,2017,
TKM,Turkmenistan,country,2018,
TKM,Turkmenistan,country,2019,
TKM,Turkmenistan,country,2020,
TKM,Turkmenistan,country,2021,
TKM,Turkmenistan,country,2022,
TKM,Turkmenistan,country,2023,
TLS,Timor-Leste,country,1990,
TLS,Timor-Leste,country,1991,
TLS,Timor-Leste,country,1992,
TLS,Timor-Leste,country,1993,
TLS,Timor-Leste,country,1994,
TLS,Timor-Leste,country,1995,
TLS,Timor-Leste,country,1996,
TLS,Timor-Leste,country,1997,
TLS,Timor-Leste,country,1998,
TLS,Timor-Leste,country,1999,
TLS,Timor-Leste,country,2000,
TLS,Timor-Leste,country,2001,
TLS,Timor-Leste,country,2002,.417
TLS,Timor-Leste,country,2003,.43400002
TLS,Timor-Leste,country,2004,.44700003
TLS,Timor-Leste,country,2005,.449
TLS,Timor-Leste,country,2006,.45099998
TLS,Timor-Leste,country,2007,.46499997
TLS,Timor-Leste,country,2008,.46700001
TLS,Timor-Leste,country,2009,.46700001
TLS,Timor-Leste,country,2010,.46899998
TLS,Timor-Leste,country,2011,.491
TLS,Timor-Leste,country,2012,.51999998
TLS,Timor-Leste,country,2013,.53400004
TLS,Timor-Leste,country,2014,.54499996
TLS,Timor-Leste,country,2015,.551
TLS,Timor-Leste,country,2016,.574
TLS,Timor-Leste,country,2017,.56799996
TLS,Timor-Leste,country,2018,.57499999
TLS,Timor-Leste,country,2019,.59099996
TLS,Timor-Leste,country,2020,.597
TLS,Timor-Leste,country,2021,.59500003
TLS,Timor-Leste,country,2022,.60899997
TLS,Timor-Leste,country,2023,.60600001
TON,Tonga,country,1990,.19999999
TON,Tonga,country,1991,.20599997
TON,Tonga,country,1992,.21100003
TON,Tonga,country,1993,.21700001
TON,Tonga,country,1994,.22399998
TON,Tonga,country,1995,.22600001
TON,Tonga,country,1996,.23100001
TON,Tonga,country,1997,.23199999
TON,Tonga,country,1998,.23100001
TON,Tonga,country,1999,.22899997
TON,Tonga,country,2000,.23299998
TON,Tonga,country,2001,.23500001
TON,Tonga,country,2002,.23799998
TON,Tonga,country,2003,.24000001
TON,Tonga,country,2004,.23699999
TON,Tonga,country,2005,.52999997
TON,Tonga,country,2006,.52499998
TON,Tonga,country,2007,.52499998
TON,Tonga,country,2008,.51999998
TON,Tonga,country,2009,.51499999
TON,Tonga,country,2010,.23299998
TON,Tonga,country,2011,.52700001
TON,Tonga,country,2012,.52399999
TON,Tonga,country,2013,.51899999
TON,Tonga,country,2014,.22600001
TON,Tonga,country,2015,.23000002
TON,Tonga,country,2016,.23100001
TON,Tonga,country,2017,.574
TON,Tonga,country,2018,.57499999
TON,Tonga,country,2019,.55000001
TON,Tonga,country,2020,.55400002
TON,Tonga,country,2021,.22600001
TON,Tonga,country,2022,.51699996
TON,Tonga,country,2023,.55599999
TTO,Trinidad and Tobago,country,1990,.523
TTO,Trinidad and Tobago,country,1991,.55799997
TTO,Trinidad and Tobago,country,1992,.54400003
TTO,Trinidad and Tobago,country,1993,.55199999
TTO,Trinidad and Tobago,country,1994,.565
TTO,Trinidad and Tobago,country,1995,.57200003
TTO,Trinidad and Tobago,country,1996,.58399999
TTO,Trinidad and Tobago,country,1997,.588
TTO,Trinidad and Tobago,country,1998,.60000002
TTO,Trinidad and Tobago,country,1999,.59399998
TTO,Trinidad and Tobago,country,2000,.60500002
TTO,Trinidad and Tobago,country,2001,.61800003
TTO,Trinidad and Tobago,country,2002,.64300001
TTO,Trinidad and Tobago,country,2003,.63800001
TTO,Trinidad and Tobago,country,2004,.65100002
TTO,Trinidad and Tobago,country,2005,.65700001
TTO,Trinidad and Tobago,country,2006,.65499997
TTO,Trinidad and Tobago,country,2007,.66999996
TTO,Trinidad and Tobago,country,2008,.671
TTO,Trinidad and Tobago,country,2009,.68200004
TTO,Trinidad and Tobago,country,2010,.66799998
TTO,Trinidad and Tobago,country,2011,.67199999
TTO,Trinidad and Tobago,country,2012,.67900002
TTO,Trinidad and Tobago,country,2013,.68700004
TTO,Trinidad and Tobago,country,2014,.69
TTO,Trinidad and Tobago,country,2015,.71200001
TTO,Trinidad and Tobago,country,2016,.71899998
TTO,Trinidad and Tobago,country,2017,.72000003
TTO,Trinidad and Tobago,country,2018,.72299999
TTO,Trinidad and Tobago,country,2019,.73300004
TTO,Trinidad and Tobago,country,2020,.73300004
TTO,Trinidad and Tobago,country,2021,.73399997
TTO,Trinidad and Tobago,country,2022,.73699999
TTO,Trinidad and Tobago,country,2023,.73800004
TUN,Tunisia,country,1990,
TUN,Tunisia,country,1991,
TUN,Tunisia,country,1992,
TUN,Tunisia,country,1993,
TUN,Tunisia,country,1994,.49900001
TUN,Tunisia,country,1995,.51600003
TUN,Tunisia,country,1996,.52700001
TUN,Tunisia,country,1997,.54499996
TUN,Tunisia,country,1998,.56400001
TUN,Tunisia,country,1999,.61300004
TUN,Tunisia,country,2000,.61899996
TUN,Tunisia,country,2001,.62800002
TUN,Tunisia,country,2002,.639
TUN,Tunisia,country,2003,.64700001
TUN,Tunisia,country,2004,.69499999
TUN,Tunisia,country,2005,.685
TUN,Tunisia,country,2006,.69299996
TUN,Tunisia,country,2007,.699
TUN,Tunisia,country,2008,.70700002
TUN,Tunisia,country,2009,.722
TUN,Tunisia,country,2010,.72500002
TUN,Tunisia,country,2011,.72099996
TUN,Tunisia,country,2012,.722
TUN,Tunisia,country,2013,.72000003
TUN,Tunisia,country,2014,.72000003
TUN,Tunisia,country,2015,.73500001
TUN,Tunisia,country,2016,.74800003
TUN,Tunisia,country,2017,.755
TUN,Tunisia,country,2018,.764
TUN,Tunisia,country,2019,.74699998
TUN,Tunisia,country,2020,.773
TUN,Tunisia,country,2021,.79400003
TUN,Tunisia,country,2022,.79400003
TUN,Tunisia,country,2023,.76199996
TUR,Türkiye,country,1990,.412
TUR,Türkiye,country,1991,.41000003
TUR,Türkiye,country,1992,.41100001
TUR,Türkiye,country,1993,.398
TUR,Türkiye,country,1994,.412
TUR,Türkiye,country,1995,.417
TUR,Türkiye,country,1996,.421
TUR,Türkiye,country,1997,.42000002
TUR,Türkiye,country,1998,.42299998
TUR,Türkiye,country,1999,.46499997
TUR,Türkiye,country,2000,.46399999
TUR,Türkiye,country,2001,.47299999
TUR,Türkiye,country,2002,.48799998
TUR,Türkiye,country,2003,.49299997
TUR,Türkiye,country,2004,.486
TUR,Türkiye,country,2005,.48699999
TUR,Türkiye,country,2006,.49599999
TUR,Türkiye,country,2007,.55000001
TUR,Türkiye,country,2008,.56400001
TUR,Türkiye,country,2009,.57499999
TUR,Türkiye,country,2010,.58899999
TUR,Türkiye,country,2011,.625
TUR,Türkiye,country,2012,.63800001
TUR,Türkiye,country,2013,.65200001
TUR,Türkiye,country,2014,.65600002
TUR,Türkiye,country,2015,.66799998
TUR,Türkiye,country,2016,.676
TUR,Türkiye,country,2017,.69499999
TUR,Türkiye,country,2018,.71899998
TUR,Türkiye,country,2019,.73000002
TUR,Türkiye,country,2020,.73399997
TUR,Türkiye,country,2021,.74699998
TUR,Türkiye,country,2022,.75999999
TUR,Türkiye,country,2023,.773
TUV,Tuvalu,country,1990,
TUV,Tuvalu,country,1991,
TUV,Tuvalu,country,1992,
TUV,Tuvalu,country,1993,
TUV,Tuvalu,country,1994,
TUV,Tuvalu,country,1995,
TUV,Tuvalu,country,1996,
TUV,Tuvalu,country,1997,
TUV,Tuvalu,country,1998,
TUV,Tuvalu,country,1999,
TUV,Tuvalu,country,2000,
TUV,Tuvalu,country,2001,
TUV,Tuvalu,country,2002,
TUV,Tuvalu,country,2003,
TUV,Tuvalu,country,2004,
TUV,Tuvalu,country,2005,
TUV,Tuvalu,country,2006,
TUV,Tuvalu,country,2007,
TUV,Tuvalu,country,2008,
TUV,Tuvalu,country,2009,
TUV,Tuvalu,country,2010,
TUV,Tuvalu,country,2011,
TUV,Tuvalu,country,2012,
TUV,Tuvalu,country,2013,
TUV,Tuvalu,country,2014,
TUV,Tuvalu,country,2015,
TUV,Tuvalu,country,2016,
TUV,Tuvalu,country,2017,
TUV,Tuvalu,country,2018,
TUV,Tuvalu,country,2019,
TUV,Tuvalu,country,2020,
TUV,Tuvalu,country,2021,
TUV,Tuvalu,country,2022,
TUV,Tuvalu,country,2023,
TZA,United Republic of Tanzania,country,1990,
TZA,United Republic of Tanzania,country,1991,
TZA,United Republic of Tanzania,country,1992,
TZA,United Republic of Tanzania,country,1993,
TZA,United Republic of Tanzania,country,1994,
TZA,United Republic of Tanzania,country,1995,
TZA,United Republic of Tanzania,country,1996,
TZA,United Republic of Tanzania,country,1997,
TZA,United Republic of Tanzania,country,1998,
TZA,United Republic of Tanzania,country,1999,
TZA,United Republic of Tanzania,country,2000,.366
TZA,United Republic of Tanzania,country,2001,.38499999
TZA,United Republic of Tanzania,country,2002,.389
TZA,United Republic of Tanzania,country,2003,.39300001
TZA,United Republic of Tanzania,country,2004,.39700001
TZA,United Republic of Tanzania,country,2005,.41900003
TZA,United Republic of Tanzania,country,2006,.42199999
TZA,United Republic of Tanzania,country,2007,.42400002
TZA,United Republic of Tanzania,country,2008,.42299998
TZA,United Republic of Tanzania,country,2009,.42900002
TZA,United Republic of Tanzania,country,2010,.43599999
TZA,United Republic of Tanzania,country,2011,.45099998
TZA,United Republic of Tanzania,country,2012,.45700002
TZA,United Republic of Tanzania,country,2013,.45599997
TZA,United Republic of Tanzania,country,2014,.45899999
TZA,United Republic of Tanzania,country,2015,.46399999
TZA,United Republic of Tanzania,country,2016,.472
TZA,United Republic of Tanzania,country,2017,.477
TZA,United Republic of Tanzania,country,2018,.48199999
TZA,United Republic of Tanzania,country,2019,.48400003
TZA,United Republic of Tanzania,country,2020,.49199998
TZA,United Republic of Tanzania,country,2021,.49299997
TZA,United Republic of Tanzania,country,2022,.49400002
TZA,United Republic of Tanzania,country,2023,.49599999
UGA,Uganda,country,1990,
UGA,Uganda,country,1991,
UGA,Uganda,country,1992,
UGA,Uganda,country,1993,
UGA,Uganda,country,1994,
UGA,Uganda,country,1995,
UGA,Uganda,country,1996,
UGA,Uganda,country,1997,
UGA,Uganda,country,1998,
UGA,Uganda,country,1999,
UGA,Uganda,country,2000,.37900001
UGA,Uganda,country,2001,.398
UGA,Uganda,country,2002,.40100002
UGA,Uganda,country,2003,.41100001
UGA,Uganda,country,2004,.41799998
UGA,Uganda,country,2005,.426
UGA,Uganda,country,2006,.44300002
UGA,Uganda,country,2007,.454
UGA,Uganda,country,2008,.45700002
UGA,Uganda,country,2009,.45300001
UGA,Uganda,country,2010,.449
UGA,Uganda,country,2011,.44400001
UGA,Uganda,country,2012,.44499999
UGA,Uganda,country,2013,.45499998
UGA,Uganda,country,2014,.454
UGA,Uganda,country,2015,.46100003
UGA,Uganda,country,2016,.46600002
UGA,Uganda,country,2017,.46499997
UGA,Uganda,country,2018,.472
UGA,Uganda,country,2019,.472
UGA,Uganda,country,2020,.47500002
UGA,Uganda,country,2021,.47500002
UGA,Uganda,country,2022,.47500002
UGA,Uganda,country,2023,.47600001
UKR,Ukraine,country,1990,
UKR,Ukraine,country,1991,
UKR,Ukraine,country,1992,
UKR,Ukraine,country,1993,
UKR,Ukraine,country,1994,
UKR,Ukraine,country,1995,
UKR,Ukraine,country,1996,
UKR,Ukraine,country,1997,
UKR,Ukraine,country,1998,
UKR,Ukraine,country,1999,
UKR,Ukraine,country,2000,
UKR,Ukraine,country,2001,
UKR,Ukraine,country,2002,
UKR,Ukraine,country,2003,
UKR,Ukraine,country,2004,
UKR,Ukraine,country,2005,
UKR,Ukraine,country,2006,
UKR,Ukraine,country,2007,
UKR,Ukraine,country,2008,
UKR,Ukraine,country,2009,
UKR,Ukraine,country,2010,
UKR,Ukraine,country,2011,
UKR,Ukraine,country,2012,
UKR,Ukraine,country,2013,
UKR,Ukraine,country,2014,
UKR,Ukraine,country,2015,
UKR,Ukraine,country,2016,
UKR,Ukraine,country,2017,
UKR,Ukraine,country,2018,
UKR,Ukraine,country,2019,
UKR,Ukraine,country,2020,
UKR,Ukraine,country,2021,
UKR,Ukraine,country,2022,
UKR,Ukraine,country,2023,
URY,Uruguay,country,1990,.574
URY,Uruguay,country,1991,.57099998
URY,Uruguay,country,1992,.574
URY,Uruguay,country,1993,.574
URY,Uruguay,country,1994,.574
URY,Uruguay,country,1995,.57800001
URY,Uruguay,country,1996,.58099997
URY,Uruguay,country,1997,.58500004
URY,Uruguay,country,1998,.59000003
URY,Uruguay,country,1999,.61899996
URY,Uruguay,country,2000,.62099999
URY,Uruguay,country,2001,.63300002
URY,Uruguay,country,2002,.63699996
URY,Uruguay,country,2003,.64300001
URY,Uruguay,country,2004,.648
URY,Uruguay,country,2005,.64899999
URY,Uruguay,country,2006,.65100002
URY,Uruguay,country,2007,.66299999
URY,Uruguay,country,2008,.667
URY,Uruguay,country,2009,.676
URY,Uruguay,country,2010,.68200004
URY,Uruguay,country,2011,.67500001
URY,Uruguay,country,2012,.676
URY,Uruguay,country,2013,.67400002
URY,Uruguay,country,2014,.67400002
URY,Uruguay,country,2015,.71000004
URY,Uruguay,country,2016,.71599996
URY,Uruguay,country,2017,.74000001
URY,Uruguay,country,2018,.74599999
URY,Uruguay,country,2019,.74399996
URY,Uruguay,country,2020,.76499999
URY,Uruguay,country,2021,.77899998
URY,Uruguay,country,2022,.78200001
URY,Uruguay,country,2023,.78200001
USA,United States of America,country,1990,.71099997
USA,United States of America,country,1991,.708
USA,United States of America,country,1992,.70899999
USA,United States of America,country,1993,.70700002
USA,United States of America,country,1994,.70700002
USA,United States of America,country,1995,.708
USA,United States of America,country,1996,.713
USA,United States of America,country,1997,.71799999
USA,United States of America,country,1998,.71899998
USA,United States of America,country,1999,.72500002
USA,United States of America,country,2000,.72399998
USA,United States of America,country,2001,.73100001
USA,United States of America,country,2002,.73199999
USA,United States of America,country,2003,.73500001
USA,United States of America,country,2004,.74000001
USA,United States of America,country,2005,.74199998
USA,United States of America,country,2006,.74599999
USA,United States of America,country,2007,.74599999
USA,United States of America,country,2008,.745
USA,United States of America,country,2009,.74000001
USA,United States of America,country,2010,.755
USA,United States of America,country,2011,.75599998
USA,United States of America,country,2012,.76499999
USA,United States of America,country,2013,.76899999
USA,United States of America,country,2014,.77899998
USA,United States of America,country,2015,.78299999
USA,United States of America,country,2016,.78600001
USA,United States of America,country,2017,.79000002
USA,United States of America,country,2018,.80500001
USA,United States of America,country,2019,.80900002
USA,United States of America,country,2020,.81900001
USA,United States of America,country,2021,.824
USA,United States of America,country,2022,.82700002
USA,United States of America,country,2023,.83099997
UZB,Uzbekistan,country,1990,
UZB,Uzbekistan,country,1991,
UZB,Uzbekistan,country,1992,
UZB,Uzbekistan,country,1993,
UZB,Uzbekistan,country,1994,
UZB,Uzbekistan,country,1995,
UZB,Uzbekistan,country,1996,
UZB,Uzbekistan,country,1997,
UZB,Uzbekistan,country,1998,
UZB,Uzbekistan,country,1999,
UZB,Uzbekistan,country,2000,.648
UZB,Uzbekistan,country,2001,.66600001
UZB,Uzbekistan,country,2002,.67900002
UZB,Uzbekistan,country,2003,.69200003
UZB,Uzbekistan,country,2004,.773
UZB,Uzbekistan,country,2005,.76800001
UZB,Uzbekistan,country,2006,.773
UZB,Uzbekistan,country,2007,.773
UZB,Uzbekistan,country,2008,.76600003
UZB,Uzbekistan,country,2009,.74199998
UZB,Uzbekistan,country,2010,.72799999
UZB,Uzbekistan,country,2011,.71899998
UZB,Uzbekistan,country,2012,.71700001
UZB,Uzbekistan,country,2013,.72500002
UZB,Uzbekistan,country,2014,.72799999
UZB,Uzbekistan,country,2015,.72399998
UZB,Uzbekistan,country,2016,.73300004
UZB,Uzbekistan,country,2017,.741
UZB,Uzbekistan,country,2018,.73300004
UZB,Uzbekistan,country,2019,.73100001
UZB,Uzbekistan,country,2020,.73399997
UZB,Uzbekistan,country,2021,.70700002
UZB,Uzbekistan,country,2022,.70300001
UZB,Uzbekistan,country,2023,.70899999
VCT,Saint Vincent and the Grenadines,country,1990,
VCT,Saint Vincent and the Grenadines,country,1991,
VCT,Saint Vincent and the Grenadines,country,1992,
VCT,Saint Vincent and the Grenadines,country,1993,
VCT,Saint Vincent and the Grenadines,country,1994,
VCT,Saint Vincent and the Grenadines,country,1995,
VCT,Saint Vincent and the Grenadines,country,1996,
VCT,Saint Vincent and the Grenadines,country,1997,
VCT,Saint Vincent and the Grenadines,country,1998,
VCT,Saint Vincent and the Grenadines,country,1999,
VCT,Saint Vincent and the Grenadines,country,2000,
VCT,Saint Vincent and the Grenadines,country,2001,
VCT,Saint Vincent and the Grenadines,country,2002,
VCT,Saint Vincent and the Grenadines,country,2003,
VCT,Saint Vincent and the Grenadines,country,2004,
VCT,Saint Vincent and the Grenadines,country,2005,
VCT,Saint Vincent and the Grenadines,country,2006,
VCT,Saint Vincent and the Grenadines,country,2007,
VCT,Saint Vincent and the Grenadines,country,2008,
VCT,Saint Vincent and the Grenadines,country,2009,
VCT,Saint Vincent and the Grenadines,country,2010,
VCT,Saint Vincent and the Grenadines,country,2011,
VCT,Saint Vincent and the Grenadines,country,2012,
VCT,Saint Vincent and the Grenadines,country,2013,
VCT,Saint Vincent and the Grenadines,country,2014,
VCT,Saint Vincent and the Grenadines,country,2015,
VCT,Saint Vincent and the Grenadines,country,2016,
VCT,Saint Vincent and the Grenadines,country,2017,
VCT,Saint Vincent and the Grenadines,country,2018,
VCT,Saint Vincent and the Grenadines,country,2019,
VCT,Saint Vincent and the Grenadines,country,2020,
VCT,Saint Vincent and the Grenadines,country,2021,
VCT,Saint Vincent and the Grenadines,country,2022,
VCT,Saint Vincent and the Grenadines,country,2023,
VEN,Venezuela (Bolivarian Republic of),country,1990,.43400002
VEN,Venezuela (Bolivarian Republic of),country,1991,.44300002
VEN,Venezuela (Bolivarian Republic of),country,1992,.44
VEN,Venezuela (Bolivarian Republic of),country,1993,.43800002
VEN,Venezuela (Bolivarian Republic of),country,1994,.44300002
VEN,Venezuela (Bolivarian Republic of),country,1995,.449
VEN,Venezuela (Bolivarian Republic of),country,1996,.45099998
VEN,Venezuela (Bolivarian Republic of),country,1997,.45700002
VEN,Venezuela (Bolivarian Republic of),country,1998,.463
VEN,Venezuela (Bolivarian Republic of),country,1999,.49000001
VEN,Venezuela (Bolivarian Republic of),country,2000,.49800003
VEN,Venezuela (Bolivarian Republic of),country,2001,.48299998
VEN,Venezuela (Bolivarian Republic of),country,2002,.49000001
VEN,Venezuela (Bolivarian Republic of),country,2003,.486
VEN,Venezuela (Bolivarian Republic of),country,2004,.48699999
VEN,Venezuela (Bolivarian Republic of),country,2005,.523
VEN,Venezuela (Bolivarian Republic of),country,2006,.52399999
VEN,Venezuela (Bolivarian Republic of),country,2007,.52399999
VEN,Venezuela (Bolivarian Republic of),country,2008,.51999998
VEN,Venezuela (Bolivarian Republic of),country,2009,.51499999
VEN,Venezuela (Bolivarian Republic of),country,2010,.51199996
VEN,Venezuela (Bolivarian Republic of),country,2011,.50800002
VEN,Venezuela (Bolivarian Republic of),country,2012,.509
VEN,Venezuela (Bolivarian Republic of),country,2013,.50600004
VEN,Venezuela (Bolivarian Republic of),country,2014,.51100004
VEN,Venezuela (Bolivarian Republic of),country,2015,.50800002
VEN,Venezuela (Bolivarian Republic of),country,2016,.491
VEN,Venezuela (Bolivarian Republic of),country,2017,.51100004
VEN,Venezuela (Bolivarian Republic of),country,2018,.51199996
VEN,Venezuela (Bolivarian Republic of),country,2019,.51300001
VEN,Venezuela (Bolivarian Republic of),country,2020,.48699999
VEN,Venezuela (Bolivarian Republic of),country,2021,.48799998
VEN,Venezuela (Bolivarian Republic of),country,2022,.48799998
VEN,Venezuela (Bolivarian Republic of),country,2023,.48799998
VNM,Viet Nam,country,1990,
VNM,Viet Nam,country,1991,
VNM,Viet Nam,country,1992,
VNM,Viet Nam,country,1993,
VNM,Viet Nam,country,1994,
VNM,Viet Nam,country,1995,.60800004
VNM,Viet Nam,country,1996,.61699998
VNM,Viet Nam,country,1997,.62599999
VNM,Viet Nam,country,1998,.634
VNM,Viet Nam,country,1999,.64100003
VNM,Viet Nam,country,2000,.64700001
VNM,Viet Nam,country,2001,.66100001
VNM,Viet Nam,country,2002,.66900003
VNM,Viet Nam,country,2003,.67400002
VNM,Viet Nam,country,2004,.67699999
VNM,Viet Nam,country,2005,.68299997
VNM,Viet Nam,country,2006,.68200004
VNM,Viet Nam,country,2007,.67699999
VNM,Viet Nam,country,2008,.67299998
VNM,Viet Nam,country,2009,.66900003
VNM,Viet Nam,country,2010,.66499996
VNM,Viet Nam,country,2011,.66100001
VNM,Viet Nam,country,2012,.65999997
VNM,Viet Nam,country,2013,.65900004
VNM,Viet Nam,country,2014,.65900004
VNM,Viet Nam,country,2015,.66100001
VNM,Viet Nam,country,2016,.67299998
VNM,Viet Nam,country,2017,.67500001
VNM,Viet Nam,country,2018,.68000001
VNM,Viet Nam,country,2019,.68200004
VNM,Viet Nam,country,2020,.68799996
VNM,Viet Nam,country,2021,.69800001
VNM,Viet Nam,country,2022,.69999999
VNM,Viet Nam,country,2023,.70099998
VUT,Vanuatu,country,1990,
VUT,Vanuatu,country,1991,
VUT,Vanuatu,country,1992,
VUT,Vanuatu,country,1993,
VUT,Vanuatu,country,1994,
VUT,Vanuatu,country,1995,
VUT,Vanuatu,country,1996,
VUT,Vanuatu,country,1997,
VUT,Vanuatu,country,1998,
VUT,Vanuatu,country,1999,
VUT,Vanuatu,country,2000,
VUT,Vanuatu,country,2001,
VUT,Vanuatu,country,2002,
VUT,Vanuatu,country,2003,
VUT,Vanuatu,country,2004,
VUT,Vanuatu,country,2005,
VUT,Vanuatu,country,2006,
VUT,Vanuatu,country,2007,
VUT,Vanuatu,country,2008,
VUT,Vanuatu,country,2009,
VUT,Vanuatu,country,2010,.46399999
VUT,Vanuatu,country,2011,.42400002
VUT,Vanuatu,country,2012,.20099998
VUT,Vanuatu,country,2013,.20099998
VUT,Vanuatu,country,2014,.19999999
VUT,Vanuatu,country,2015,.20099998
VUT,Vanuatu,country,2016,.19999999
VUT,Vanuatu,country,2017,.20099998
VUT,Vanuatu,country,2018,.20099998
VUT,Vanuatu,country,2019,.20300001
VUT,Vanuatu,country,2020,.204
VUT,Vanuatu,country,2021,.20499998
VUT,Vanuatu,country,2022,.43800002
VUT,Vanuatu,country,2023,.44400001
WSM,Samoa,country,1990,
WSM,Samoa,country,1991,
WSM,Samoa,country,1992,
WSM,Samoa,country,1993,
WSM,Samoa,country,1994,
WSM,Samoa,country,1995,
WSM,Samoa,country,1996,
WSM,Samoa,country,1997,
WSM,Samoa,country,1998,
WSM,Samoa,country,1999,
WSM,Samoa,country,2000,
WSM,Samoa,country,2001,
WSM,Samoa,country,2002,
WSM,Samoa,country,2003,
WSM,Samoa,country,2004,
WSM,Samoa,country,2005,
WSM,Samoa,country,2006,
WSM,Samoa,country,2007,
WSM,Samoa,country,2008,
WSM,Samoa,country,2009,
WSM,Samoa,country,2010,
WSM,Samoa,country,2011,
WSM,Samoa,country,2012,
WSM,Samoa,country,2013,
WSM,Samoa,country,2014,
WSM,Samoa,country,2015,
WSM,Samoa,country,2016,
WSM,Samoa,country,2017,
WSM,Samoa,country,2018,
WSM,Samoa,country,2019,.56200004
WSM,Samoa,country,2020,.57099998
WSM,Samoa,country,2021,.55599999
WSM,Samoa,country,2022,.58399999
WSM,Samoa,country,2023,.58399999
YEM,Yemen,country,1990,
YEM,Yemen,country,1991,
YEM,Yemen,country,1992,
YEM,Yemen,country,1993,
YEM,Yemen,country,1994,
YEM,Yemen,country,1995,
YEM,Yemen,country,1996,
YEM,Yemen,country,1997,
YEM,Yemen,country,1998,
YEM,Yemen,country,1999,
YEM,Yemen,country,2000,
YEM,Yemen,country,2001,
YEM,Yemen,country,2002,
YEM,Yemen,country,2003,
YEM,Yemen,country,2004,
YEM,Yemen,country,2005,
YEM,Yemen,country,2006,
YEM,Yemen,country,2007,
YEM,Yemen,country,2008,
YEM,Yemen,country,2009,
YEM,Yemen,country,2010,
YEM,Yemen,country,2011,
YEM,Yemen,country,2012,
YEM,Yemen,country,2013,
YEM,Yemen,country,2014,.185
YEM,Yemen,country,2015,.176
YEM,Yemen,country,2016,.176
YEM,Yemen,country,2017,.17500001
YEM,Yemen,country,2018,.17500001
YEM,Yemen,country,2019,.19099998
YEM,Yemen,country,2020,.19199997
YEM,Yemen,country,2021,.16100001
YEM,Yemen,country,2022,.16100001
YEM,Yemen,country,2023,.162
ZAF,South Africa,country,1990,.505
ZAF,South Africa,country,1991,.50699997
ZAF,South Africa,country,1992,.51499999
ZAF,South Africa,country,1993,.51699996
ZAF,South Africa,country,1994,.523
ZAF,South Africa,country,1995,.52700001
ZAF,South Africa,country,1996,.51899999
ZAF,South Africa,country,1997,.51800001
ZAF,South Africa,country,1998,.53299999
ZAF,South Africa,country,1999,.54699999
ZAF,South Africa,country,2000,.537
ZAF,South Africa,country,2001,.54799998
ZAF,South Africa,country,2002,.542
ZAF,South Africa,country,2003,.53600001
ZAF,South Africa,country,2004,.537
ZAF,South Africa,country,2005,.55599999
ZAF,South Africa,country,2006,.56
ZAF,South Africa,country,2007,.56200004
ZAF,South Africa,country,2008,.54499996
ZAF,South Africa,country,2009,.55299997
ZAF,South Africa,country,2010,.55900002
ZAF,South Africa,country,2011,.56299996
ZAF,South Africa,country,2012,.57099998
ZAF,South Africa,country,2013,.57200003
ZAF,South Africa,country,2014,.57099998
ZAF,South Africa,country,2015,.57499999
ZAF,South Africa,country,2016,.58899999
ZAF,South Africa,country,2017,.59399998
ZAF,South Africa,country,2018,.60500002
ZAF,South Africa,country,2019,.60500002
ZAF,South Africa,country,2020,.60899997
ZAF,South Africa,country,2021,.60800004
ZAF,South Africa,country,2022,.60899997
ZAF,South Africa,country,2023,.61199999
ZMB,Zambia,country,1990,.30900002
ZMB,Zambia,country,1991,.333
ZMB,Zambia,country,1992,.33499998
ZMB,Zambia,country,1993,.338
ZMB,Zambia,country,1994,.34100002
ZMB,Zambia,country,1995,.34500003
ZMB,Zambia,country,1996,.347
ZMB,Zambia,country,1997,.35000002
ZMB,Zambia,country,1998,.35299999
ZMB,Zambia,country,1999,.35000002
ZMB,Zambia,country,2000,.35000002
ZMB,Zambia,country,2001,.361
ZMB,Zambia,country,2002,.37699997
ZMB,Zambia,country,2003,.38499999
ZMB,Zambia,country,2004,.38700002
ZMB,Zambia,country,2005,.39300001
ZMB,Zambia,country,2006,.40399998
ZMB,Zambia,country,2007,.41100001
ZMB,Zambia,country,2008,.40899998
ZMB,Zambia,country,2009,.40600002
ZMB,Zambia,country,2010,.421
ZMB,Zambia,country,2011,.41799998
ZMB,Zambia,country,2012,.42000002
ZMB,Zambia,country,2013,.42799997
ZMB,Zambia,country,2014,.43099999
ZMB,Zambia,country,2015,.43900001
ZMB,Zambia,country,2016,.46399999
ZMB,Zambia,country,2017,.46600002
ZMB,Zambia,country,2018,.47100002
ZMB,Zambia,country,2019,.47899997
ZMB,Zambia,country,2020,.477
ZMB,Zambia,country,2021,.47399998
ZMB,Zambia,country,2022,.47500002
ZMB,Zambia,country,2023,.47600001
ZWE,Zimbabwe,country,1990,
ZWE,Zimbabwe,country,1991,
ZWE,Zimbabwe,country,1992,
ZWE,Zimbabwe,country,1993,
ZWE,Zimbabwe,country,1994,
ZWE,Zimbabwe,country,1995,.42000002
ZWE,Zimbabwe,country,1996,.421
ZWE,Zimbabwe,country,1997,.42699999
ZWE,Zimbabwe,country,1998,.42699999
ZWE,Zimbabwe,country,1999,.41299999
ZWE,Zimbabwe,country,2000,.39399999
ZWE,Zimbabwe,country,2001,.375
ZWE,Zimbabwe,country,2002,.39300001
ZWE,Zimbabwe,country,2003,.38300002
ZWE,Zimbabwe,country,2004,.389
ZWE,Zimbabwe,country,2005,.41900003
ZWE,Zimbabwe,country,2006,.42199999
ZWE,Zimbabwe,country,2007,.41299999
ZWE,Zimbabwe,country,2008,.39999998
ZWE,Zimbabwe,country,2009,.39999998
ZWE,Zimbabwe,country,2010,.40499997
ZWE,Zimbabwe,country,2011,.41100001
ZWE,Zimbabwe,country,2012,.40799999
ZWE,Zimbabwe,country,2013,.44999999
ZWE,Zimbabwe,country,2014,.46200001
ZWE,Zimbabwe,country,2015,.46700001
ZWE,Zimbabwe,country,2016,.47100002
ZWE,Zimbabwe,country,2017,.48000002
ZWE,Zimbabwe,country,2018,.48000002
ZWE,Zimbabwe,country,2019,.47500002
ZWE,Zimbabwe,country,2020,.48100001
ZWE,Zimbabwe,country,2021,.48100001
ZWE,Zimbabwe,country,2022,.48000002
ZWE,Zimbabwe,country,2023,.48100001
ZZA.VHHD,Very high human development,benchmark,1990,.662
ZZA.VHHD,Very high human development,benchmark,1991,.66799998
ZZA.VHHD,Very high human development,benchmark,1992,.67299998
ZZA.VHHD,Very high human development,benchmark,1993,.67400002
ZZA.VHHD,Very high human development,benchmark,1994,.676
ZZA.VHHD,Very high human development,benchmark,1995,.68000001
ZZA.VHHD,Very high human development,benchmark,1996,.68799996
ZZA.VHHD,Very high human development,benchmark,1997,.69800001
ZZA.VHHD,Very high human development,benchmark,1998,.70300001
ZZA.VHHD,Very high human development,benchmark,1999,.71200001
ZZA.VHHD,Very high human development,benchmark,2000,.722
ZZA.VHHD,Very high human development,benchmark,2001,.73199999
ZZA.VHHD,Very high human development,benchmark,2002,.73699999
ZZA.VHHD,Very high human development,benchmark,2003,.74300003
ZZA.VHHD,Very high human development,benchmark,2004,.75099999
ZZA.VHHD,Very high human development,benchmark,2005,.75800002
ZZA.VHHD,Very high human development,benchmark,2006,.76300001
ZZA.VHHD,Very high human development,benchmark,2007,.76999998
ZZA.VHHD,Very high human development,benchmark,2008,.773
ZZA.VHHD,Very high human development,benchmark,2009,.77600002
ZZA.VHHD,Very high human development,benchmark,2010,.78600001
ZZA.VHHD,Very high human development,benchmark,2011,.79500002
ZZA.VHHD,Very high human development,benchmark,2012,.80299997
ZZA.VHHD,Very high human development,benchmark,2013,.81299996
ZZA.VHHD,Very high human development,benchmark,2014,.81800002
ZZA.VHHD,Very high human development,benchmark,2015,.82499999
ZZA.VHHD,Very high human development,benchmark,2016,.83099997
ZZA.VHHD,Very high human development,benchmark,2017,.84100002
ZZA.VHHD,Very high human development,benchmark,2018,.84899998
ZZA.VHHD,Very high human development,benchmark,2019,.85899997
ZZA.VHHD,Very high human development,benchmark,2020,.86199999
ZZA.VHHD,Very high human development,benchmark,2021,.87
ZZA.VHHD,Very high human development,benchmark,2022,.87400001
ZZA.VHHD,Very high human development,benchmark,2023,.875
ZZB.HHD,High human development,benchmark,1990,
ZZB.HHD,High human development,benchmark,1991,
ZZB.HHD,High human development,benchmark,1992,
ZZB.HHD,High human development,benchmark,1993,
ZZB.HHD,High human development,benchmark,1994,
ZZB.HHD,High human development,benchmark,1995,
ZZB.HHD,High human development,benchmark,1996,
ZZB.HHD,High human development,benchmark,1997,
ZZB.HHD,High human development,benchmark,1998,.56200004
ZZB.HHD,High human development,benchmark,1999,.56900001
ZZB.HHD,High human development,benchmark,2000,.57300001
ZZB.HHD,High human development,benchmark,2001,.57800001
ZZB.HHD,High human development,benchmark,2002,.58500004
ZZB.HHD,High human development,benchmark,2003,.59299999
ZZB.HHD,High human development,benchmark,2004,.59599996
ZZB.HHD,High human development,benchmark,2005,.597
ZZB.HHD,High human development,benchmark,2006,.602
ZZB.HHD,High human development,benchmark,2007,.60399997
ZZB.HHD,High human development,benchmark,2008,.60399997
ZZB.HHD,High human development,benchmark,2009,.61000001
ZZB.HHD,High human development,benchmark,2010,.61300004
ZZB.HHD,High human development,benchmark,2011,.60600001
ZZB.HHD,High human development,benchmark,2012,.61699998
ZZB.HHD,High human development,benchmark,2013,.62300003
ZZB.HHD,High human development,benchmark,2014,.63
ZZB.HHD,High human development,benchmark,2015,.63499999
ZZB.HHD,High human development,benchmark,2016,.64499998
ZZB.HHD,High human development,benchmark,2017,.65100002
ZZB.HHD,High human development,benchmark,2018,.65999997
ZZB.HHD,High human development,benchmark,2019,.66499996
ZZB.HHD,High human development,benchmark,2020,.66100001
ZZB.HHD,High human development,benchmark,2021,.662
ZZB.HHD,High human development,benchmark,2022,.66499996
ZZB.HHD,High human development,benchmark,2023,.66600001
ZZC.MHD,Medium human development,benchmark,1990,
ZZC.MHD,Medium human development,benchmark,1991,
ZZC.MHD,Medium human development,benchmark,1992,
ZZC.MHD,Medium human development,benchmark,1993,
ZZC.MHD,Medium human development,benchmark,1994,
ZZC.MHD,Medium human development,benchmark,1995,.30800003
ZZC.MHD,Medium human development,benchmark,1996,.31300002
ZZC.MHD,Medium human development,benchmark,1997,.31699997
ZZC.MHD,Medium human development,benchmark,1998,.32499999
ZZC.MHD,Medium human development,benchmark,1999,.33099997
ZZC.MHD,Medium human development,benchmark,2000,.338
ZZC.MHD,Medium human development,benchmark,2001,.35100001
ZZC.MHD,Medium human development,benchmark,2002,.35399997
ZZC.MHD,Medium human development,benchmark,2003,.36000001
ZZC.MHD,Medium human development,benchmark,2004,.36699998
ZZC.MHD,Medium human development,benchmark,2005,.38200003
ZZC.MHD,Medium human development,benchmark,2006,.39399999
ZZC.MHD,Medium human development,benchmark,2007,.39999998
ZZC.MHD,Medium human development,benchmark,2008,.40499997
ZZC.MHD,Medium human development,benchmark,2009,.412
ZZC.MHD,Medium human development,benchmark,2010,.41500002
ZZC.MHD,Medium human development,benchmark,2011,.41900003
ZZC.MHD,Medium human development,benchmark,2012,.42000002
ZZC.MHD,Medium human development,benchmark,2013,.426
ZZC.MHD,Medium human development,benchmark,2014,.43099999
ZZC.MHD,Medium human development,benchmark,2015,.44400001
ZZC.MHD,Medium human development,benchmark,2016,.44700003
ZZC.MHD,Medium human development,benchmark,2017,.449
ZZC.MHD,Medium human development,benchmark,2018,.44999999
ZZC.MHD,Medium human development,benchmark,2019,.45700002
ZZC.MHD,Medium human development,benchmark,2020,.47100002
ZZC.MHD,Medium human development,benchmark,2021,.47299999
ZZC.MHD,Medium human development,benchmark,2022,.477
ZZC.MHD,Medium human development,benchmark,2023,.48699999
ZZD.LHD,Low human development,benchmark,1990,
ZZD.LHD,Low human development,benchmark,1991,
ZZD.LHD,Low human development,benchmark,1992,
ZZD.LHD,Low human development,benchmark,1993,
ZZD.LHD,Low human development,benchmark,1994,
ZZD.LHD,Low human development,benchmark,1995,
ZZD.LHD,Low human development,benchmark,1996,
ZZD.LHD,Low human development,benchmark,1997,
ZZD.LHD,Low human development,benchmark,1998,
ZZD.LHD,Low human development,benchmark,1999,
ZZD.LHD,Low human development,benchmark,2000,
ZZD.LHD,Low human development,benchmark,2001,
ZZD.LHD,Low human development,benchmark,2002,
ZZD.LHD,Low human development,benchmark,2003,
ZZD.LHD,Low human development,benchmark,2004,.33499998
ZZD.LHD,Low human development,benchmark,2005,.35299999
ZZD.LHD,Low human development,benchmark,2006,.35799998
ZZD.LHD,Low human development,benchmark,2007,.36400002
ZZD.LHD,Low human development,benchmark,2008,.36699998
ZZD.LHD,Low human development,benchmark,2009,.37
ZZD.LHD,Low human development,benchmark,2010,.375
ZZD.LHD,Low human development,benchmark,2011,.37800002
ZZD.LHD,Low human development,benchmark,2012,.389
ZZD.LHD,Low human development,benchmark,2013,.39300001
ZZD.LHD,Low human development,benchmark,2014,.39700001
ZZD.LHD,Low human development,benchmark,2015,.40399998
ZZD.LHD,Low human development,benchmark,2016,.40700001
ZZD.LHD,Low human development,benchmark,2017,.41100001
ZZD.LHD,Low human development,benchmark,2018,.41299999
ZZD.LHD,Low human development,benchmark,2019,.41799998
ZZD.LHD,Low human development,benchmark,2020,.42199999
ZZD.LHD,Low human development,benchmark,2021,.42699999
ZZD.LHD,Low human development,benchmark,2022,.42699999
ZZD.LHD,Low human development,benchmark,2023,.42900002
ZZK.WORLD,World,world,1990,
ZZK.WORLD,World,world,1991,
ZZK.WORLD,World,world,1992,
ZZK.WORLD,World,world,1993,.41799998
ZZK.WORLD,World,world,1994,.42000002
ZZK.WORLD,World,world,1995,.421
ZZK.WORLD,World,world,1996,.42299998
ZZK.WORLD,World,world,1997,.426
ZZK.WORLD,World,world,1998,.43199998
ZZK.WORLD,World,world,1999,.43800002
ZZK.WORLD,World,world,2000,.44300002
ZZK.WORLD,World,world,2001,.449
ZZK.WORLD,World,world,2002,.454
ZZK.WORLD,World,world,2003,.45999998
ZZK.WORLD,World,world,2004,.46700001
ZZK.WORLD,World,world,2005,.47500002
ZZK.WORLD,World,world,2006,.48199999
ZZK.WORLD,World,world,2007,.486
ZZK.WORLD,World,world,2008,.48799998
ZZK.WORLD,World,world,2009,.49299997
ZZK.WORLD,World,world,2010,.49599999
ZZK.WORLD,World,world,2011,.49699998
ZZK.WORLD,World,world,2012,.50099999
ZZK.WORLD,World,world,2013,.50600004
ZZK.WORLD,World,world,2014,.51199996
ZZK.WORLD,World,world,2015,.51999998
ZZK.WORLD,World,world,2016,.52499998
ZZK.WORLD,World,world,2017,.52900004
ZZK.WORLD,World,world,2018,.53299999
ZZK.WORLD,World,world,2019,.53600001
ZZK.WORLD,World,world,2020,.54100001
ZZK.WORLD,World,world,2021,.542
ZZK.WORLD,World,world,2022,.54299998
ZZK.WORLD,World,world,2023,.54499996
