iso3,area_name,area_type,year,eys
AFG,Afghanistan,country,1990,2.93646
AFG,Afghanistan,country,1991,3.2284563
AFG,Afghanistan,country,1992,3.5204523
AFG,Afghanistan,country,1993,3.8124485
AFG,Afghanistan,country,1994,4.1044445
AFG,Afghanistan,country,1995,4.396441
AFG,Afghanistan,country,1996,4.688437
AFG,Afghanistan,country,1997,4.980433
AFG,Afghanistan,country,1998,5.272429
AFG,Afghanistan,country,1999,5.5644255
AFG,Afghanistan,country,2000,5.8564215
AFG,Afghanistan,country,2001,6.1484175
AFG,Afghanistan,country,2002,6.440414
AFG,Afghanistan,country,2003,6.73241
AFG,Afghanistan,country,2004,7.60043
AFG,Afghanistan,country,2005,7.8580298
AFG,Afghanistan,country,2006,8.1156301
AFG,Afghanistan,country,2007,8.37323
AFG,Afghanistan,country,2008,8.6308298
AFG,Afghanistan,country,2009,8.8884296
AFG,Afghanistan,country,2010,9.18081
AFG,Afghanistan,country,2011,9.4731903
AFG,Afghanistan,country,2012,9.8036871
AFG,Afghanistan,country,2013,10.134183
AFG,Afghanistan,country,2014,10.46468
AFG,Afghanistan,country,2015,10.482975
AFG,Afghanistan,country,2016,10.50127
AFG,Afghanistan,country,2017,10.519565
AFG,Afghanistan,country,2018,10.53786
AFG,Afghanistan,country,2019,10.621292
AFG,Afghanistan,country,2020,10.705385
AFG,Afghanistan,country,2021,10.790143
AFG,Afghanistan,country,2022,10.790143
AFG,Afghanistan,country,2023,10.790143
AGO,Angola,country,1990,3.75563
AGO,Angola,country,1991,3.52144
AGO,Angola,country,1992,3.48809
AGO,Angola,country,1993,3.5680552
AGO,Angola,country,1994,3.64802
AGO,Angola,country,1995,3.7279849
AGO,Angola,country,1996,3.80795
AGO,Angola,country,1997,3.8879149
AGO,Angola,country,1998,3.96788
AGO,Angola,country,1999,4.3948584
AGO,Angola,country,2000,4.8218369
AGO,Angola,country,2001,5.2488151
AGO,Angola,country,2002,5.6757936
AGO,Angola,country,2003,6.1027718
AGO,Angola,country,2004,6.5297503
AGO,Angola,country,2005,6.9567285
AGO,Angola,country,2006,7.383707
AGO,Angola,country,2007,7.8106852
AGO,Angola,country,2008,8.2376633
AGO,Angola,country,2009,8.6646423
AGO,Angola,country,2010,9.0916204
AGO,Angola,country,2011,10.07282
AGO,Angola,country,2012,10.4918
AGO,Angola,country,2013,10.9107
AGO,Angola,country,2014,11.3297
AGO,Angola,country,2015,11.7487
AGO,Angola,country,2016,12.167637
AGO,Angola,country,2017,12.1676
AGO,Angola,country,2018,12.1676
AGO,Angola,country,2019,12.1676
AGO,Angola,country,2020,12.1676
AGO,Angola,country,2021,12.1676
AGO,Angola,country,2022,12.1676
AGO,Angola,country,2023,12.1676
ALB,Albania,country,1990,11.57934
ALB,Albania,country,1991,11.7813
ALB,Albania,country,1992,10.65801
ALB,Albania,country,1993,10.07354
ALB,Albania,country,1994,9.9926596
ALB,Albania,country,1995,10.05914
ALB,Albania,country,1996,10.1615
ALB,Albania,country,1997,10.36506
ALB,Albania,country,1998,10.54819
ALB,Albania,country,1999,10.63376
ALB,Albania,country,2000,10.821223
ALB,Albania,country,2001,11.008687
ALB,Albania,country,2002,11.19615
ALB,Albania,country,2003,11.43404
ALB,Albania,country,2004,11.44725
ALB,Albania,country,2005,12.03781
ALB,Albania,country,2006,12.27568
ALB,Albania,country,2007,12.54864
ALB,Albania,country,2008,12.62778
ALB,Albania,country,2009,12.88274
ALB,Albania,country,2010,13.6957
ALB,Albania,country,2011,14.49334
ALB,Albania,country,2012,15.18676
ALB,Albania,country,2013,15.41787
ALB,Albania,country,2014,15.72037
ALB,Albania,country,2015,15.45318
ALB,Albania,country,2016,15.07174
ALB,Albania,country,2017,14.97856
ALB,Albania,country,2018,14.86655
ALB,Albania,country,2019,15.04347
ALB,Albania,country,2020,14.73485
ALB,Albania,country,2021,14.60937
ALB,Albania,country,2022,14.6701
ALB,Albania,country,2023,14.51015
AND,Andorra,country,1990,9.5671673
AND,Andorra,country,1991,9.6608706
AND,Andorra,country,1992,9.7554913
AND,Andorra,country,1993,9.8510389
AND,Andorra,country,1994,9.9475231
AND,Andorra,country,1995,10.044951
AND,Andorra,country,1996,10.143334
AND,Andorra,country,1997,10.242681
AND,Andorra,country,1998,10.343
AND,Andorra,country,1999,10.444302
AND,Andorra,country,2000,10.546597
AND,Andorra,country,2001,10.649892
AND,Andorra,country,2002,10.7542
AND,Andorra,country,2003,10.59715
AND,Andorra,country,2004,10.46099
AND,Andorra,country,2005,10.48632
AND,Andorra,country,2006,10.65848
AND,Andorra,country,2007,11.272244
AND,Andorra,country,2008,11.88601
AND,Andorra,country,2009,12.099028
AND,Andorra,country,2010,12.312045
AND,Andorra,country,2011,12.525063
AND,Andorra,country,2012,12.73808
AND,Andorra,country,2013,11.50372
AND,Andorra,country,2014,11.60804
AND,Andorra,country,2015,11.80185
AND,Andorra,country,2016,11.97064
AND,Andorra,country,2017,11.92259
AND,Andorra,country,2018,11.92751
AND,Andorra,country,2019,11.92631
AND,Andorra,country,2020,11.91193
AND,Andorra,country,2021,11.98771
AND,Andorra,country,2022,12.78378
AND,Andorra,country,2023,14.54279
ARE,United Arab Emirates,country,1990,9.6834602
ARE,United Arab Emirates,country,1991,10.05986
ARE,United Arab Emirates,country,1992,10.09361
ARE,United Arab Emirates,country,1993,10.28631
ARE,United Arab Emirates,country,1994,10.292026
ARE,United Arab Emirates,country,1995,10.29774
ARE,United Arab Emirates,country,1996,10.303455
ARE,United Arab Emirates,country,1997,10.30917
ARE,United Arab Emirates,country,1998,10.314885
ARE,United Arab Emirates,country,1999,10.320601
ARE,United Arab Emirates,country,2000,10.326315
ARE,United Arab Emirates,country,2001,10.33203
ARE,United Arab Emirates,country,2002,10.337746
ARE,United Arab Emirates,country,2003,10.34346
ARE,United Arab Emirates,country,2004,10.349175
ARE,United Arab Emirates,country,2005,10.35489
ARE,United Arab Emirates,country,2006,10.360605
ARE,United Arab Emirates,country,2007,10.366321
ARE,United Arab Emirates,country,2008,10.372035
ARE,United Arab Emirates,country,2009,10.37775
ARE,United Arab Emirates,country,2010,10.383465
ARE,United Arab Emirates,country,2011,10.38918
ARE,United Arab Emirates,country,2012,10.59853
ARE,United Arab Emirates,country,2013,10.60554
ARE,United Arab Emirates,country,2014,11.02308
ARE,United Arab Emirates,country,2015,11.03813
ARE,United Arab Emirates,country,2016,11.05318
ARE,United Arab Emirates,country,2017,11.60004
ARE,United Arab Emirates,country,2018,12.544366
ARE,United Arab Emirates,country,2019,13.48869
ARE,United Arab Emirates,country,2020,13.52028
ARE,United Arab Emirates,country,2021,14.21405
ARE,United Arab Emirates,country,2022,14.90782
ARE,United Arab Emirates,country,2023,15.60159
ARG,Argentina,country,1990,13.392489
ARG,Argentina,country,1991,13.35244
ARG,Argentina,country,1992,13.31251
ARG,Argentina,country,1993,13.27258
ARG,Argentina,country,1994,13.23265
ARG,Argentina,country,1995,13.454255
ARG,Argentina,country,1996,13.67586
ARG,Argentina,country,1997,13.897465
ARG,Argentina,country,1998,14.11907
ARG,Argentina,country,1999,15.17326
ARG,Argentina,country,2000,15.68757
ARG,Argentina,country,2001,16.30578
ARG,Argentina,country,2002,16.392509
ARG,Argentina,country,2003,16.26639
ARG,Argentina,country,2004,16.298981
ARG,Argentina,country,2005,16.018459
ARG,Argentina,country,2006,16.173731
ARG,Argentina,country,2007,16.18906
ARG,Argentina,country,2008,16.381809
ARG,Argentina,country,2009,16.71003
ARG,Argentina,country,2010,17.02878
ARG,Argentina,country,2011,17.26372
ARG,Argentina,country,2012,17.235359
ARG,Argentina,country,2013,17.233959
ARG,Argentina,country,2014,17.422319
ARG,Argentina,country,2015,17.58466
ARG,Argentina,country,2016,17.857731
ARG,Argentina,country,2017,17.84297
ARG,Argentina,country,2018,17.857821
ARG,Argentina,country,2019,18.08637
ARG,Argentina,country,2020,18.36116
ARG,Argentina,country,2021,18.979509
ARG,Argentina,country,2022,18.831209
ARG,Argentina,country,2023,18.831209
ARM,Armenia,country,1990,11.20504
ARM,Armenia,country,1991,10.74901
ARM,Armenia,country,1992,10.31154
ARM,Armenia,country,1993,10.7276
ARM,Armenia,country,1994,10.47511
ARM,Armenia,country,1995,10.17512
ARM,Armenia,country,1996,9.8751297
ARM,Armenia,country,1997,10.15094
ARM,Armenia,country,1998,10.73043
ARM,Armenia,country,1999,10.87101
ARM,Armenia,country,2000,10.72482
ARM,Armenia,country,2001,10.50561
ARM,Armenia,country,2002,10.54656
ARM,Armenia,country,2003,10.58751
ARM,Armenia,country,2004,10.62846
ARM,Armenia,country,2005,10.88077
ARM,Armenia,country,2006,11.33534
ARM,Armenia,country,2007,11.92839
ARM,Armenia,country,2008,11.69702
ARM,Armenia,country,2009,12.23158
ARM,Armenia,country,2010,12.42602
ARM,Armenia,country,2011,12.55574
ARM,Armenia,country,2012,12.8528
ARM,Armenia,country,2013,12.80136
ARM,Armenia,country,2014,13.07811
ARM,Armenia,country,2015,13.13249
ARM,Armenia,country,2016,13.57668
ARM,Armenia,country,2017,13.76866
ARM,Armenia,country,2018,13.82147
ARM,Armenia,country,2019,13.99892
ARM,Armenia,country,2020,14.07797
ARM,Armenia,country,2021,14.43038
ARM,Armenia,country,2022,14.40561
ARM,Armenia,country,2023,14.38385
ATG,Antigua and Barbuda,country,1990,
ATG,Antigua and Barbuda,country,1991,
ATG,Antigua and Barbuda,country,1992,
ATG,Antigua and Barbuda,country,1993,
ATG,Antigua and Barbuda,country,1994,
ATG,Antigua and Barbuda,country,1995,
ATG,Antigua and Barbuda,country,1996,
ATG,Antigua and Barbuda,country,1997,
ATG,Antigua and Barbuda,country,1998,
ATG,Antigua and Barbuda,country,1999,
ATG,Antigua and Barbuda,country,2000,
ATG,Antigua and Barbuda,country,2001,
ATG,Antigua and Barbuda,country,2002,
ATG,Antigua and Barbuda,country,2003,
ATG,Antigua and Barbuda,country,2004,
ATG,Antigua and Barbuda,country,2005,
ATG,Antigua and Barbuda,country,2006,
ATG,Antigua and Barbuda,country,2007,15.63976
ATG,Antigua and Barbuda,country,2008,15.56514
ATG,Antigua and Barbuda,country,2009,15.49052
ATG,Antigua and Barbuda,country,2010,15.58387
ATG,Antigua and Barbuda,country,2011,15.3088
ATG,Antigua and Barbuda,country,2012,15.58716
ATG,Antigua and Barbuda,country,2013,15.577786
ATG,Antigua and Barbuda,country,2014,15.568419
ATG,Antigua and Barbuda,country,2015,15.559055
ATG,Antigua and Barbuda,country,2016,15.549699
ATG,Antigua and Barbuda,country,2017,15.540348
ATG,Antigua and Barbuda,country,2018,15.531002
ATG,Antigua and Barbuda,country,2019,15.521662
ATG,Antigua and Barbuda,country,2020,15.512328
ATG,Antigua and Barbuda,country,2021,15.502999
ATG,Antigua and Barbuda,country,2022,15.502999
ATG,Antigua and Barbuda,country,2023,15.502999
AUS,Australia,country,1990,17.432936
AUS,Australia,country,1991,17.432434
AUS,Australia,country,1992,17.431932
AUS,Australia,country,1993,17.431431
AUS,Australia,country,1994,17.430929
AUS,Australia,country,1995,18.97003
AUS,Australia,country,1996,19.51166
AUS,Australia,country,1997,20.286289
AUS,Australia,country,1998,20.450811
AUS,Australia,country,1999,20.615334
AUS,Australia,country,2000,20.779854
AUS,Australia,country,2001,20.944376
AUS,Australia,country,2002,21.108898
AUS,Australia,country,2003,21.27342
AUS,Australia,country,2004,21.437941
AUS,Australia,country,2005,21.602463
AUS,Australia,country,2006,21.766985
AUS,Australia,country,2007,21.931507
AUS,Australia,country,2008,22.096029
AUS,Australia,country,2009,22.26055
AUS,Australia,country,2010,22.425072
AUS,Australia,country,2011,22.589594
AUS,Australia,country,2012,22.754116
AUS,Australia,country,2013,22.918636
AUS,Australia,country,2014,23.083158
AUS,Australia,country,2015,23.247681
AUS,Australia,country,2016,22.85635
AUS,Australia,country,2017,21.95104
AUS,Australia,country,2018,20.428499
AUS,Australia,country,2019,21.37562
AUS,Australia,country,2020,20.93944
AUS,Australia,country,2021,21.080021
AUS,Australia,country,2022,20.654779
AUS,Australia,country,2023,20.654779
AUT,Austria,country,1990,13.84039
AUT,Austria,country,1991,13.93497
AUT,Austria,country,1992,14.23006
AUT,Austria,country,1993,14.41881
AUT,Austria,country,1994,14.62076
AUT,Austria,country,1995,14.82771
AUT,Austria,country,1996,14.96806
AUT,Austria,country,1997,15.00073
AUT,Austria,country,1998,15.08288
AUT,Austria,country,1999,15.157894
AUT,Austria,country,2000,15.232909
AUT,Austria,country,2001,15.307923
AUT,Austria,country,2002,15.382937
AUT,Austria,country,2003,15.457952
AUT,Austria,country,2004,15.532967
AUT,Austria,country,2005,15.607981
AUT,Austria,country,2006,15.682996
AUT,Austria,country,2007,15.75801
AUT,Austria,country,2008,15.86115
AUT,Austria,country,2009,15.86687
AUT,Austria,country,2010,16.129339
AUT,Austria,country,2011,16.17313
AUT,Austria,country,2012,16.304501
AUT,Austria,country,2013,16.037041
AUT,Austria,country,2014,16.022249
AUT,Austria,country,2015,16.033131
AUT,Austria,country,2016,15.89676
AUT,Austria,country,2017,15.94421
AUT,Austria,country,2018,16.02191
AUT,Austria,country,2019,16.07625
AUT,Austria,country,2020,16.12447
AUT,Austria,country,2021,16.36746
AUT,Austria,country,2022,16.284281
AUT,Austria,country,2023,16.284281
AZE,Azerbaijan,country,1990,11.280009
AZE,Azerbaijan,country,1991,11.302547
AZE,Azerbaijan,country,1992,11.325131
AZE,Azerbaijan,country,1993,11.34776
AZE,Azerbaijan,country,1994,11.370434
AZE,Azerbaijan,country,1995,11.393153
AZE,Azerbaijan,country,1996,11.415917
AZE,Azerbaijan,country,1997,11.438727
AZE,Azerbaijan,country,1998,11.461583
AZE,Azerbaijan,country,1999,11.484485
AZE,Azerbaijan,country,2000,11.507432
AZE,Azerbaijan,country,2001,11.530424
AZE,Azerbaijan,country,2002,11.553463
AZE,Azerbaijan,country,2003,11.576549
AZE,Azerbaijan,country,2004,11.599679
AZE,Azerbaijan,country,2005,11.622856
AZE,Azerbaijan,country,2006,11.64608
AZE,Azerbaijan,country,2007,11.59285
AZE,Azerbaijan,country,2008,11.63707
AZE,Azerbaijan,country,2009,11.73508
AZE,Azerbaijan,country,2010,11.65658
AZE,Azerbaijan,country,2011,11.76165
AZE,Azerbaijan,country,2012,11.94022
AZE,Azerbaijan,country,2013,12.20462
AZE,Azerbaijan,country,2014,12.65772
AZE,Azerbaijan,country,2015,13.01394
AZE,Azerbaijan,country,2016,13.18968
AZE,Azerbaijan,country,2017,13.33091
AZE,Azerbaijan,country,2018,13.32077
AZE,Azerbaijan,country,2019,13.48278
AZE,Azerbaijan,country,2020,12.63231
AZE,Azerbaijan,country,2021,12.67786
AZE,Azerbaijan,country,2022,12.70971
AZE,Azerbaijan,country,2023,12.90978
BDI,Burundi,country,1990,4.2189002
BDI,Burundi,country,1991,4.3334899
BDI,Burundi,country,1992,4.2030501
BDI,Burundi,country,1993,4.4798298
BDI,Burundi,country,1994,4.4969635
BDI,Burundi,country,1995,4.5140972
BDI,Burundi,country,1996,4.5312309
BDI,Burundi,country,1997,4.5483651
BDI,Burundi,country,1998,4.5654988
BDI,Burundi,country,1999,4.5826325
BDI,Burundi,country,2000,4.5997663
BDI,Burundi,country,2001,4.6169
BDI,Burundi,country,2002,5.0574198
BDI,Burundi,country,2003,5.5236249
BDI,Burundi,country,2004,5.98983
BDI,Burundi,country,2005,6.3691101
BDI,Burundi,country,2006,7.85531
BDI,Burundi,country,2007,8.6309099
BDI,Burundi,country,2008,9.34058
BDI,Burundi,country,2009,10.05025
BDI,Burundi,country,2010,10.51726
BDI,Burundi,country,2011,10.69896
BDI,Burundi,country,2012,10.88066
BDI,Burundi,country,2013,10.99708
BDI,Burundi,country,2014,11.12873
BDI,Burundi,country,2015,11.1535
BDI,Burundi,country,2016,11.11638
BDI,Burundi,country,2017,10.48185
BDI,Burundi,country,2018,10.24604
BDI,Burundi,country,2019,10.105242
BDI,Burundi,country,2020,9.9663792
BDI,Burundi,country,2021,9.8294239
BDI,Burundi,country,2022,9.8294239
BDI,Burundi,country,2023,9.8294239
BEL,Belgium,country,1990,14.09537
BEL,Belgium,country,1991,14.17917
BEL,Belgium,country,1992,15.448935
BEL,Belgium,country,1993,16.7187
BEL,Belgium,country,1994,17.01413
BEL,Belgium,country,1995,17.40259
BEL,Belgium,country,1996,17.68018
BEL,Belgium,country,1997,17.654573
BEL,Belgium,country,1998,17.628965
BEL,Belgium,country,1999,17.603359
BEL,Belgium,country,2000,17.771311
BEL,Belgium,country,2001,18.309851
BEL,Belgium,country,2002,18.482849
BEL,Belgium,country,2003,18.702921
BEL,Belgium,country,2004,18.480709
BEL,Belgium,country,2005,18.83531
BEL,Belgium,country,2006,19.054079
BEL,Belgium,country,2007,19.099119
BEL,Belgium,country,2008,19.13726
BEL,Belgium,country,2009,19.16604
BEL,Belgium,country,2010,19.21768
BEL,Belgium,country,2011,19.04888
BEL,Belgium,country,2012,19.160101
BEL,Belgium,country,2013,19.35096
BEL,Belgium,country,2014,19.707769
BEL,Belgium,country,2015,19.79196
BEL,Belgium,country,2016,19.65691
BEL,Belgium,country,2017,19.761021
BEL,Belgium,country,2018,19.561489
BEL,Belgium,country,2019,19.56839
BEL,Belgium,country,2020,19.27527
BEL,Belgium,country,2021,18.94574
BEL,Belgium,country,2022,18.996031
BEL,Belgium,country,2023,18.996031
BEN,Benin,country,1990,4.8149753
BEN,Benin,country,1991,4.9555464
BEN,Benin,country,1992,5.1002216
BEN,Benin,country,1993,5.2491207
BEN,Benin,country,1994,5.4023666
BEN,Benin,country,1995,5.5600867
BEN,Benin,country,1996,5.7224116
BEN,Benin,country,1997,5.8995142
BEN,Benin,country,1998,6.0766172
BEN,Benin,country,1999,6.2537198
BEN,Benin,country,2000,6.5167198
BEN,Benin,country,2001,7.1189499
BEN,Benin,country,2002,7.5808401
BEN,Benin,country,2003,7.9860301
BEN,Benin,country,2004,8.3769197
BEN,Benin,country,2005,8.7624569
BEN,Benin,country,2006,9.147994
BEN,Benin,country,2007,9.5335312
BEN,Benin,country,2008,9.9190683
BEN,Benin,country,2009,10.304605
BEN,Benin,country,2010,10.690143
BEN,Benin,country,2011,11.07568
BEN,Benin,country,2012,11.59101
BEN,Benin,country,2013,12.10634
BEN,Benin,country,2014,12.1255
BEN,Benin,country,2015,12.34691
BEN,Benin,country,2016,12.16425
BEN,Benin,country,2017,11.698833
BEN,Benin,country,2018,11.233416
BEN,Benin,country,2019,10.767998
BEN,Benin,country,2020,10.30258
BEN,Benin,country,2021,10.37161
BEN,Benin,country,2022,10.44648
BEN,Benin,country,2023,10.44648
BFA,Burkina Faso,country,1990,2.41169
BFA,Burkina Faso,country,1991,2.5239999
BFA,Burkina Faso,country,1992,2.5869401
BFA,Burkina Faso,country,1993,2.67468
BFA,Burkina Faso,country,1994,2.7881601
BFA,Burkina Faso,country,1995,2.8873541
BFA,Burkina Faso,country,1996,2.9865482
BFA,Burkina Faso,country,1997,3.085742
BFA,Burkina Faso,country,1998,3.184936
BFA,Burkina Faso,country,1999,3.2841301
BFA,Burkina Faso,country,2000,3.3678401
BFA,Burkina Faso,country,2001,3.45155
BFA,Burkina Faso,country,2002,3.6071
BFA,Burkina Faso,country,2003,3.76265
BFA,Burkina Faso,country,2004,4.1315899
BFA,Burkina Faso,country,2005,4.5005298
BFA,Burkina Faso,country,2006,4.77876
BFA,Burkina Faso,country,2007,5.2309299
BFA,Burkina Faso,country,2008,5.7044201
BFA,Burkina Faso,country,2009,6.1314998
BFA,Burkina Faso,country,2010,6.5573301
BFA,Burkina Faso,country,2011,7.0033498
BFA,Burkina Faso,country,2012,7.3001399
BFA,Burkina Faso,country,2013,7.5440001
BFA,Burkina Faso,country,2014,7.6760402
BFA,Burkina Faso,country,2015,8.0380402
BFA,Burkina Faso,country,2016,8.2672195
BFA,Burkina Faso,country,2017,8.6154604
BFA,Burkina Faso,country,2018,8.9479303
BFA,Burkina Faso,country,2019,8.9136801
BFA,Burkina Faso,country,2020,8.7778902
BFA,Burkina Faso,country,2021,8.7333403
BFA,Burkina Faso,country,2022,8.7333403
BFA,Burkina Faso,country,2023,8.7333403
BGD,Bangladesh,country,1990,5.5401001
BGD,Bangladesh,country,1991,5.742723
BGD,Bangladesh,country,1992,5.9453454
BGD,Bangladesh,country,1993,6.1479683
BGD,Bangladesh,country,1994,6.3505907
BGD,Bangladesh,country,1995,6.5532136
BGD,Bangladesh,country,1996,6.755836
BGD,Bangladesh,country,1997,6.9584589
BGD,Bangladesh,country,1998,7.1610813
BGD,Bangladesh,country,1999,7.3637042
BGD,Bangladesh,country,2000,7.5663266
BGD,Bangladesh,country,2001,7.7689495
BGD,Bangladesh,country,2002,7.9715719
BGD,Bangladesh,country,2003,8.1741943
BGD,Bangladesh,country,2004,8.3768177
BGD,Bangladesh,country,2005,8.5794401
BGD,Bangladesh,country,2006,8.65802
BGD,Bangladesh,country,2007,8.66994
BGD,Bangladesh,country,2008,8.4113703
BGD,Bangladesh,country,2009,8.9488297
BGD,Bangladesh,country,2010,9.2988558
BGD,Bangladesh,country,2011,9.648881
BGD,Bangladesh,country,2012,9.9989071
BGD,Bangladesh,country,2013,10.348932
BGD,Bangladesh,country,2014,10.698958
BGD,Bangladesh,country,2015,11.048984
BGD,Bangladesh,country,2016,11.39901
BGD,Bangladesh,country,2017,10.91989
BGD,Bangladesh,country,2018,11.39919
BGD,Bangladesh,country,2019,11.67276
BGD,Bangladesh,country,2020,11.94633
BGD,Bangladesh,country,2021,12.128249
BGD,Bangladesh,country,2022,12.310168
BGD,Bangladesh,country,2023,12.310168
BGR,Bulgaria,country,1990,12.29901
BGR,Bulgaria,country,1991,12.3546
BGR,Bulgaria,country,1992,12.12902
BGR,Bulgaria,country,1993,12.01152
BGR,Bulgaria,country,1994,11.88076
BGR,Bulgaria,country,1995,12.17437
BGR,Bulgaria,country,1996,12.51595
BGR,Bulgaria,country,1997,12.61157
BGR,Bulgaria,country,1998,12.7276
BGR,Bulgaria,country,1999,12.89876
BGR,Bulgaria,country,2000,12.80523
BGR,Bulgaria,country,2001,12.79557
BGR,Bulgaria,country,2002,13.19983
BGR,Bulgaria,country,2003,13.66489
BGR,Bulgaria,country,2004,13.87142
BGR,Bulgaria,country,2005,14.02011
BGR,Bulgaria,country,2006,14.08424
BGR,Bulgaria,country,2007,14.25047
BGR,Bulgaria,country,2008,14.18345
BGR,Bulgaria,country,2009,14.23392
BGR,Bulgaria,country,2010,14.48367
BGR,Bulgaria,country,2011,14.58668
BGR,Bulgaria,country,2012,14.5694
BGR,Bulgaria,country,2013,15.06063
BGR,Bulgaria,country,2014,15.4975
BGR,Bulgaria,country,2015,15.60958
BGR,Bulgaria,country,2016,15.56826
BGR,Bulgaria,country,2017,15.59178
BGR,Bulgaria,country,2018,15.62247
BGR,Bulgaria,country,2019,15.59499
BGR,Bulgaria,country,2020,15.61782
BGR,Bulgaria,country,2021,15.40402
BGR,Bulgaria,country,2022,15.31664
BGR,Bulgaria,country,2023,15.31664
BHR,Bahrain,country,1990,13.294898
BHR,Bahrain,country,1991,12.49958
BHR,Bahrain,country,1992,11.75184
BHR,Bahrain,country,1993,11.54894
BHR,Bahrain,country,1994,11.29163
BHR,Bahrain,country,1995,11.17032
BHR,Bahrain,country,1996,11.00929
BHR,Bahrain,country,1997,11.060607
BHR,Bahrain,country,1998,11.111923
BHR,Bahrain,country,1999,11.16324
BHR,Bahrain,country,2000,11.617525
BHR,Bahrain,country,2001,12.071811
BHR,Bahrain,country,2002,12.526095
BHR,Bahrain,country,2003,12.98038
BHR,Bahrain,country,2004,12.56598
BHR,Bahrain,country,2005,12.15158
BHR,Bahrain,country,2006,12.40689
BHR,Bahrain,country,2007,12.652532
BHR,Bahrain,country,2008,12.898174
BHR,Bahrain,country,2009,13.143816
BHR,Bahrain,country,2010,13.389459
BHR,Bahrain,country,2011,13.6351
BHR,Bahrain,country,2012,14.04588
BHR,Bahrain,country,2013,14.66265
BHR,Bahrain,country,2014,14.44706
BHR,Bahrain,country,2015,16.0688
BHR,Bahrain,country,2016,16.04702
BHR,Bahrain,country,2017,16.061581
BHR,Bahrain,country,2018,16.065109
BHR,Bahrain,country,2019,16.437
BHR,Bahrain,country,2020,16.391228
BHR,Bahrain,country,2021,16.345453
BHR,Bahrain,country,2022,16.299681
BHR,Bahrain,country,2023,15.92719
BHS,Bahamas,country,1990,11.292234
BHS,Bahamas,country,1991,11.309246
BHS,Bahamas,country,1992,11.326283
BHS,Bahamas,country,1993,11.343347
BHS,Bahamas,country,1994,11.360435
BHS,Bahamas,country,1995,11.37755
BHS,Bahamas,country,1996,11.394691
BHS,Bahamas,country,1997,11.411857
BHS,Bahamas,country,1998,11.429049
BHS,Bahamas,country,1999,11.446266
BHS,Bahamas,country,2000,11.463511
BHS,Bahamas,country,2001,11.48078
BHS,Bahamas,country,2002,11.498075
BHS,Bahamas,country,2003,11.515398
BHS,Bahamas,country,2004,11.532745
BHS,Bahamas,country,2005,11.550119
BHS,Bahamas,country,2006,11.56752
BHS,Bahamas,country,2007,11.584947
BHS,Bahamas,country,2008,11.602399
BHS,Bahamas,country,2009,11.619879
BHS,Bahamas,country,2010,11.637383
BHS,Bahamas,country,2011,11.654916
BHS,Bahamas,country,2012,11.672474
BHS,Bahamas,country,2013,11.690058
BHS,Bahamas,country,2014,11.707643
BHS,Bahamas,country,2015,11.725227
BHS,Bahamas,country,2016,11.742812
BHS,Bahamas,country,2017,11.760397
BHS,Bahamas,country,2018,11.804058
BHS,Bahamas,country,2019,11.847718
BHS,Bahamas,country,2020,11.891379
BHS,Bahamas,country,2021,11.891379
BHS,Bahamas,country,2022,11.891379
BHS,Bahamas,country,2023,11.891379
BIH,Bosnia and Herzegovina,country,1990,
BIH,Bosnia and Herzegovina,country,1991,
BIH,Bosnia and Herzegovina,country,1992,
BIH,Bosnia and Herzegovina,country,1993,
BIH,Bosnia and Herzegovina,country,1994,
BIH,Bosnia and Herzegovina,country,1995,
BIH,Bosnia and Herzegovina,country,1996,
BIH,Bosnia and Herzegovina,country,1997,
BIH,Bosnia and Herzegovina,country,1998,
BIH,Bosnia and Herzegovina,country,1999,
BIH,Bosnia and Herzegovina,country,2000,11.279864
BIH,Bosnia and Herzegovina,country,2001,11.441115
BIH,Bosnia and Herzegovina,country,2002,11.604671
BIH,Bosnia and Herzegovina,country,2003,11.770566
BIH,Bosnia and Herzegovina,country,2004,11.938832
BIH,Bosnia and Herzegovina,country,2005,12.109504
BIH,Bosnia and Herzegovina,country,2006,12.282615
BIH,Bosnia and Herzegovina,country,2007,12.4582
BIH,Bosnia and Herzegovina,country,2008,12.83284
BIH,Bosnia and Herzegovina,country,2009,12.91891
BIH,Bosnia and Herzegovina,country,2010,12.95133
BIH,Bosnia and Herzegovina,country,2011,13.18473
BIH,Bosnia and Herzegovina,country,2012,13.37153
BIH,Bosnia and Herzegovina,country,2013,13.61659
BIH,Bosnia and Herzegovina,country,2014,13.646
BIH,Bosnia and Herzegovina,country,2015,13.62532
BIH,Bosnia and Herzegovina,country,2016,13.62438
BIH,Bosnia and Herzegovina,country,2017,13.62747
BIH,Bosnia and Herzegovina,country,2018,13.57778
BIH,Bosnia and Herzegovina,country,2019,13.44087
BIH,Bosnia and Herzegovina,country,2020,13.25509
BIH,Bosnia and Herzegovina,country,2021,13.27676
BIH,Bosnia and Herzegovina,country,2022,13.27706
BIH,Bosnia and Herzegovina,country,2023,13.16394
BLR,Belarus,country,1990,12.5394
BLR,Belarus,country,1991,12.34269
BLR,Belarus,country,1992,12.08435
BLR,Belarus,country,1993,12.00782
BLR,Belarus,country,1994,11.95841
BLR,Belarus,country,1995,12.00145
BLR,Belarus,country,1996,12.36344
BLR,Belarus,country,1997,12.48472
BLR,Belarus,country,1998,12.49039
BLR,Belarus,country,1999,12.867142
BLR,Belarus,country,2000,13.243894
BLR,Belarus,country,2001,13.620646
BLR,Belarus,country,2002,13.997396
BLR,Belarus,country,2003,14.374148
BLR,Belarus,country,2004,14.7509
BLR,Belarus,country,2005,14.89752
BLR,Belarus,country,2006,15.0531
BLR,Belarus,country,2007,15.19005
BLR,Belarus,country,2008,15.42843
BLR,Belarus,country,2009,15.5183
BLR,Belarus,country,2010,15.55224
BLR,Belarus,country,2011,15.69523
BLR,Belarus,country,2012,15.77574
BLR,Belarus,country,2013,15.57808
BLR,Belarus,country,2014,15.41368
BLR,Belarus,country,2015,15.26385
BLR,Belarus,country,2016,15.18873
BLR,Belarus,country,2017,15.00545
BLR,Belarus,country,2018,14.67171
BLR,Belarus,country,2019,14.40011
BLR,Belarus,country,2020,14.26484
BLR,Belarus,country,2021,14.19456
BLR,Belarus,country,2022,13.98153
BLR,Belarus,country,2023,13.71881
BLZ,Belize,country,1990,10.143984
BLZ,Belize,country,1991,10.306495
BLZ,Belize,country,1992,10.471608
BLZ,Belize,country,1993,10.639368
BLZ,Belize,country,1994,10.809814
BLZ,Belize,country,1995,10.982992
BLZ,Belize,country,1996,11.158944
BLZ,Belize,country,1997,11.337714
BLZ,Belize,country,1998,11.519349
BLZ,Belize,country,1999,11.703894
BLZ,Belize,country,2000,11.891395
BLZ,Belize,country,2001,12.0819
BLZ,Belize,country,2002,12.46582
BLZ,Belize,country,2003,12.84974
BLZ,Belize,country,2004,13.13245
BLZ,Belize,country,2005,12.57671
BLZ,Belize,country,2006,13.05267
BLZ,Belize,country,2007,12.95251
BLZ,Belize,country,2008,12.8324
BLZ,Belize,country,2009,12.49421
BLZ,Belize,country,2010,12.39899
BLZ,Belize,country,2011,12.49101
BLZ,Belize,country,2012,12.94052
BLZ,Belize,country,2013,12.82243
BLZ,Belize,country,2014,12.81071
BLZ,Belize,country,2015,12.87319
BLZ,Belize,country,2016,13.53082
BLZ,Belize,country,2017,13.24899
BLZ,Belize,country,2018,13.30014
BLZ,Belize,country,2019,13.31602
BLZ,Belize,country,2020,13.16993
BLZ,Belize,country,2021,12.86993
BLZ,Belize,country,2022,12.42657
BLZ,Belize,country,2023,11.9838
BOL,Bolivia (Plurinational State of),country,1990,11.044585
BOL,Bolivia (Plurinational State of),country,1991,11.310894
BOL,Bolivia (Plurinational State of),country,1992,11.583624
BOL,Bolivia (Plurinational State of),country,1993,11.86293
BOL,Bolivia (Plurinational State of),country,1994,12.148972
BOL,Bolivia (Plurinational State of),country,1995,12.44191
BOL,Bolivia (Plurinational State of),country,1996,12.741912
BOL,Bolivia (Plurinational State of),country,1997,13.049147
BOL,Bolivia (Plurinational State of),country,1998,13.363791
BOL,Bolivia (Plurinational State of),country,1999,13.68602
BOL,Bolivia (Plurinational State of),country,2000,14.01602
BOL,Bolivia (Plurinational State of),country,2001,14.58068
BOL,Bolivia (Plurinational State of),country,2002,14.68322
BOL,Bolivia (Plurinational State of),country,2003,14.827875
BOL,Bolivia (Plurinational State of),country,2004,14.97253
BOL,Bolivia (Plurinational State of),country,2005,15.77557
BOL,Bolivia (Plurinational State of),country,2006,15.28323
BOL,Bolivia (Plurinational State of),country,2007,15.51346
BOL,Bolivia (Plurinational State of),country,2008,15.30452
BOL,Bolivia (Plurinational State of),country,2009,15.075661
BOL,Bolivia (Plurinational State of),country,2010,15.161745
BOL,Bolivia (Plurinational State of),country,2011,15.247829
BOL,Bolivia (Plurinational State of),country,2012,14.93242
BOL,Bolivia (Plurinational State of),country,2013,15.81014
BOL,Bolivia (Plurinational State of),country,2014,15.28294
BOL,Bolivia (Plurinational State of),country,2015,14.88113
BOL,Bolivia (Plurinational State of),country,2016,15.30135
BOL,Bolivia (Plurinational State of),country,2017,15.02913
BOL,Bolivia (Plurinational State of),country,2018,15.20069
BOL,Bolivia (Plurinational State of),country,2019,15.448421
BOL,Bolivia (Plurinational State of),country,2020,15.529535
BOL,Bolivia (Plurinational State of),country,2021,15.61065
BOL,Bolivia (Plurinational State of),country,2022,15.61065
BOL,Bolivia (Plurinational State of),country,2023,15.61065
BRA,Brazil,country,1990,14.095109
BRA,Brazil,country,1991,14.144146
BRA,Brazil,country,1992,14.193355
BRA,Brazil,country,1993,14.242734
BRA,Brazil,country,1994,14.292285
BRA,Brazil,country,1995,14.342009
BRA,Brazil,country,1996,14.391905
BRA,Brazil,country,1997,14.441976
BRA,Brazil,country,1998,14.49222
BRA,Brazil,country,1999,14.542639
BRA,Brazil,country,2000,14.593233
BRA,Brazil,country,2001,14.644004
BRA,Brazil,country,2002,14.694951
BRA,Brazil,country,2003,14.746076
BRA,Brazil,country,2004,14.797378
BRA,Brazil,country,2005,14.848859
BRA,Brazil,country,2006,14.900518
BRA,Brazil,country,2007,14.952358
BRA,Brazil,country,2008,15.004378
BRA,Brazil,country,2009,15.05658
BRA,Brazil,country,2010,15.108962
BRA,Brazil,country,2011,15.161527
BRA,Brazil,country,2012,15.214274
BRA,Brazil,country,2013,15.24519
BRA,Brazil,country,2014,15.36814
BRA,Brazil,country,2015,15.2454
BRA,Brazil,country,2016,15.29432
BRA,Brazil,country,2017,15.40702
BRA,Brazil,country,2018,15.50376
BRA,Brazil,country,2019,15.44937
BRA,Brazil,country,2020,15.44596
BRA,Brazil,country,2021,15.5788
BRA,Brazil,country,2022,15.79271
BRA,Brazil,country,2023,15.79271
BRB,Barbados,country,1990,12.94987
BRB,Barbados,country,1991,13.087018
BRB,Barbados,country,1992,13.224166
BRB,Barbados,country,1993,13.361314
BRB,Barbados,country,1994,13.498462
BRB,Barbados,country,1995,13.635609
BRB,Barbados,country,1996,13.772757
BRB,Barbados,country,1997,13.909904
BRB,Barbados,country,1998,14.047052
BRB,Barbados,country,1999,14.1842
BRB,Barbados,country,2000,14.26735
BRB,Barbados,country,2001,14.36353
BRB,Barbados,country,2002,14.53754
BRB,Barbados,country,2003,14.71155
BRB,Barbados,country,2004,14.88556
BRB,Barbados,country,2005,15.05957
BRB,Barbados,country,2006,15.23358
BRB,Barbados,country,2007,15.40759
BRB,Barbados,country,2008,15.694345
BRB,Barbados,country,2009,15.9811
BRB,Barbados,country,2010,15.71967
BRB,Barbados,country,2011,15.68015
BRB,Barbados,country,2012,15.772451
BRB,Barbados,country,2013,15.865296
BRB,Barbados,country,2014,15.958688
BRB,Barbados,country,2015,16.052628
BRB,Barbados,country,2016,16.147123
BRB,Barbados,country,2017,16.242172
BRB,Barbados,country,2018,16.337782
BRB,Barbados,country,2019,16.433954
BRB,Barbados,country,2020,16.530693
BRB,Barbados,country,2021,16.628002
BRB,Barbados,country,2022,16.628002
BRB,Barbados,country,2023,16.628002
BRN,Brunei Darussalam,country,1990,12.601077
BRN,Brunei Darussalam,country,1991,12.407644
BRN,Brunei Darussalam,country,1992,12.21718
BRN,Brunei Darussalam,country,1993,12.02964
BRN,Brunei Darussalam,country,1994,11.76174
BRN,Brunei Darussalam,country,1995,11.651987
BRN,Brunei Darussalam,country,1996,11.542235
BRN,Brunei Darussalam,country,1997,11.432483
BRN,Brunei Darussalam,country,1998,11.32273
BRN,Brunei Darussalam,country,1999,11.57223
BRN,Brunei Darussalam,country,2000,11.53234
BRN,Brunei Darussalam,country,2001,11.6316
BRN,Brunei Darussalam,country,2002,11.85078
BRN,Brunei Darussalam,country,2003,12.22158
BRN,Brunei Darussalam,country,2004,12.60894
BRN,Brunei Darussalam,country,2005,12.88779
BRN,Brunei Darussalam,country,2006,13.25531
BRN,Brunei Darussalam,country,2007,13.42672
BRN,Brunei Darussalam,country,2008,13.53855
BRN,Brunei Darussalam,country,2009,13.80313
BRN,Brunei Darussalam,country,2010,13.87399
BRN,Brunei Darussalam,country,2011,14.19474
BRN,Brunei Darussalam,country,2012,14.7485
BRN,Brunei Darussalam,country,2013,14.7433
BRN,Brunei Darussalam,country,2014,14.63543
BRN,Brunei Darussalam,country,2015,14.33632
BRN,Brunei Darussalam,country,2016,14.21237
BRN,Brunei Darussalam,country,2017,14.06845
BRN,Brunei Darussalam,country,2018,13.94053
BRN,Brunei Darussalam,country,2019,13.76078
BRN,Brunei Darussalam,country,2020,13.69862
BRN,Brunei Darussalam,country,2021,13.69862
BRN,Brunei Darussalam,country,2022,13.69862
BRN,Brunei Darussalam,country,2023,13.69862
BTN,Bhutan,country,1990,5.531229
BTN,Bhutan,country,1991,5.7307768
BTN,Bhutan,country,1992,5.9375229
BTN,Bhutan,country,1993,6.1517282
BTN,Bhutan,country,1994,6.373661
BTN,Bhutan,country,1995,6.603601
BTN,Bhutan,country,1996,6.841836
BTN,Bhutan,country,1997,7.0886655
BTN,Bhutan,country,1998,7.3443999
BTN,Bhutan,country,1999,7.6093602
BTN,Bhutan,country,2000,7.9043999
BTN,Bhutan,country,2001,8.19944
BTN,Bhutan,country,2002,8.4944801
BTN,Bhutan,country,2003,8.7895203
BTN,Bhutan,country,2004,9.0845594
BTN,Bhutan,country,2005,9.3795996
BTN,Bhutan,country,2006,9.8649902
BTN,Bhutan,country,2007,10.37249
BTN,Bhutan,country,2008,10.73237
BTN,Bhutan,country,2009,11.32694
BTN,Bhutan,country,2010,11.80224
BTN,Bhutan,country,2011,12.209
BTN,Bhutan,country,2012,12.54831
BTN,Bhutan,country,2013,12.46309
BTN,Bhutan,country,2014,12.548424
BTN,Bhutan,country,2015,12.633758
BTN,Bhutan,country,2016,12.719092
BTN,Bhutan,country,2017,12.804426
BTN,Bhutan,country,2018,12.88976
BTN,Bhutan,country,2019,12.976831
BTN,Bhutan,country,2020,13.06449
BTN,Bhutan,country,2021,13.152741
BTN,Bhutan,country,2022,13.152741
BTN,Bhutan,country,2023,13.152741
BWA,Botswana,country,1990,10.592206
BWA,Botswana,country,1991,10.55211
BWA,Botswana,country,1992,10.512165
BWA,Botswana,country,1993,10.47222
BWA,Botswana,country,1994,10.34175
BWA,Botswana,country,1995,10.70094
BWA,Botswana,country,1996,10.884684
BWA,Botswana,country,1997,11.068426
BWA,Botswana,country,1998,11.25217
BWA,Botswana,country,1999,11.6383
BWA,Botswana,country,2000,11.74395
BWA,Botswana,country,2001,11.72593
BWA,Botswana,country,2002,11.53738
BWA,Botswana,country,2003,11.59052
BWA,Botswana,country,2004,11.60267
BWA,Botswana,country,2005,11.66911
BWA,Botswana,country,2006,11.83511
BWA,Botswana,country,2007,11.79946
BWA,Botswana,country,2008,11.72973
BWA,Botswana,country,2009,11.706341
BWA,Botswana,country,2010,11.682953
BWA,Botswana,country,2011,11.659564
BWA,Botswana,country,2012,11.636176
BWA,Botswana,country,2013,11.612787
BWA,Botswana,country,2014,11.589399
BWA,Botswana,country,2015,11.56601
BWA,Botswana,country,2016,11.542623
BWA,Botswana,country,2017,11.519234
BWA,Botswana,country,2018,11.495846
BWA,Botswana,country,2019,11.472457
BWA,Botswana,country,2020,11.449069
BWA,Botswana,country,2021,11.42568
BWA,Botswana,country,2022,11.42568
BWA,Botswana,country,2023,11.42568
CAF,Central African Republic,country,1990,5.28056
CAF,Central African Republic,country,1991,4.9187498
CAF,Central African Republic,country,1992,4.0949402
CAF,Central African Republic,country,1993,4.1967769
CAF,Central African Republic,country,1994,4.2986131
CAF,Central African Republic,country,1995,4.4004498
CAF,Central African Republic,country,1996,4.502286
CAF,Central African Republic,country,1997,4.6041226
CAF,Central African Republic,country,1998,4.7059588
CAF,Central African Republic,country,1999,4.8077955
CAF,Central African Republic,country,2000,4.9096317
CAF,Central African Republic,country,2001,5.0114684
CAF,Central African Republic,country,2002,5.1133046
CAF,Central African Republic,country,2003,5.2151413
CAF,Central African Republic,country,2004,5.3169775
CAF,Central African Republic,country,2005,5.4188142
CAF,Central African Republic,country,2006,5.5206504
CAF,Central African Republic,country,2007,5.6224871
CAF,Central African Republic,country,2008,5.7243233
CAF,Central African Republic,country,2009,5.82616
CAF,Central African Republic,country,2010,6.0180702
CAF,Central African Republic,country,2011,6.20998
CAF,Central African Republic,country,2012,6.19064
CAF,Central African Republic,country,2013,6.3179898
CAF,Central African Republic,country,2014,6.4479589
CAF,Central African Republic,country,2015,6.5806022
CAF,Central African Republic,country,2016,6.7159739
CAF,Central African Republic,country,2017,6.8541303
CAF,Central African Republic,country,2018,6.9951291
CAF,Central African Republic,country,2019,7.1390281
CAF,Central African Republic,country,2020,7.2858872
CAF,Central African Republic,country,2021,7.4357677
CAF,Central African Republic,country,2022,7.4357677
CAF,Central African Republic,country,2023,7.4357677
CAN,Canada,country,1990,16.689711
CAN,Canada,country,1991,16.969959
CAN,Canada,country,1992,17.10577
CAN,Canada,country,1993,16.727659
CAN,Canada,country,1994,16.88726
CAN,Canada,country,1995,16.872561
CAN,Canada,country,1996,16.833441
CAN,Canada,country,1997,16.362511
CAN,Canada,country,1998,15.89158
CAN,Canada,country,1999,15.80798
CAN,Canada,country,2000,15.75919
CAN,Canada,country,2001,15.679507
CAN,Canada,country,2002,15.599824
CAN,Canada,country,2003,15.520142
CAN,Canada,country,2004,15.440458
CAN,Canada,country,2005,15.360776
CAN,Canada,country,2006,15.281093
CAN,Canada,country,2007,15.20141
CAN,Canada,country,2008,15.23636
CAN,Canada,country,2009,15.31016
CAN,Canada,country,2010,15.17741
CAN,Canada,country,2011,15.24262
CAN,Canada,country,2012,15.72656
CAN,Canada,country,2013,15.82699
CAN,Canada,country,2014,15.8756
CAN,Canada,country,2015,15.95269
CAN,Canada,country,2016,15.9334
CAN,Canada,country,2017,15.99886
CAN,Canada,country,2018,15.93411
CAN,Canada,country,2019,15.93334
CAN,Canada,country,2020,15.94467
CAN,Canada,country,2021,15.9608
CAN,Canada,country,2022,15.88826
CAN,Canada,country,2023,15.88826
CHE,Switzerland,country,1990,13.49626
CHE,Switzerland,country,1991,13.60527
CHE,Switzerland,country,1992,13.8108
CHE,Switzerland,country,1993,14.12715
CHE,Switzerland,country,1994,14.25086
CHE,Switzerland,country,1995,14.39244
CHE,Switzerland,country,1996,14.45894
CHE,Switzerland,country,1997,14.694385
CHE,Switzerland,country,1998,14.92983
CHE,Switzerland,country,1999,14.97962
CHE,Switzerland,country,2000,15.03797
CHE,Switzerland,country,2001,15.06584
CHE,Switzerland,country,2002,14.96235
CHE,Switzerland,country,2003,15.10202
CHE,Switzerland,country,2004,15.18083
CHE,Switzerland,country,2005,15.22286
CHE,Switzerland,country,2006,15.31325
CHE,Switzerland,country,2007,15.42906
CHE,Switzerland,country,2008,15.48638
CHE,Switzerland,country,2009,15.51602
CHE,Switzerland,country,2010,15.67983
CHE,Switzerland,country,2011,15.67316
CHE,Switzerland,country,2012,15.82801
CHE,Switzerland,country,2013,16.02376
CHE,Switzerland,country,2014,16.08972
CHE,Switzerland,country,2015,16.15568
CHE,Switzerland,country,2016,16.134291
CHE,Switzerland,country,2017,16.1684
CHE,Switzerland,country,2018,16.25905
CHE,Switzerland,country,2019,16.34458
CHE,Switzerland,country,2020,16.433661
CHE,Switzerland,country,2021,16.583731
CHE,Switzerland,country,2022,16.66753
CHE,Switzerland,country,2023,16.66753
CHL,Chile,country,1990,12.747799
CHL,Chile,country,1991,12.73689
CHL,Chile,country,1992,12.72599
CHL,Chile,country,1993,11.73916
CHL,Chile,country,1994,11.914504
CHL,Chile,country,1995,12.089848
CHL,Chile,country,1996,12.265192
CHL,Chile,country,1997,12.440536
CHL,Chile,country,1998,12.61588
CHL,Chile,country,1999,13.0831
CHL,Chile,country,2000,13.13626
CHL,Chile,country,2001,13.331105
CHL,Chile,country,2002,13.52595
CHL,Chile,country,2003,13.7468
CHL,Chile,country,2004,14.06828
CHL,Chile,country,2005,14.38132
CHL,Chile,country,2006,14.31815
CHL,Chile,country,2007,14.70213
CHL,Chile,country,2008,14.85708
CHL,Chile,country,2009,14.88204
CHL,Chile,country,2010,15.09843
CHL,Chile,country,2011,15.31116
CHL,Chile,country,2012,15.41317
CHL,Chile,country,2013,16.106199
CHL,Chile,country,2014,16.26063
CHL,Chile,country,2015,16.39201
CHL,Chile,country,2016,16.49543
CHL,Chile,country,2017,16.533489
CHL,Chile,country,2018,16.606211
CHL,Chile,country,2019,16.643579
CHL,Chile,country,2020,16.3405
CHL,Chile,country,2021,16.767929
CHL,Chile,country,2022,16.91242
CHL,Chile,country,2023,16.91242
CHN,China,country,1990,8.60567
CHN,China,country,1991,8.5958796
CHN,China,country,1992,8.5997496
CHN,China,country,1993,8.6059904
CHN,China,country,1994,8.5806599
CHN,China,country,1995,8.7253599
CHN,China,country,1996,8.97505
CHN,China,country,1997,9.1368599
CHN,China,country,1998,9.3927603
CHN,China,country,1999,9.6486607
CHN,China,country,2000,9.9045601
CHN,China,country,2001,10.16046
CHN,China,country,2002,10.506476
CHN,China,country,2003,10.852492
CHN,China,country,2004,11.198508
CHN,China,country,2005,11.544524
CHN,China,country,2006,11.89054
CHN,China,country,2007,12.20329
CHN,China,country,2008,12.51948
CHN,China,country,2009,12.85253
CHN,China,country,2010,13.0432
CHN,China,country,2011,13.15779
CHN,China,country,2012,13.28357
CHN,China,country,2013,13.511231
CHN,China,country,2014,13.742794
CHN,China,country,2015,13.978326
CHN,China,country,2016,14.217895
CHN,China,country,2017,14.461569
CHN,China,country,2018,14.709419
CHN,China,country,2019,14.961517
CHN,China,country,2020,15.217937
CHN,China,country,2021,15.478749
CHN,China,country,2022,15.478749
CHN,China,country,2023,15.478749
CIV,Côte d’Ivoire,country,1990,5.3486314
CIV,Côte d’Ivoire,country,1991,5.4524531
CIV,Côte d’Ivoire,country,1992,5.55829
CIV,Côte d’Ivoire,country,1993,5.6661816
CIV,Côte d’Ivoire,country,1994,5.7761669
CIV,Côte d’Ivoire,country,1995,5.8882875
CIV,Côte d’Ivoire,country,1996,6.0025845
CIV,Côte d’Ivoire,country,1997,6.1191001
CIV,Côte d’Ivoire,country,1998,6.2378774
CIV,Côte d’Ivoire,country,1999,6.3589602
CIV,Côte d’Ivoire,country,2000,6.487278
CIV,Côte d’Ivoire,country,2001,6.6155963
CIV,Côte d’Ivoire,country,2002,6.7439141
CIV,Côte d’Ivoire,country,2003,6.872232
CIV,Côte d’Ivoire,country,2004,7.0005498
CIV,Côte d’Ivoire,country,2005,7.1288681
CIV,Côte d’Ivoire,country,2006,7.2571859
CIV,Côte d’Ivoire,country,2007,7.3855038
CIV,Côte d’Ivoire,country,2008,7.5138216
CIV,Côte d’Ivoire,country,2009,7.6421399
CIV,Côte d’Ivoire,country,2010,7.7704577
CIV,Côte d’Ivoire,country,2011,7.8987756
CIV,Côte d’Ivoire,country,2012,8.0270939
CIV,Côte d’Ivoire,country,2013,8.1554117
CIV,Côte d’Ivoire,country,2014,8.2837296
CIV,Côte d’Ivoire,country,2015,8.5478296
CIV,Côte d’Ivoire,country,2016,9.07269
CIV,Côte d’Ivoire,country,2017,9.4741602
CIV,Côte d’Ivoire,country,2018,9.6978703
CIV,Côte d’Ivoire,country,2019,9.9215803
CIV,Côte d’Ivoire,country,2020,10.10165
CIV,Côte d’Ivoire,country,2021,10.19835
CIV,Côte d’Ivoire,country,2022,10.20602
CIV,Côte d’Ivoire,country,2023,11.41113
CMR,Cameroon,country,1990,8.2118902
CMR,Cameroon,country,1991,8.1742601
CMR,Cameroon,country,1992,8.0479918
CMR,Cameroon,country,1993,7.9217229
CMR,Cameroon,country,1994,7.795454
CMR,Cameroon,country,1995,7.6691852
CMR,Cameroon,country,1996,7.5429163
CMR,Cameroon,country,1997,7.4166479
CMR,Cameroon,country,1998,7.290379
CMR,Cameroon,country,1999,7.1641102
CMR,Cameroon,country,2000,7.3938899
CMR,Cameroon,country,2001,8.67167
CMR,Cameroon,country,2002,8.4038
CMR,Cameroon,country,2003,8.5562401
CMR,Cameroon,country,2004,8.6083698
CMR,Cameroon,country,2005,8.56779
CMR,Cameroon,country,2006,8.3219004
CMR,Cameroon,country,2007,9.09266
CMR,Cameroon,country,2008,9.5297098
CMR,Cameroon,country,2009,10.00405
CMR,Cameroon,country,2010,10.37228
CMR,Cameroon,country,2011,10.74051
CMR,Cameroon,country,2012,11.32874
CMR,Cameroon,country,2013,11.632191
CMR,Cameroon,country,2014,11.93564
CMR,Cameroon,country,2015,12.2061
CMR,Cameroon,country,2016,12.13076
CMR,Cameroon,country,2017,11.841222
CMR,Cameroon,country,2018,11.551684
CMR,Cameroon,country,2019,11.262146
CMR,Cameroon,country,2020,10.972609
CMR,Cameroon,country,2021,10.68307
CMR,Cameroon,country,2022,10.76288
CMR,Cameroon,country,2023,10.79188
COD,Democratic Republic of the Congo,country,1990,6.1918445
COD,Democratic Republic of the Congo,country,1991,6.2626801
COD,Democratic Republic of the Congo,country,1992,6.3343263
COD,Democratic Republic of the Congo,country,1993,6.4067922
COD,Democratic Republic of the Congo,country,1994,6.4800868
COD,Democratic Republic of the Congo,country,1995,6.5542202
COD,Democratic Republic of the Congo,country,1996,6.6309366
COD,Democratic Republic of the Congo,country,1997,6.7076535
COD,Democratic Republic of the Congo,country,1998,6.7843704
COD,Democratic Republic of the Congo,country,1999,6.8610868
COD,Democratic Republic of the Congo,country,2000,6.9378037
COD,Democratic Republic of the Congo,country,2001,7.0145202
COD,Democratic Republic of the Congo,country,2002,7.0912371
COD,Democratic Republic of the Congo,country,2003,7.1679535
COD,Democratic Republic of the Congo,country,2004,7.2446704
COD,Democratic Republic of the Congo,country,2005,7.3213868
COD,Democratic Republic of the Congo,country,2006,7.3981037
COD,Democratic Republic of the Congo,country,2007,7.4748201
COD,Democratic Republic of the Congo,country,2008,8.1976805
COD,Democratic Republic of the Congo,country,2009,8.3525896
COD,Democratic Republic of the Congo,country,2010,8.6907597
COD,Democratic Republic of the Congo,country,2011,9.0289297
COD,Democratic Republic of the Congo,country,2012,8.8927898
COD,Democratic Republic of the Congo,country,2013,9.1451597
COD,Democratic Republic of the Congo,country,2014,9.3492727
COD,Democratic Republic of the Congo,country,2015,9.5579405
COD,Democratic Republic of the Congo,country,2016,9.771266
COD,Democratic Republic of the Congo,country,2017,9.9893532
COD,Democratic Republic of the Congo,country,2018,10.212307
COD,Democratic Republic of the Congo,country,2019,10.440238
COD,Democratic Republic of the Congo,country,2020,10.673255
COD,Democratic Republic of the Congo,country,2021,10.911474
COD,Democratic Republic of the Congo,country,2022,10.911474
COD,Democratic Republic of the Congo,country,2023,10.911474
COG,Congo,country,1990,11.11109
COG,Congo,country,1991,10.84885
COG,Congo,country,1992,10.69184
COG,Congo,country,1993,10.502717
COG,Congo,country,1994,10.313594
COG,Congo,country,1995,10.124471
COG,Congo,country,1996,9.9353476
COG,Congo,country,1997,9.7462244
COG,Congo,country,1998,9.5571022
COG,Congo,country,1999,9.367979
COG,Congo,country,2000,9.1788559
COG,Congo,country,2001,8.9897327
COG,Congo,country,2002,8.8006096
COG,Congo,country,2003,8.5891895
COG,Congo,country,2004,8.7996407
COG,Congo,country,2005,9.0100918
COG,Congo,country,2006,9.2205429
COG,Congo,country,2007,9.430994
COG,Congo,country,2008,9.6414452
COG,Congo,country,2009,9.8518963
COG,Congo,country,2010,10.062347
COG,Congo,country,2011,10.272799
COG,Congo,country,2012,10.48325
COG,Congo,country,2013,10.707392
COG,Congo,country,2014,10.936327
COG,Congo,country,2015,11.170156
COG,Congo,country,2016,11.408986
COG,Congo,country,2017,11.652922
COG,Congo,country,2018,11.902073
COG,Congo,country,2019,12.156551
COG,Congo,country,2020,12.416471
COG,Congo,country,2021,12.681947
COG,Congo,country,2022,12.681947
COG,Congo,country,2023,12.681947
COL,Colombia,country,1990,9.1671886
COL,Colombia,country,1991,9.6988096
COL,Colombia,country,1992,10.26126
COL,Colombia,country,1993,10.41953
COL,Colombia,country,1994,10.5215
COL,Colombia,country,1995,10.55656
COL,Colombia,country,1996,11.0701
COL,Colombia,country,1997,11.42188
COL,Colombia,country,1998,11.77366
COL,Colombia,country,1999,11.71802
COL,Colombia,country,2000,12.15445
COL,Colombia,country,2001,12.156185
COL,Colombia,country,2002,12.15792
COL,Colombia,country,2003,12.40696
COL,Colombia,country,2004,12.656
COL,Colombia,country,2005,13.17888
COL,Colombia,country,2006,13.52441
COL,Colombia,country,2007,13.78965
COL,Colombia,country,2008,13.993
COL,Colombia,country,2009,14.43909
COL,Colombia,country,2010,14.41386
COL,Colombia,country,2011,14.50032
COL,Colombia,country,2012,14.1801
COL,Colombia,country,2013,14.70036
COL,Colombia,country,2014,14.60218
COL,Colombia,country,2015,14.64528
COL,Colombia,country,2016,14.76609
COL,Colombia,country,2017,14.73617
COL,Colombia,country,2018,14.62864
COL,Colombia,country,2019,14.52388
COL,Colombia,country,2020,14.27917
COL,Colombia,country,2021,14.43749
COL,Colombia,country,2022,14.28641
COL,Colombia,country,2023,14.28641
COM,Comoros,country,1990,7.4262381
COM,Comoros,country,1991,7.478282
COM,Comoros,country,1992,7.5306902
COM,Comoros,country,1993,7.5834661
COM,Comoros,country,1994,7.6362414
COM,Comoros,country,1995,7.6890173
COM,Comoros,country,1996,7.7417927
COM,Comoros,country,1997,7.7945685
COM,Comoros,country,1998,7.8473439
COM,Comoros,country,1999,7.9001198
COM,Comoros,country,2000,8.1821899
COM,Comoros,country,2001,8.4642601
COM,Comoros,country,2002,8.7463303
COM,Comoros,country,2003,9.0284004
COM,Comoros,country,2004,9.2772617
COM,Comoros,country,2005,9.5261221
COM,Comoros,country,2006,9.7749834
COM,Comoros,country,2007,10.023844
COM,Comoros,country,2008,10.272705
COM,Comoros,country,2009,10.521566
COM,Comoros,country,2010,10.770427
COM,Comoros,country,2011,11.019288
COM,Comoros,country,2012,11.268148
COM,Comoros,country,2013,11.51701
COM,Comoros,country,2014,11.59805
COM,Comoros,country,2015,11.826449
COM,Comoros,country,2016,12.059346
COM,Comoros,country,2017,12.296829
COM,Comoros,country,2018,12.53899
COM,Comoros,country,2019,12.785918
COM,Comoros,country,2020,13.03771
COM,Comoros,country,2021,13.29446
COM,Comoros,country,2022,13.29446
COM,Comoros,country,2023,13.29446
CPV,Cabo Verde,country,1990,
CPV,Cabo Verde,country,1991,
CPV,Cabo Verde,country,1992,
CPV,Cabo Verde,country,1993,
CPV,Cabo Verde,country,1994,
CPV,Cabo Verde,country,1995,
CPV,Cabo Verde,country,1996,
CPV,Cabo Verde,country,1997,
CPV,Cabo Verde,country,1998,
CPV,Cabo Verde,country,1999,
CPV,Cabo Verde,country,2000,10.89157
CPV,Cabo Verde,country,2001,10.81995
CPV,Cabo Verde,country,2002,11.17897
CPV,Cabo Verde,country,2003,11.1935
CPV,Cabo Verde,country,2004,11.11141
CPV,Cabo Verde,country,2005,11.25413
CPV,Cabo Verde,country,2006,11.96338
CPV,Cabo Verde,country,2007,11.85099
CPV,Cabo Verde,country,2008,12.01655
CPV,Cabo Verde,country,2009,12.06691
CPV,Cabo Verde,country,2010,12.31021
CPV,Cabo Verde,country,2011,12.47877
CPV,Cabo Verde,country,2012,12.40867
CPV,Cabo Verde,country,2013,12.74475
CPV,Cabo Verde,country,2014,12.62336
CPV,Cabo Verde,country,2015,12.34346
CPV,Cabo Verde,country,2016,12.26861
CPV,Cabo Verde,country,2017,12.11571
CPV,Cabo Verde,country,2018,11.86489
CPV,Cabo Verde,country,2019,11.696583
CPV,Cabo Verde,country,2020,11.530663
CPV,Cabo Verde,country,2021,11.367097
CPV,Cabo Verde,country,2022,11.367097
CPV,Cabo Verde,country,2023,11.367097
CRI,Costa Rica,country,1990,9.7397099
CRI,Costa Rica,country,1991,9.9781103
CRI,Costa Rica,country,1992,10.24224
CRI,Costa Rica,country,1993,10.394465
CRI,Costa Rica,country,1994,10.54669
CRI,Costa Rica,country,1995,10.698915
CRI,Costa Rica,country,1996,10.85114
CRI,Costa Rica,country,1997,11.003366
CRI,Costa Rica,country,1998,11.15559
CRI,Costa Rica,country,1999,11.307815
CRI,Costa Rica,country,2000,11.46004
CRI,Costa Rica,country,2001,11.612265
CRI,Costa Rica,country,2002,11.76449
CRI,Costa Rica,country,2003,11.916716
CRI,Costa Rica,country,2004,12.06894
CRI,Costa Rica,country,2005,12.340118
CRI,Costa Rica,country,2006,12.611298
CRI,Costa Rica,country,2007,12.882476
CRI,Costa Rica,country,2008,13.153654
CRI,Costa Rica,country,2009,13.424832
CRI,Costa Rica,country,2010,13.696012
CRI,Costa Rica,country,2011,13.96719
CRI,Costa Rica,country,2012,14.13412
CRI,Costa Rica,country,2013,14.33947
CRI,Costa Rica,country,2014,14.63491
CRI,Costa Rica,country,2015,14.69305
CRI,Costa Rica,country,2016,14.81766
CRI,Costa Rica,country,2017,15.06279
CRI,Costa Rica,country,2018,15.22842
CRI,Costa Rica,country,2019,15.83843
CRI,Costa Rica,country,2020,16.092003
CRI,Costa Rica,country,2021,16.349636
CRI,Costa Rica,country,2022,16.349636
CRI,Costa Rica,country,2023,16.349636
CUB,Cuba,country,1990,12.60224
CUB,Cuba,country,1991,12.52695
CUB,Cuba,country,1992,12.36982
CUB,Cuba,country,1993,12.27513
CUB,Cuba,country,1994,11.70328
CUB,Cuba,country,1995,11.52469
CUB,Cuba,country,1996,11.97092
CUB,Cuba,country,1997,11.95853
CUB,Cuba,country,1998,12.096015
CUB,Cuba,country,1999,12.2335
CUB,Cuba,country,2000,12.4451
CUB,Cuba,country,2001,12.71877
CUB,Cuba,country,2002,13.0506
CUB,Cuba,country,2003,13.44896
CUB,Cuba,country,2004,14.38752
CUB,Cuba,country,2005,14.80906
CUB,Cuba,country,2006,16.06064
CUB,Cuba,country,2007,17.03966
CUB,Cuba,country,2008,17.523781
CUB,Cuba,country,2009,17.29636
CUB,Cuba,country,2010,16.27037
CUB,Cuba,country,2011,15.49762
CUB,Cuba,country,2012,14.61527
CUB,Cuba,country,2013,13.98764
CUB,Cuba,country,2014,14.04951
CUB,Cuba,country,2015,13.85789
CUB,Cuba,country,2016,13.86411
CUB,Cuba,country,2017,14.0661
CUB,Cuba,country,2018,14.20104
CUB,Cuba,country,2019,14.34872
CUB,Cuba,country,2020,14.42603
CUB,Cuba,country,2021,14.4693
CUB,Cuba,country,2022,14.17407
CUB,Cuba,country,2023,13.87884
CYP,Cyprus,country,1990,10.675826
CYP,Cyprus,country,1991,10.837193
CYP,Cyprus,country,1992,11.000999
CYP,Cyprus,country,1993,11.167282
CYP,Cyprus,country,1994,11.336078
CYP,Cyprus,country,1995,11.507424
CYP,Cyprus,country,1996,11.681361
CYP,Cyprus,country,1997,11.857927
CYP,Cyprus,country,1998,12.037162
CYP,Cyprus,country,1999,12.219106
CYP,Cyprus,country,2000,12.4038
CYP,Cyprus,country,2001,12.50661
CYP,Cyprus,country,2002,12.97183
CYP,Cyprus,country,2003,13.343
CYP,Cyprus,country,2004,13.46363
CYP,Cyprus,country,2005,13.36178
CYP,Cyprus,country,2006,13.39219
CYP,Cyprus,country,2007,13.44103
CYP,Cyprus,country,2008,13.66658
CYP,Cyprus,country,2009,14.0283
CYP,Cyprus,country,2010,13.99243
CYP,Cyprus,country,2011,13.94191
CYP,Cyprus,country,2012,13.9565
CYP,Cyprus,country,2013,14.18018
CYP,Cyprus,country,2014,14.46158
CYP,Cyprus,country,2015,14.82831
CYP,Cyprus,country,2016,15.03358
CYP,Cyprus,country,2017,15.50939
CYP,Cyprus,country,2018,15.69565
CYP,Cyprus,country,2019,16.01438
CYP,Cyprus,country,2020,16.22817
CYP,Cyprus,country,2021,16.24309
CYP,Cyprus,country,2022,16.215599
CYP,Cyprus,country,2023,16.215599
CZE,Czechia,country,1990,12.10068
CZE,Czechia,country,1991,12.02169
CZE,Czechia,country,1992,11.74786
CZE,Czechia,country,1993,11.96283
CZE,Czechia,country,1994,12.55357
CZE,Czechia,country,1995,12.94954
CZE,Czechia,country,1996,13.34668
CZE,Czechia,country,1997,13.49813
CZE,Czechia,country,1998,13.32468
CZE,Czechia,country,1999,13.3911
CZE,Czechia,country,2000,14.02148
CZE,Czechia,country,2001,14.46614
CZE,Czechia,country,2002,14.82261
CZE,Czechia,country,2003,15.16323
CZE,Czechia,country,2004,14.9958
CZE,Czechia,country,2005,15.25259
CZE,Czechia,country,2006,15.38356
CZE,Czechia,country,2007,15.63811
CZE,Czechia,country,2008,15.6799
CZE,Czechia,country,2009,15.99908
CZE,Czechia,country,2010,16.21603
CZE,Czechia,country,2011,16.36347
CZE,Czechia,country,2012,16.355021
CZE,Czechia,country,2013,16.857031
CZE,Czechia,country,2014,16.961361
CZE,Czechia,country,2015,16.9547
CZE,Czechia,country,2016,16.786091
CZE,Czechia,country,2017,16.678141
CZE,Czechia,country,2018,16.123989
CZE,Czechia,country,2019,16.103439
CZE,Czechia,country,2020,16.13899
CZE,Czechia,country,2021,16.6467
CZE,Czechia,country,2022,16.793501
CZE,Czechia,country,2023,16.793501
DEU,Germany,country,1990,14.376788
DEU,Germany,country,1991,14.56479
DEU,Germany,country,1992,14.75525
DEU,Germany,country,1993,15.47786
DEU,Germany,country,1994,15.64467
DEU,Germany,country,1995,15.75278
DEU,Germany,country,1996,15.86442
DEU,Germany,country,1997,15.94838
DEU,Germany,country,1998,16.020033
DEU,Germany,country,1999,16.091686
DEU,Germany,country,2000,16.16334
DEU,Germany,country,2001,16.234993
DEU,Germany,country,2002,16.306646
DEU,Germany,country,2003,16.3783
DEU,Germany,country,2004,16.449951
DEU,Germany,country,2005,16.521605
DEU,Germany,country,2006,16.593258
DEU,Germany,country,2007,16.664911
DEU,Germany,country,2008,16.736565
DEU,Germany,country,2009,16.808218
DEU,Germany,country,2010,16.879869
DEU,Germany,country,2011,16.951523
DEU,Germany,country,2012,17.023176
DEU,Germany,country,2013,17.09483
DEU,Germany,country,2014,17.118401
DEU,Germany,country,2015,17.112181
DEU,Germany,country,2016,16.87517
DEU,Germany,country,2017,16.989941
DEU,Germany,country,2018,17.04192
DEU,Germany,country,2019,17.22438
DEU,Germany,country,2020,17.225981
DEU,Germany,country,2021,17.343349
DEU,Germany,country,2022,17.309219
DEU,Germany,country,2023,17.309219
DJI,Djibouti,country,1990,2.4564407
DJI,Djibouti,country,1991,2.534703
DJI,Djibouti,country,1992,2.6154587
DJI,Djibouti,country,1993,2.6987875
DJI,Djibouti,country,1994,2.784771
DJI,Djibouti,country,1995,2.8734939
DJI,Djibouti,country,1996,2.9650435
DJI,Djibouti,country,1997,3.05951
DJI,Djibouti,country,1998,3.1526625
DJI,Djibouti,country,1999,3.245815
DJI,Djibouti,country,2000,3.3389676
DJI,Djibouti,country,2001,3.4321201
DJI,Djibouti,country,2002,3.5787001
DJI,Djibouti,country,2003,3.83553
DJI,Djibouti,country,2004,4.09236
DJI,Djibouti,country,2005,4.2172418
DJI,Djibouti,country,2006,4.342124
DJI,Djibouti,country,2007,4.4670057
DJI,Djibouti,country,2008,4.5918875
DJI,Djibouti,country,2009,4.7167692
DJI,Djibouti,country,2010,4.8416514
DJI,Djibouti,country,2011,4.9665332
DJI,Djibouti,country,2012,5.0914149
DJI,Djibouti,country,2013,5.2162971
DJI,Djibouti,country,2014,5.3411789
DJI,Djibouti,country,2015,5.4660606
DJI,Djibouti,country,2016,5.5909424
DJI,Djibouti,country,2017,5.7158246
DJI,Djibouti,country,2018,5.8407063
DJI,Djibouti,country,2019,5.9655881
DJI,Djibouti,country,2020,6.0904703
DJI,Djibouti,country,2021,6.1294303
DJI,Djibouti,country,2022,6.1683903
DJI,Djibouti,country,2023,6.2073503
DMA,Dominica,country,1990,
DMA,Dominica,country,1991,
DMA,Dominica,country,1992,
DMA,Dominica,country,1993,
DMA,Dominica,country,1994,
DMA,Dominica,country,1995,
DMA,Dominica,country,1996,
DMA,Dominica,country,1997,
DMA,Dominica,country,1998,
DMA,Dominica,country,1999,
DMA,Dominica,country,2000,14.922257
DMA,Dominica,country,2001,14.850533
DMA,Dominica,country,2002,14.779154
DMA,Dominica,country,2003,14.708117
DMA,Dominica,country,2004,14.637423
DMA,Dominica,country,2005,14.567067
DMA,Dominica,country,2006,14.49705
DMA,Dominica,country,2007,14.465367
DMA,Dominica,country,2008,14.433685
DMA,Dominica,country,2009,14.402002
DMA,Dominica,country,2010,14.37032
DMA,Dominica,country,2011,14.151
DMA,Dominica,country,2012,14.151
DMA,Dominica,country,2013,14.151
DMA,Dominica,country,2014,14.151
DMA,Dominica,country,2015,14.151
DMA,Dominica,country,2016,14.151
DMA,Dominica,country,2017,14.151
DMA,Dominica,country,2018,14.151
DMA,Dominica,country,2019,14.151
DMA,Dominica,country,2020,14.151
DMA,Dominica,country,2021,14.151
DMA,Dominica,country,2022,14.151
DMA,Dominica,country,2023,14.151
DNK,Denmark,country,1990,14.31334
DNK,Denmark,country,1991,14.47775
DNK,Denmark,country,1992,14.52451
DNK,Denmark,country,1993,14.79776
DNK,Denmark,country,1994,15.05343
DNK,Denmark,country,1995,15.18115
DNK,Denmark,country,1996,15.40885
DNK,Denmark,country,1997,15.57524
DNK,Denmark,country,1998,15.74163
DNK,Denmark,country,1999,16.430111
DNK,Denmark,country,2000,16.202869
DNK,Denmark,country,2001,16.54718
DNK,Denmark,country,2002,16.20439
DNK,Denmark,country,2003,16.36175
DNK,Denmark,country,2004,16.51911
DNK,Denmark,country,2005,16.77969
DNK,Denmark,country,2006,16.646139
DNK,Denmark,country,2007,16.80563
DNK,Denmark,country,2008,16.71554
DNK,Denmark,country,2009,16.71541
DNK,Denmark,country,2010,16.890289
DNK,Denmark,country,2011,18.354361
DNK,Denmark,country,2012,18.677299
DNK,Denmark,country,2013,19.17308
DNK,Denmark,country,2014,19.20899
DNK,Denmark,country,2015,19.2969
DNK,Denmark,country,2016,19.03953
DNK,Denmark,country,2017,18.824329
DNK,Denmark,country,2018,18.7218
DNK,Denmark,country,2019,18.620131
DNK,Denmark,country,2020,18.64032
DNK,Denmark,country,2021,18.774031
DNK,Denmark,country,2022,18.70401
DNK,Denmark,country,2023,18.70401
DOM,Dominican Republic,country,1990,9.2925224
DOM,Dominican Republic,country,1991,9.4617701
DOM,Dominican Republic,country,1992,9.6341009
DOM,Dominican Republic,country,1993,9.8095694
DOM,Dominican Republic,country,1994,9.9882345
DOM,Dominican Republic,country,1995,10.170154
DOM,Dominican Republic,country,1996,10.355386
DOM,Dominican Republic,country,1997,10.543992
DOM,Dominican Republic,country,1998,10.736033
DOM,Dominican Republic,country,1999,10.931572
DOM,Dominican Republic,country,2000,11.130672
DOM,Dominican Republic,country,2001,11.340918
DOM,Dominican Republic,country,2002,11.551164
DOM,Dominican Republic,country,2003,11.761409
DOM,Dominican Republic,country,2004,11.971655
DOM,Dominican Republic,country,2005,12.1819
DOM,Dominican Republic,country,2006,12.392146
DOM,Dominican Republic,country,2007,12.602391
DOM,Dominican Republic,country,2008,12.812637
DOM,Dominican Republic,country,2009,13.022882
DOM,Dominican Republic,country,2010,13.233129
DOM,Dominican Republic,country,2011,13.443374
DOM,Dominican Republic,country,2012,13.65362
DOM,Dominican Republic,country,2013,13.715919
DOM,Dominican Republic,country,2014,13.77822
DOM,Dominican Republic,country,2015,14.46221
DOM,Dominican Republic,country,2016,14.53138
DOM,Dominican Republic,country,2017,14.66535
DOM,Dominican Republic,country,2018,14.571259
DOM,Dominican Republic,country,2019,14.47717
DOM,Dominican Republic,country,2020,14.38308
DOM,Dominican Republic,country,2021,13.43728
DOM,Dominican Republic,country,2022,13.61692
DOM,Dominican Republic,country,2023,13.61692
DZA,Algeria,country,1990,9.7978897
DZA,Algeria,country,1991,9.8239403
DZA,Algeria,country,1992,9.9092302
DZA,Algeria,country,1993,9.9155903
DZA,Algeria,country,1994,9.9860697
DZA,Algeria,country,1995,9.9580297
DZA,Algeria,country,1996,10.12389
DZA,Algeria,country,1997,10.410347
DZA,Algeria,country,1998,10.696803
DZA,Algeria,country,1999,10.98326
DZA,Algeria,country,2000,11.22196
DZA,Algeria,country,2001,11.46066
DZA,Algeria,country,2002,11.86807
DZA,Algeria,country,2003,12.13883
DZA,Algeria,country,2004,12.47398
DZA,Algeria,country,2005,12.72079
DZA,Algeria,country,2006,12.81142
DZA,Algeria,country,2007,12.9895
DZA,Algeria,country,2008,13.434635
DZA,Algeria,country,2009,13.87977
DZA,Algeria,country,2010,14.23808
DZA,Algeria,country,2011,14.46668
DZA,Algeria,country,2012,14.559516
DZA,Algeria,country,2013,14.652352
DZA,Algeria,country,2014,14.745189
DZA,Algeria,country,2015,14.838025
DZA,Algeria,country,2016,14.930861
DZA,Algeria,country,2017,15.023698
DZA,Algeria,country,2018,15.116534
DZA,Algeria,country,2019,15.209371
DZA,Algeria,country,2020,15.302207
DZA,Algeria,country,2021,15.395043
DZA,Algeria,country,2022,15.48788
DZA,Algeria,country,2023,15.49516
ECU,Ecuador,country,1990,11.4033
ECU,Ecuador,country,1991,11.24228
ECU,Ecuador,country,1992,11.401912
ECU,Ecuador,country,1993,11.561543
ECU,Ecuador,country,1994,11.721174
ECU,Ecuador,country,1995,11.880806
ECU,Ecuador,country,1996,12.040437
ECU,Ecuador,country,1997,12.200068
ECU,Ecuador,country,1998,12.3597
ECU,Ecuador,country,1999,12.519331
ECU,Ecuador,country,2000,12.678963
ECU,Ecuador,country,2001,12.838594
ECU,Ecuador,country,2002,12.998225
ECU,Ecuador,country,2003,13.157857
ECU,Ecuador,country,2004,13.317489
ECU,Ecuador,country,2005,13.477119
ECU,Ecuador,country,2006,13.636751
ECU,Ecuador,country,2007,13.796383
ECU,Ecuador,country,2008,13.956014
ECU,Ecuador,country,2009,14.115645
ECU,Ecuador,country,2010,14.275277
ECU,Ecuador,country,2011,14.434908
ECU,Ecuador,country,2012,14.59454
ECU,Ecuador,country,2013,14.39854
ECU,Ecuador,country,2014,14.490089
ECU,Ecuador,country,2015,14.58164
ECU,Ecuador,country,2016,14.47027
ECU,Ecuador,country,2017,14.3589
ECU,Ecuador,country,2018,14.24753
ECU,Ecuador,country,2019,14.09998
ECU,Ecuador,country,2020,14.61038
ECU,Ecuador,country,2021,14.731026
ECU,Ecuador,country,2022,14.85167
ECU,Ecuador,country,2023,14.85167
EGY,Egypt,country,1990,9.2069902
EGY,Egypt,country,1991,9.25033
EGY,Egypt,country,1992,9.4308529
EGY,Egypt,country,1993,9.6113749
EGY,Egypt,country,1994,9.7918978
EGY,Egypt,country,1995,9.9724207
EGY,Egypt,country,1996,10.152943
EGY,Egypt,country,1997,10.333466
EGY,Egypt,country,1998,10.513988
EGY,Egypt,country,1999,10.69451
EGY,Egypt,country,2000,10.777716
EGY,Egypt,country,2001,10.86092
EGY,Egypt,country,2002,10.88713
EGY,Egypt,country,2003,10.73255
EGY,Egypt,country,2004,10.78256
EGY,Egypt,country,2005,10.83143
EGY,Egypt,country,2006,10.8803
EGY,Egypt,country,2007,10.92917
EGY,Egypt,country,2008,11.00655
EGY,Egypt,country,2009,11.08393
EGY,Egypt,country,2010,11.19958
EGY,Egypt,country,2011,11.21023
EGY,Egypt,country,2012,11.57713
EGY,Egypt,country,2013,11.80954
EGY,Egypt,country,2014,11.73951
EGY,Egypt,country,2015,11.887435
EGY,Egypt,country,2016,12.03536
EGY,Egypt,country,2017,12.16487
EGY,Egypt,country,2018,12.43317
EGY,Egypt,country,2019,12.67249
EGY,Egypt,country,2020,12.91181
EGY,Egypt,country,2021,13.127162
EGY,Egypt,country,2022,13.127162
EGY,Egypt,country,2023,13.127162
ERI,Eritrea,country,1990,
ERI,Eritrea,country,1991,
ERI,Eritrea,country,1992,
ERI,Eritrea,country,1993,
ERI,Eritrea,country,1994,
ERI,Eritrea,country,1995,5.93326
ERI,Eritrea,country,1996,5.9952502
ERI,Eritrea,country,1997,6.2313366
ERI,Eritrea,country,1998,6.4674234
ERI,Eritrea,country,1999,6.7035098
ERI,Eritrea,country,2000,7.4214602
ERI,Eritrea,country,2001,7.4575
ERI,Eritrea,country,2002,7.82127
ERI,Eritrea,country,2003,8.1913252
ERI,Eritrea,country,2004,8.5613804
ERI,Eritrea,country,2005,8.3372984
ERI,Eritrea,country,2006,8.1132164
ERI,Eritrea,country,2007,7.8891339
ERI,Eritrea,country,2008,7.6650519
ERI,Eritrea,country,2009,7.4409699
ERI,Eritrea,country,2010,7.1582699
ERI,Eritrea,country,2011,7.2826877
ERI,Eritrea,country,2012,7.407105
ERI,Eritrea,country,2013,7.5315223
ERI,Eritrea,country,2014,7.6559401
ERI,Eritrea,country,2015,7.2302999
ERI,Eritrea,country,2016,7.247921
ERI,Eritrea,country,2017,7.2655849
ERI,Eritrea,country,2018,7.2832918
ERI,Eritrea,country,2019,7.3010421
ERI,Eritrea,country,2020,7.3188357
ERI,Eritrea,country,2021,7.3366723
ERI,Eritrea,country,2022,7.3366723
ERI,Eritrea,country,2023,7.3366723
ESP,Spain,country,1990,14.35658
ESP,Spain,country,1991,14.61468
ESP,Spain,country,1992,14.79842
ESP,Spain,country,1993,15.25714
ESP,Spain,country,1994,15.57324
ESP,Spain,country,1995,15.75236
ESP,Spain,country,1996,15.92307
ESP,Spain,country,1997,15.86145
ESP,Spain,country,1998,15.76969
ESP,Spain,country,1999,15.72808
ESP,Spain,country,2000,15.86467
ESP,Spain,country,2001,15.92285
ESP,Spain,country,2002,15.97022
ESP,Spain,country,2003,15.89053
ESP,Spain,country,2004,15.93444
ESP,Spain,country,2005,15.98174
ESP,Spain,country,2006,15.93113
ESP,Spain,country,2007,15.91164
ESP,Spain,country,2008,15.87374
ESP,Spain,country,2009,15.95916
ESP,Spain,country,2010,16.402809
ESP,Spain,country,2011,16.75148
ESP,Spain,country,2012,16.98982
ESP,Spain,country,2013,17.163811
ESP,Spain,country,2014,17.285339
ESP,Spain,country,2015,17.40424
ESP,Spain,country,2016,17.43899
ESP,Spain,country,2017,17.480129
ESP,Spain,country,2018,17.519251
ESP,Spain,country,2019,17.500811
ESP,Spain,country,2020,17.46958
ESP,Spain,country,2021,17.809059
ESP,Spain,country,2022,17.830311
ESP,Spain,country,2023,17.830311
EST,Estonia,country,1990,13.07998
EST,Estonia,country,1991,12.78082
EST,Estonia,country,1992,12.62078
EST,Estonia,country,1993,12.32798
EST,Estonia,country,1994,12.54492
EST,Estonia,country,1995,12.79681
EST,Estonia,country,1996,13.15273
EST,Estonia,country,1997,13.560275
EST,Estonia,country,1998,13.96782
EST,Estonia,country,1999,14.21567
EST,Estonia,country,2000,15.16272
EST,Estonia,country,2001,15.65768
EST,Estonia,country,2002,15.94836
EST,Estonia,country,2003,16.090651
EST,Estonia,country,2004,16.254589
EST,Estonia,country,2005,16.49144
EST,Estonia,country,2006,16.45731
EST,Estonia,country,2007,16.433491
EST,Estonia,country,2008,16.29755
EST,Estonia,country,2009,16.3183
EST,Estonia,country,2010,16.508471
EST,Estonia,country,2011,16.635019
EST,Estonia,country,2012,16.60737
EST,Estonia,country,2013,16.497021
EST,Estonia,country,2014,16.26989
EST,Estonia,country,2015,16.046089
EST,Estonia,country,2016,15.95292
EST,Estonia,country,2017,15.81396
EST,Estonia,country,2018,15.75248
EST,Estonia,country,2019,15.74029
EST,Estonia,country,2020,15.7751
EST,Estonia,country,2021,15.94298
EST,Estonia,country,2022,15.96786
EST,Estonia,country,2023,15.96786
ETH,Ethiopia,country,1990,2.9549
ETH,Ethiopia,country,1991,2.78002
ETH,Ethiopia,country,1992,2.61549
ETH,Ethiopia,country,1993,2.4509599
ETH,Ethiopia,country,1994,2.2864299
ETH,Ethiopia,country,1995,2.5318699
ETH,Ethiopia,country,1996,2.9277301
ETH,Ethiopia,country,1997,3.25091
ETH,Ethiopia,country,1998,3.57409
ETH,Ethiopia,country,1999,3.89727
ETH,Ethiopia,country,2000,4.2181902
ETH,Ethiopia,country,2001,4.7306099
ETH,Ethiopia,country,2002,5.0229502
ETH,Ethiopia,country,2003,5.1784801
ETH,Ethiopia,country,2004,5.5071802
ETH,Ethiopia,country,2005,6.31497
ETH,Ethiopia,country,2006,6.8479133
ETH,Ethiopia,country,2007,7.3808565
ETH,Ethiopia,country,2008,7.9137998
ETH,Ethiopia,country,2009,7.9405999
ETH,Ethiopia,country,2010,8.0218401
ETH,Ethiopia,country,2011,8.1987104
ETH,Ethiopia,country,2012,8.2681999
ETH,Ethiopia,country,2013,8.3283901
ETH,Ethiopia,country,2014,8.3885803
ETH,Ethiopia,country,2015,8.4487696
ETH,Ethiopia,country,2016,8.5089598
ETH,Ethiopia,country,2017,8.6634989
ETH,Ethiopia,country,2018,8.818038
ETH,Ethiopia,country,2019,8.9725761
ETH,Ethiopia,country,2020,9.0942888
ETH,Ethiopia,country,2021,9.2176514
ETH,Ethiopia,country,2022,9.2176514
ETH,Ethiopia,country,2023,9.2176514
FIN,Finland,country,1990,15.05281
FIN,Finland,country,1991,15.27101
FIN,Finland,country,1992,15.73965
FIN,Finland,country,1993,15.96156
FIN,Finland,country,1994,16.297621
FIN,Finland,country,1995,16.417231
FIN,Finland,country,1996,16.58017
FIN,Finland,country,1997,16.719851
FIN,Finland,country,1998,16.95727
FIN,Finland,country,1999,17.270029
FIN,Finland,country,2000,17.68335
FIN,Finland,country,2001,17.981359
FIN,Finland,country,2002,18.077089
FIN,Finland,country,2003,18.294439
FIN,Finland,country,2004,17.11434
FIN,Finland,country,2005,17.19055
FIN,Finland,country,2006,17.17552
FIN,Finland,country,2007,17.130939
FIN,Finland,country,2008,17.10405
FIN,Finland,country,2009,16.88616
FIN,Finland,country,2010,17.023069
FIN,Finland,country,2011,17.11375
FIN,Finland,country,2012,17.1063
FIN,Finland,country,2013,19.326099
FIN,Finland,country,2014,19.25425
FIN,Finland,country,2015,19.310869
FIN,Finland,country,2016,19.310801
FIN,Finland,country,2017,19.37471
FIN,Finland,country,2018,19.451151
FIN,Finland,country,2019,19.04311
FIN,Finland,country,2020,19.04858
FIN,Finland,country,2021,19.22859
FIN,Finland,country,2022,19.494089
FIN,Finland,country,2023,19.494089
FJI,Fiji,country,1990,11.631936
FJI,Fiji,country,1991,11.67753
FJI,Fiji,country,1992,11.723303
FJI,Fiji,country,1993,11.769075
FJI,Fiji,country,1994,11.814848
FJI,Fiji,country,1995,11.86062
FJI,Fiji,country,1996,11.906393
FJI,Fiji,country,1997,11.952166
FJI,Fiji,country,1998,11.997937
FJI,Fiji,country,1999,12.04371
FJI,Fiji,country,2000,12.089482
FJI,Fiji,country,2001,12.135255
FJI,Fiji,country,2002,12.181027
FJI,Fiji,country,2003,12.2268
FJI,Fiji,country,2004,12.37188
FJI,Fiji,country,2005,12.458751
FJI,Fiji,country,2006,12.545622
FJI,Fiji,country,2007,12.632493
FJI,Fiji,country,2008,12.719364
FJI,Fiji,country,2009,12.806235
FJI,Fiji,country,2010,12.893106
FJI,Fiji,country,2011,12.979978
FJI,Fiji,country,2012,13.066849
FJI,Fiji,country,2013,13.153721
FJI,Fiji,country,2014,13.240592
FJI,Fiji,country,2015,13.327463
FJI,Fiji,country,2016,13.327463
FJI,Fiji,country,2017,13.501205
FJI,Fiji,country,2018,13.588077
FJI,Fiji,country,2019,13.674948
FJI,Fiji,country,2020,13.761819
FJI,Fiji,country,2021,13.84869
FJI,Fiji,country,2022,13.84869
FJI,Fiji,country,2023,13.84869
FRA,France,country,1990,13.98426
FRA,France,country,1991,14.46944
FRA,France,country,1992,14.6991
FRA,France,country,1993,14.81359
FRA,France,country,1994,15.64418
FRA,France,country,1995,15.77267
FRA,France,country,1996,15.86017
FRA,France,country,1997,15.8194
FRA,France,country,1998,15.76199
FRA,France,country,1999,15.72314
FRA,France,country,2000,14.93727
FRA,France,country,2001,14.85168
FRA,France,country,2002,14.78316
FRA,France,country,2003,14.86872
FRA,France,country,2004,14.85524
FRA,France,country,2005,15.43264
FRA,France,country,2006,15.41829
FRA,France,country,2007,15.35235
FRA,France,country,2008,15.29781
FRA,France,country,2009,15.27202
FRA,France,country,2010,15.38066
FRA,France,country,2011,15.41706
FRA,France,country,2012,15.48921
FRA,France,country,2013,15.46125
FRA,France,country,2014,15.44229
FRA,France,country,2015,15.51357
FRA,France,country,2016,15.62283
FRA,France,country,2017,15.74036
FRA,France,country,2018,15.84355
FRA,France,country,2019,15.86799
FRA,France,country,2020,15.95796
FRA,France,country,2021,16.01965
FRA,France,country,2022,16.095119
FRA,France,country,2023,16.095119
FSM,Micronesia (Federated States of),country,1990,
FSM,Micronesia (Federated States of),country,1991,
FSM,Micronesia (Federated States of),country,1992,
FSM,Micronesia (Federated States of),country,1993,
FSM,Micronesia (Federated States of),country,1994,
FSM,Micronesia (Federated States of),country,1995,
FSM,Micronesia (Federated States of),country,1996,
FSM,Micronesia (Federated States of),country,1997,
FSM,Micronesia (Federated States of),country,1998,
FSM,Micronesia (Federated States of),country,1999,
FSM,Micronesia (Federated States of),country,2000,10.651659
FSM,Micronesia (Federated States of),country,2001,10.696431
FSM,Micronesia (Federated States of),country,2002,10.74139
FSM,Micronesia (Federated States of),country,2003,10.786538
FSM,Micronesia (Federated States of),country,2004,10.831877
FSM,Micronesia (Federated States of),country,2005,10.877405
FSM,Micronesia (Federated States of),country,2006,10.923125
FSM,Micronesia (Federated States of),country,2007,10.969038
FSM,Micronesia (Federated States of),country,2008,11.015143
FSM,Micronesia (Federated States of),country,2009,11.061442
FSM,Micronesia (Federated States of),country,2010,11.107936
FSM,Micronesia (Federated States of),country,2011,11.154625
FSM,Micronesia (Federated States of),country,2012,11.20151
FSM,Micronesia (Federated States of),country,2013,11.248592
FSM,Micronesia (Federated States of),country,2014,11.295874
FSM,Micronesia (Federated States of),country,2015,11.343154
FSM,Micronesia (Federated States of),country,2016,11.390434
FSM,Micronesia (Federated States of),country,2017,11.437715
FSM,Micronesia (Federated States of),country,2018,11.484994
FSM,Micronesia (Federated States of),country,2019,11.503358
FSM,Micronesia (Federated States of),country,2020,11.521722
FSM,Micronesia (Federated States of),country,2021,11.540085
FSM,Micronesia (Federated States of),country,2022,11.540085
FSM,Micronesia (Federated States of),country,2023,11.540085
GAB,Gabon,country,1990,11.063841
GAB,Gabon,country,1991,11.10699
GAB,Gabon,country,1992,11.150308
GAB,Gabon,country,1993,11.193794
GAB,Gabon,country,1994,11.237451
GAB,Gabon,country,1995,11.281278
GAB,Gabon,country,1996,11.325275
GAB,Gabon,country,1997,11.369444
GAB,Gabon,country,1998,11.413785
GAB,Gabon,country,1999,11.4583
GAB,Gabon,country,2000,11.503075
GAB,Gabon,country,2001,11.54785
GAB,Gabon,country,2002,11.592887
GAB,Gabon,country,2003,11.6381
GAB,Gabon,country,2004,11.683489
GAB,Gabon,country,2005,11.729054
GAB,Gabon,country,2006,11.774798
GAB,Gabon,country,2007,11.820721
GAB,Gabon,country,2008,11.866822
GAB,Gabon,country,2009,11.913103
GAB,Gabon,country,2010,11.959565
GAB,Gabon,country,2011,12.006207
GAB,Gabon,country,2012,12.053033
GAB,Gabon,country,2013,12.100039
GAB,Gabon,country,2014,12.14723
GAB,Gabon,country,2015,12.194605
GAB,Gabon,country,2016,12.242165
GAB,Gabon,country,2017,12.289909
GAB,Gabon,country,2018,12.337841
GAB,Gabon,country,2019,12.385959
GAB,Gabon,country,2020,12.434265
GAB,Gabon,country,2021,12.482759
GAB,Gabon,country,2022,12.482759
GAB,Gabon,country,2023,12.482759
GBR,United Kingdom of Great Britain and Northern Ireland,country,1990,13.6414
GBR,United Kingdom of Great Britain and Northern Ireland,country,1991,13.91902
GBR,United Kingdom of Great Britain and Northern Ireland,country,1992,14.26536
GBR,United Kingdom of Great Britain and Northern Ireland,country,1993,14.462315
GBR,United Kingdom of Great Britain and Northern Ireland,country,1994,14.65927
GBR,United Kingdom of Great Britain and Northern Ireland,country,1995,14.856225
GBR,United Kingdom of Great Britain and Northern Ireland,country,1996,15.05318
GBR,United Kingdom of Great Britain and Northern Ireland,country,1997,15.250135
GBR,United Kingdom of Great Britain and Northern Ireland,country,1998,15.44709
GBR,United Kingdom of Great Britain and Northern Ireland,country,1999,15.80357
GBR,United Kingdom of Great Britain and Northern Ireland,country,2000,15.99541
GBR,United Kingdom of Great Britain and Northern Ireland,country,2001,16.03244
GBR,United Kingdom of Great Britain and Northern Ireland,country,2002,16.125641
GBR,United Kingdom of Great Britain and Northern Ireland,country,2003,16.10825
GBR,United Kingdom of Great Britain and Northern Ireland,country,2004,16.55472
GBR,United Kingdom of Great Britain and Northern Ireland,country,2005,16.613359
GBR,United Kingdom of Great Britain and Northern Ireland,country,2006,16.03327
GBR,United Kingdom of Great Britain and Northern Ireland,country,2007,15.9031
GBR,United Kingdom of Great Britain and Northern Ireland,country,2008,16.05382
GBR,United Kingdom of Great Britain and Northern Ireland,country,2009,16.221439
GBR,United Kingdom of Great Britain and Northern Ireland,country,2010,16.45924
GBR,United Kingdom of Great Britain and Northern Ireland,country,2011,15.7794
GBR,United Kingdom of Great Britain and Northern Ireland,country,2012,15.70308
GBR,United Kingdom of Great Britain and Northern Ireland,country,2013,17.67149
GBR,United Kingdom of Great Britain and Northern Ireland,country,2014,17.507481
GBR,United Kingdom of Great Britain and Northern Ireland,country,2015,17.328369
GBR,United Kingdom of Great Britain and Northern Ireland,country,2016,17.397539
GBR,United Kingdom of Great Britain and Northern Ireland,country,2017,17.466709
GBR,United Kingdom of Great Britain and Northern Ireland,country,2018,17.2393
GBR,United Kingdom of Great Britain and Northern Ireland,country,2019,17.321079
GBR,United Kingdom of Great Britain and Northern Ireland,country,2020,17.378019
GBR,United Kingdom of Great Britain and Northern Ireland,country,2021,17.66814
GBR,United Kingdom of Great Britain and Northern Ireland,country,2022,17.811069
GBR,United Kingdom of Great Britain and Northern Ireland,country,2023,17.811069
GEO,Georgia,country,1990,13.030652
GEO,Georgia,country,1991,12.67749
GEO,Georgia,country,1992,12.3339
GEO,Georgia,country,1993,11.99031
GEO,Georgia,country,1994,11.64672
GEO,Georgia,country,1995,11.30313
GEO,Georgia,country,1996,11.30495
GEO,Georgia,country,1997,11.64983
GEO,Georgia,country,1998,11.88328
GEO,Georgia,country,1999,12.11673
GEO,Georgia,country,2000,12.59049
GEO,Georgia,country,2001,12.86779
GEO,Georgia,country,2002,13.10517
GEO,Georgia,country,2003,13.32161
GEO,Georgia,country,2004,13.50691
GEO,Georgia,country,2005,13.76416
GEO,Georgia,country,2006,13.50695
GEO,Georgia,country,2007,13.94359
GEO,Georgia,country,2008,13.44197
GEO,Georgia,country,2009,13.87479
GEO,Georgia,country,2010,14.11575
GEO,Georgia,country,2011,14.35671
GEO,Georgia,country,2012,14.59767
GEO,Georgia,country,2013,14.83863
GEO,Georgia,country,2014,15.16259
GEO,Georgia,country,2015,15.39436
GEO,Georgia,country,2016,15.56183
GEO,Georgia,country,2017,15.81342
GEO,Georgia,country,2018,16.00856
GEO,Georgia,country,2019,16.343451
GEO,Georgia,country,2020,16.27113
GEO,Georgia,country,2021,16.581079
GEO,Georgia,country,2022,16.72683
GEO,Georgia,country,2023,16.754709
GHA,Ghana,country,1990,5.6557488
GHA,Ghana,country,1991,5.7762365
GHA,Ghana,country,1992,5.8992915
GHA,Ghana,country,1993,6.0249677
GHA,Ghana,country,1994,6.1533217
GHA,Ghana,country,1995,6.2844095
GHA,Ghana,country,1996,6.4182901
GHA,Ghana,country,1997,6.5550232
GHA,Ghana,country,1998,6.6946692
GHA,Ghana,country,1999,6.8372898
GHA,Ghana,country,2000,7.1724901
GHA,Ghana,country,2001,6.8629498
GHA,Ghana,country,2002,7.1940298
GHA,Ghana,country,2003,7.1272001
GHA,Ghana,country,2004,7.5669298
GHA,Ghana,country,2005,8.2217703
GHA,Ghana,country,2006,8.6450796
GHA,Ghana,country,2007,9.3116302
GHA,Ghana,country,2008,9.9096899
GHA,Ghana,country,2009,10.01553
GHA,Ghana,country,2010,10.349645
GHA,Ghana,country,2011,10.68376
GHA,Ghana,country,2012,10.93752
GHA,Ghana,country,2013,11.07387
GHA,Ghana,country,2014,10.72199
GHA,Ghana,country,2015,11.17568
GHA,Ghana,country,2016,11.0984
GHA,Ghana,country,2017,10.98636
GHA,Ghana,country,2018,10.95788
GHA,Ghana,country,2019,11.29076
GHA,Ghana,country,2020,11.42976
GHA,Ghana,country,2021,11.58628
GHA,Ghana,country,2022,11.41846
GHA,Ghana,country,2023,11.41846
GIN,Guinea,country,1990,2.69415
GIN,Guinea,country,1991,2.8202801
GIN,Guinea,country,1992,2.996155
GIN,Guinea,country,1993,3.17203
GIN,Guinea,country,1994,3.39221
GIN,Guinea,country,1995,3.6243401
GIN,Guinea,country,1996,3.8564701
GIN,Guinea,country,1997,4.20222
GIN,Guinea,country,1998,4.5479703
GIN,Guinea,country,1999,4.8937201
GIN,Guinea,country,2000,5.23947
GIN,Guinea,country,2001,5.5852199
GIN,Guinea,country,2002,5.9309702
GIN,Guinea,country,2003,6.27672
GIN,Guinea,country,2004,6.6224699
GIN,Guinea,country,2005,7.1056199
GIN,Guinea,country,2006,7.5827198
GIN,Guinea,country,2007,7.8539047
GIN,Guinea,country,2008,8.1250896
GIN,Guinea,country,2009,8.3001366
GIN,Guinea,country,2010,8.4751835
GIN,Guinea,country,2011,8.6502304
GIN,Guinea,country,2012,8.6521597
GIN,Guinea,country,2013,8.8832245
GIN,Guinea,country,2014,9.1142902
GIN,Guinea,country,2015,9.2868862
GIN,Guinea,country,2016,9.4627504
GIN,Guinea,country,2017,9.6419449
GIN,Guinea,country,2018,9.8245335
GIN,Guinea,country,2019,10.010579
GIN,Guinea,country,2020,10.200148
GIN,Guinea,country,2021,10.393307
GIN,Guinea,country,2022,10.393307
GIN,Guinea,country,2023,10.393307
GMB,Gambia,country,1990,3.8443406
GMB,Gambia,country,1991,4.0060244
GMB,Gambia,country,1992,4.1745081
GMB,Gambia,country,1993,4.3500776
GMB,Gambia,country,1994,4.5330315
GMB,Gambia,country,1995,4.72368
GMB,Gambia,country,1996,4.9397583
GMB,Gambia,country,1997,5.1558371
GMB,Gambia,country,1998,5.3719153
GMB,Gambia,country,1999,5.5879941
GMB,Gambia,country,2000,5.8040724
GMB,Gambia,country,2001,6.0201507
GMB,Gambia,country,2002,6.2362294
GMB,Gambia,country,2003,6.4523077
GMB,Gambia,country,2004,6.668386
GMB,Gambia,country,2005,6.8844647
GMB,Gambia,country,2006,7.100543
GMB,Gambia,country,2007,7.3166218
GMB,Gambia,country,2008,7.5327001
GMB,Gambia,country,2009,7.5300002
GMB,Gambia,country,2010,7.47791
GMB,Gambia,country,2011,7.6036496
GMB,Gambia,country,2012,7.7315035
GMB,Gambia,country,2013,7.8615074
GMB,Gambia,country,2014,8.0209923
GMB,Gambia,country,2015,8.1804771
GMB,Gambia,country,2016,8.3399611
GMB,Gambia,country,2017,8.4994459
GMB,Gambia,country,2018,8.6589308
GMB,Gambia,country,2019,8.8184147
GMB,Gambia,country,2020,8.9778996
GMB,Gambia,country,2021,8.9778996
GMB,Gambia,country,2022,8.9778996
GMB,Gambia,country,2023,8.9778996
GNB,Guinea-Bissau,country,1990,6.6124468
GNB,Guinea-Bissau,country,1991,6.7346525
GNB,Guinea-Bissau,country,1992,6.8591166
GNB,Guinea-Bissau,country,1993,6.9858804
GNB,Guinea-Bissau,country,1994,7.1149874
GNB,Guinea-Bissau,country,1995,7.2464805
GNB,Guinea-Bissau,country,1996,7.3804035
GNB,Guinea-Bissau,country,1997,7.5168018
GNB,Guinea-Bissau,country,1998,7.6557207
GNB,Guinea-Bissau,country,1999,7.7972074
GNB,Guinea-Bissau,country,2000,7.9413085
GNB,Guinea-Bissau,country,2001,8.0880728
GNB,Guinea-Bissau,country,2002,8.2375498
GNB,Guinea-Bissau,country,2003,8.3897886
GNB,Guinea-Bissau,country,2004,8.5448418
GNB,Guinea-Bissau,country,2005,8.7027597
GNB,Guinea-Bissau,country,2006,9.1330299
GNB,Guinea-Bissau,country,2007,9.2327223
GNB,Guinea-Bissau,country,2008,9.3324137
GNB,Guinea-Bissau,country,2009,9.432106
GNB,Guinea-Bissau,country,2010,9.5317974
GNB,Guinea-Bissau,country,2011,9.6314898
GNB,Guinea-Bissau,country,2012,9.7311821
GNB,Guinea-Bissau,country,2013,9.8308735
GNB,Guinea-Bissau,country,2014,9.9305658
GNB,Guinea-Bissau,country,2015,10.030257
GNB,Guinea-Bissau,country,2016,10.12995
GNB,Guinea-Bissau,country,2017,10.229642
GNB,Guinea-Bissau,country,2018,10.329333
GNB,Guinea-Bissau,country,2019,10.429026
GNB,Guinea-Bissau,country,2020,10.531681
GNB,Guinea-Bissau,country,2021,10.635346
GNB,Guinea-Bissau,country,2022,10.635346
GNB,Guinea-Bissau,country,2023,10.635346
GNQ,Equatorial Guinea,country,1990,
GNQ,Equatorial Guinea,country,1991,
GNQ,Equatorial Guinea,country,1992,
GNQ,Equatorial Guinea,country,1993,
GNQ,Equatorial Guinea,country,1994,
GNQ,Equatorial Guinea,country,1995,
GNQ,Equatorial Guinea,country,1996,
GNQ,Equatorial Guinea,country,1997,
GNQ,Equatorial Guinea,country,1998,
GNQ,Equatorial Guinea,country,1999,
GNQ,Equatorial Guinea,country,2000,6.0959401
GNQ,Equatorial Guinea,country,2001,6.400476
GNQ,Equatorial Guinea,country,2002,6.7050118
GNQ,Equatorial Guinea,country,2003,7.0095482
GNQ,Equatorial Guinea,country,2004,7.3140841
GNQ,Equatorial Guinea,country,2005,7.6186199
GNQ,Equatorial Guinea,country,2006,7.9231558
GNQ,Equatorial Guinea,country,2007,8.2276917
GNQ,Equatorial Guinea,country,2008,8.5322275
GNQ,Equatorial Guinea,country,2009,8.8367634
GNQ,Equatorial Guinea,country,2010,9.1412992
GNQ,Equatorial Guinea,country,2011,9.4458351
GNQ,Equatorial Guinea,country,2012,9.7503719
GNQ,Equatorial Guinea,country,2013,10.054908
GNQ,Equatorial Guinea,country,2014,10.359444
GNQ,Equatorial Guinea,country,2015,10.66398
GNQ,Equatorial Guinea,country,2016,10.968515
GNQ,Equatorial Guinea,country,2017,11.273051
GNQ,Equatorial Guinea,country,2018,11.577587
GNQ,Equatorial Guinea,country,2019,11.882123
GNQ,Equatorial Guinea,country,2020,12.186659
GNQ,Equatorial Guinea,country,2021,12.491195
GNQ,Equatorial Guinea,country,2022,12.491195
GNQ,Equatorial Guinea,country,2023,12.491195
GRC,Greece,country,1990,12.61827
GRC,Greece,country,1991,13.21515
GRC,Greece,country,1992,13.2401
GRC,Greece,country,1993,13.17139
GRC,Greece,country,1994,13.38532
GRC,Greece,country,1995,13.3901
GRC,Greece,country,1996,13.50639
GRC,Greece,country,1997,13.69068
GRC,Greece,country,1998,14.39577
GRC,Greece,country,1999,14.34627
GRC,Greece,country,2000,15.08322
GRC,Greece,country,2001,15.4751
GRC,Greece,country,2002,15.00137
GRC,Greece,country,2003,15.1559
GRC,Greece,country,2004,15.57778
GRC,Greece,country,2005,16.324671
GRC,Greece,country,2006,16.47641
GRC,Greece,country,2007,15.99503
GRC,Greece,country,2008,16.284456
GRC,Greece,country,2009,16.573883
GRC,Greece,country,2010,16.86331
GRC,Greece,country,2011,17.04985
GRC,Greece,country,2012,17.246281
GRC,Greece,country,2013,17.40769
GRC,Greece,country,2014,17.87471
GRC,Greece,country,2015,18.29533
GRC,Greece,country,2016,18.71595
GRC,Greece,country,2017,19.033239
GRC,Greece,country,2018,19.29427
GRC,Greece,country,2019,19.64761
GRC,Greece,country,2020,19.478729
GRC,Greece,country,2021,19.77392
GRC,Greece,country,2022,20.845501
GRC,Greece,country,2023,20.845501
GRD,Grenada,country,1990,14.928536
GRD,Grenada,country,1991,14.998428
GRD,Grenada,country,1992,15.068647
GRD,Grenada,country,1993,15.139195
GRD,Grenada,country,1994,15.210073
GRD,Grenada,country,1995,15.281283
GRD,Grenada,country,1996,15.352827
GRD,Grenada,country,1997,15.424706
GRD,Grenada,country,1998,15.49692
GRD,Grenada,country,1999,15.569473
GRD,Grenada,country,2000,15.642365
GRD,Grenada,country,2001,15.715599
GRD,Grenada,country,2002,15.789176
GRD,Grenada,country,2003,15.863097
GRD,Grenada,country,2004,15.937365
GRD,Grenada,country,2005,16.01198
GRD,Grenada,country,2006,16.086945
GRD,Grenada,country,2007,16.16226
GRD,Grenada,country,2008,16.237926
GRD,Grenada,country,2009,16.31395
GRD,Grenada,country,2010,16.391047
GRD,Grenada,country,2011,16.468143
GRD,Grenada,country,2012,16.54524
GRD,Grenada,country,2013,16.622335
GRD,Grenada,country,2014,16.699432
GRD,Grenada,country,2015,16.776529
GRD,Grenada,country,2016,16.722441
GRD,Grenada,country,2017,16.38378
GRD,Grenada,country,2018,16.592211
GRD,Grenada,country,2019,16.587234
GRD,Grenada,country,2020,16.582262
GRD,Grenada,country,2021,16.57729
GRD,Grenada,country,2022,16.57729
GRD,Grenada,country,2023,16.57729
GTM,Guatemala,country,1990,6.8996186
GTM,Guatemala,country,1991,6.9425712
GTM,Guatemala,country,1992,6.9857912
GTM,Guatemala,country,1993,7.0292802
GTM,Guatemala,country,1994,7.07304
GTM,Guatemala,country,1995,7.1691499
GTM,Guatemala,country,1996,7.4188828
GTM,Guatemala,country,1997,7.6686158
GTM,Guatemala,country,1998,7.9183488
GTM,Guatemala,country,1999,8.1680813
GTM,Guatemala,country,2000,8.4178143
GTM,Guatemala,country,2001,8.6675472
GTM,Guatemala,country,2002,8.9172802
GTM,Guatemala,country,2003,9.1937618
GTM,Guatemala,country,2004,9.4702444
GTM,Guatemala,country,2005,9.746726
GTM,Guatemala,country,2006,10.023209
GTM,Guatemala,country,2007,10.29969
GTM,Guatemala,country,2008,10.577044
GTM,Guatemala,country,2009,10.8544
GTM,Guatemala,country,2010,11.09412
GTM,Guatemala,country,2011,11.06177
GTM,Guatemala,country,2012,10.85069
GTM,Guatemala,country,2013,10.83089
GTM,Guatemala,country,2014,10.92879
GTM,Guatemala,country,2015,10.97344
GTM,Guatemala,country,2016,10.92856
GTM,Guatemala,country,2017,10.88368
GTM,Guatemala,country,2018,10.838799
GTM,Guatemala,country,2019,10.79392
GTM,Guatemala,country,2020,10.764848
GTM,Guatemala,country,2021,10.735775
GTM,Guatemala,country,2022,10.706703
GTM,Guatemala,country,2023,10.67763
GUY,Guyana,country,1990,8.4679546
GUY,Guyana,country,1991,8.6270237
GUY,Guyana,country,1992,8.7890816
GUY,Guyana,country,1993,8.9541836
GUY,Guyana,country,1994,9.1223869
GUY,Guyana,country,1995,9.2937498
GUY,Guyana,country,1996,9.4683313
GUY,Guyana,country,1997,9.6461926
GUY,Guyana,country,1998,9.8273954
GUY,Guyana,country,1999,10.012002
GUY,Guyana,country,2000,10.200076
GUY,Guyana,country,2001,10.284674
GUY,Guyana,country,2002,10.369272
GUY,Guyana,country,2003,10.45387
GUY,Guyana,country,2004,10.822081
GUY,Guyana,country,2005,11.19029
GUY,Guyana,country,2006,11.04757
GUY,Guyana,country,2007,10.90485
GUY,Guyana,country,2008,11.03103
GUY,Guyana,country,2009,11.01204
GUY,Guyana,country,2010,11.40573
GUY,Guyana,country,2011,12.0624
GUY,Guyana,country,2012,12.1385
GUY,Guyana,country,2013,12.240741
GUY,Guyana,country,2014,12.34298
GUY,Guyana,country,2015,12.45616
GUY,Guyana,country,2016,12.56934
GUY,Guyana,country,2017,12.682519
GUY,Guyana,country,2018,12.795698
GUY,Guyana,country,2019,12.908878
GUY,Guyana,country,2020,13.022058
GUY,Guyana,country,2021,13.022058
GUY,Guyana,country,2022,13.022058
GUY,Guyana,country,2023,13.022058
HKG,"China, Hong Kong Special Administrative Region",country,1990,9.4173965
HKG,"China, Hong Kong Special Administrative Region",country,1991,9.6899195
HKG,"China, Hong Kong Special Administrative Region",country,1992,9.9703283
HKG,"China, Hong Kong Special Administrative Region",country,1993,10.258851
HKG,"China, Hong Kong Special Administrative Region",country,1994,10.555724
HKG,"China, Hong Kong Special Administrative Region",country,1995,10.861188
HKG,"China, Hong Kong Special Administrative Region",country,1996,11.175491
HKG,"China, Hong Kong Special Administrative Region",country,1997,11.49889
HKG,"China, Hong Kong Special Administrative Region",country,1998,11.831647
HKG,"China, Hong Kong Special Administrative Region",country,1999,12.174034
HKG,"China, Hong Kong Special Administrative Region",country,2000,12.526328
HKG,"China, Hong Kong Special Administrative Region",country,2001,12.888818
HKG,"China, Hong Kong Special Administrative Region",country,2002,13.261797
HKG,"China, Hong Kong Special Administrative Region",country,2003,13.64557
HKG,"China, Hong Kong Special Administrative Region",country,2004,13.69073
HKG,"China, Hong Kong Special Administrative Region",country,2005,13.84333
HKG,"China, Hong Kong Special Administrative Region",country,2006,13.93659
HKG,"China, Hong Kong Special Administrative Region",country,2007,14.54184
HKG,"China, Hong Kong Special Administrative Region",country,2008,15.7062
HKG,"China, Hong Kong Special Administrative Region",country,2009,15.90508
HKG,"China, Hong Kong Special Administrative Region",country,2010,15.82146
HKG,"China, Hong Kong Special Administrative Region",country,2011,15.86519
HKG,"China, Hong Kong Special Administrative Region",country,2012,16.158751
HKG,"China, Hong Kong Special Administrative Region",country,2013,16.21553
HKG,"China, Hong Kong Special Administrative Region",country,2014,16.31303
HKG,"China, Hong Kong Special Administrative Region",country,2015,16.39662
HKG,"China, Hong Kong Special Administrative Region",country,2016,16.34737
HKG,"China, Hong Kong Special Administrative Region",country,2017,16.491211
HKG,"China, Hong Kong Special Administrative Region",country,2018,16.804939
HKG,"China, Hong Kong Special Administrative Region",country,2019,16.908091
HKG,"China, Hong Kong Special Administrative Region",country,2020,17.06225
HKG,"China, Hong Kong Special Administrative Region",country,2021,17.452801
HKG,"China, Hong Kong Special Administrative Region",country,2022,17.25489
HKG,"China, Hong Kong Special Administrative Region",country,2023,16.895861
HND,Honduras,country,1990,8.1640453
HND,Honduras,country,1991,8.2223396
HND,Honduras,country,1992,8.2810497
HND,Honduras,country,1993,8.3397598
HND,Honduras,country,1994,8.4578686
HND,Honduras,country,1995,8.5759773
HND,Honduras,country,1996,8.6940861
HND,Honduras,country,1997,8.8121948
HND,Honduras,country,1998,8.9303036
HND,Honduras,country,1999,9.0484123
HND,Honduras,country,2000,9.1665211
HND,Honduras,country,2001,9.2846289
HND,Honduras,country,2002,9.4027376
HND,Honduras,country,2003,9.5208464
HND,Honduras,country,2004,9.6389551
HND,Honduras,country,2005,9.7570639
HND,Honduras,country,2006,9.8751726
HND,Honduras,country,2007,9.9932814
HND,Honduras,country,2008,10.11139
HND,Honduras,country,2009,10.179465
HND,Honduras,country,2010,10.24754
HND,Honduras,country,2011,10.082465
HND,Honduras,country,2012,9.9173899
HND,Honduras,country,2013,9.6898403
HND,Honduras,country,2014,9.4769402
HND,Honduras,country,2015,9.6527596
HND,Honduras,country,2016,9.6885099
HND,Honduras,country,2017,9.7850199
HND,Honduras,country,2018,9.8731852
HND,Honduras,country,2019,9.9613504
HND,Honduras,country,2020,10.061277
HND,Honduras,country,2021,10.162207
HND,Honduras,country,2022,10.162207
HND,Honduras,country,2023,10.162207
HRV,Croatia,country,1990,9.7195606
HRV,Croatia,country,1991,10.077007
HRV,Croatia,country,1992,10.447598
HRV,Croatia,country,1993,10.83182
HRV,Croatia,country,1994,11.23017
HRV,Croatia,country,1995,10.98812
HRV,Croatia,country,1996,11.19352
HRV,Croatia,country,1997,11.34229
HRV,Croatia,country,1998,11.71883
HRV,Croatia,country,1999,12.10394
HRV,Croatia,country,2000,12.82218
HRV,Croatia,country,2001,13.54042
HRV,Croatia,country,2002,13.66327
HRV,Croatia,country,2003,13.86748
HRV,Croatia,country,2004,14.10562
HRV,Croatia,country,2005,14.34376
HRV,Croatia,country,2006,14.47464
HRV,Croatia,country,2007,14.55031
HRV,Croatia,country,2008,14.49471
HRV,Croatia,country,2009,14.45389
HRV,Croatia,country,2010,14.6963
HRV,Croatia,country,2011,14.81812
HRV,Croatia,country,2012,14.98539
HRV,Croatia,country,2013,15.39178
HRV,Croatia,country,2014,15.56686
HRV,Croatia,country,2015,15.61138
HRV,Croatia,country,2016,15.67868
HRV,Croatia,country,2017,15.84933
HRV,Croatia,country,2018,15.96851
HRV,Croatia,country,2019,16.0306
HRV,Croatia,country,2020,16.10607
HRV,Croatia,country,2021,16.24894
HRV,Croatia,country,2022,16.34815
HRV,Croatia,country,2023,16.34815
HTI,Haiti,country,1990,9.2467642
HTI,Haiti,country,1991,9.3051901
HTI,Haiti,country,1992,9.363986
HTI,Haiti,country,1993,9.4231529
HTI,Haiti,country,1994,9.4826937
HTI,Haiti,country,1995,9.5426111
HTI,Haiti,country,1996,9.6029072
HTI,Haiti,country,1997,9.6635838
HTI,Haiti,country,1998,9.7246437
HTI,Haiti,country,1999,9.7860899
HTI,Haiti,country,2000,9.8479233
HTI,Haiti,country,2001,9.9101486
HTI,Haiti,country,2002,9.9727669
HTI,Haiti,country,2003,10.03578
HTI,Haiti,country,2004,10.099192
HTI,Haiti,country,2005,10.163005
HTI,Haiti,country,2006,10.227221
HTI,Haiti,country,2007,10.291842
HTI,Haiti,country,2008,10.356872
HTI,Haiti,country,2009,10.422313
HTI,Haiti,country,2010,10.488167
HTI,Haiti,country,2011,10.554437
HTI,Haiti,country,2012,10.621126
HTI,Haiti,country,2013,10.688236
HTI,Haiti,country,2014,10.755771
HTI,Haiti,country,2015,10.823305
HTI,Haiti,country,2016,10.89084
HTI,Haiti,country,2017,10.958374
HTI,Haiti,country,2018,11.025908
HTI,Haiti,country,2019,10.982725
HTI,Haiti,country,2020,10.939542
HTI,Haiti,country,2021,10.896358
HTI,Haiti,country,2022,10.896358
HTI,Haiti,country,2023,10.896358
HUN,Hungary,country,1990,11.34864
HUN,Hungary,country,1991,11.31017
HUN,Hungary,country,1992,11.29685
HUN,Hungary,country,1993,11.77652
HUN,Hungary,country,1994,12.25619
HUN,Hungary,country,1995,12.55264
HUN,Hungary,country,1996,12.91569
HUN,Hungary,country,1997,13.17007
HUN,Hungary,country,1998,13.52241
HUN,Hungary,country,1999,13.95783
HUN,Hungary,country,2000,14.34342
HUN,Hungary,country,2001,14.69448
HUN,Hungary,country,2002,15.05519
HUN,Hungary,country,2003,15.43842
HUN,Hungary,country,2004,15.18011
HUN,Hungary,country,2005,15.36454
HUN,Hungary,country,2006,15.45073
HUN,Hungary,country,2007,15.45896
HUN,Hungary,country,2008,15.44879
HUN,Hungary,country,2009,15.40419
HUN,Hungary,country,2010,15.4867
HUN,Hungary,country,2011,15.50348
HUN,Hungary,country,2012,15.49135
HUN,Hungary,country,2013,15.83043
HUN,Hungary,country,2014,15.58628
HUN,Hungary,country,2015,15.31862
HUN,Hungary,country,2016,15.15059
HUN,Hungary,country,2017,15.24699
HUN,Hungary,country,2018,15.16995
HUN,Hungary,country,2019,15.03072
HUN,Hungary,country,2020,15.05879
HUN,Hungary,country,2021,15.07374
HUN,Hungary,country,2022,15.4694
HUN,Hungary,country,2023,15.4694
IDN,Indonesia,country,1990,10.15548
IDN,Indonesia,country,1991,9.95644
IDN,Indonesia,country,1992,9.8743696
IDN,Indonesia,country,1993,9.8611298
IDN,Indonesia,country,1994,10.06455
IDN,Indonesia,country,1995,10.25559
IDN,Indonesia,country,1996,10.40863
IDN,Indonesia,country,1997,10.71074
IDN,Indonesia,country,1998,10.7851
IDN,Indonesia,country,1999,10.88427
IDN,Indonesia,country,2000,10.76461
IDN,Indonesia,country,2001,10.81116
IDN,Indonesia,country,2002,10.9467
IDN,Indonesia,country,2003,11.1887
IDN,Indonesia,country,2004,11.32516
IDN,Indonesia,country,2005,11.23674
IDN,Indonesia,country,2006,11.36719
IDN,Indonesia,country,2007,12.01272
IDN,Indonesia,country,2008,11.97515
IDN,Indonesia,country,2009,12.42795
IDN,Indonesia,country,2010,12.64495
IDN,Indonesia,country,2011,12.96133
IDN,Indonesia,country,2012,13.29709
IDN,Indonesia,country,2013,13.32937
IDN,Indonesia,country,2014,13.26311
IDN,Indonesia,country,2015,13.6388
IDN,Indonesia,country,2016,13.60602
IDN,Indonesia,country,2017,13.72858
IDN,Indonesia,country,2018,13.78658
IDN,Indonesia,country,2019,13.159364
IDN,Indonesia,country,2020,13.348783
IDN,Indonesia,country,2021,13.438362
IDN,Indonesia,country,2022,13.416175
IDN,Indonesia,country,2023,13.335777
IND,India,country,1990,8.2044439
IND,India,country,1991,8.2165232
IND,India,country,1992,8.2286215
IND,India,country,1993,8.240736
IND,India,country,1994,8.2528696
IND,India,country,1995,8.2650204
IND,India,country,1996,8.2665501
IND,India,country,1997,8.2897596
IND,India,country,1998,8.3018494
IND,India,country,1999,8.31394
IND,India,country,2000,8.3260298
IND,India,country,2001,8.8076096
IND,India,country,2002,8.8722801
IND,India,country,2003,9.4890099
IND,India,country,2004,9.759057
IND,India,country,2005,10.029105
IND,India,country,2006,10.299152
IND,India,country,2007,10.5692
IND,India,country,2008,10.86856
IND,India,country,2009,10.78788
IND,India,country,2010,11.10917
IND,India,country,2011,11.69287
IND,India,country,2012,11.76547
IND,India,country,2013,11.80905
IND,India,country,2014,12.16592
IND,India,country,2015,12.26624
IND,India,country,2016,12.67976
IND,India,country,2017,12.50761
IND,India,country,2018,11.81654
IND,India,country,2019,11.75398
IND,India,country,2020,12.12914
IND,India,country,2021,12.40237
IND,India,country,2022,12.95646
IND,India,country,2023,12.95454
IRL,Ireland,country,1990,12.67891
IRL,Ireland,country,1991,12.741
IRL,Ireland,country,1992,12.93769
IRL,Ireland,country,1993,13.4093
IRL,Ireland,country,1994,13.76459
IRL,Ireland,country,1995,13.86139
IRL,Ireland,country,1996,13.90685
IRL,Ireland,country,1997,13.98873
IRL,Ireland,country,1998,16.494921
IRL,Ireland,country,1999,16.32534
IRL,Ireland,country,2000,16.71694
IRL,Ireland,country,2001,16.826891
IRL,Ireland,country,2002,17.02166
IRL,Ireland,country,2003,17.225901
IRL,Ireland,country,2004,17.590179
IRL,Ireland,country,2005,17.55994
IRL,Ireland,country,2006,17.44895
IRL,Ireland,country,2007,17.492149
IRL,Ireland,country,2008,17.261869
IRL,Ireland,country,2009,17.492661
IRL,Ireland,country,2010,17.931789
IRL,Ireland,country,2011,18.109921
IRL,Ireland,country,2012,18.13201
IRL,Ireland,country,2013,18.252861
IRL,Ireland,country,2014,18.373711
IRL,Ireland,country,2015,18.91157
IRL,Ireland,country,2016,19.000271
IRL,Ireland,country,2017,18.921659
IRL,Ireland,country,2018,19.978649
IRL,Ireland,country,2019,19.158529
IRL,Ireland,country,2020,19.05665
IRL,Ireland,country,2021,19.36689
IRL,Ireland,country,2022,19.184879
IRL,Ireland,country,2023,19.184879
IRN,Iran (Islamic Republic of),country,1990,10.803549
IRN,Iran (Islamic Republic of),country,1991,10.899116
IRN,Iran (Islamic Republic of),country,1992,10.995527
IRN,Iran (Islamic Republic of),country,1993,11.092793
IRN,Iran (Islamic Republic of),country,1994,11.190917
IRN,Iran (Islamic Republic of),country,1995,11.28991
IRN,Iran (Islamic Republic of),country,1996,11.423035
IRN,Iran (Islamic Republic of),country,1997,11.55616
IRN,Iran (Islamic Republic of),country,1998,11.689284
IRN,Iran (Islamic Republic of),country,1999,11.82241
IRN,Iran (Islamic Republic of),country,2000,11.79729
IRN,Iran (Islamic Republic of),country,2001,12.14345
IRN,Iran (Islamic Republic of),country,2002,12.13387
IRN,Iran (Islamic Republic of),country,2003,12.28152
IRN,Iran (Islamic Republic of),country,2004,12.0469
IRN,Iran (Islamic Republic of),country,2005,12.03252
IRN,Iran (Islamic Republic of),country,2006,12.30601
IRN,Iran (Islamic Republic of),country,2007,12.49222
IRN,Iran (Islamic Republic of),country,2008,13.06793
IRN,Iran (Islamic Republic of),country,2009,13.27254
IRN,Iran (Islamic Republic of),country,2010,13.46039
IRN,Iran (Islamic Republic of),country,2011,13.95835
IRN,Iran (Islamic Republic of),country,2012,15.37275
IRN,Iran (Islamic Republic of),country,2013,15.21719
IRN,Iran (Islamic Republic of),country,2014,15.11426
IRN,Iran (Islamic Republic of),country,2015,14.88682
IRN,Iran (Islamic Republic of),country,2016,14.55496
IRN,Iran (Islamic Republic of),country,2017,14.43961
IRN,Iran (Islamic Republic of),country,2018,14.332129
IRN,Iran (Islamic Republic of),country,2019,14.22465
IRN,Iran (Islamic Republic of),country,2020,14.11717
IRN,Iran (Islamic Republic of),country,2021,13.96833
IRN,Iran (Islamic Republic of),country,2022,13.96833
IRN,Iran (Islamic Republic of),country,2023,13.96833
IRQ,Iraq,country,1990,7.327816
IRQ,Iraq,country,1991,7.4297528
IRQ,Iraq,country,1992,7.5331078
IRQ,Iraq,country,1993,7.6379004
IRQ,Iraq,country,1994,7.7441511
IRQ,Iraq,country,1995,7.8518796
IRQ,Iraq,country,1996,7.9611068
IRQ,Iraq,country,1997,8.0718536
IRQ,Iraq,country,1998,8.1841402
IRQ,Iraq,country,1999,8.2979898
IRQ,Iraq,country,2000,8.3403397
IRQ,Iraq,country,2001,8.6120996
IRQ,Iraq,country,2002,8.8838596
IRQ,Iraq,country,2003,9.1556196
IRQ,Iraq,country,2004,9.4273796
IRQ,Iraq,country,2005,9.65905
IRQ,Iraq,country,2006,9.8907194
IRQ,Iraq,country,2007,10.12239
IRQ,Iraq,country,2008,10.35406
IRQ,Iraq,country,2009,10.58573
IRQ,Iraq,country,2010,10.8174
IRQ,Iraq,country,2011,11.04907
IRQ,Iraq,country,2012,11.178343
IRQ,Iraq,country,2013,11.307615
IRQ,Iraq,country,2014,11.436889
IRQ,Iraq,country,2015,11.566161
IRQ,Iraq,country,2016,11.695435
IRQ,Iraq,country,2017,11.824707
IRQ,Iraq,country,2018,11.95398
IRQ,Iraq,country,2019,12.087621
IRQ,Iraq,country,2020,12.222755
IRQ,Iraq,country,2021,12.359402
IRQ,Iraq,country,2022,12.359402
IRQ,Iraq,country,2023,12.359402
ISL,Iceland,country,1990,14.1439
ISL,Iceland,country,1991,15.2326
ISL,Iceland,country,1992,15.55964
ISL,Iceland,country,1993,15.53975
ISL,Iceland,country,1994,15.78847
ISL,Iceland,country,1995,15.8529
ISL,Iceland,country,1996,15.92556
ISL,Iceland,country,1997,16.35977
ISL,Iceland,country,1998,16.79398
ISL,Iceland,country,1999,16.771021
ISL,Iceland,country,2000,17.02371
ISL,Iceland,country,2001,17.05024
ISL,Iceland,country,2002,17.559549
ISL,Iceland,country,2003,18.24403
ISL,Iceland,country,2004,17.928989
ISL,Iceland,country,2005,18.14156
ISL,Iceland,country,2006,18.128811
ISL,Iceland,country,2007,17.97086
ISL,Iceland,country,2008,18.005159
ISL,Iceland,country,2009,17.98357
ISL,Iceland,country,2010,18.52272
ISL,Iceland,country,2011,18.74509
ISL,Iceland,country,2012,19.17964
ISL,Iceland,country,2013,19.76129
ISL,Iceland,country,2014,19.710461
ISL,Iceland,country,2015,19.35327
ISL,Iceland,country,2016,19.066919
ISL,Iceland,country,2017,18.739639
ISL,Iceland,country,2018,18.50046
ISL,Iceland,country,2019,18.234989
ISL,Iceland,country,2020,18.23974
ISL,Iceland,country,2021,19.10673
ISL,Iceland,country,2022,18.85059
ISL,Iceland,country,2023,18.85059
ISR,Israel,country,1990,12.10218
ISR,Israel,country,1991,12.33714
ISR,Israel,country,1992,12.538065
ISR,Israel,country,1993,12.73899
ISR,Israel,country,1994,12.907465
ISR,Israel,country,1995,13.07594
ISR,Israel,country,1996,13.21336
ISR,Israel,country,1997,13.702507
ISR,Israel,country,1998,14.191653
ISR,Israel,country,1999,14.6808
ISR,Israel,country,2000,14.31398
ISR,Israel,country,2001,14.37795
ISR,Israel,country,2002,14.89109
ISR,Israel,country,2003,14.77113
ISR,Israel,country,2004,14.66952
ISR,Israel,country,2005,14.64526
ISR,Israel,country,2006,14.57705
ISR,Israel,country,2007,14.71483
ISR,Israel,country,2008,14.56845
ISR,Israel,country,2009,14.84815
ISR,Israel,country,2010,15.04464
ISR,Israel,country,2011,15.04598
ISR,Israel,country,2012,15.06446
ISR,Israel,country,2013,15.10923
ISR,Israel,country,2014,15.09505
ISR,Israel,country,2015,15.0473
ISR,Israel,country,2016,14.90981
ISR,Israel,country,2017,14.92461
ISR,Israel,country,2018,14.85824
ISR,Israel,country,2019,14.78419
ISR,Israel,country,2020,14.83237
ISR,Israel,country,2021,15.02984
ISR,Israel,country,2022,14.93416
ISR,Israel,country,2023,14.93416
ITA,Italy,country,1990,12.96342
ITA,Italy,country,1991,13.15884
ITA,Italy,country,1992,13.5321
ITA,Italy,country,1993,13.82783
ITA,Italy,country,1994,14.36687
ITA,Italy,country,1995,14.54401
ITA,Italy,country,1996,14.72265
ITA,Italy,country,1997,14.98874
ITA,Italy,country,1998,15.09491
ITA,Italy,country,1999,15.09481
ITA,Italy,country,2000,15.08234
ITA,Italy,country,2001,15.40864
ITA,Italy,country,2002,15.64844
ITA,Italy,country,2003,15.9122
ITA,Italy,country,2004,16.06415
ITA,Italy,country,2005,16.190941
ITA,Italy,country,2006,16.31435
ITA,Italy,country,2007,16.387091
ITA,Italy,country,2008,16.352171
ITA,Italy,country,2009,16.281691
ITA,Italy,country,2010,16.23377
ITA,Italy,country,2011,16.390051
ITA,Italy,country,2012,16.171539
ITA,Italy,country,2013,15.97973
ITA,Italy,country,2014,15.96412
ITA,Italy,country,2015,15.95447
ITA,Italy,country,2016,15.95277
ITA,Italy,country,2017,16.14879
ITA,Italy,country,2018,16.28826
ITA,Italy,country,2019,16.380131
ITA,Italy,country,2020,16.53113
ITA,Italy,country,2021,16.60483
ITA,Italy,country,2022,16.714199
ITA,Italy,country,2023,16.714199
JAM,Jamaica,country,1990,11.201735
JAM,Jamaica,country,1991,11.12339
JAM,Jamaica,country,1992,11.045592
JAM,Jamaica,country,1993,10.967795
JAM,Jamaica,country,1994,10.889997
JAM,Jamaica,country,1995,10.812201
JAM,Jamaica,country,1996,10.734403
JAM,Jamaica,country,1997,10.656605
JAM,Jamaica,country,1998,10.578808
JAM,Jamaica,country,1999,10.50101
JAM,Jamaica,country,2000,10.10261
JAM,Jamaica,country,2001,10.83097
JAM,Jamaica,country,2002,10.98361
JAM,Jamaica,country,2003,10.34318
JAM,Jamaica,country,2004,11.61485
JAM,Jamaica,country,2005,11.84745
JAM,Jamaica,country,2006,12.460771
JAM,Jamaica,country,2007,13.07409
JAM,Jamaica,country,2008,13.68741
JAM,Jamaica,country,2009,13.70538
JAM,Jamaica,country,2010,13.25212
JAM,Jamaica,country,2011,13.33304
JAM,Jamaica,country,2012,13.13264
JAM,Jamaica,country,2013,12.93224
JAM,Jamaica,country,2014,12.890505
JAM,Jamaica,country,2015,12.84877
JAM,Jamaica,country,2016,12.770011
JAM,Jamaica,country,2017,12.691733
JAM,Jamaica,country,2018,12.613936
JAM,Jamaica,country,2019,12.536616
JAM,Jamaica,country,2020,12.45977
JAM,Jamaica,country,2021,12.383395
JAM,Jamaica,country,2022,12.383395
JAM,Jamaica,country,2023,12.383395
JOR,Jordan,country,1990,11.38272
JOR,Jordan,country,1991,11.68529
JOR,Jordan,country,1992,11.97717
JOR,Jordan,country,1993,12.00277
JOR,Jordan,country,1994,11.92829
JOR,Jordan,country,1995,11.98447
JOR,Jordan,country,1996,12.04065
JOR,Jordan,country,1997,11.984347
JOR,Jordan,country,1998,11.928045
JOR,Jordan,country,1999,11.871743
JOR,Jordan,country,2000,11.81544
JOR,Jordan,country,2001,12.051865
JOR,Jordan,country,2002,12.28829
JOR,Jordan,country,2003,12.58052
JOR,Jordan,country,2004,12.85731
JOR,Jordan,country,2005,12.84229
JOR,Jordan,country,2006,12.84059
JOR,Jordan,country,2007,12.84978
JOR,Jordan,country,2008,12.88106
JOR,Jordan,country,2009,12.8806
JOR,Jordan,country,2010,12.55939
JOR,Jordan,country,2011,12.56364
JOR,Jordan,country,2012,12.89629
JOR,Jordan,country,2013,12.903345
JOR,Jordan,country,2014,12.910399
JOR,Jordan,country,2015,12.917455
JOR,Jordan,country,2016,12.92451
JOR,Jordan,country,2017,12.6273
JOR,Jordan,country,2018,12.88411
JOR,Jordan,country,2019,12.87933
JOR,Jordan,country,2020,12.91651
JOR,Jordan,country,2021,12.86103
JOR,Jordan,country,2022,13.04355
JOR,Jordan,country,2023,13.10905
JPN,Japan,country,1990,13.3988
JPN,Japan,country,1991,13.53038
JPN,Japan,country,1992,13.63419
JPN,Japan,country,1993,14.093125
JPN,Japan,country,1994,14.55206
JPN,Japan,country,1995,14.66579
JPN,Japan,country,1996,14.748493
JPN,Japan,country,1997,14.831197
JPN,Japan,country,1998,14.9139
JPN,Japan,country,1999,14.95662
JPN,Japan,country,2000,14.98796
JPN,Japan,country,2001,15.019299
JPN,Japan,country,2002,15.050638
JPN,Japan,country,2003,15.081977
JPN,Japan,country,2004,15.113317
JPN,Japan,country,2005,15.144655
JPN,Japan,country,2006,15.175995
JPN,Japan,country,2007,15.207335
JPN,Japan,country,2008,15.238673
JPN,Japan,country,2009,15.270013
JPN,Japan,country,2010,15.301352
JPN,Japan,country,2011,15.332691
JPN,Japan,country,2012,15.36403
JPN,Japan,country,2013,15.39537
JPN,Japan,country,2014,15.40053
JPN,Japan,country,2015,15.41378
JPN,Japan,country,2016,15.37909
JPN,Japan,country,2017,15.38789
JPN,Japan,country,2018,15.40042
JPN,Japan,country,2019,15.44127
JPN,Japan,country,2020,15.45632
JPN,Japan,country,2021,15.4326
JPN,Japan,country,2022,15.51198
JPN,Japan,country,2023,15.51198
KAZ,Kazakhstan,country,1990,12.20179
KAZ,Kazakhstan,country,1991,12.06552
KAZ,Kazakhstan,country,1992,11.90871
KAZ,Kazakhstan,country,1993,11.661785
KAZ,Kazakhstan,country,1994,11.41486
KAZ,Kazakhstan,country,1995,11.555364
KAZ,Kazakhstan,country,1996,11.695868
KAZ,Kazakhstan,country,1997,11.836372
KAZ,Kazakhstan,country,1998,11.976876
KAZ,Kazakhstan,country,1999,12.11738
KAZ,Kazakhstan,country,2000,12.2379
KAZ,Kazakhstan,country,2001,12.639421
KAZ,Kazakhstan,country,2002,13.040943
KAZ,Kazakhstan,country,2003,13.442465
KAZ,Kazakhstan,country,2004,13.843987
KAZ,Kazakhstan,country,2005,14.245508
KAZ,Kazakhstan,country,2006,14.64703
KAZ,Kazakhstan,country,2007,14.608293
KAZ,Kazakhstan,country,2008,14.569555
KAZ,Kazakhstan,country,2009,14.530817
KAZ,Kazakhstan,country,2010,14.49208
KAZ,Kazakhstan,country,2011,14.70116
KAZ,Kazakhstan,country,2012,14.78635
KAZ,Kazakhstan,country,2013,14.57437
KAZ,Kazakhstan,country,2014,14.39549
KAZ,Kazakhstan,country,2015,14.19942
KAZ,Kazakhstan,country,2016,14.10587
KAZ,Kazakhstan,country,2017,14.21605
KAZ,Kazakhstan,country,2018,14.35061
KAZ,Kazakhstan,country,2019,14.58216
KAZ,Kazakhstan,country,2020,14.81627
KAZ,Kazakhstan,country,2021,14.417565
KAZ,Kazakhstan,country,2022,14.018861
KAZ,Kazakhstan,country,2023,14.008617
KEN,Kenya,country,1990,7.8744941
KEN,Kenya,country,1991,7.9467649
KEN,Kenya,country,1992,8.0197001
KEN,Kenya,country,1993,8.0933037
KEN,Kenya,country,1994,8.1689587
KEN,Kenya,country,1995,8.2446136
KEN,Kenya,country,1996,8.3202696
KEN,Kenya,country,1997,8.3959246
KEN,Kenya,country,1998,8.4715796
KEN,Kenya,country,1999,8.4313698
KEN,Kenya,country,2000,8.39116
KEN,Kenya,country,2001,8.47013
KEN,Kenya,country,2002,8.2313499
KEN,Kenya,country,2003,8.8046894
KEN,Kenya,country,2004,9.3780298
KEN,Kenya,country,2005,9.4270201
KEN,Kenya,country,2006,9.7342796
KEN,Kenya,country,2007,10.04154
KEN,Kenya,country,2008,10.328145
KEN,Kenya,country,2009,10.61475
KEN,Kenya,country,2010,10.661184
KEN,Kenya,country,2011,10.707618
KEN,Kenya,country,2012,10.754052
KEN,Kenya,country,2013,10.800486
KEN,Kenya,country,2014,10.84692
KEN,Kenya,country,2015,10.936513
KEN,Kenya,country,2016,11.026107
KEN,Kenya,country,2017,11.115701
KEN,Kenya,country,2018,11.205295
KEN,Kenya,country,2019,11.294888
KEN,Kenya,country,2020,11.384482
KEN,Kenya,country,2021,11.474075
KEN,Kenya,country,2022,11.474075
KEN,Kenya,country,2023,11.474075
KGZ,Kyrgyzstan,country,1990,11.8977
KGZ,Kyrgyzstan,country,1991,11.66787
KGZ,Kyrgyzstan,country,1992,11.4231
KGZ,Kyrgyzstan,country,1993,11.02869
KGZ,Kyrgyzstan,country,1994,10.63169
KGZ,Kyrgyzstan,country,1995,10.29624
KGZ,Kyrgyzstan,country,1996,10.29428
KGZ,Kyrgyzstan,country,1997,10.575857
KGZ,Kyrgyzstan,country,1998,10.857433
KGZ,Kyrgyzstan,country,1999,11.13901
KGZ,Kyrgyzstan,country,2000,11.43684
KGZ,Kyrgyzstan,country,2001,11.74947
KGZ,Kyrgyzstan,country,2002,11.81804
KGZ,Kyrgyzstan,country,2003,12.03871
KGZ,Kyrgyzstan,country,2004,11.98088
KGZ,Kyrgyzstan,country,2005,12.04775
KGZ,Kyrgyzstan,country,2006,12.17379
KGZ,Kyrgyzstan,country,2007,12.23623
KGZ,Kyrgyzstan,country,2008,12.23173
KGZ,Kyrgyzstan,country,2009,12.22723
KGZ,Kyrgyzstan,country,2010,12.22687
KGZ,Kyrgyzstan,country,2011,12.21995
KGZ,Kyrgyzstan,country,2012,12.44661
KGZ,Kyrgyzstan,country,2013,12.63896
KGZ,Kyrgyzstan,country,2014,12.67103
KGZ,Kyrgyzstan,country,2015,12.61999
KGZ,Kyrgyzstan,country,2016,12.67279
KGZ,Kyrgyzstan,country,2017,12.51734
KGZ,Kyrgyzstan,country,2018,12.44714
KGZ,Kyrgyzstan,country,2019,12.48703
KGZ,Kyrgyzstan,country,2020,12.63446
KGZ,Kyrgyzstan,country,2021,12.99493
KGZ,Kyrgyzstan,country,2022,12.765343
KGZ,Kyrgyzstan,country,2023,12.713882
KHM,Cambodia,country,1990,6.8852305
KHM,Cambodia,country,1991,6.9910898
KHM,Cambodia,country,1992,7.0985765
KHM,Cambodia,country,1993,7.2060633
KHM,Cambodia,country,1994,7.31355
KHM,Cambodia,country,1995,7.4210367
KHM,Cambodia,country,1996,7.528523
KHM,Cambodia,country,1997,7.6360097
KHM,Cambodia,country,1998,7.7434964
KHM,Cambodia,country,1999,7.8509831
KHM,Cambodia,country,2000,7.9584699
KHM,Cambodia,country,2001,8.5948801
KHM,Cambodia,country,2002,9.7777996
KHM,Cambodia,country,2003,10.32608
KHM,Cambodia,country,2004,10.84489
KHM,Cambodia,country,2005,11.003115
KHM,Cambodia,country,2006,11.16134
KHM,Cambodia,country,2007,11.16428
KHM,Cambodia,country,2008,11.05581
KHM,Cambodia,country,2009,11.065282
KHM,Cambodia,country,2010,11.074755
KHM,Cambodia,country,2011,11.084227
KHM,Cambodia,country,2012,11.093699
KHM,Cambodia,country,2013,11.10317
KHM,Cambodia,country,2014,11.112643
KHM,Cambodia,country,2015,11.122115
KHM,Cambodia,country,2016,11.131587
KHM,Cambodia,country,2017,11.141059
KHM,Cambodia,country,2018,11.150532
KHM,Cambodia,country,2019,11.160004
KHM,Cambodia,country,2020,11.169476
KHM,Cambodia,country,2021,11.178947
KHM,Cambodia,country,2022,11.18842
KHM,Cambodia,country,2023,11.197892
KIR,Kiribati,country,1990,
KIR,Kiribati,country,1991,
KIR,Kiribati,country,1992,
KIR,Kiribati,country,1993,
KIR,Kiribati,country,1994,
KIR,Kiribati,country,1995,
KIR,Kiribati,country,1996,
KIR,Kiribati,country,1997,
KIR,Kiribati,country,1998,
KIR,Kiribati,country,1999,
KIR,Kiribati,country,2000,
KIR,Kiribati,country,2001,
KIR,Kiribati,country,2002,
KIR,Kiribati,country,2003,
KIR,Kiribati,country,2004,
KIR,Kiribati,country,2005,10.145435
KIR,Kiribati,country,2006,10.263996
KIR,Kiribati,country,2007,10.384524
KIR,Kiribati,country,2008,10.507058
KIR,Kiribati,country,2009,10.631636
KIR,Kiribati,country,2010,10.758294
KIR,Kiribati,country,2011,10.887074
KIR,Kiribati,country,2012,11.018014
KIR,Kiribati,country,2013,11.151156
KIR,Kiribati,country,2014,11.286541
KIR,Kiribati,country,2015,11.421926
KIR,Kiribati,country,2016,11.443683
KIR,Kiribati,country,2017,11.60563
KIR,Kiribati,country,2018,11.767577
KIR,Kiribati,country,2019,11.80302
KIR,Kiribati,country,2020,11.838463
KIR,Kiribati,country,2021,11.873906
KIR,Kiribati,country,2022,11.873906
KIR,Kiribati,country,2023,11.873906
KNA,Saint Kitts and Nevis,country,1990,12.991346
KNA,Saint Kitts and Nevis,country,1991,13.049269
KNA,Saint Kitts and Nevis,country,1992,13.10745
KNA,Saint Kitts and Nevis,country,1993,13.16589
KNA,Saint Kitts and Nevis,country,1994,13.260589
KNA,Saint Kitts and Nevis,country,1995,13.355288
KNA,Saint Kitts and Nevis,country,1996,13.449986
KNA,Saint Kitts and Nevis,country,1997,13.544684
KNA,Saint Kitts and Nevis,country,1998,13.639383
KNA,Saint Kitts and Nevis,country,1999,13.734082
KNA,Saint Kitts and Nevis,country,2000,13.828781
KNA,Saint Kitts and Nevis,country,2001,13.923479
KNA,Saint Kitts and Nevis,country,2002,14.018178
KNA,Saint Kitts and Nevis,country,2003,14.112877
KNA,Saint Kitts and Nevis,country,2004,14.207576
KNA,Saint Kitts and Nevis,country,2005,14.302275
KNA,Saint Kitts and Nevis,country,2006,14.396973
KNA,Saint Kitts and Nevis,country,2007,14.491672
KNA,Saint Kitts and Nevis,country,2008,14.58637
KNA,Saint Kitts and Nevis,country,2009,15.165648
KNA,Saint Kitts and Nevis,country,2010,15.744927
KNA,Saint Kitts and Nevis,country,2011,16.324205
KNA,Saint Kitts and Nevis,country,2012,16.903484
KNA,Saint Kitts and Nevis,country,2013,17.482761
KNA,Saint Kitts and Nevis,country,2014,18.06204
KNA,Saint Kitts and Nevis,country,2015,18.40703
KNA,Saint Kitts and Nevis,country,2016,18.40703
KNA,Saint Kitts and Nevis,country,2017,18.40703
KNA,Saint Kitts and Nevis,country,2018,18.40703
KNA,Saint Kitts and Nevis,country,2019,18.40703
KNA,Saint Kitts and Nevis,country,2020,18.40703
KNA,Saint Kitts and Nevis,country,2021,18.40703
KNA,Saint Kitts and Nevis,country,2022,18.40703
KNA,Saint Kitts and Nevis,country,2023,18.40703
KOR,Republic of Korea,country,1990,12.95364
KOR,Republic of Korea,country,1991,13.19595
KOR,Republic of Korea,country,1992,13.35581
KOR,Republic of Korea,country,1993,13.73885
KOR,Republic of Korea,country,1994,13.98118
KOR,Republic of Korea,country,1995,14.2735
KOR,Republic of Korea,country,1996,14.66941
KOR,Republic of Korea,country,1997,15.26414
KOR,Republic of Korea,country,1998,15.01351
KOR,Republic of Korea,country,1999,15.30259
KOR,Republic of Korea,country,2000,15.53611
KOR,Republic of Korea,country,2001,15.63733
KOR,Republic of Korea,country,2002,15.80494
KOR,Republic of Korea,country,2003,15.9786
KOR,Republic of Korea,country,2004,16.16551
KOR,Republic of Korea,country,2005,16.36129
KOR,Republic of Korea,country,2006,16.479639
KOR,Republic of Korea,country,2007,16.628281
KOR,Republic of Korea,country,2008,16.69165
KOR,Republic of Korea,country,2009,16.72352
KOR,Republic of Korea,country,2010,16.794849
KOR,Republic of Korea,country,2011,16.83992
KOR,Republic of Korea,country,2012,16.75775
KOR,Republic of Korea,country,2013,16.68445
KOR,Republic of Korea,country,2014,16.615669
KOR,Republic of Korea,country,2015,16.570141
KOR,Republic of Korea,country,2016,16.488171
KOR,Republic of Korea,country,2017,16.424919
KOR,Republic of Korea,country,2018,16.384411
KOR,Republic of Korea,country,2019,16.376989
KOR,Republic of Korea,country,2020,16.377319
KOR,Republic of Korea,country,2021,16.509649
KOR,Republic of Korea,country,2022,16.618641
KOR,Republic of Korea,country,2023,16.618641
KWT,Kuwait,country,1990,8.9146299
KWT,Kuwait,country,1991,8.5099955
KWT,Kuwait,country,1992,8.10536
KWT,Kuwait,country,1993,7.9676199
KWT,Kuwait,country,1994,9.7321796
KWT,Kuwait,country,1995,11.67165
KWT,Kuwait,country,1996,12.07579
KWT,Kuwait,country,1997,11.66936
KWT,Kuwait,country,1998,11.906725
KWT,Kuwait,country,1999,12.14409
KWT,Kuwait,country,2000,12.26895
KWT,Kuwait,country,2001,12.39381
KWT,Kuwait,country,2002,12.929385
KWT,Kuwait,country,2003,13.46496
KWT,Kuwait,country,2004,13.71344
KWT,Kuwait,country,2005,13.716897
KWT,Kuwait,country,2006,13.720354
KWT,Kuwait,country,2007,13.723811
KWT,Kuwait,country,2008,13.727268
KWT,Kuwait,country,2009,13.730724
KWT,Kuwait,country,2010,13.734181
KWT,Kuwait,country,2011,13.737638
KWT,Kuwait,country,2012,13.741096
KWT,Kuwait,country,2013,13.744553
KWT,Kuwait,country,2014,13.74801
KWT,Kuwait,country,2015,14.66772
KWT,Kuwait,country,2016,14.86692
KWT,Kuwait,country,2017,15.068825
KWT,Kuwait,country,2018,15.273472
KWT,Kuwait,country,2019,15.480898
KWT,Kuwait,country,2020,15.691141
KWT,Kuwait,country,2021,15.904241
KWT,Kuwait,country,2022,15.904241
KWT,Kuwait,country,2023,15.904241
LAO,Lao People's Democratic Republic,country,1990,6.4938698
LAO,Lao People's Democratic Republic,country,1991,6.5737367
LAO,Lao People's Democratic Republic,country,1992,6.6536031
LAO,Lao People's Democratic Republic,country,1993,6.73347
LAO,Lao People's Democratic Republic,country,1994,7.0065398
LAO,Lao People's Democratic Republic,country,1995,6.69771
LAO,Lao People's Democratic Republic,country,1996,7.2726698
LAO,Lao People's Democratic Republic,country,1997,7.4839702
LAO,Lao People's Democratic Republic,country,1998,7.76122
LAO,Lao People's Democratic Republic,country,1999,7.8828001
LAO,Lao People's Democratic Republic,country,2000,7.92591
LAO,Lao People's Democratic Republic,country,2001,7.9766598
LAO,Lao People's Democratic Republic,country,2002,8.2967596
LAO,Lao People's Democratic Republic,country,2003,8.6821299
LAO,Lao People's Democratic Republic,country,2004,8.8808603
LAO,Lao People's Democratic Republic,country,2005,9.1231298
LAO,Lao People's Democratic Republic,country,2006,9.2251196
LAO,Lao People's Democratic Republic,country,2007,9.3820896
LAO,Lao People's Democratic Republic,country,2008,9.5533304
LAO,Lao People's Democratic Republic,country,2009,9.8305702
LAO,Lao People's Democratic Republic,country,2010,10.04775
LAO,Lao People's Democratic Republic,country,2011,10.45347
LAO,Lao People's Democratic Republic,country,2012,10.52556
LAO,Lao People's Democratic Republic,country,2013,10.78008
LAO,Lao People's Democratic Republic,country,2014,11.03998
LAO,Lao People's Democratic Republic,country,2015,11.17384
LAO,Lao People's Democratic Republic,country,2016,11.0976
LAO,Lao People's Democratic Republic,country,2017,10.95283
LAO,Lao People's Democratic Republic,country,2018,10.6336
LAO,Lao People's Democratic Republic,country,2019,10.50666
LAO,Lao People's Democratic Republic,country,2020,10.18749
LAO,Lao People's Democratic Republic,country,2021,9.8964863
LAO,Lao People's Democratic Republic,country,2022,9.6054831
LAO,Lao People's Democratic Republic,country,2023,9.6054831
LBN,Lebanon,country,1990,8.4977303
LBN,Lebanon,country,1991,8.569829
LBN,Lebanon,country,1992,8.64254
LBN,Lebanon,country,1993,8.715867
LBN,Lebanon,country,1994,8.7891951
LBN,Lebanon,country,1995,8.8625221
LBN,Lebanon,country,1996,8.9358501
LBN,Lebanon,country,1997,9.3251238
LBN,Lebanon,country,1998,9.7143965
LBN,Lebanon,country,1999,10.10367
LBN,Lebanon,country,2000,10.278983
LBN,Lebanon,country,2001,10.454297
LBN,Lebanon,country,2002,10.62961
LBN,Lebanon,country,2003,10.804923
LBN,Lebanon,country,2004,10.980237
LBN,Lebanon,country,2005,11.15555
LBN,Lebanon,country,2006,11.26231
LBN,Lebanon,country,2007,11.36907
LBN,Lebanon,country,2008,11.47583
LBN,Lebanon,country,2009,11.59958
LBN,Lebanon,country,2010,11.59261
LBN,Lebanon,country,2011,11.99604
LBN,Lebanon,country,2012,11.969954
LBN,Lebanon,country,2013,11.943867
LBN,Lebanon,country,2014,11.91778
LBN,Lebanon,country,2015,11.891693
LBN,Lebanon,country,2016,11.865606
LBN,Lebanon,country,2017,11.83952
LBN,Lebanon,country,2018,11.813434
LBN,Lebanon,country,2019,11.787347
LBN,Lebanon,country,2020,11.76126
LBN,Lebanon,country,2021,11.735173
LBN,Lebanon,country,2022,11.709086
LBN,Lebanon,country,2023,11.683
LBR,Liberia,country,1990,
LBR,Liberia,country,1991,
LBR,Liberia,country,1992,
LBR,Liberia,country,1993,
LBR,Liberia,country,1994,
LBR,Liberia,country,1995,
LBR,Liberia,country,1996,
LBR,Liberia,country,1997,
LBR,Liberia,country,1998,
LBR,Liberia,country,1999,8.4249296
LBR,Liberia,country,2000,10.43477
LBR,Liberia,country,2001,10.360947
LBR,Liberia,country,2002,10.287123
LBR,Liberia,country,2003,10.2133
LBR,Liberia,country,2004,10.139476
LBR,Liberia,country,2005,10.065653
LBR,Liberia,country,2006,9.9918289
LBR,Liberia,country,2007,9.9180059
LBR,Liberia,country,2008,9.9237642
LBR,Liberia,country,2009,9.9295235
LBR,Liberia,country,2010,9.9352818
LBR,Liberia,country,2011,9.94104
LBR,Liberia,country,2012,9.9467993
LBR,Liberia,country,2013,9.9525576
LBR,Liberia,country,2014,10.025886
LBR,Liberia,country,2015,10.099214
LBR,Liberia,country,2016,10.172542
LBR,Liberia,country,2017,10.24587
LBR,Liberia,country,2018,10.319198
LBR,Liberia,country,2019,10.392526
LBR,Liberia,country,2020,10.465854
LBR,Liberia,country,2021,10.465854
LBR,Liberia,country,2022,10.465854
LBR,Liberia,country,2023,10.465854
LBY,Libya,country,1990,15.176109
LBY,Libya,country,1991,15.25368
LBY,Libya,country,1992,15.331649
LBY,Libya,country,1993,15.410016
LBY,Libya,country,1994,15.488783
LBY,Libya,country,1995,15.567953
LBY,Libya,country,1996,15.647528
LBY,Libya,country,1997,15.727509
LBY,Libya,country,1998,15.807899
LBY,Libya,country,1999,15.8887
LBY,Libya,country,2000,15.969914
LBY,Libya,country,2001,16.051544
LBY,Libya,country,2002,16.133591
LBY,Libya,country,2003,15.80349
LBY,Libya,country,2004,15.643555
LBY,Libya,country,2005,15.48362
LBY,Libya,country,2006,15.323684
LBY,Libya,country,2007,15.163749
LBY,Libya,country,2008,15.003814
LBY,Libya,country,2009,14.843879
LBY,Libya,country,2010,14.683944
LBY,Libya,country,2011,14.524009
LBY,Libya,country,2012,14.364073
LBY,Libya,country,2013,14.204138
LBY,Libya,country,2014,14.044203
LBY,Libya,country,2015,13.884268
LBY,Libya,country,2016,13.724333
LBY,Libya,country,2017,13.564398
LBY,Libya,country,2018,13.404462
LBY,Libya,country,2019,13.244527
LBY,Libya,country,2020,13.084592
LBY,Libya,country,2021,12.924657
LBY,Libya,country,2022,12.924657
LBY,Libya,country,2023,12.924657
LCA,Saint Lucia,country,1990,11.766983
LCA,Saint Lucia,country,1991,11.815945
LCA,Saint Lucia,country,1992,11.86511
LCA,Saint Lucia,country,1993,11.91448
LCA,Saint Lucia,country,1994,11.964056
LCA,Saint Lucia,country,1995,12.013631
LCA,Saint Lucia,country,1996,12.063207
LCA,Saint Lucia,country,1997,12.112782
LCA,Saint Lucia,country,1998,12.162357
LCA,Saint Lucia,country,1999,12.211933
LCA,Saint Lucia,country,2000,12.261508
LCA,Saint Lucia,country,2001,12.311084
LCA,Saint Lucia,country,2002,12.36066
LCA,Saint Lucia,country,2003,12.410234
LCA,Saint Lucia,country,2004,12.45981
LCA,Saint Lucia,country,2005,12.75965
LCA,Saint Lucia,country,2006,13.1733
LCA,Saint Lucia,country,2007,12.93115
LCA,Saint Lucia,country,2008,13.44638
LCA,Saint Lucia,country,2009,13.56145
LCA,Saint Lucia,country,2010,13.24928
LCA,Saint Lucia,country,2011,13.54673
LCA,Saint Lucia,country,2012,13.02902
LCA,Saint Lucia,country,2013,12.52221
LCA,Saint Lucia,country,2014,12.93836
LCA,Saint Lucia,country,2015,13.74296
LCA,Saint Lucia,country,2016,14.22899
LCA,Saint Lucia,country,2017,13.84931
LCA,Saint Lucia,country,2018,13.74869
LCA,Saint Lucia,country,2019,12.70969
LCA,Saint Lucia,country,2020,12.68872
LCA,Saint Lucia,country,2021,12.709565
LCA,Saint Lucia,country,2022,12.73041
LCA,Saint Lucia,country,2023,12.73041
LIE,Liechtenstein,country,1990,
LIE,Liechtenstein,country,1991,
LIE,Liechtenstein,country,1992,
LIE,Liechtenstein,country,1993,
LIE,Liechtenstein,country,1994,
LIE,Liechtenstein,country,1995,
LIE,Liechtenstein,country,1996,
LIE,Liechtenstein,country,1997,
LIE,Liechtenstein,country,1998,
LIE,Liechtenstein,country,1999,
LIE,Liechtenstein,country,2000,14.070392
LIE,Liechtenstein,country,2001,14.166226
LIE,Liechtenstein,country,2002,14.262715
LIE,Liechtenstein,country,2003,14.35986
LIE,Liechtenstein,country,2004,14.60918
LIE,Liechtenstein,country,2005,14.25694
LIE,Liechtenstein,country,2006,14.64515
LIE,Liechtenstein,country,2007,14.58634
LIE,Liechtenstein,country,2008,14.84292
LIE,Liechtenstein,country,2009,14.69377
LIE,Liechtenstein,country,2010,14.69512
LIE,Liechtenstein,country,2011,15.11415
LIE,Liechtenstein,country,2012,15.02554
LIE,Liechtenstein,country,2013,14.99187
LIE,Liechtenstein,country,2014,14.9582
LIE,Liechtenstein,country,2015,14.93902
LIE,Liechtenstein,country,2016,14.92417
LIE,Liechtenstein,country,2017,15.06298
LIE,Liechtenstein,country,2018,14.83436
LIE,Liechtenstein,country,2019,15.39382
LIE,Liechtenstein,country,2020,15.38301
LIE,Liechtenstein,country,2021,15.41258
LIE,Liechtenstein,country,2022,15.41258
LIE,Liechtenstein,country,2023,15.41258
LKA,Sri Lanka,country,1990,11.491967
LKA,Sri Lanka,country,1991,11.577763
LKA,Sri Lanka,country,1992,11.664198
LKA,Sri Lanka,country,1993,11.751279
LKA,Sri Lanka,country,1994,11.83901
LKA,Sri Lanka,country,1995,11.928726
LKA,Sri Lanka,country,1996,12.018441
LKA,Sri Lanka,country,1997,12.108157
LKA,Sri Lanka,country,1998,12.197873
LKA,Sri Lanka,country,1999,12.287588
LKA,Sri Lanka,country,2000,12.377304
LKA,Sri Lanka,country,2001,12.467019
LKA,Sri Lanka,country,2002,12.556735
LKA,Sri Lanka,country,2003,12.646451
LKA,Sri Lanka,country,2004,12.736166
LKA,Sri Lanka,country,2005,12.825882
LKA,Sri Lanka,country,2006,12.915598
LKA,Sri Lanka,country,2007,13.005313
LKA,Sri Lanka,country,2008,13.095029
LKA,Sri Lanka,country,2009,13.184744
LKA,Sri Lanka,country,2010,13.27446
LKA,Sri Lanka,country,2011,13.2959
LKA,Sri Lanka,country,2012,13.26901
LKA,Sri Lanka,country,2013,13.43557
LKA,Sri Lanka,country,2014,13.398087
LKA,Sri Lanka,country,2015,13.360603
LKA,Sri Lanka,country,2016,13.32312
LKA,Sri Lanka,country,2017,13.39883
LKA,Sri Lanka,country,2018,13.58215
LKA,Sri Lanka,country,2019,13.468652
LKA,Sri Lanka,country,2020,13.355153
LKA,Sri Lanka,country,2021,13.241655
LKA,Sri Lanka,country,2022,13.128157
LKA,Sri Lanka,country,2023,13.128157
LSO,Lesotho,country,1990,8.9059601
LSO,Lesotho,country,1991,9.0117397
LSO,Lesotho,country,1992,8.9647799
LSO,Lesotho,country,1993,8.6969099
LSO,Lesotho,country,1994,9.0081396
LSO,Lesotho,country,1995,9.0878897
LSO,Lesotho,country,1996,8.9897699
LSO,Lesotho,country,1997,8.9382334
LSO,Lesotho,country,1998,8.8866968
LSO,Lesotho,country,1999,8.8351603
LSO,Lesotho,country,2000,9.6705799
LSO,Lesotho,country,2001,9.8867702
LSO,Lesotho,country,2002,10.0723
LSO,Lesotho,country,2003,10.4717
LSO,Lesotho,country,2004,10.634006
LSO,Lesotho,country,2005,10.79631
LSO,Lesotho,country,2006,11.01117
LSO,Lesotho,country,2007,11.137778
LSO,Lesotho,country,2008,11.264387
LSO,Lesotho,country,2009,11.390995
LSO,Lesotho,country,2010,11.517603
LSO,Lesotho,country,2011,11.644212
LSO,Lesotho,country,2012,11.77082
LSO,Lesotho,country,2013,11.41275
LSO,Lesotho,country,2014,11.35643
LSO,Lesotho,country,2015,11.20117
LSO,Lesotho,country,2016,11.26365
LSO,Lesotho,country,2017,11.32613
LSO,Lesotho,country,2018,11.240274
LSO,Lesotho,country,2019,11.15507
LSO,Lesotho,country,2020,11.070511
LSO,Lesotho,country,2021,10.986593
LSO,Lesotho,country,2022,10.986593
LSO,Lesotho,country,2023,10.986593
LTU,Lithuania,country,1990,12.74309
LTU,Lithuania,country,1991,12.52607
LTU,Lithuania,country,1992,12.04401
LTU,Lithuania,country,1993,11.60954
LTU,Lithuania,country,1994,11.43422
LTU,Lithuania,country,1995,11.58564
LTU,Lithuania,country,1996,11.98379
LTU,Lithuania,country,1997,12.49731
LTU,Lithuania,country,1998,12.98117
LTU,Lithuania,country,1999,13.58396
LTU,Lithuania,country,2000,14.49924
LTU,Lithuania,country,2001,15.09013
LTU,Lithuania,country,2002,15.63141
LTU,Lithuania,country,2003,16.211519
LTU,Lithuania,country,2004,16.39171
LTU,Lithuania,country,2005,16.77746
LTU,Lithuania,country,2006,17.098949
LTU,Lithuania,country,2007,17.082451
LTU,Lithuania,country,2008,17.098459
LTU,Lithuania,country,2009,17.187571
LTU,Lithuania,country,2010,17.122971
LTU,Lithuania,country,2011,17.160681
LTU,Lithuania,country,2012,16.95056
LTU,Lithuania,country,2013,16.856291
LTU,Lithuania,country,2014,16.13591
LTU,Lithuania,country,2015,16.15266
LTU,Lithuania,country,2016,16.223419
LTU,Lithuania,country,2017,16.40295
LTU,Lithuania,country,2018,16.323481
LTU,Lithuania,country,2019,16.154499
LTU,Lithuania,country,2020,16.148069
LTU,Lithuania,country,2021,16.283581
LTU,Lithuania,country,2022,16.454679
LTU,Lithuania,country,2023,16.454679
LUX,Luxembourg,country,1990,10.498907
LUX,Luxembourg,country,1991,10.796784
LUX,Luxembourg,country,1992,11.103113
LUX,Luxembourg,country,1993,11.418133
LUX,Luxembourg,country,1994,11.74209
LUX,Luxembourg,country,1995,11.80347
LUX,Luxembourg,country,1996,12.15493
LUX,Luxembourg,country,1997,12.32374
LUX,Luxembourg,country,1998,12.71479
LUX,Luxembourg,country,1999,13.49342
LUX,Luxembourg,country,2000,13.41461
LUX,Luxembourg,country,2001,13.30146
LUX,Luxembourg,country,2002,13.43264
LUX,Luxembourg,country,2003,13.41772
LUX,Luxembourg,country,2004,13.35353
LUX,Luxembourg,country,2005,13.28934
LUX,Luxembourg,country,2006,13.22515
LUX,Luxembourg,country,2007,13.28187
LUX,Luxembourg,country,2008,13.33859
LUX,Luxembourg,country,2009,13.603894
LUX,Luxembourg,country,2010,13.8692
LUX,Luxembourg,country,2011,13.924745
LUX,Luxembourg,country,2012,13.98029
LUX,Luxembourg,country,2013,14.025164
LUX,Luxembourg,country,2014,14.070037
LUX,Luxembourg,country,2015,14.11491
LUX,Luxembourg,country,2016,14.16723
LUX,Luxembourg,country,2017,14.10189
LUX,Luxembourg,country,2018,14.1449
LUX,Luxembourg,country,2019,14.18776
LUX,Luxembourg,country,2020,14.19387
LUX,Luxembourg,country,2021,14.19705
LUX,Luxembourg,country,2022,14.35795
LUX,Luxembourg,country,2023,14.35795
LVA,Latvia,country,1990,12.65927
LVA,Latvia,country,1991,12.52396
LVA,Latvia,country,1992,12.27168
LVA,Latvia,country,1993,11.73342
LVA,Latvia,country,1994,11.35454
LVA,Latvia,country,1995,11.36967
LVA,Latvia,country,1996,11.65541
LVA,Latvia,country,1997,12.15748
LVA,Latvia,country,1998,12.8752
LVA,Latvia,country,1999,13.67023
LVA,Latvia,country,2000,14.19244
LVA,Latvia,country,2001,14.8801
LVA,Latvia,country,2002,15.35858
LVA,Latvia,country,2003,15.72097
LVA,Latvia,country,2004,16.108339
LVA,Latvia,country,2005,16.405149
LVA,Latvia,country,2006,16.428961
LVA,Latvia,country,2007,16.32666
LVA,Latvia,country,2008,16.32238
LVA,Latvia,country,2009,15.93804
LVA,Latvia,country,2010,15.81033
LVA,Latvia,country,2011,15.79569
LVA,Latvia,country,2012,15.62762
LVA,Latvia,country,2013,16.07962
LVA,Latvia,country,2014,16.07193
LVA,Latvia,country,2015,16.094339
LVA,Latvia,country,2016,16.261511
LVA,Latvia,country,2017,16.47373
LVA,Latvia,country,2018,16.56105
LVA,Latvia,country,2019,16.541719
LVA,Latvia,country,2020,16.49008
LVA,Latvia,country,2021,16.556061
LVA,Latvia,country,2022,16.482651
LVA,Latvia,country,2023,16.482651
MAR,Morocco,country,1990,6.3829098
MAR,Morocco,country,1991,6.3735499
MAR,Morocco,country,1992,6.5002899
MAR,Morocco,country,1993,6.7388
MAR,Morocco,country,1994,7.0136299
MAR,Morocco,country,1995,7.2618399
MAR,Morocco,country,1996,7.4329796
MAR,Morocco,country,1997,7.6041198
MAR,Morocco,country,1998,7.67874
MAR,Morocco,country,1999,8.09093
MAR,Morocco,country,2000,8.5627699
MAR,Morocco,country,2001,8.9330502
MAR,Morocco,country,2002,9.3653097
MAR,Morocco,country,2003,9.6950703
MAR,Morocco,country,2004,9.8910503
MAR,Morocco,country,2005,10.01336
MAR,Morocco,country,2006,10.01791
MAR,Morocco,country,2007,10.22761
MAR,Morocco,country,2008,10.36264
MAR,Morocco,country,2009,10.53152
MAR,Morocco,country,2010,10.91386
MAR,Morocco,country,2011,11.28671
MAR,Morocco,country,2012,11.62875
MAR,Morocco,country,2013,11.952944
MAR,Morocco,country,2014,12.277138
MAR,Morocco,country,2015,12.601332
MAR,Morocco,country,2016,12.925526
MAR,Morocco,country,2017,13.24972
MAR,Morocco,country,2018,13.44998
MAR,Morocco,country,2019,13.70191
MAR,Morocco,country,2020,13.92946
MAR,Morocco,country,2021,14.0393
MAR,Morocco,country,2022,14.59442
MAR,Morocco,country,2023,15.07499
MCO,Monaco,country,1990,
MCO,Monaco,country,1991,
MCO,Monaco,country,1992,
MCO,Monaco,country,1993,
MCO,Monaco,country,1994,
MCO,Monaco,country,1995,
MCO,Monaco,country,1996,
MCO,Monaco,country,1997,
MCO,Monaco,country,1998,
MCO,Monaco,country,1999,
MCO,Monaco,country,2000,
MCO,Monaco,country,2001,
MCO,Monaco,country,2002,
MCO,Monaco,country,2003,
MCO,Monaco,country,2004,
MCO,Monaco,country,2005,
MCO,Monaco,country,2006,
MCO,Monaco,country,2007,
MCO,Monaco,country,2008,
MCO,Monaco,country,2009,
MCO,Monaco,country,2010,19.900806
MCO,Monaco,country,2011,20.063229
MCO,Monaco,country,2012,20.226978
MCO,Monaco,country,2013,20.392065
MCO,Monaco,country,2014,20.558498
MCO,Monaco,country,2015,20.72629
MCO,Monaco,country,2016,20.895451
MCO,Monaco,country,2017,21.340321
MCO,Monaco,country,2018,19.246071
MCO,Monaco,country,2019,21.408331
MCO,Monaco,country,2020,21.35578
MCO,Monaco,country,2021,21.521509
MCO,Monaco,country,2022,21.687241
MCO,Monaco,country,2023,21.687241
MDA,Republic of Moldova,country,1990,
MDA,Republic of Moldova,country,1991,
MDA,Republic of Moldova,country,1992,
MDA,Republic of Moldova,country,1993,
MDA,Republic of Moldova,country,1994,
MDA,Republic of Moldova,country,1995,
MDA,Republic of Moldova,country,1996,
MDA,Republic of Moldova,country,1997,
MDA,Republic of Moldova,country,1998,
MDA,Republic of Moldova,country,1999,
MDA,Republic of Moldova,country,2000,
MDA,Republic of Moldova,country,2001,
MDA,Republic of Moldova,country,2002,
MDA,Republic of Moldova,country,2003,
MDA,Republic of Moldova,country,2004,
MDA,Republic of Moldova,country,2005,11.631
MDA,Republic of Moldova,country,2006,11.962049
MDA,Republic of Moldova,country,2007,12.293098
MDA,Republic of Moldova,country,2008,12.624147
MDA,Republic of Moldova,country,2009,12.955196
MDA,Republic of Moldova,country,2010,13.286245
MDA,Republic of Moldova,country,2011,13.617295
MDA,Republic of Moldova,country,2012,13.948344
MDA,Republic of Moldova,country,2013,14.022346
MDA,Republic of Moldova,country,2014,14.09674
MDA,Republic of Moldova,country,2015,14.06025
MDA,Republic of Moldova,country,2016,14.07895
MDA,Republic of Moldova,country,2017,14.29259
MDA,Republic of Moldova,country,2018,14.3895
MDA,Republic of Moldova,country,2019,14.4734
MDA,Republic of Moldova,country,2020,14.54043
MDA,Republic of Moldova,country,2021,14.638569
MDA,Republic of Moldova,country,2022,14.638569
MDA,Republic of Moldova,country,2023,14.638569
MDG,Madagascar,country,1990,6.0700998
MDG,Madagascar,country,1991,6.2454424
MDG,Madagascar,country,1992,6.4207854
MDG,Madagascar,country,1993,6.596128
MDG,Madagascar,country,1994,6.7714705
MDG,Madagascar,country,1995,6.9468131
MDG,Madagascar,country,1996,7.1221561
MDG,Madagascar,country,1997,7.2974987
MDG,Madagascar,country,1998,7.4728413
MDG,Madagascar,country,1999,7.6481838
MDG,Madagascar,country,2000,7.8235269
MDG,Madagascar,country,2001,7.9988694
MDG,Madagascar,country,2002,8.1742125
MDG,Madagascar,country,2003,8.349555
MDG,Madagascar,country,2004,8.5248976
MDG,Madagascar,country,2005,8.7002401
MDG,Madagascar,country,2006,8.7822104
MDG,Madagascar,country,2007,9.0720596
MDG,Madagascar,country,2008,9.4175396
MDG,Madagascar,country,2009,9.9075203
MDG,Madagascar,country,2010,9.9115248
MDG,Madagascar,country,2011,9.9155302
MDG,Madagascar,country,2012,10.08837
MDG,Madagascar,country,2013,10.14561
MDG,Madagascar,country,2014,10.20285
MDG,Madagascar,country,2015,10.31362
MDG,Madagascar,country,2016,10.13769
MDG,Madagascar,country,2017,10.29353
MDG,Madagascar,country,2018,9.8804703
MDG,Madagascar,country,2019,9.3697701
MDG,Madagascar,country,2020,9.2148972
MDG,Madagascar,country,2021,9.0625849
MDG,Madagascar,country,2022,9.0625849
MDG,Madagascar,country,2023,9.0625849
MDV,Maldives,country,1990,
MDV,Maldives,country,1991,
MDV,Maldives,country,1992,
MDV,Maldives,country,1993,
MDV,Maldives,country,1994,
MDV,Maldives,country,1995,11.945567
MDV,Maldives,country,1996,11.954805
MDV,Maldives,country,1997,11.96405
MDV,Maldives,country,1998,11.973302
MDV,Maldives,country,1999,11.982561
MDV,Maldives,country,2000,11.991828
MDV,Maldives,country,2001,12.001101
MDV,Maldives,country,2002,12.010382
MDV,Maldives,country,2003,12.01967
MDV,Maldives,country,2004,12.028979
MDV,Maldives,country,2005,12.038288
MDV,Maldives,country,2006,12.047598
MDV,Maldives,country,2007,12.056908
MDV,Maldives,country,2008,12.066216
MDV,Maldives,country,2009,12.075526
MDV,Maldives,country,2010,12.084835
MDV,Maldives,country,2011,12.094145
MDV,Maldives,country,2012,12.103455
MDV,Maldives,country,2013,12.112763
MDV,Maldives,country,2014,12.122073
MDV,Maldives,country,2015,12.131383
MDV,Maldives,country,2016,12.140692
MDV,Maldives,country,2017,12.150002
MDV,Maldives,country,2018,12.15931
MDV,Maldives,country,2019,12.16862
MDV,Maldives,country,2020,12.368549
MDV,Maldives,country,2021,12.568478
MDV,Maldives,country,2022,12.768407
MDV,Maldives,country,2023,12.768407
MEX,Mexico,country,1990,11.18053
MEX,Mexico,country,1991,11.02836
MEX,Mexico,country,1992,10.991575
MEX,Mexico,country,1993,10.95479
MEX,Mexico,country,1994,11.06477
MEX,Mexico,country,1995,11.21503
MEX,Mexico,country,1996,11.36733
MEX,Mexico,country,1997,11.46715
MEX,Mexico,country,1998,11.70352
MEX,Mexico,country,1999,11.84466
MEX,Mexico,country,2000,11.96185
MEX,Mexico,country,2001,11.99469
MEX,Mexico,country,2002,12.33233
MEX,Mexico,country,2003,12.58868
MEX,Mexico,country,2004,12.6634
MEX,Mexico,country,2005,12.71756
MEX,Mexico,country,2006,12.84586
MEX,Mexico,country,2007,12.99111
MEX,Mexico,country,2008,13.19239
MEX,Mexico,country,2009,13.2756
MEX,Mexico,country,2010,13.42038
MEX,Mexico,country,2011,13.46402
MEX,Mexico,country,2012,13.73158
MEX,Mexico,country,2013,13.91251
MEX,Mexico,country,2014,14.08322
MEX,Mexico,country,2015,14.23424
MEX,Mexico,country,2016,14.67599
MEX,Mexico,country,2017,14.85268
MEX,Mexico,country,2018,14.92305
MEX,Mexico,country,2019,14.94565
MEX,Mexico,country,2020,14.8231
MEX,Mexico,country,2021,14.5053
MEX,Mexico,country,2022,14.46811
MEX,Mexico,country,2023,14.46811
MHL,Marshall Islands,country,1990,
MHL,Marshall Islands,country,1991,
MHL,Marshall Islands,country,1992,
MHL,Marshall Islands,country,1993,
MHL,Marshall Islands,country,1994,
MHL,Marshall Islands,country,1995,
MHL,Marshall Islands,country,1996,
MHL,Marshall Islands,country,1997,
MHL,Marshall Islands,country,1998,
MHL,Marshall Islands,country,1999,
MHL,Marshall Islands,country,2000,
MHL,Marshall Islands,country,2001,
MHL,Marshall Islands,country,2002,11.16281
MHL,Marshall Islands,country,2003,11.403604
MHL,Marshall Islands,country,2004,11.644398
MHL,Marshall Islands,country,2005,11.885191
MHL,Marshall Islands,country,2006,12.125984
MHL,Marshall Islands,country,2007,12.366778
MHL,Marshall Islands,country,2008,12.607572
MHL,Marshall Islands,country,2009,12.848366
MHL,Marshall Islands,country,2010,13.089159
MHL,Marshall Islands,country,2011,13.329952
MHL,Marshall Islands,country,2012,13.570746
MHL,Marshall Islands,country,2013,13.81154
MHL,Marshall Islands,country,2014,14.052333
MHL,Marshall Islands,country,2015,14.293127
MHL,Marshall Islands,country,2016,14.53392
MHL,Marshall Islands,country,2017,14.883467
MHL,Marshall Islands,country,2018,15.233013
MHL,Marshall Islands,country,2019,15.58256
MHL,Marshall Islands,country,2020,15.850393
MHL,Marshall Islands,country,2021,16.118227
MHL,Marshall Islands,country,2022,16.386061
MHL,Marshall Islands,country,2023,16.386061
MKD,North Macedonia,country,1990,11.32027
MKD,North Macedonia,country,1991,11.253267
MKD,North Macedonia,country,1992,11.186662
MKD,North Macedonia,country,1993,11.12045
MKD,North Macedonia,country,1994,11.05463
MKD,North Macedonia,country,1995,11.13235
MKD,North Macedonia,country,1996,11.16586
MKD,North Macedonia,country,1997,11.17652
MKD,North Macedonia,country,1998,11.28462
MKD,North Macedonia,country,1999,11.4585
MKD,North Macedonia,country,2000,11.89542
MKD,North Macedonia,country,2001,12.02011
MKD,North Macedonia,country,2002,12.05578
MKD,North Macedonia,country,2003,12.01448
MKD,North Macedonia,country,2004,12.00957
MKD,North Macedonia,country,2005,12.1943
MKD,North Macedonia,country,2006,12.304965
MKD,North Macedonia,country,2007,12.41563
MKD,North Macedonia,country,2008,13.32412
MKD,North Macedonia,country,2009,13.35263
MKD,North Macedonia,country,2010,13.36976
MKD,North Macedonia,country,2011,13.450475
MKD,North Macedonia,country,2012,13.53119
MKD,North Macedonia,country,2013,13.51144
MKD,North Macedonia,country,2014,13.47741
MKD,North Macedonia,country,2015,13.76277
MKD,North Macedonia,country,2016,13.7967
MKD,North Macedonia,country,2017,13.83063
MKD,North Macedonia,country,2018,13.68044
MKD,North Macedonia,country,2019,13.44775
MKD,North Macedonia,country,2020,13.40307
MKD,North Macedonia,country,2021,13.53926
MKD,North Macedonia,country,2022,14.78144
MKD,North Macedonia,country,2023,14.78144
MLI,Mali,country,1990,1.94209
MLI,Mali,country,1991,2.01478
MLI,Mali,country,1992,2.15294
MLI,Mali,country,1993,2.3600399
MLI,Mali,country,1994,2.5936499
MLI,Mali,country,1995,2.82726
MLI,Mali,country,1996,3.0641799
MLI,Mali,country,1997,3.4148901
MLI,Mali,country,1998,3.70543
MLI,Mali,country,1999,4.1001801
MLI,Mali,country,2000,4.3278198
MLI,Mali,country,2001,4.64328
MLI,Mali,country,2002,4.9587398
MLI,Mali,country,2003,5.2742
MLI,Mali,country,2004,5.5896597
MLI,Mali,country,2005,5.9051199
MLI,Mali,country,2006,6.2205801
MLI,Mali,country,2007,6.5360398
MLI,Mali,country,2008,6.8515
MLI,Mali,country,2009,7.1255898
MLI,Mali,country,2010,7.3059201
MLI,Mali,country,2011,7.4423599
MLI,Mali,country,2012,7.2548552
MLI,Mali,country,2013,7.0673499
MLI,Mali,country,2014,7.2188201
MLI,Mali,country,2015,7.0261502
MLI,Mali,country,2016,7.0738001
MLI,Mali,country,2017,7.1155801
MLI,Mali,country,2018,7.0893736
MLI,Mali,country,2019,7.0632634
MLI,Mali,country,2020,7.0372496
MLI,Mali,country,2021,7.0113316
MLI,Mali,country,2022,7.0113316
MLI,Mali,country,2023,7.0113316
MLT,Malta,country,1990,12.5493
MLT,Malta,country,1991,12.75677
MLT,Malta,country,1992,12.94281
MLT,Malta,country,1993,13.1536
MLT,Malta,country,1994,13.23785
MLT,Malta,country,1995,13.34194
MLT,Malta,country,1996,13.35454
MLT,Malta,country,1997,13.46306
MLT,Malta,country,1998,13.84552
MLT,Malta,country,1999,13.76667
MLT,Malta,country,2000,14.05391
MLT,Malta,country,2001,14.05865
MLT,Malta,country,2002,14.01716
MLT,Malta,country,2003,14.37259
MLT,Malta,country,2004,14.93609
MLT,Malta,country,2005,14.93363
MLT,Malta,country,2006,14.63083
MLT,Malta,country,2007,14.99221
MLT,Malta,country,2008,14.89571
MLT,Malta,country,2009,15.227025
MLT,Malta,country,2010,15.55834
MLT,Malta,country,2011,15.05199
MLT,Malta,country,2012,15.26604
MLT,Malta,country,2013,15.3956
MLT,Malta,country,2014,15.41494
MLT,Malta,country,2015,15.49056
MLT,Malta,country,2016,15.45613
MLT,Malta,country,2017,15.51882
MLT,Malta,country,2018,15.75314
MLT,Malta,country,2019,15.62699
MLT,Malta,country,2020,15.55049
MLT,Malta,country,2021,15.86134
MLT,Malta,country,2022,15.90985
MLT,Malta,country,2023,15.90985
MMR,Myanmar,country,1990,6.4407902
MMR,Myanmar,country,1991,7.037065
MMR,Myanmar,country,1992,7.6333399
MMR,Myanmar,country,1993,7.7717299
MMR,Myanmar,country,1994,7.8682399
MMR,Myanmar,country,1995,7.7687998
MMR,Myanmar,country,1996,7.7970099
MMR,Myanmar,country,1997,7.8252196
MMR,Myanmar,country,1998,7.8534298
MMR,Myanmar,country,1999,7.88164
MMR,Myanmar,country,2000,7.9098496
MMR,Myanmar,country,2001,7.9380598
MMR,Myanmar,country,2002,8.0627203
MMR,Myanmar,country,2003,8.1873798
MMR,Myanmar,country,2004,8.3120394
MMR,Myanmar,country,2005,8.4366999
MMR,Myanmar,country,2006,8.5613594
MMR,Myanmar,country,2007,8.6860199
MMR,Myanmar,country,2008,8.9422512
MMR,Myanmar,country,2009,9.1984816
MMR,Myanmar,country,2010,9.4547129
MMR,Myanmar,country,2011,9.7109442
MMR,Myanmar,country,2012,9.9671745
MMR,Myanmar,country,2013,10.223406
MMR,Myanmar,country,2014,10.479636
MMR,Myanmar,country,2015,10.735868
MMR,Myanmar,country,2016,10.992099
MMR,Myanmar,country,2017,11.248329
MMR,Myanmar,country,2018,11.50456
MMR,Myanmar,country,2019,11.50456
MMR,Myanmar,country,2020,11.50456
MMR,Myanmar,country,2021,11.50456
MMR,Myanmar,country,2022,11.50456
MMR,Myanmar,country,2023,11.50456
MNE,Montenegro,country,1990,
MNE,Montenegro,country,1991,
MNE,Montenegro,country,1992,
MNE,Montenegro,country,1993,
MNE,Montenegro,country,1994,
MNE,Montenegro,country,1995,
MNE,Montenegro,country,1996,
MNE,Montenegro,country,1997,
MNE,Montenegro,country,1998,
MNE,Montenegro,country,1999,
MNE,Montenegro,country,2000,11.490331
MNE,Montenegro,country,2001,11.828271
MNE,Montenegro,country,2002,12.176149
MNE,Montenegro,country,2003,12.53426
MNE,Montenegro,country,2004,12.59328
MNE,Montenegro,country,2005,12.90274
MNE,Montenegro,country,2006,13.41094
MNE,Montenegro,country,2007,13.95468
MNE,Montenegro,country,2008,14.48273
MNE,Montenegro,country,2009,14.85195
MNE,Montenegro,country,2010,15.11148
MNE,Montenegro,country,2011,15.30632
MNE,Montenegro,country,2012,15.3797
MNE,Montenegro,country,2013,15.474373
MNE,Montenegro,country,2014,15.569047
MNE,Montenegro,country,2015,15.66372
MNE,Montenegro,country,2016,15.19718
MNE,Montenegro,country,2017,15.36241
MNE,Montenegro,country,2018,15.39749
MNE,Montenegro,country,2019,15.36868
MNE,Montenegro,country,2020,15.51142
MNE,Montenegro,country,2021,15.58062
MNE,Montenegro,country,2022,15.49247
MNE,Montenegro,country,2023,15.53653
MNG,Mongolia,country,1990,10.12986
MNG,Mongolia,country,1991,9.6772699
MNG,Mongolia,country,1992,8.7511597
MNG,Mongolia,country,1993,7.6198401
MNG,Mongolia,country,1994,7.5267601
MNG,Mongolia,country,1995,7.4905601
MNG,Mongolia,country,1996,7.8203101
MNG,Mongolia,country,1997,8.0672503
MNG,Mongolia,country,1998,8.4312
MNG,Mongolia,country,1999,8.6822596
MNG,Mongolia,country,2000,9.1611996
MNG,Mongolia,country,2001,9.92523
MNG,Mongolia,country,2002,10.35707
MNG,Mongolia,country,2003,11.13087
MNG,Mongolia,country,2004,11.79346
MNG,Mongolia,country,2005,12.69904
MNG,Mongolia,country,2006,12.99621
MNG,Mongolia,country,2007,13.372893
MNG,Mongolia,country,2008,13.749577
MNG,Mongolia,country,2009,14.12626
MNG,Mongolia,country,2010,14.44753
MNG,Mongolia,country,2011,14.67477
MNG,Mongolia,country,2012,14.85448
MNG,Mongolia,country,2013,14.723166
MNG,Mongolia,country,2014,14.59185
MNG,Mongolia,country,2015,14.67547
MNG,Mongolia,country,2016,14.99636
MNG,Mongolia,country,2017,14.80546
MNG,Mongolia,country,2018,14.68861
MNG,Mongolia,country,2019,14.51022
MNG,Mongolia,country,2020,14.219364
MNG,Mongolia,country,2021,13.92851
MNG,Mongolia,country,2022,13.637654
MNG,Mongolia,country,2023,13.637654
MOZ,Mozambique,country,1990,3.871254
MOZ,Mozambique,country,1991,3.8984017
MOZ,Mozambique,country,1992,3.92574
MOZ,Mozambique,country,1993,3.95327
MOZ,Mozambique,country,1994,4.0438099
MOZ,Mozambique,country,1995,4.1531701
MOZ,Mozambique,country,1996,4.5072799
MOZ,Mozambique,country,1997,4.8613901
MOZ,Mozambique,country,1998,5.2154999
MOZ,Mozambique,country,1999,5.5696101
MOZ,Mozambique,country,2000,6.0181499
MOZ,Mozambique,country,2001,6.4930301
MOZ,Mozambique,country,2002,6.9556899
MOZ,Mozambique,country,2003,7.3604097
MOZ,Mozambique,country,2004,7.76513
MOZ,Mozambique,country,2005,8.3794699
MOZ,Mozambique,country,2006,8.6937704
MOZ,Mozambique,country,2007,9.3411903
MOZ,Mozambique,country,2008,9.81567
MOZ,Mozambique,country,2009,9.9871502
MOZ,Mozambique,country,2010,10.19349
MOZ,Mozambique,country,2011,9.9288397
MOZ,Mozambique,country,2012,9.8041296
MOZ,Mozambique,country,2013,10.39084
MOZ,Mozambique,country,2014,10.34069
MOZ,Mozambique,country,2015,10.3527
MOZ,Mozambique,country,2016,10.358685
MOZ,Mozambique,country,2017,10.36467
MOZ,Mozambique,country,2018,10.48352
MOZ,Mozambique,country,2019,10.603732
MOZ,Mozambique,country,2020,10.725324
MOZ,Mozambique,country,2021,10.848309
MOZ,Mozambique,country,2022,10.848309
MOZ,Mozambique,country,2023,10.848309
MRT,Mauritania,country,1990,3.68484
MRT,Mauritania,country,1991,3.78371
MRT,Mauritania,country,1992,4.0914698
MRT,Mauritania,country,1993,4.5634198
MRT,Mauritania,country,1994,5.2204499
MRT,Mauritania,country,1995,5.3815999
MRT,Mauritania,country,1996,5.6457
MRT,Mauritania,country,1997,5.7106099
MRT,Mauritania,country,1998,6.0897198
MRT,Mauritania,country,1999,6.2722902
MRT,Mauritania,country,2000,6.3034801
MRT,Mauritania,country,2001,6.3346701
MRT,Mauritania,country,2002,6.3593898
MRT,Mauritania,country,2003,6.43469
MRT,Mauritania,country,2004,6.9066501
MRT,Mauritania,country,2005,6.9565501
MRT,Mauritania,country,2006,7.1810398
MRT,Mauritania,country,2007,7.0773549
MRT,Mauritania,country,2008,6.97367
MRT,Mauritania,country,2009,7.5164199
MRT,Mauritania,country,2010,7.6654701
MRT,Mauritania,country,2011,7.81598
MRT,Mauritania,country,2012,8.1924801
MRT,Mauritania,country,2013,8.4850397
MRT,Mauritania,country,2014,8.5598497
MRT,Mauritania,country,2015,8.6346598
MRT,Mauritania,country,2016,8.1750002
MRT,Mauritania,country,2017,8.0769796
MRT,Mauritania,country,2018,8.5107899
MRT,Mauritania,country,2019,8.7220802
MRT,Mauritania,country,2020,8.0518503
MRT,Mauritania,country,2021,7.9495406
MRT,Mauritania,country,2022,7.9495406
MRT,Mauritania,country,2023,7.9495406
MUS,Mauritius,country,1990,9.9716702
MUS,Mauritius,country,1991,10.103307
MUS,Mauritius,country,1992,10.234943
MUS,Mauritius,country,1993,10.36658
MUS,Mauritius,country,1994,10.498217
MUS,Mauritius,country,1995,10.629853
MUS,Mauritius,country,1996,10.76149
MUS,Mauritius,country,1997,10.96532
MUS,Mauritius,country,1998,11.3349
MUS,Mauritius,country,1999,11.70448
MUS,Mauritius,country,2000,11.92842
MUS,Mauritius,country,2001,12.61358
MUS,Mauritius,country,2002,12.68655
MUS,Mauritius,country,2003,12.90541
MUS,Mauritius,country,2004,13.00905
MUS,Mauritius,country,2005,13.34139
MUS,Mauritius,country,2006,13.36184
MUS,Mauritius,country,2007,13.36754
MUS,Mauritius,country,2008,13.44844
MUS,Mauritius,country,2009,13.66771
MUS,Mauritius,country,2010,13.76875
MUS,Mauritius,country,2011,13.91995
MUS,Mauritius,country,2012,14.597
MUS,Mauritius,country,2013,14.48069
MUS,Mauritius,country,2014,14.87034
MUS,Mauritius,country,2015,14.52624
MUS,Mauritius,country,2016,14.50298
MUS,Mauritius,country,2017,14.46069
MUS,Mauritius,country,2018,14.4573
MUS,Mauritius,country,2019,14.57091
MUS,Mauritius,country,2020,14.22208
MUS,Mauritius,country,2021,14.162821
MUS,Mauritius,country,2022,14.162821
MUS,Mauritius,country,2023,14.162821
MWI,Malawi,country,1990,5.2957902
MWI,Malawi,country,1991,5.3818898
MWI,Malawi,country,1992,6.2934599
MWI,Malawi,country,1993,6.4443998
MWI,Malawi,country,1994,6.8383002
MWI,Malawi,country,1995,10.48312
MWI,Malawi,country,1996,10.50319
MWI,Malawi,country,1997,10.731136
MWI,Malawi,country,1998,10.959084
MWI,Malawi,country,1999,11.18703
MWI,Malawi,country,2000,10.67987
MWI,Malawi,country,2001,11.06842
MWI,Malawi,country,2002,11.12308
MWI,Malawi,country,2003,10.795785
MWI,Malawi,country,2004,10.46849
MWI,Malawi,country,2005,10.32409
MWI,Malawi,country,2006,10.40538
MWI,Malawi,country,2007,10.24255
MWI,Malawi,country,2008,10.405907
MWI,Malawi,country,2009,10.569263
MWI,Malawi,country,2010,10.73262
MWI,Malawi,country,2011,10.78287
MWI,Malawi,country,2012,10.694842
MWI,Malawi,country,2013,10.606814
MWI,Malawi,country,2014,10.518786
MWI,Malawi,country,2015,10.430758
MWI,Malawi,country,2016,10.342731
MWI,Malawi,country,2017,10.254704
MWI,Malawi,country,2018,10.166676
MWI,Malawi,country,2019,10.078648
MWI,Malawi,country,2020,9.9906197
MWI,Malawi,country,2021,9.9025917
MWI,Malawi,country,2022,9.9025917
MWI,Malawi,country,2023,9.9025917
MYS,Malaysia,country,1990,10.47683
MYS,Malaysia,country,1991,10.62166
MYS,Malaysia,country,1992,10.79525
MYS,Malaysia,country,1993,10.74794
MYS,Malaysia,country,1994,10.7931
MYS,Malaysia,country,1995,10.84198
MYS,Malaysia,country,1996,11.29596
MYS,Malaysia,country,1997,11.74994
MYS,Malaysia,country,1998,12.20392
MYS,Malaysia,country,1999,12.15513
MYS,Malaysia,country,2000,12.39343
MYS,Malaysia,country,2001,12.32275
MYS,Malaysia,country,2002,12.24786
MYS,Malaysia,country,2003,12.62555
MYS,Malaysia,country,2004,12.70936
MYS,Malaysia,country,2005,12.34198
MYS,Malaysia,country,2006,11.94384
MYS,Malaysia,country,2007,12.1744
MYS,Malaysia,country,2008,12.36715
MYS,Malaysia,country,2009,12.55362
MYS,Malaysia,country,2010,12.78493
MYS,Malaysia,country,2011,12.64018
MYS,Malaysia,country,2012,12.86586
MYS,Malaysia,country,2013,13.00281
MYS,Malaysia,country,2014,13.12632
MYS,Malaysia,country,2015,13.28528
MYS,Malaysia,country,2016,13.46303
MYS,Malaysia,country,2017,13.27797
MYS,Malaysia,country,2018,13.14907
MYS,Malaysia,country,2019,13.09994
MYS,Malaysia,country,2020,12.95815
MYS,Malaysia,country,2021,12.93247
MYS,Malaysia,country,2022,12.519769
MYS,Malaysia,country,2023,12.676393
NAM,Namibia,country,1990,11.657407
NAM,Namibia,country,1991,12.05758
NAM,Namibia,country,1992,12.47149
NAM,Namibia,country,1993,12.8854
NAM,Namibia,country,1994,13.29931
NAM,Namibia,country,1995,13.08614
NAM,Namibia,country,1996,12.811575
NAM,Namibia,country,1997,12.53701
NAM,Namibia,country,1998,12.44921
NAM,Namibia,country,1999,12.01422
NAM,Namibia,country,2000,12.026595
NAM,Namibia,country,2001,12.03897
NAM,Namibia,country,2002,11.75957
NAM,Namibia,country,2003,11.81026
NAM,Namibia,country,2004,11.703385
NAM,Namibia,country,2005,11.59651
NAM,Namibia,country,2006,11.37925
NAM,Namibia,country,2007,11.438642
NAM,Namibia,country,2008,11.46319
NAM,Namibia,country,2009,11.487738
NAM,Namibia,country,2010,11.512286
NAM,Namibia,country,2011,11.536835
NAM,Namibia,country,2012,11.561382
NAM,Namibia,country,2013,11.585931
NAM,Namibia,country,2014,11.610637
NAM,Namibia,country,2015,11.635394
NAM,Namibia,country,2016,11.660206
NAM,Namibia,country,2017,11.685069
NAM,Namibia,country,2018,11.709986
NAM,Namibia,country,2019,11.734956
NAM,Namibia,country,2020,11.759979
NAM,Namibia,country,2021,11.785056
NAM,Namibia,country,2022,11.785056
NAM,Namibia,country,2023,11.785056
NER,Niger,country,1990,1.96445
NER,Niger,country,1991,1.994315
NER,Niger,country,1992,2.0241799
NER,Niger,country,1993,2.11027
NER,Niger,country,1994,2.1963599
NER,Niger,country,1995,2.28245
NER,Niger,country,1996,2.36854
NER,Niger,country,1997,2.4546299
NER,Niger,country,1998,2.54072
NER,Niger,country,1999,2.6268098
NER,Niger,country,2000,2.7128999
NER,Niger,country,2001,2.79899
NER,Niger,country,2002,2.8850799
NER,Niger,country,2003,2.9711699
NER,Niger,country,2004,3.30404
NER,Niger,country,2005,3.52914
NER,Niger,country,2006,3.6744699
NER,Niger,country,2007,3.80235
NER,Niger,country,2008,4.0393701
NER,Niger,country,2009,4.28197
NER,Niger,country,2010,4.60957
NER,Niger,country,2011,4.8902102
NER,Niger,country,2012,5.1213498
NER,Niger,country,2013,5.4680433
NER,Niger,country,2014,5.8147364
NER,Niger,country,2015,6.1614299
NER,Niger,country,2016,6.4856601
NER,Niger,country,2017,6.7000098
NER,Niger,country,2018,7.0703793
NER,Niger,country,2019,7.4612226
NER,Niger,country,2020,7.8736715
NER,Niger,country,2021,8.3089199
NER,Niger,country,2022,8.3089199
NER,Niger,country,2023,8.3089199
NGA,Nigeria,country,1990,5.8345642
NGA,Nigeria,country,1991,6.0152411
NGA,Nigeria,country,1992,6.2015138
NGA,Nigeria,country,1993,6.3935542
NGA,Nigeria,country,1994,6.5915413
NGA,Nigeria,country,1995,6.79566
NGA,Nigeria,country,1996,7.0060992
NGA,Nigeria,country,1997,7.2230549
NGA,Nigeria,country,1998,7.4467292
NGA,Nigeria,country,1999,7.67733
NGA,Nigeria,country,2000,8.0457802
NGA,Nigeria,country,2001,7.7273898
NGA,Nigeria,country,2002,8.02812
NGA,Nigeria,country,2003,8.4712057
NGA,Nigeria,country,2004,8.9142904
NGA,Nigeria,country,2005,8.9618597
NGA,Nigeria,country,2006,8.8058815
NGA,Nigeria,country,2007,8.6499033
NGA,Nigeria,country,2008,8.493926
NGA,Nigeria,country,2009,8.3379478
NGA,Nigeria,country,2010,8.1819696
NGA,Nigeria,country,2011,8.4707098
NGA,Nigeria,country,2012,8.6803617
NGA,Nigeria,country,2013,8.8900137
NGA,Nigeria,country,2014,9.0996656
NGA,Nigeria,country,2015,9.3093166
NGA,Nigeria,country,2016,9.5189686
NGA,Nigeria,country,2017,9.7286205
NGA,Nigeria,country,2018,9.9382725
NGA,Nigeria,country,2019,10.130205
NGA,Nigeria,country,2020,10.322138
NGA,Nigeria,country,2021,10.51407
NGA,Nigeria,country,2022,10.51407
NGA,Nigeria,country,2023,10.51407
NIC,Nicaragua,country,1990,7.3027501
NIC,Nicaragua,country,1991,7.8322701
NIC,Nicaragua,country,1992,8.0177298
NIC,Nicaragua,country,1993,8.1884203
NIC,Nicaragua,country,1994,8.3591099
NIC,Nicaragua,country,1995,8.5298004
NIC,Nicaragua,country,1996,8.8304558
NIC,Nicaragua,country,1997,9.1311121
NIC,Nicaragua,country,1998,9.4317675
NIC,Nicaragua,country,1999,9.7324228
NIC,Nicaragua,country,2000,10.033078
NIC,Nicaragua,country,2001,10.333735
NIC,Nicaragua,country,2002,10.63439
NIC,Nicaragua,country,2003,10.676096
NIC,Nicaragua,country,2004,10.717802
NIC,Nicaragua,country,2005,10.759508
NIC,Nicaragua,country,2006,10.801214
NIC,Nicaragua,country,2007,10.84292
NIC,Nicaragua,country,2008,10.884627
NIC,Nicaragua,country,2009,10.926333
NIC,Nicaragua,country,2010,10.96804
NIC,Nicaragua,country,2011,11.009746
NIC,Nicaragua,country,2012,11.051452
NIC,Nicaragua,country,2013,11.093158
NIC,Nicaragua,country,2014,11.134864
NIC,Nicaragua,country,2015,11.17657
NIC,Nicaragua,country,2016,11.218276
NIC,Nicaragua,country,2017,11.259982
NIC,Nicaragua,country,2018,11.301689
NIC,Nicaragua,country,2019,11.343395
NIC,Nicaragua,country,2020,11.385101
NIC,Nicaragua,country,2021,11.426807
NIC,Nicaragua,country,2022,11.468513
NIC,Nicaragua,country,2023,11.51022
NLD,Netherlands (Kingdom of the),country,1990,14.77445
NLD,Netherlands (Kingdom of the),country,1991,15.0132
NLD,Netherlands (Kingdom of the),country,1992,14.9474
NLD,Netherlands (Kingdom of the),country,1993,15.20777
NLD,Netherlands (Kingdom of the),country,1994,17.333719
NLD,Netherlands (Kingdom of the),country,1995,16.814699
NLD,Netherlands (Kingdom of the),country,1996,16.958191
NLD,Netherlands (Kingdom of the),country,1997,16.570009
NLD,Netherlands (Kingdom of the),country,1998,16.47043
NLD,Netherlands (Kingdom of the),country,1999,16.316999
NLD,Netherlands (Kingdom of the),country,2000,16.539989
NLD,Netherlands (Kingdom of the),country,2001,16.60248
NLD,Netherlands (Kingdom of the),country,2002,16.261391
NLD,Netherlands (Kingdom of the),country,2003,16.361851
NLD,Netherlands (Kingdom of the),country,2004,16.299
NLD,Netherlands (Kingdom of the),country,2005,16.432859
NLD,Netherlands (Kingdom of the),country,2006,16.552031
NLD,Netherlands (Kingdom of the),country,2007,16.68618
NLD,Netherlands (Kingdom of the),country,2008,16.80303
NLD,Netherlands (Kingdom of the),country,2009,16.845591
NLD,Netherlands (Kingdom of the),country,2010,17.015341
NLD,Netherlands (Kingdom of the),country,2011,17.881519
NLD,Netherlands (Kingdom of the),country,2012,17.940639
NLD,Netherlands (Kingdom of the),country,2013,18.050226
NLD,Netherlands (Kingdom of the),country,2014,18.159813
NLD,Netherlands (Kingdom of the),country,2015,18.2694
NLD,Netherlands (Kingdom of the),country,2016,18.137621
NLD,Netherlands (Kingdom of the),country,2017,18.40395
NLD,Netherlands (Kingdom of the),country,2018,18.334209
NLD,Netherlands (Kingdom of the),country,2019,18.373995
NLD,Netherlands (Kingdom of the),country,2020,18.41378
NLD,Netherlands (Kingdom of the),country,2021,18.58485
NLD,Netherlands (Kingdom of the),country,2022,18.58485
NLD,Netherlands (Kingdom of the),country,2023,18.58485
NOR,Norway,country,1990,14.01183
NOR,Norway,country,1991,14.33248
NOR,Norway,country,1992,14.64009
NOR,Norway,country,1993,15.1753
NOR,Norway,country,1994,16.235291
NOR,Norway,country,1995,15.66366
NOR,Norway,country,1996,15.81329
NOR,Norway,country,1997,16.0662
NOR,Norway,country,1998,16.865971
NOR,Norway,country,1999,17.098061
NOR,Norway,country,2000,17.42749
NOR,Norway,country,2001,17.031401
NOR,Norway,country,2002,17.09057
NOR,Norway,country,2003,17.42194
NOR,Norway,country,2004,17.559059
NOR,Norway,country,2005,17.436569
NOR,Norway,country,2006,17.531191
NOR,Norway,country,2007,17.542549
NOR,Norway,country,2008,17.37862
NOR,Norway,country,2009,17.35601
NOR,Norway,country,2010,17.528061
NOR,Norway,country,2011,17.5229
NOR,Norway,country,2012,17.454929
NOR,Norway,country,2013,17.65601
NOR,Norway,country,2014,17.684441
NOR,Norway,country,2015,17.78302
NOR,Norway,country,2016,17.95096
NOR,Norway,country,2017,18.059719
NOR,Norway,country,2018,18.145121
NOR,Norway,country,2019,18.235359
NOR,Norway,country,2020,18.31102
NOR,Norway,country,2021,18.63846
NOR,Norway,country,2022,18.79285
NOR,Norway,country,2023,18.79285
NPL,Nepal,country,1990,7.2726998
NPL,Nepal,country,1991,7.4402199
NPL,Nepal,country,1992,7.6721301
NPL,Nepal,country,1993,7.6764498
NPL,Nepal,country,1994,7.7136598
NPL,Nepal,country,1995,7.7691798
NPL,Nepal,country,1996,8.1201096
NPL,Nepal,country,1997,8.2351246
NPL,Nepal,country,1998,8.3501396
NPL,Nepal,country,1999,8.4651546
NPL,Nepal,country,2000,8.5801697
NPL,Nepal,country,2001,8.1907196
NPL,Nepal,country,2002,8.7134399
NPL,Nepal,country,2003,8.86061
NPL,Nepal,country,2004,9.07798
NPL,Nepal,country,2005,9.2953501
NPL,Nepal,country,2006,9.8704004
NPL,Nepal,country,2007,9.9654303
NPL,Nepal,country,2008,10.39308
NPL,Nepal,country,2009,11.09343
NPL,Nepal,country,2010,11.88824
NPL,Nepal,country,2011,12.36257
NPL,Nepal,country,2012,12.504225
NPL,Nepal,country,2013,12.64588
NPL,Nepal,country,2014,12.56865
NPL,Nepal,country,2015,12.63524
NPL,Nepal,country,2016,12.70316
NPL,Nepal,country,2017,12.6989
NPL,Nepal,country,2018,12.8194
NPL,Nepal,country,2019,12.9399
NPL,Nepal,country,2020,12.64452
NPL,Nepal,country,2021,12.434772
NPL,Nepal,country,2022,12.463676
NPL,Nepal,country,2023,13.754304
NRU,Nauru,country,1990,
NRU,Nauru,country,1991,
NRU,Nauru,country,1992,
NRU,Nauru,country,1993,
NRU,Nauru,country,1994,
NRU,Nauru,country,1995,
NRU,Nauru,country,1996,
NRU,Nauru,country,1997,
NRU,Nauru,country,1998,
NRU,Nauru,country,1999,
NRU,Nauru,country,2000,10.220428
NRU,Nauru,country,2001,10.337515
NRU,Nauru,country,2002,10.455944
NRU,Nauru,country,2003,10.57573
NRU,Nauru,country,2004,10.696888
NRU,Nauru,country,2005,10.819434
NRU,Nauru,country,2006,10.943384
NRU,Nauru,country,2007,11.068754
NRU,Nauru,country,2008,11.19556
NRU,Nauru,country,2009,11.32382
NRU,Nauru,country,2010,11.453548
NRU,Nauru,country,2011,11.584763
NRU,Nauru,country,2012,11.717481
NRU,Nauru,country,2013,11.851719
NRU,Nauru,country,2014,11.987495
NRU,Nauru,country,2015,12.123271
NRU,Nauru,country,2016,12.259048
NRU,Nauru,country,2017,12.394823
NRU,Nauru,country,2018,12.5306
NRU,Nauru,country,2019,12.634612
NRU,Nauru,country,2020,12.738625
NRU,Nauru,country,2021,12.842638
NRU,Nauru,country,2022,12.842638
NRU,Nauru,country,2023,12.842638
NZL,New Zealand,country,1990,14.59095
NZL,New Zealand,country,1991,14.64755
NZL,New Zealand,country,1992,15.08668
NZL,New Zealand,country,1993,16.02351
NZL,New Zealand,country,1994,16.655439
NZL,New Zealand,country,1995,16.946369
NZL,New Zealand,country,1996,16.972839
NZL,New Zealand,country,1997,17.211952
NZL,New Zealand,country,1998,17.451063
NZL,New Zealand,country,1999,17.690176
NZL,New Zealand,country,2000,17.929289
NZL,New Zealand,country,2001,18.1684
NZL,New Zealand,country,2002,18.407513
NZL,New Zealand,country,2003,18.646626
NZL,New Zealand,country,2004,18.885736
NZL,New Zealand,country,2005,19.124849
NZL,New Zealand,country,2006,19.188381
NZL,New Zealand,country,2007,19.251913
NZL,New Zealand,country,2008,19.315445
NZL,New Zealand,country,2009,19.378977
NZL,New Zealand,country,2010,19.442509
NZL,New Zealand,country,2011,19.506041
NZL,New Zealand,country,2012,19.338621
NZL,New Zealand,country,2013,19.1712
NZL,New Zealand,country,2014,19.0728
NZL,New Zealand,country,2015,18.949699
NZL,New Zealand,country,2016,17.984221
NZL,New Zealand,country,2017,18.46678
NZL,New Zealand,country,2018,18.32309
NZL,New Zealand,country,2019,19.472281
NZL,New Zealand,country,2020,19.190121
NZL,New Zealand,country,2021,19.682341
NZL,New Zealand,country,2022,19.300051
NZL,New Zealand,country,2023,19.300051
OMN,Oman,country,1990,7.65133
OMN,Oman,country,1991,8.0338697
OMN,Oman,country,1992,8.4172096
OMN,Oman,country,1993,8.9034595
OMN,Oman,country,1994,9.1190596
OMN,Oman,country,1995,9.28304
OMN,Oman,country,1996,9.4107704
OMN,Oman,country,1997,9.5416002
OMN,Oman,country,1998,9.7350702
OMN,Oman,country,1999,10.101326
OMN,Oman,country,2000,10.467582
OMN,Oman,country,2001,10.833838
OMN,Oman,country,2002,11.200094
OMN,Oman,country,2003,11.56635
OMN,Oman,country,2004,11.34686
OMN,Oman,country,2005,11.91827
OMN,Oman,country,2006,12.10503
OMN,Oman,country,2007,12.15857
OMN,Oman,country,2008,12.12457
OMN,Oman,country,2009,13.19449
OMN,Oman,country,2010,13.71625
OMN,Oman,country,2011,14.97237
OMN,Oman,country,2012,14.588506
OMN,Oman,country,2013,14.20464
OMN,Oman,country,2014,14.180295
OMN,Oman,country,2015,14.15595
OMN,Oman,country,2016,14.18911
OMN,Oman,country,2017,14.03897
OMN,Oman,country,2018,14.07536
OMN,Oman,country,2019,13.95669
OMN,Oman,country,2020,13.24143
OMN,Oman,country,2021,12.96403
OMN,Oman,country,2022,13.201675
OMN,Oman,country,2023,13.43932
PAK,Pakistan,country,1990,4.2382398
PAK,Pakistan,country,1991,4.2806492
PAK,Pakistan,country,1992,4.3230581
PAK,Pakistan,country,1993,4.3654675
PAK,Pakistan,country,1994,4.4078765
PAK,Pakistan,country,1995,4.4502859
PAK,Pakistan,country,1996,4.4926953
PAK,Pakistan,country,1997,4.5351043
PAK,Pakistan,country,1998,4.5775137
PAK,Pakistan,country,1999,4.6199231
PAK,Pakistan,country,2000,4.6623321
PAK,Pakistan,country,2001,4.7047415
PAK,Pakistan,country,2002,4.7471504
PAK,Pakistan,country,2003,4.7895598
PAK,Pakistan,country,2004,5.1558399
PAK,Pakistan,country,2005,5.4630499
PAK,Pakistan,country,2006,5.6262298
PAK,Pakistan,country,2007,6.0056601
PAK,Pakistan,country,2008,6.0046401
PAK,Pakistan,country,2009,6.0678701
PAK,Pakistan,country,2010,6.0522804
PAK,Pakistan,country,2011,6.0366902
PAK,Pakistan,country,2012,6.1392002
PAK,Pakistan,country,2013,6.19204
PAK,Pakistan,country,2014,6.4668002
PAK,Pakistan,country,2015,6.7390699
PAK,Pakistan,country,2016,7.0822401
PAK,Pakistan,country,2017,7.0149899
PAK,Pakistan,country,2018,7.3030801
PAK,Pakistan,country,2019,7.6353598
PAK,Pakistan,country,2020,7.8951087
PAK,Pakistan,country,2021,7.8951087
PAK,Pakistan,country,2022,7.8951087
PAK,Pakistan,country,2023,7.8951087
PAN,Panama,country,1990,10.88071
PAN,Panama,country,1991,10.82634
PAN,Panama,country,1992,10.90268
PAN,Panama,country,1993,11.05079
PAN,Panama,country,1994,10.98092
PAN,Panama,country,1995,11.18601
PAN,Panama,country,1996,11.37606
PAN,Panama,country,1997,11.615366
PAN,Panama,country,1998,11.854673
PAN,Panama,country,1999,12.09398
PAN,Panama,country,2000,12.33344
PAN,Panama,country,2001,12.53549
PAN,Panama,country,2002,12.72623
PAN,Panama,country,2003,12.824265
PAN,Panama,country,2004,12.9223
PAN,Panama,country,2005,12.93979
PAN,Panama,country,2006,12.98233
PAN,Panama,country,2007,13.07046
PAN,Panama,country,2008,12.89612
PAN,Panama,country,2009,12.86912
PAN,Panama,country,2010,12.93608
PAN,Panama,country,2011,12.76678
PAN,Panama,country,2012,13.68775
PAN,Panama,country,2013,13.251305
PAN,Panama,country,2014,12.81486
PAN,Panama,country,2015,12.81216
PAN,Panama,country,2016,13.01273
PAN,Panama,country,2017,13.071964
PAN,Panama,country,2018,13.131468
PAN,Panama,country,2019,13.191242
PAN,Panama,country,2020,13.251289
PAN,Panama,country,2021,13.31161
PAN,Panama,country,2022,13.31161
PAN,Panama,country,2023,13.31161
PER,Peru,country,1990,11.68726
PER,Peru,country,1991,11.63395
PER,Peru,country,1992,11.39299
PER,Peru,country,1993,11.35471
PER,Peru,country,1994,11.47559
PER,Peru,country,1995,11.81516
PER,Peru,country,1996,11.79951
PER,Peru,country,1997,11.74619
PER,Peru,country,1998,12.360095
PER,Peru,country,1999,12.974
PER,Peru,country,2000,12.81504
PER,Peru,country,2001,13.30441
PER,Peru,country,2002,12.82085
PER,Peru,country,2003,12.32927
PER,Peru,country,2004,12.58326
PER,Peru,country,2005,12.61706
PER,Peru,country,2006,12.82301
PER,Peru,country,2007,13.019333
PER,Peru,country,2008,13.215656
PER,Peru,country,2009,13.41198
PER,Peru,country,2010,13.608302
PER,Peru,country,2011,13.804625
PER,Peru,country,2012,14.000948
PER,Peru,country,2013,14.19727
PER,Peru,country,2014,14.393594
PER,Peru,country,2015,14.589917
PER,Peru,country,2016,14.78624
PER,Peru,country,2017,14.49571
PER,Peru,country,2018,14.598042
PER,Peru,country,2019,14.701097
PER,Peru,country,2020,14.804879
PER,Peru,country,2021,14.909393
PER,Peru,country,2022,14.909393
PER,Peru,country,2023,14.909393
PHL,Philippines,country,1990,10.73402
PHL,Philippines,country,1991,10.75756
PHL,Philippines,country,1992,10.79934
PHL,Philippines,country,1993,10.832347
PHL,Philippines,country,1994,10.865354
PHL,Philippines,country,1995,10.89836
PHL,Philippines,country,1996,11.29183
PHL,Philippines,country,1997,11.340475
PHL,Philippines,country,1998,11.38912
PHL,Philippines,country,1999,11.54117
PHL,Philippines,country,2000,11.539041
PHL,Philippines,country,2001,11.53691
PHL,Philippines,country,2002,11.74231
PHL,Philippines,country,2003,11.73099
PHL,Philippines,country,2004,11.72441
PHL,Philippines,country,2005,11.58979
PHL,Philippines,country,2006,11.39826
PHL,Philippines,country,2007,11.47802
PHL,Philippines,country,2008,11.55778
PHL,Philippines,country,2009,11.31983
PHL,Philippines,country,2010,11.547878
PHL,Philippines,country,2011,11.775926
PHL,Philippines,country,2012,12.003974
PHL,Philippines,country,2013,12.232021
PHL,Philippines,country,2014,12.46007
PHL,Philippines,country,2015,12.61225
PHL,Philippines,country,2016,12.58334
PHL,Philippines,country,2017,12.8182
PHL,Philippines,country,2018,12.84095
PHL,Philippines,country,2019,13.03676
PHL,Philippines,country,2020,12.78336
PHL,Philippines,country,2021,12.819047
PHL,Philippines,country,2022,12.819047
PHL,Philippines,country,2023,12.819047
PLW,Palau,country,1990,12.784531
PLW,Palau,country,1991,12.87391
PLW,Palau,country,1992,12.963914
PLW,Palau,country,1993,13.054547
PLW,Palau,country,1994,13.145814
PLW,Palau,country,1995,13.237719
PLW,Palau,country,1996,13.330266
PLW,Palau,country,1997,13.42346
PLW,Palau,country,1998,13.517305
PLW,Palau,country,1999,13.611808
PLW,Palau,country,2000,13.70697
PLW,Palau,country,2001,13.802798
PLW,Palau,country,2002,13.899296
PLW,Palau,country,2003,13.996469
PLW,Palau,country,2004,14.09432
PLW,Palau,country,2005,14.192856
PLW,Palau,country,2006,14.292081
PLW,Palau,country,2007,14.391999
PLW,Palau,country,2008,14.492617
PLW,Palau,country,2009,14.593937
PLW,Palau,country,2010,14.695966
PLW,Palau,country,2011,14.798708
PLW,Palau,country,2012,14.902168
PLW,Palau,country,2013,15.006352
PLW,Palau,country,2014,15.111264
PLW,Palau,country,2015,15.216177
PLW,Palau,country,2016,15.321089
PLW,Palau,country,2017,15.426001
PLW,Palau,country,2018,15.530912
PLW,Palau,country,2019,15.468213
PLW,Palau,country,2020,15.118016
PLW,Palau,country,2021,14.767818
PLW,Palau,country,2022,14.417622
PLW,Palau,country,2023,14.067424
PNG,Papua New Guinea,country,1990,4.6007462
PNG,Papua New Guinea,country,1991,4.7357016
PNG,Papua New Guinea,country,1992,4.8746161
PNG,Papua New Guinea,country,1993,5.0176053
PNG,Papua New Guinea,country,1994,5.1647887
PNG,Papua New Guinea,country,1995,5.3162899
PNG,Papua New Guinea,country,1996,5.4635534
PNG,Papua New Guinea,country,1997,5.6108165
PNG,Papua New Guinea,country,1998,5.75808
PNG,Papua New Guinea,country,1999,5.9505372
PNG,Papua New Guinea,country,2000,6.1429944
PNG,Papua New Guinea,country,2001,6.3354516
PNG,Papua New Guinea,country,2002,6.5279088
PNG,Papua New Guinea,country,2003,6.7203655
PNG,Papua New Guinea,country,2004,6.9128227
PNG,Papua New Guinea,country,2005,7.1052799
PNG,Papua New Guinea,country,2006,7.2977371
PNG,Papua New Guinea,country,2007,7.4901943
PNG,Papua New Guinea,country,2008,7.6826515
PNG,Papua New Guinea,country,2009,7.8751087
PNG,Papua New Guinea,country,2010,8.0675659
PNG,Papua New Guinea,country,2011,8.2600231
PNG,Papua New Guinea,country,2012,8.4524803
PNG,Papua New Guinea,country,2013,8.7767172
PNG,Papua New Guinea,country,2014,9.100955
PNG,Papua New Guinea,country,2015,9.4251919
PNG,Papua New Guinea,country,2016,9.7494297
PNG,Papua New Guinea,country,2017,10.073667
PNG,Papua New Guinea,country,2018,10.397904
PNG,Papua New Guinea,country,2019,10.756454
PNG,Papua New Guinea,country,2020,11.127368
PNG,Papua New Guinea,country,2021,11.511072
PNG,Papua New Guinea,country,2022,11.511072
PNG,Papua New Guinea,country,2023,11.511072
POL,Poland,country,1990,12.11457
POL,Poland,country,1991,12.14548
POL,Poland,country,1992,12.16027
POL,Poland,country,1993,12.82265
POL,Poland,country,1994,13.0822
POL,Poland,country,1995,13.10088
POL,Poland,country,1996,13.38315
POL,Poland,country,1997,13.91362
POL,Poland,country,1998,14.35941
POL,Poland,country,1999,14.7362
POL,Poland,country,2000,14.89495
POL,Poland,country,2001,15.26095
POL,Poland,country,2002,15.62159
POL,Poland,country,2003,15.80754
POL,Poland,country,2004,15.17919
POL,Poland,country,2005,15.37594
POL,Poland,country,2006,15.3803
POL,Poland,country,2007,15.38273
POL,Poland,country,2008,15.38138
POL,Poland,country,2009,15.4193
POL,Poland,country,2010,15.76899
POL,Poland,country,2011,15.66082
POL,Poland,country,2012,15.70233
POL,Poland,country,2013,16.593161
POL,Poland,country,2014,16.206091
POL,Poland,country,2015,16.41242
POL,Poland,country,2016,16.627251
POL,Poland,country,2017,16.054279
POL,Poland,country,2018,15.9291
POL,Poland,country,2019,15.87381
POL,Poland,country,2020,15.84399
POL,Poland,country,2021,16.43211
POL,Poland,country,2022,16.67828
POL,Poland,country,2023,16.67828
PRK,Democratic People's Republic of Korea,country,1990,
PRK,Democratic People's Republic of Korea,country,1991,
PRK,Democratic People's Republic of Korea,country,1992,
PRK,Democratic People's Republic of Korea,country,1993,
PRK,Democratic People's Republic of Korea,country,1994,
PRK,Democratic People's Republic of Korea,country,1995,
PRK,Democratic People's Republic of Korea,country,1996,
PRK,Democratic People's Republic of Korea,country,1997,
PRK,Democratic People's Republic of Korea,country,1998,
PRK,Democratic People's Republic of Korea,country,1999,
PRK,Democratic People's Republic of Korea,country,2000,
PRK,Democratic People's Republic of Korea,country,2001,
PRK,Democratic People's Republic of Korea,country,2002,
PRK,Democratic People's Republic of Korea,country,2003,
PRK,Democratic People's Republic of Korea,country,2004,
PRK,Democratic People's Republic of Korea,country,2005,12.712191
PRK,Democratic People's Republic of Korea,country,2006,12.566524
PRK,Democratic People's Republic of Korea,country,2007,12.422525
PRK,Democratic People's Republic of Korea,country,2008,12.280177
PRK,Democratic People's Republic of Korea,country,2009,12.13946
PRK,Democratic People's Republic of Korea,country,2010,12.003507
PRK,Democratic People's Republic of Korea,country,2011,11.867553
PRK,Democratic People's Republic of Korea,country,2012,11.7316
PRK,Democratic People's Republic of Korea,country,2013,11.595647
PRK,Democratic People's Republic of Korea,country,2014,11.459693
PRK,Democratic People's Republic of Korea,country,2015,11.32374
PRK,Democratic People's Republic of Korea,country,2016,11.538696
PRK,Democratic People's Republic of Korea,country,2017,11.753654
PRK,Democratic People's Republic of Korea,country,2018,11.96861
PRK,Democratic People's Republic of Korea,country,2019,12.045957
PRK,Democratic People's Republic of Korea,country,2020,12.123803
PRK,Democratic People's Republic of Korea,country,2021,12.202153
PRK,Democratic People's Republic of Korea,country,2022,12.202153
PRK,Democratic People's Republic of Korea,country,2023,12.202153
PRT,Portugal,country,1990,11.83832
PRT,Portugal,country,1991,12.34137
PRT,Portugal,country,1992,13.21855
PRT,Portugal,country,1993,14.4821
PRT,Portugal,country,1994,15.04316
PRT,Portugal,country,1995,15.41712
PRT,Portugal,country,1996,15.93179
PRT,Portugal,country,1997,16.044519
PRT,Portugal,country,1998,16.157249
PRT,Portugal,country,1999,15.66067
PRT,Portugal,country,2000,15.68544
PRT,Portugal,country,2001,15.71021
PRT,Portugal,country,2002,15.734981
PRT,Portugal,country,2003,15.75975
PRT,Portugal,country,2004,15.2372
PRT,Portugal,country,2005,15.21779
PRT,Portugal,country,2006,15.14795
PRT,Portugal,country,2007,15.44752
PRT,Portugal,country,2008,15.73755
PRT,Portugal,country,2009,15.90995
PRT,Portugal,country,2010,16.111
PRT,Portugal,country,2011,16.328621
PRT,Portugal,country,2012,16.342615
PRT,Portugal,country,2013,16.356611
PRT,Portugal,country,2014,16.370605
PRT,Portugal,country,2015,16.3846
PRT,Portugal,country,2016,16.26754
PRT,Portugal,country,2017,16.3622
PRT,Portugal,country,2018,16.481279
PRT,Portugal,country,2019,16.60087
PRT,Portugal,country,2020,16.66861
PRT,Portugal,country,2021,16.821409
PRT,Portugal,country,2022,17.48682
PRT,Portugal,country,2023,17.48682
PRY,Paraguay,country,1990,9.1561203
PRY,Paraguay,country,1991,9.4454737
PRY,Paraguay,country,1992,9.734827
PRY,Paraguay,country,1993,10.02418
PRY,Paraguay,country,1994,10.215385
PRY,Paraguay,country,1995,10.40659
PRY,Paraguay,country,1996,10.73869
PRY,Paraguay,country,1997,11.149426
PRY,Paraguay,country,1998,11.560163
PRY,Paraguay,country,1999,11.9709
PRY,Paraguay,country,2000,12.14581
PRY,Paraguay,country,2001,12.5731
PRY,Paraguay,country,2002,13.07224
PRY,Paraguay,country,2003,12.49348
PRY,Paraguay,country,2004,12.73396
PRY,Paraguay,country,2005,12.60158
PRY,Paraguay,country,2006,12.563245
PRY,Paraguay,country,2007,12.52491
PRY,Paraguay,country,2008,12.80464
PRY,Paraguay,country,2009,13.19959
PRY,Paraguay,country,2010,13.17776
PRY,Paraguay,country,2011,13.208601
PRY,Paraguay,country,2012,13.239442
PRY,Paraguay,country,2013,13.270283
PRY,Paraguay,country,2014,13.301124
PRY,Paraguay,country,2015,13.331965
PRY,Paraguay,country,2016,13.362806
PRY,Paraguay,country,2017,13.393647
PRY,Paraguay,country,2018,13.424488
PRY,Paraguay,country,2019,13.455329
PRY,Paraguay,country,2020,13.48617
PRY,Paraguay,country,2021,13.617331
PRY,Paraguay,country,2022,13.98707
PRY,Paraguay,country,2023,13.98707
PSE,State of Palestine,country,1990,7.9224787
PSE,State of Palestine,country,1991,8.2021217
PSE,State of Palestine,country,1992,8.4916344
PSE,State of Palestine,country,1993,8.7913675
PSE,State of Palestine,country,1994,9.1016798
PSE,State of Palestine,country,1995,9.422945
PSE,State of Palestine,country,1996,9.7555504
PSE,State of Palestine,country,1997,10.14822
PSE,State of Palestine,country,1998,10.579365
PSE,State of Palestine,country,1999,11.01051
PSE,State of Palestine,country,2000,11.10002
PSE,State of Palestine,country,2001,11.59806
PSE,State of Palestine,country,2002,11.89654
PSE,State of Palestine,country,2003,12.30754
PSE,State of Palestine,country,2004,12.72623
PSE,State of Palestine,country,2005,12.67114
PSE,State of Palestine,country,2006,12.83586
PSE,State of Palestine,country,2007,13.36962
PSE,State of Palestine,country,2008,13.43275
PSE,State of Palestine,country,2009,13.38268
PSE,State of Palestine,country,2010,13.49948
PSE,State of Palestine,country,2011,13.44649
PSE,State of Palestine,country,2012,13.39981
PSE,State of Palestine,country,2013,13.18264
PSE,State of Palestine,country,2014,13.20177
PSE,State of Palestine,country,2015,13.23942
PSE,State of Palestine,country,2016,13.19018
PSE,State of Palestine,country,2017,13.31687
PSE,State of Palestine,country,2018,13.31881
PSE,State of Palestine,country,2019,13.29565
PSE,State of Palestine,country,2020,13.24274
PSE,State of Palestine,country,2021,13.17509
PSE,State of Palestine,country,2022,13.15474
PSE,State of Palestine,country,2023,12.99801
QAT,Qatar,country,1990,12.08216
QAT,Qatar,country,1991,11.86357
QAT,Qatar,country,1992,11.79517
QAT,Qatar,country,1993,12.2051
QAT,Qatar,country,1994,12.4874
QAT,Qatar,country,1995,12.51345
QAT,Qatar,country,1996,12.61416
QAT,Qatar,country,1997,12.625685
QAT,Qatar,country,1998,12.63721
QAT,Qatar,country,1999,12.43022
QAT,Qatar,country,2000,12.12789
QAT,Qatar,country,2001,11.82556
QAT,Qatar,country,2002,11.73925
QAT,Qatar,country,2003,11.90895
QAT,Qatar,country,2004,11.77958
QAT,Qatar,country,2005,11.8399
QAT,Qatar,country,2006,11.73238
QAT,Qatar,country,2007,11.87314
QAT,Qatar,country,2008,12.22561
QAT,Qatar,country,2009,12.40296
QAT,Qatar,country,2010,12.54949
QAT,Qatar,country,2011,12.32771
QAT,Qatar,country,2012,12.48702
QAT,Qatar,country,2013,12.52275
QAT,Qatar,country,2014,12.35891
QAT,Qatar,country,2015,12.48941
QAT,Qatar,country,2016,12.45663
QAT,Qatar,country,2017,13.00068
QAT,Qatar,country,2018,13.13239
QAT,Qatar,country,2019,13.19772
QAT,Qatar,country,2020,13.26427
QAT,Qatar,country,2021,12.20365
QAT,Qatar,country,2022,13.14116
QAT,Qatar,country,2023,13.14116
ROU,Romania,country,1990,12.47977
ROU,Romania,country,1991,11.46459
ROU,Romania,country,1992,10.93378
ROU,Romania,country,1993,10.64281
ROU,Romania,country,1994,10.62136
ROU,Romania,country,1995,10.81352
ROU,Romania,country,1996,11.30707
ROU,Romania,country,1997,11.46731
ROU,Romania,country,1998,11.6946
ROU,Romania,country,1999,12.15116
ROU,Romania,country,2000,12.2091
ROU,Romania,country,2001,12.38452
ROU,Romania,country,2002,12.85935
ROU,Romania,country,2003,12.96338
ROU,Romania,country,2004,13.08275
ROU,Romania,country,2005,13.02711
ROU,Romania,country,2006,13.79404
ROU,Romania,country,2007,13.92826
ROU,Romania,country,2008,15.4186
ROU,Romania,country,2009,16.642731
ROU,Romania,country,2010,16.197029
ROU,Romania,country,2011,15.56466
ROU,Romania,country,2012,14.68936
ROU,Romania,country,2013,14.6587
ROU,Romania,country,2014,14.628039
ROU,Romania,country,2015,14.59738
ROU,Romania,country,2016,14.26296
ROU,Romania,country,2017,14.23019
ROU,Romania,country,2018,14.35555
ROU,Romania,country,2019,14.42633
ROU,Romania,country,2020,14.45414
ROU,Romania,country,2021,14.50753
ROU,Romania,country,2022,14.05288
ROU,Romania,country,2023,14.05288
RUS,Russian Federation,country,1990,12.65669
RUS,Russian Federation,country,1991,12.4347
RUS,Russian Federation,country,1992,12.17432
RUS,Russian Federation,country,1993,11.85125
RUS,Russian Federation,country,1994,11.58719
RUS,Russian Federation,country,1995,11.57288
RUS,Russian Federation,country,1996,11.68416
RUS,Russian Federation,country,1997,11.81156
RUS,Russian Federation,country,1998,12.01319
RUS,Russian Federation,country,1999,12.27576
RUS,Russian Federation,country,2000,12.791073
RUS,Russian Federation,country,2001,13.306385
RUS,Russian Federation,country,2002,13.821697
RUS,Russian Federation,country,2003,14.33701
RUS,Russian Federation,country,2004,14.235175
RUS,Russian Federation,country,2005,14.13334
RUS,Russian Federation,country,2006,14.16091
RUS,Russian Federation,country,2007,14.30516
RUS,Russian Federation,country,2008,14.34453
RUS,Russian Federation,country,2009,14.05553
RUS,Russian Federation,country,2010,14.37662
RUS,Russian Federation,country,2011,14.69771
RUS,Russian Federation,country,2012,14.6608
RUS,Russian Federation,country,2013,14.77929
RUS,Russian Federation,country,2014,14.8374
RUS,Russian Federation,country,2015,14.91147
RUS,Russian Federation,country,2016,14.86801
RUS,Russian Federation,country,2017,14.55185
RUS,Russian Federation,country,2018,15.12335
RUS,Russian Federation,country,2019,15.15861
RUS,Russian Federation,country,2020,13.24584
RUS,Russian Federation,country,2021,13.20059
RUS,Russian Federation,country,2022,13.18515
RUS,Russian Federation,country,2023,13.18515
RWA,Rwanda,country,1990,
RWA,Rwanda,country,1991,
RWA,Rwanda,country,1992,
RWA,Rwanda,country,1993,
RWA,Rwanda,country,1994,
RWA,Rwanda,country,1995,5.6448498
RWA,Rwanda,country,1996,5.6448498
RWA,Rwanda,country,1997,5.6448498
RWA,Rwanda,country,1998,5.6448498
RWA,Rwanda,country,1999,5.6448498
RWA,Rwanda,country,2000,6.47299
RWA,Rwanda,country,2001,8.0628996
RWA,Rwanda,country,2002,8.1041203
RWA,Rwanda,country,2003,8.3147898
RWA,Rwanda,country,2004,8.9304104
RWA,Rwanda,country,2005,9.4170399
RWA,Rwanda,country,2006,10.20623
RWA,Rwanda,country,2007,10.7108
RWA,Rwanda,country,2008,10.81871
RWA,Rwanda,country,2009,11.39604
RWA,Rwanda,country,2010,11.67043
RWA,Rwanda,country,2011,11.89479
RWA,Rwanda,country,2012,12.10726
RWA,Rwanda,country,2013,9.68542
RWA,Rwanda,country,2014,11.57287
RWA,Rwanda,country,2015,11.08056
RWA,Rwanda,country,2016,11.58389
RWA,Rwanda,country,2017,11.70065
RWA,Rwanda,country,2018,11.40342
RWA,Rwanda,country,2019,11.51773
RWA,Rwanda,country,2020,11.76367
RWA,Rwanda,country,2021,12.00961
RWA,Rwanda,country,2022,12.25555
RWA,Rwanda,country,2023,12.59045
SAU,Saudi Arabia,country,1990,9.0593767
SAU,Saudi Arabia,country,1991,9.284585
SAU,Saudi Arabia,country,1992,9.5153923
SAU,Saudi Arabia,country,1993,9.7519379
SAU,Saudi Arabia,country,1994,9.9943628
SAU,Saudi Arabia,country,1995,10.242815
SAU,Saudi Arabia,country,1996,10.497443
SAU,Saudi Arabia,country,1997,10.758401
SAU,Saudi Arabia,country,1998,11.025846
SAU,Saudi Arabia,country,1999,11.29994
SAU,Saudi Arabia,country,2000,11.580848
SAU,Saudi Arabia,country,2001,11.868738
SAU,Saudi Arabia,country,2002,12.163786
SAU,Saudi Arabia,country,2003,12.466168
SAU,Saudi Arabia,country,2004,12.776067
SAU,Saudi Arabia,country,2005,13.09367
SAU,Saudi Arabia,country,2006,12.900245
SAU,Saudi Arabia,country,2007,12.70682
SAU,Saudi Arabia,country,2008,12.762239
SAU,Saudi Arabia,country,2009,12.81766
SAU,Saudi Arabia,country,2010,13.013853
SAU,Saudi Arabia,country,2011,13.210046
SAU,Saudi Arabia,country,2012,13.406238
SAU,Saudi Arabia,country,2013,13.60243
SAU,Saudi Arabia,country,2014,14.39806
SAU,Saudi Arabia,country,2015,14.769055
SAU,Saudi Arabia,country,2016,15.14005
SAU,Saudi Arabia,country,2017,15.72507
SAU,Saudi Arabia,country,2018,15.8561
SAU,Saudi Arabia,country,2019,15.98313
SAU,Saudi Arabia,country,2020,15.7598
SAU,Saudi Arabia,country,2021,15.76926
SAU,Saudi Arabia,country,2022,16.94943
SAU,Saudi Arabia,country,2023,16.94943
SDN,Sudan,country,1990,3.5751233
SDN,Sudan,country,1991,3.7164645
SDN,Sudan,country,1992,3.8633935
SDN,Sudan,country,1993,4.0161314
SDN,Sudan,country,1994,4.1749082
SDN,Sudan,country,1995,4.3399615
SDN,Sudan,country,1996,4.5115404
SDN,Sudan,country,1997,4.6899028
SDN,Sudan,country,1998,4.8753166
SDN,Sudan,country,1999,5.0680604
SDN,Sudan,country,2000,5.2684245
SDN,Sudan,country,2001,5.4767098
SDN,Sudan,country,2002,5.5970402
SDN,Sudan,country,2003,5.7780499
SDN,Sudan,country,2004,6.1597199
SDN,Sudan,country,2005,6.3401299
SDN,Sudan,country,2006,6.6445699
SDN,Sudan,country,2007,6.60852
SDN,Sudan,country,2008,7.1601701
SDN,Sudan,country,2009,7.3887601
SDN,Sudan,country,2010,7.41783
SDN,Sudan,country,2011,7.1574001
SDN,Sudan,country,2012,7.5297599
SDN,Sudan,country,2013,7.8261199
SDN,Sudan,country,2014,7.8723302
SDN,Sudan,country,2015,7.9323301
SDN,Sudan,country,2016,8.043066
SDN,Sudan,country,2017,8.1553488
SDN,Sudan,country,2018,8.2691984
SDN,Sudan,country,2019,8.3846369
SDN,Sudan,country,2020,8.501687
SDN,Sudan,country,2021,8.6203718
SDN,Sudan,country,2022,8.6203718
SDN,Sudan,country,2023,8.6203718
SEN,Senegal,country,1990,4.316226
SEN,Senegal,country,1991,4.4069595
SEN,Senegal,country,1992,4.4995999
SEN,Senegal,country,1993,4.5941877
SEN,Senegal,country,1994,4.688776
SEN,Senegal,country,1995,4.7833638
SEN,Senegal,country,1996,4.8779521
SEN,Senegal,country,1997,4.9725399
SEN,Senegal,country,1998,5.09308
SEN,Senegal,country,1999,5.2136202
SEN,Senegal,country,2000,5.4900041
SEN,Senegal,country,2001,5.7663879
SEN,Senegal,country,2002,6.0427723
SEN,Senegal,country,2003,6.3191562
SEN,Senegal,country,2004,6.59554
SEN,Senegal,country,2005,6.8749099
SEN,Senegal,country,2006,7.0015802
SEN,Senegal,country,2007,7.3888903
SEN,Senegal,country,2008,7.7761998
SEN,Senegal,country,2009,7.9587002
SEN,Senegal,country,2010,8.1412001
SEN,Senegal,country,2011,8.7993898
SEN,Senegal,country,2012,9.0172596
SEN,Senegal,country,2013,9.0559597
SEN,Senegal,country,2014,9.2931499
SEN,Senegal,country,2015,9.2905798
SEN,Senegal,country,2016,9.1961851
SEN,Senegal,country,2017,9.1017895
SEN,Senegal,country,2018,9.0073948
SEN,Senegal,country,2019,8.9130001
SEN,Senegal,country,2020,9.0534897
SEN,Senegal,country,2021,9.0679197
SEN,Senegal,country,2022,9.1445503
SEN,Senegal,country,2023,9.1427097
SGP,Singapore,country,1990,16.40782
SGP,Singapore,country,1991,16.446377
SGP,Singapore,country,1992,16.485023
SGP,Singapore,country,1993,16.523762
SGP,Singapore,country,1994,16.562592
SGP,Singapore,country,1995,16.601511
SGP,Singapore,country,1996,16.640524
SGP,Singapore,country,1997,16.679626
SGP,Singapore,country,1998,16.718822
SGP,Singapore,country,1999,16.75811
SGP,Singapore,country,2000,16.797489
SGP,Singapore,country,2001,16.836962
SGP,Singapore,country,2002,16.876526
SGP,Singapore,country,2003,16.916183
SGP,Singapore,country,2004,16.955935
SGP,Singapore,country,2005,16.995781
SGP,Singapore,country,2006,17.035719
SGP,Singapore,country,2007,17.07575
SGP,Singapore,country,2008,17.61088
SGP,Singapore,country,2009,17.799721
SGP,Singapore,country,2010,17.633913
SGP,Singapore,country,2011,17.468107
SGP,Singapore,country,2012,17.302299
SGP,Singapore,country,2013,17.136492
SGP,Singapore,country,2014,16.970684
SGP,Singapore,country,2015,16.804878
SGP,Singapore,country,2016,16.639071
SGP,Singapore,country,2017,16.676439
SGP,Singapore,country,2018,16.742001
SGP,Singapore,country,2019,16.741199
SGP,Singapore,country,2020,16.787359
SGP,Singapore,country,2021,16.902731
SGP,Singapore,country,2022,16.742279
SGP,Singapore,country,2023,16.742279
SLB,Solomon Islands,country,1990,10.811522
SLB,Solomon Islands,country,1991,10.829834
SLB,Solomon Islands,country,1992,10.848178
SLB,Solomon Islands,country,1993,10.866553
SLB,Solomon Islands,country,1994,10.884959
SLB,Solomon Islands,country,1995,10.903397
SLB,Solomon Islands,country,1996,10.921865
SLB,Solomon Islands,country,1997,10.940365
SLB,Solomon Islands,country,1998,10.958896
SLB,Solomon Islands,country,1999,10.977459
SLB,Solomon Islands,country,2000,10.996053
SLB,Solomon Islands,country,2001,11.014678
SLB,Solomon Islands,country,2002,11.033335
SLB,Solomon Islands,country,2003,11.052024
SLB,Solomon Islands,country,2004,11.070745
SLB,Solomon Islands,country,2005,11.089496
SLB,Solomon Islands,country,2006,11.10828
SLB,Solomon Islands,country,2007,11.127095
SLB,Solomon Islands,country,2008,11.145943
SLB,Solomon Islands,country,2009,11.164823
SLB,Solomon Islands,country,2010,11.183734
SLB,Solomon Islands,country,2011,11.202677
SLB,Solomon Islands,country,2012,11.221653
SLB,Solomon Islands,country,2013,11.24066
SLB,Solomon Islands,country,2014,11.2597
SLB,Solomon Islands,country,2015,11.27874
SLB,Solomon Islands,country,2016,11.29778
SLB,Solomon Islands,country,2017,11.316819
SLB,Solomon Islands,country,2018,11.335859
SLB,Solomon Islands,country,2019,11.328254
SLB,Solomon Islands,country,2020,11.320648
SLB,Solomon Islands,country,2021,11.313042
SLB,Solomon Islands,country,2022,11.313042
SLB,Solomon Islands,country,2023,11.313042
SLE,Sierra Leone,country,1990,4.6619601
SLE,Sierra Leone,country,1991,4.2085099
SLE,Sierra Leone,country,1992,4.4276881
SLE,Sierra Leone,country,1993,4.6468658
SLE,Sierra Leone,country,1994,4.866044
SLE,Sierra Leone,country,1995,5.0852218
SLE,Sierra Leone,country,1996,5.3044
SLE,Sierra Leone,country,1997,5.5235782
SLE,Sierra Leone,country,1998,5.7427559
SLE,Sierra Leone,country,1999,5.9619341
SLE,Sierra Leone,country,2000,6.1811118
SLE,Sierra Leone,country,2001,6.40029
SLE,Sierra Leone,country,2002,6.6140432
SLE,Sierra Leone,country,2003,6.8349357
SLE,Sierra Leone,country,2004,7.0632052
SLE,Sierra Leone,country,2005,7.299098
SLE,Sierra Leone,country,2006,7.5428696
SLE,Sierra Leone,country,2007,7.7947822
SLE,Sierra Leone,country,2008,8.0466948
SLE,Sierra Leone,country,2009,8.2986069
SLE,Sierra Leone,country,2010,8.5505199
SLE,Sierra Leone,country,2011,8.5968065
SLE,Sierra Leone,country,2012,8.6430931
SLE,Sierra Leone,country,2013,8.6893787
SLE,Sierra Leone,country,2014,8.7356653
SLE,Sierra Leone,country,2015,8.7819519
SLE,Sierra Leone,country,2016,8.8282385
SLE,Sierra Leone,country,2017,8.8745251
SLE,Sierra Leone,country,2018,8.9215498
SLE,Sierra Leone,country,2019,8.9688234
SLE,Sierra Leone,country,2020,9.0163479
SLE,Sierra Leone,country,2021,9.0641241
SLE,Sierra Leone,country,2022,9.0641241
SLE,Sierra Leone,country,2023,9.0641241
SLV,El Salvador,country,1990,8.5147676
SLV,El Salvador,country,1991,8.6620598
SLV,El Salvador,country,1992,8.8118992
SLV,El Salvador,country,1993,8.9617395
SLV,El Salvador,country,1994,9.286314
SLV,El Salvador,country,1995,9.6108875
SLV,El Salvador,country,1996,9.935462
SLV,El Salvador,country,1997,10.260036
SLV,El Salvador,country,1998,10.58461
SLV,El Salvador,country,1999,10.55191
SLV,El Salvador,country,2000,10.89732
SLV,El Salvador,country,2001,11.10417
SLV,El Salvador,country,2002,11.44436
SLV,El Salvador,country,2003,11.84413
SLV,El Salvador,country,2004,12.16205
SLV,El Salvador,country,2005,12.41981
SLV,El Salvador,country,2006,12.39275
SLV,El Salvador,country,2007,12.88369
SLV,El Salvador,country,2008,12.16688
SLV,El Salvador,country,2009,12.09626
SLV,El Salvador,country,2010,12.16616
SLV,El Salvador,country,2011,12.24774
SLV,El Salvador,country,2012,12.299
SLV,El Salvador,country,2013,12.43802
SLV,El Salvador,country,2014,12.25904
SLV,El Salvador,country,2015,12.01472
SLV,El Salvador,country,2016,11.79247
SLV,El Salvador,country,2017,11.48688
SLV,El Salvador,country,2018,11.4799
SLV,El Salvador,country,2019,11.0877
SLV,El Salvador,country,2020,11.08368
SLV,El Salvador,country,2021,10.98977
SLV,El Salvador,country,2022,10.9521
SLV,El Salvador,country,2023,11.11291
SMR,San Marino,country,1990,
SMR,San Marino,country,1991,
SMR,San Marino,country,1992,
SMR,San Marino,country,1993,
SMR,San Marino,country,1994,
SMR,San Marino,country,1995,
SMR,San Marino,country,1996,
SMR,San Marino,country,1997,
SMR,San Marino,country,1998,
SMR,San Marino,country,1999,
SMR,San Marino,country,2000,15.63998
SMR,San Marino,country,2001,15.613947
SMR,San Marino,country,2002,15.587913
SMR,San Marino,country,2003,15.561879
SMR,San Marino,country,2004,15.535846
SMR,San Marino,country,2005,15.509811
SMR,San Marino,country,2006,15.483778
SMR,San Marino,country,2007,15.457744
SMR,San Marino,country,2008,15.43171
SMR,San Marino,country,2009,15.42471
SMR,San Marino,country,2010,15.41771
SMR,San Marino,country,2011,15.2865
SMR,San Marino,country,2012,15.1453
SMR,San Marino,country,2013,15.083693
SMR,San Marino,country,2014,15.022335
SMR,San Marino,country,2015,14.961227
SMR,San Marino,country,2016,14.900369
SMR,San Marino,country,2017,14.839757
SMR,San Marino,country,2018,14.779392
SMR,San Marino,country,2019,14.719273
SMR,San Marino,country,2020,14.659398
SMR,San Marino,country,2021,14.599767
SMR,San Marino,country,2022,14.599767
SMR,San Marino,country,2023,14.599767
SOM,Somalia,country,1990,
SOM,Somalia,country,1991,
SOM,Somalia,country,1992,
SOM,Somalia,country,1993,
SOM,Somalia,country,1994,
SOM,Somalia,country,1995,
SOM,Somalia,country,1996,
SOM,Somalia,country,1997,
SOM,Somalia,country,1998,
SOM,Somalia,country,1999,
SOM,Somalia,country,2000,
SOM,Somalia,country,2001,
SOM,Somalia,country,2002,
SOM,Somalia,country,2003,
SOM,Somalia,country,2004,
SOM,Somalia,country,2005,
SOM,Somalia,country,2006,
SOM,Somalia,country,2007,
SOM,Somalia,country,2008,
SOM,Somalia,country,2009,
SOM,Somalia,country,2010,
SOM,Somalia,country,2011,
SOM,Somalia,country,2012,
SOM,Somalia,country,2013,
SOM,Somalia,country,2014,
SOM,Somalia,country,2015,
SOM,Somalia,country,2016,
SOM,Somalia,country,2017,
SOM,Somalia,country,2018,
SOM,Somalia,country,2019,
SOM,Somalia,country,2020,
SOM,Somalia,country,2021,
SOM,Somalia,country,2022,7.486165
SOM,Somalia,country,2023,7.486165
SRB,Serbia,country,1990,12.345699
SRB,Serbia,country,1991,12.425907
SRB,Serbia,country,1992,12.506636
SRB,Serbia,country,1993,12.587889
SRB,Serbia,country,1994,12.66967
SRB,Serbia,country,1995,12.751983
SRB,Serbia,country,1996,12.834829
SRB,Serbia,country,1997,12.918215
SRB,Serbia,country,1998,13.002142
SRB,Serbia,country,1999,13.086615
SRB,Serbia,country,2000,13.171637
SRB,Serbia,country,2001,13.25721
SRB,Serbia,country,2002,13.02529
SRB,Serbia,country,2003,13.19625
SRB,Serbia,country,2004,13.27563
SRB,Serbia,country,2005,13.54958
SRB,Serbia,country,2006,13.68781
SRB,Serbia,country,2007,13.73295
SRB,Serbia,country,2008,13.79438
SRB,Serbia,country,2009,13.80543
SRB,Serbia,country,2010,13.67858
SRB,Serbia,country,2011,14.22255
SRB,Serbia,country,2012,14.33494
SRB,Serbia,country,2013,14.48872
SRB,Serbia,country,2014,14.57014
SRB,Serbia,country,2015,14.75029
SRB,Serbia,country,2016,14.83194
SRB,Serbia,country,2017,14.95836
SRB,Serbia,country,2018,14.93355
SRB,Serbia,country,2019,14.85551
SRB,Serbia,country,2020,14.61096
SRB,Serbia,country,2021,14.60991
SRB,Serbia,country,2022,15.04216
SRB,Serbia,country,2023,15.04216
SSD,South Sudan,country,1990,
SSD,South Sudan,country,1991,
SSD,South Sudan,country,1992,
SSD,South Sudan,country,1993,
SSD,South Sudan,country,1994,
SSD,South Sudan,country,1995,
SSD,South Sudan,country,1996,
SSD,South Sudan,country,1997,
SSD,South Sudan,country,1998,
SSD,South Sudan,country,1999,
SSD,South Sudan,country,2000,
SSD,South Sudan,country,2001,
SSD,South Sudan,country,2002,
SSD,South Sudan,country,2003,
SSD,South Sudan,country,2004,
SSD,South Sudan,country,2005,
SSD,South Sudan,country,2006,
SSD,South Sudan,country,2007,
SSD,South Sudan,country,2008,
SSD,South Sudan,country,2009,
SSD,South Sudan,country,2010,4.9833241
SSD,South Sudan,country,2011,5.1136131
SSD,South Sudan,country,2012,5.2439027
SSD,South Sudan,country,2013,5.3741918
SSD,South Sudan,country,2014,5.5044808
SSD,South Sudan,country,2015,5.6347699
SSD,South Sudan,country,2016,5.6347699
SSD,South Sudan,country,2017,5.6347699
SSD,South Sudan,country,2018,5.6347699
SSD,South Sudan,country,2019,5.6347699
SSD,South Sudan,country,2020,5.6347699
SSD,South Sudan,country,2021,5.6347699
SSD,South Sudan,country,2022,5.6347699
SSD,South Sudan,country,2023,5.6347699
STP,Sao Tome and Principe,country,1990,
STP,Sao Tome and Principe,country,1991,
STP,Sao Tome and Principe,country,1992,
STP,Sao Tome and Principe,country,1993,
STP,Sao Tome and Principe,country,1994,
STP,Sao Tome and Principe,country,1995,
STP,Sao Tome and Principe,country,1996,
STP,Sao Tome and Principe,country,1997,
STP,Sao Tome and Principe,country,1998,
STP,Sao Tome and Principe,country,1999,
STP,Sao Tome and Principe,country,2000,
STP,Sao Tome and Principe,country,2001,
STP,Sao Tome and Principe,country,2002,
STP,Sao Tome and Principe,country,2003,
STP,Sao Tome and Principe,country,2004,
STP,Sao Tome and Principe,country,2005,9.3802128
STP,Sao Tome and Principe,country,2006,9.6041126
STP,Sao Tome and Principe,country,2007,9.8333559
STP,Sao Tome and Principe,country,2008,10.068071
STP,Sao Tome and Principe,country,2009,10.30839
STP,Sao Tome and Principe,country,2010,10.1784
STP,Sao Tome and Principe,country,2011,10.396595
STP,Sao Tome and Principe,country,2012,10.61479
STP,Sao Tome and Principe,country,2013,11.100605
STP,Sao Tome and Principe,country,2014,11.58642
STP,Sao Tome and Principe,country,2015,12.41004
STP,Sao Tome and Principe,country,2016,12.425936
STP,Sao Tome and Principe,country,2017,12.441832
STP,Sao Tome and Principe,country,2018,12.457727
STP,Sao Tome and Principe,country,2019,12.473623
STP,Sao Tome and Principe,country,2020,12.663718
STP,Sao Tome and Principe,country,2021,12.856709
STP,Sao Tome and Principe,country,2022,12.856709
STP,Sao Tome and Principe,country,2023,12.856709
SUR,Suriname,country,1990,10.76805
SUR,Suriname,country,1991,10.802506
SUR,Suriname,country,1992,10.836962
SUR,Suriname,country,1993,10.871418
SUR,Suriname,country,1994,10.905873
SUR,Suriname,country,1995,10.94033
SUR,Suriname,country,1996,10.974786
SUR,Suriname,country,1997,11.009241
SUR,Suriname,country,1998,11.043697
SUR,Suriname,country,1999,11.078153
SUR,Suriname,country,2000,11.112609
SUR,Suriname,country,2001,11.147064
SUR,Suriname,country,2002,11.18152
SUR,Suriname,country,2003,11.169814
SUR,Suriname,country,2004,11.158108
SUR,Suriname,country,2005,11.146401
SUR,Suriname,country,2006,11.134695
SUR,Suriname,country,2007,11.122989
SUR,Suriname,country,2008,11.111282
SUR,Suriname,country,2009,11.099576
SUR,Suriname,country,2010,11.08787
SUR,Suriname,country,2011,11.076163
SUR,Suriname,country,2012,11.064457
SUR,Suriname,country,2013,11.052751
SUR,Suriname,country,2014,11.041044
SUR,Suriname,country,2015,11.029338
SUR,Suriname,country,2016,11.017632
SUR,Suriname,country,2017,11.005925
SUR,Suriname,country,2018,10.994219
SUR,Suriname,country,2019,10.982512
SUR,Suriname,country,2020,10.970806
SUR,Suriname,country,2021,10.9591
SUR,Suriname,country,2022,10.9591
SUR,Suriname,country,2023,10.9591
SVK,Slovakia,country,1990,11.45825
SVK,Slovakia,country,1991,11.580514
SVK,Slovakia,country,1992,11.704082
SVK,Slovakia,country,1993,11.82897
SVK,Slovakia,country,1994,11.95519
SVK,Slovakia,country,1995,12.14776
SVK,Slovakia,country,1996,12.36956
SVK,Slovakia,country,1997,12.45488
SVK,Slovakia,country,1998,12.9937
SVK,Slovakia,country,1999,13.15174
SVK,Slovakia,country,2000,13.48645
SVK,Slovakia,country,2001,13.46143
SVK,Slovakia,country,2002,13.75112
SVK,Slovakia,country,2003,14.04012
SVK,Slovakia,country,2004,14.29823
SVK,Slovakia,country,2005,14.57946
SVK,Slovakia,country,2006,14.78446
SVK,Slovakia,country,2007,15.03611
SVK,Slovakia,country,2008,15.14704
SVK,Slovakia,country,2009,15.21326
SVK,Slovakia,country,2010,15.2603
SVK,Slovakia,country,2011,15.20849
SVK,Slovakia,country,2012,15.15811
SVK,Slovakia,country,2013,15.1194
SVK,Slovakia,country,2014,14.98193
SVK,Slovakia,country,2015,14.84994
SVK,Slovakia,country,2016,14.67245
SVK,Slovakia,country,2017,14.59997
SVK,Slovakia,country,2018,14.54144
SVK,Slovakia,country,2019,14.52401
SVK,Slovakia,country,2020,14.56892
SVK,Slovakia,country,2021,14.72155
SVK,Slovakia,country,2022,14.94685
SVK,Slovakia,country,2023,14.94685
SVN,Slovenia,country,1990,12.02171
SVN,Slovenia,country,1991,12.12808
SVN,Slovenia,country,1992,12.38166
SVN,Slovenia,country,1993,12.29268
SVN,Slovenia,country,1994,12.43847
SVN,Slovenia,country,1995,12.66939
SVN,Slovenia,country,1996,12.86125
SVN,Slovenia,country,1997,13.21047
SVN,Slovenia,country,1998,13.8018
SVN,Slovenia,country,1999,14.70132
SVN,Slovenia,country,2000,14.97756
SVN,Slovenia,country,2001,15.79201
SVN,Slovenia,country,2002,16.240879
SVN,Slovenia,country,2003,16.697901
SVN,Slovenia,country,2004,16.38866
SVN,Slovenia,country,2005,16.74778
SVN,Slovenia,country,2006,16.89109
SVN,Slovenia,country,2007,16.93289
SVN,Slovenia,country,2008,17.05596
SVN,Slovenia,country,2009,16.99419
SVN,Slovenia,country,2010,17.08005
SVN,Slovenia,country,2011,16.935921
SVN,Slovenia,country,2012,16.95047
SVN,Slovenia,country,2013,17.68331
SVN,Slovenia,country,2014,17.346291
SVN,Slovenia,country,2015,17.27178
SVN,Slovenia,country,2016,17.4575
SVN,Slovenia,country,2017,17.47266
SVN,Slovenia,country,2018,17.44426
SVN,Slovenia,country,2019,17.32519
SVN,Slovenia,country,2020,17.26227
SVN,Slovenia,country,2021,17.40658
SVN,Slovenia,country,2022,17.477171
SVN,Slovenia,country,2023,17.477171
SWE,Sweden,country,1990,12.94982
SWE,Sweden,country,1991,13.11555
SWE,Sweden,country,1992,13.40452
SWE,Sweden,country,1993,15.38565
SWE,Sweden,country,1994,15.79784
SWE,Sweden,country,1995,16.1077
SWE,Sweden,country,1996,16.52323
SWE,Sweden,country,1997,17.15633
SWE,Sweden,country,1998,18.52182
SWE,Sweden,country,1999,18.811541
SWE,Sweden,country,2000,18.69343
SWE,Sweden,country,2001,18.684389
SWE,Sweden,country,2002,18.5569
SWE,Sweden,country,2003,18.556749
SWE,Sweden,country,2004,16.02107
SWE,Sweden,country,2005,16.002251
SWE,Sweden,country,2006,15.96051
SWE,Sweden,country,2007,15.81301
SWE,Sweden,country,2008,15.79737
SWE,Sweden,country,2009,15.79718
SWE,Sweden,country,2010,15.98805
SWE,Sweden,country,2011,15.873
SWE,Sweden,country,2012,15.91219
SWE,Sweden,country,2013,18.183981
SWE,Sweden,country,2014,18.093519
SWE,Sweden,country,2015,18.320881
SWE,Sweden,country,2016,18.42342
SWE,Sweden,country,2017,18.864201
SWE,Sweden,country,2018,18.895189
SWE,Sweden,country,2019,18.52236
SWE,Sweden,country,2020,18.65209
SWE,Sweden,country,2021,19.03677
SWE,Sweden,country,2022,18.99147
SWE,Sweden,country,2023,18.99147
SWZ,Eswatini,country,1990,9.6444693
SWZ,Eswatini,country,1991,9.5725822
SWZ,Eswatini,country,1992,9.5012302
SWZ,Eswatini,country,1993,9.4304104
SWZ,Eswatini,country,1994,9.5201502
SWZ,Eswatini,country,1995,9.60989
SWZ,Eswatini,country,1996,9.6996298
SWZ,Eswatini,country,1997,9.7029629
SWZ,Eswatini,country,1998,9.7062969
SWZ,Eswatini,country,1999,9.70963
SWZ,Eswatini,country,2000,9.5581303
SWZ,Eswatini,country,2001,9.4757204
SWZ,Eswatini,country,2002,9.3933096
SWZ,Eswatini,country,2003,9.7072649
SWZ,Eswatini,country,2004,10.02122
SWZ,Eswatini,country,2005,10.31524
SWZ,Eswatini,country,2006,10.95756
SWZ,Eswatini,country,2007,11.269556
SWZ,Eswatini,country,2008,11.581552
SWZ,Eswatini,country,2009,11.893548
SWZ,Eswatini,country,2010,12.205544
SWZ,Eswatini,country,2011,12.51754
SWZ,Eswatini,country,2012,12.695025
SWZ,Eswatini,country,2013,12.87251
SWZ,Eswatini,country,2014,13.147706
SWZ,Eswatini,country,2015,13.428785
SWZ,Eswatini,country,2016,13.715873
SWZ,Eswatini,country,2017,14.009099
SWZ,Eswatini,country,2018,14.308594
SWZ,Eswatini,country,2019,14.614491
SWZ,Eswatini,country,2020,14.926928
SWZ,Eswatini,country,2021,15.246044
SWZ,Eswatini,country,2022,15.246044
SWZ,Eswatini,country,2023,15.246044
SYC,Seychelles,country,1990,
SYC,Seychelles,country,1991,
SYC,Seychelles,country,1992,
SYC,Seychelles,country,1993,
SYC,Seychelles,country,1994,
SYC,Seychelles,country,1995,
SYC,Seychelles,country,1996,
SYC,Seychelles,country,1997,
SYC,Seychelles,country,1998,
SYC,Seychelles,country,1999,
SYC,Seychelles,country,2000,
SYC,Seychelles,country,2001,
SYC,Seychelles,country,2002,
SYC,Seychelles,country,2003,
SYC,Seychelles,country,2004,
SYC,Seychelles,country,2005,
SYC,Seychelles,country,2006,
SYC,Seychelles,country,2007,
SYC,Seychelles,country,2008,
SYC,Seychelles,country,2009,
SYC,Seychelles,country,2010,11.194759
SYC,Seychelles,country,2011,12.07451
SYC,Seychelles,country,2012,14.02872
SYC,Seychelles,country,2013,14.36818
SYC,Seychelles,country,2014,16.03841
SYC,Seychelles,country,2015,16.148319
SYC,Seychelles,country,2016,17.50136
SYC,Seychelles,country,2017,19.694111
SYC,Seychelles,country,2018,19.199381
SYC,Seychelles,country,2019,18.676849
SYC,Seychelles,country,2020,17.85104
SYC,Seychelles,country,2021,18.224899
SYC,Seychelles,country,2022,18.224899
SYC,Seychelles,country,2023,18.224899
SYR,Syrian Arab Republic,country,1990,10.29175
SYR,Syrian Arab Republic,country,1991,10.33015
SYR,Syrian Arab Republic,country,1992,10.17481
SYR,Syrian Arab Republic,country,1993,10.0686
SYR,Syrian Arab Republic,country,1994,9.92554
SYR,Syrian Arab Republic,country,1995,9.7200403
SYR,Syrian Arab Republic,country,1996,9.7784233
SYR,Syrian Arab Republic,country,1997,9.8368063
SYR,Syrian Arab Republic,country,1998,9.8951893
SYR,Syrian Arab Republic,country,1999,9.9535713
SYR,Syrian Arab Republic,country,2000,10.011954
SYR,Syrian Arab Republic,country,2001,10.070337
SYR,Syrian Arab Republic,country,2002,10.12872
SYR,Syrian Arab Republic,country,2003,10.47318
SYR,Syrian Arab Republic,country,2004,10.85873
SYR,Syrian Arab Republic,country,2005,11.33917
SYR,Syrian Arab Republic,country,2006,11.53659
SYR,Syrian Arab Republic,country,2007,11.58475
SYR,Syrian Arab Republic,country,2008,11.61195
SYR,Syrian Arab Republic,country,2009,11.72798
SYR,Syrian Arab Republic,country,2010,11.89067
SYR,Syrian Arab Republic,country,2011,12.0136
SYR,Syrian Arab Republic,country,2012,12.25677
SYR,Syrian Arab Republic,country,2013,8.3967199
SYR,Syrian Arab Republic,country,2014,8.2013083
SYR,Syrian Arab Republic,country,2015,8.0058966
SYR,Syrian Arab Republic,country,2016,7.8104854
SYR,Syrian Arab Republic,country,2017,7.6150737
SYR,Syrian Arab Republic,country,2018,7.549634
SYR,Syrian Arab Republic,country,2019,7.4841943
SYR,Syrian Arab Republic,country,2020,7.4187546
SYR,Syrian Arab Republic,country,2021,7.4187546
SYR,Syrian Arab Republic,country,2022,7.4187546
SYR,Syrian Arab Republic,country,2023,7.4187546
TCD,Chad,country,1990,2.5349061
TCD,Chad,country,1991,2.7057896
TCD,Chad,country,1992,2.8881929
TCD,Chad,country,1993,3.0828922
TCD,Chad,country,1994,3.2907169
TCD,Chad,country,1995,3.5125513
TCD,Chad,country,1996,3.7493401
TCD,Chad,country,1997,4.0671802
TCD,Chad,country,1998,4.5402398
TCD,Chad,country,1999,4.7176399
TCD,Chad,country,2000,4.89504
TCD,Chad,country,2001,5.1853199
TCD,Chad,country,2002,5.48452
TCD,Chad,country,2003,5.6341701
TCD,Chad,country,2004,5.7056899
TCD,Chad,country,2005,5.5454001
TCD,Chad,country,2006,5.8104434
TCD,Chad,country,2007,6.0754867
TCD,Chad,country,2008,6.3405299
TCD,Chad,country,2009,6.7691302
TCD,Chad,country,2010,6.7715902
TCD,Chad,country,2011,7.39042
TCD,Chad,country,2012,7.5838299
TCD,Chad,country,2013,7.7772403
TCD,Chad,country,2014,7.9706502
TCD,Chad,country,2015,7.4211998
TCD,Chad,country,2016,7.5681305
TCD,Chad,country,2017,7.7179708
TCD,Chad,country,2018,7.8707771
TCD,Chad,country,2019,8.0266094
TCD,Chad,country,2020,8.1855268
TCD,Chad,country,2021,8.3475904
TCD,Chad,country,2022,8.3475904
TCD,Chad,country,2023,8.3475904
TGO,Togo,country,1990,7.3301601
TGO,Togo,country,1991,7.68507
TGO,Togo,country,1992,7.21277
TGO,Togo,country,1993,7.4881997
TGO,Togo,country,1994,7.7636299
TGO,Togo,country,1995,8.4748497
TGO,Togo,country,1996,8.8179798
TGO,Togo,country,1997,8.9843597
TGO,Togo,country,1998,9.1507397
TGO,Togo,country,1999,9.3171196
TGO,Togo,country,2000,9.4834995
TGO,Togo,country,2001,9.7634602
TGO,Togo,country,2002,9.8720503
TGO,Togo,country,2003,9.9806404
TGO,Togo,country,2004,10.07438
TGO,Togo,country,2005,10.1164
TGO,Togo,country,2006,10.5058
TGO,Togo,country,2007,9.9429998
TGO,Togo,country,2008,10.410262
TGO,Togo,country,2009,10.877524
TGO,Togo,country,2010,11.344788
TGO,Togo,country,2011,11.81205
TGO,Togo,country,2012,11.9381
TGO,Togo,country,2013,12.06415
TGO,Togo,country,2014,12.1902
TGO,Togo,country,2015,12.31625
TGO,Togo,country,2016,12.4423
TGO,Togo,country,2017,12.56835
TGO,Togo,country,2018,12.698338
TGO,Togo,country,2019,12.82967
TGO,Togo,country,2020,12.96236
TGO,Togo,country,2021,13.096424
TGO,Togo,country,2022,13.096424
TGO,Togo,country,2023,13.096424
THA,Thailand,country,1990,8.76085
THA,Thailand,country,1991,9.0507336
THA,Thailand,country,1992,9.3406162
THA,Thailand,country,1993,9.6304998
THA,Thailand,country,1994,9.84863
THA,Thailand,country,1995,10.06676
THA,Thailand,country,1996,10.24218
THA,Thailand,country,1997,10.46321
THA,Thailand,country,1998,10.87126
THA,Thailand,country,1999,11.097877
THA,Thailand,country,2000,11.324493
THA,Thailand,country,2001,11.55111
THA,Thailand,country,2002,11.75627
THA,Thailand,country,2003,11.940325
THA,Thailand,country,2004,12.12438
THA,Thailand,country,2005,12.51091
THA,Thailand,country,2006,12.52921
THA,Thailand,country,2007,12.90353
THA,Thailand,country,2008,12.72402
THA,Thailand,country,2009,12.61021
THA,Thailand,country,2010,13.53878
THA,Thailand,country,2011,13.67678
THA,Thailand,country,2012,13.49242
THA,Thailand,country,2013,13.4146
THA,Thailand,country,2014,16.065229
THA,Thailand,country,2015,16.041204
THA,Thailand,country,2016,16.017179
THA,Thailand,country,2017,15.8805
THA,Thailand,country,2018,15.743819
THA,Thailand,country,2019,15.60714
THA,Thailand,country,2020,15.47046
THA,Thailand,country,2021,15.358835
THA,Thailand,country,2022,15.358835
THA,Thailand,country,2023,15.358835
TJK,Tajikistan,country,1990,11.814203
TJK,Tajikistan,country,1991,11.68821
TJK,Tajikistan,country,1992,11.56356
TJK,Tajikistan,country,1993,10.82005
TJK,Tajikistan,country,1994,10.10999
TJK,Tajikistan,country,1995,10.06548
TJK,Tajikistan,country,1996,9.8878174
TJK,Tajikistan,country,1997,9.7101545
TJK,Tajikistan,country,1998,9.5324926
TJK,Tajikistan,country,1999,9.3548298
TJK,Tajikistan,country,2000,9.62111
TJK,Tajikistan,country,2001,9.7373896
TJK,Tajikistan,country,2002,9.9454403
TJK,Tajikistan,country,2003,10.30994
TJK,Tajikistan,country,2004,10.42245
TJK,Tajikistan,country,2005,10.62835
TJK,Tajikistan,country,2006,10.7746
TJK,Tajikistan,country,2007,10.7512
TJK,Tajikistan,country,2008,10.9967
TJK,Tajikistan,country,2009,10.98056
TJK,Tajikistan,country,2010,10.96276
TJK,Tajikistan,country,2011,10.9128
TJK,Tajikistan,country,2012,10.91278
TJK,Tajikistan,country,2013,10.93988
TJK,Tajikistan,country,2014,10.92858
TJK,Tajikistan,country,2015,10.917293
TJK,Tajikistan,country,2016,10.906016
TJK,Tajikistan,country,2017,10.894752
TJK,Tajikistan,country,2018,10.883498
TJK,Tajikistan,country,2019,10.872256
TJK,Tajikistan,country,2020,10.861027
TJK,Tajikistan,country,2021,10.849808
TJK,Tajikistan,country,2022,10.849808
TJK,Tajikistan,country,2023,10.849808
TKM,Turkmenistan,country,1990,
TKM,Turkmenistan,country,1991,
TKM,Turkmenistan,country,1992,
TKM,Turkmenistan,country,1993,
TKM,Turkmenistan,country,1994,
TKM,Turkmenistan,country,1995,
TKM,Turkmenistan,country,1996,
TKM,Turkmenistan,country,1997,
TKM,Turkmenistan,country,1998,
TKM,Turkmenistan,country,1999,
TKM,Turkmenistan,country,2000,
TKM,Turkmenistan,country,2001,
TKM,Turkmenistan,country,2002,
TKM,Turkmenistan,country,2003,
TKM,Turkmenistan,country,2004,
TKM,Turkmenistan,country,2005,8.7173634
TKM,Turkmenistan,country,2006,8.9838533
TKM,Turkmenistan,country,2007,9.2757931
TKM,Turkmenistan,country,2008,9.5677328
TKM,Turkmenistan,country,2009,9.8596735
TKM,Turkmenistan,country,2010,10.151613
TKM,Turkmenistan,country,2011,10.443553
TKM,Turkmenistan,country,2012,10.735493
TKM,Turkmenistan,country,2013,11.027433
TKM,Turkmenistan,country,2014,11.319373
TKM,Turkmenistan,country,2015,11.611313
TKM,Turkmenistan,country,2016,11.903253
TKM,Turkmenistan,country,2017,11.980442
TKM,Turkmenistan,country,2018,12.057631
TKM,Turkmenistan,country,2019,12.13482
TKM,Turkmenistan,country,2020,12.44202
TKM,Turkmenistan,country,2021,12.9195
TKM,Turkmenistan,country,2022,13.24058
TKM,Turkmenistan,country,2023,13.24058
TLS,Timor-Leste,country,1990,
TLS,Timor-Leste,country,1991,
TLS,Timor-Leste,country,1992,
TLS,Timor-Leste,country,1993,
TLS,Timor-Leste,country,1994,
TLS,Timor-Leste,country,1995,
TLS,Timor-Leste,country,1996,
TLS,Timor-Leste,country,1997,
TLS,Timor-Leste,country,1998,
TLS,Timor-Leste,country,1999,
TLS,Timor-Leste,country,2000,9.6910925
TLS,Timor-Leste,country,2001,10.014975
TLS,Timor-Leste,country,2002,10.34968
TLS,Timor-Leste,country,2003,10.719462
TLS,Timor-Leste,country,2004,11.089246
TLS,Timor-Leste,country,2005,11.459028
TLS,Timor-Leste,country,2006,11.828812
TLS,Timor-Leste,country,2007,12.198594
TLS,Timor-Leste,country,2008,12.568377
TLS,Timor-Leste,country,2009,12.93816
TLS,Timor-Leste,country,2010,13.1294
TLS,Timor-Leste,country,2011,13.14062
TLS,Timor-Leste,country,2012,13.151841
TLS,Timor-Leste,country,2013,13.163061
TLS,Timor-Leste,country,2014,13.174281
TLS,Timor-Leste,country,2015,13.185502
TLS,Timor-Leste,country,2016,13.196722
TLS,Timor-Leste,country,2017,13.207971
TLS,Timor-Leste,country,2018,13.21923
TLS,Timor-Leste,country,2019,13.230497
TLS,Timor-Leste,country,2020,13.241776
TLS,Timor-Leste,country,2021,13.253063
TLS,Timor-Leste,country,2022,13.253063
TLS,Timor-Leste,country,2023,13.253063
TON,Tonga,country,1990,11.422979
TON,Tonga,country,1991,11.609981
TON,Tonga,country,1992,11.800044
TON,Tonga,country,1993,11.993219
TON,Tonga,country,1994,12.189556
TON,Tonga,country,1995,12.389108
TON,Tonga,country,1996,12.591926
TON,Tonga,country,1997,12.798064
TON,Tonga,country,1998,13.007577
TON,Tonga,country,1999,13.22052
TON,Tonga,country,2000,13.02055
TON,Tonga,country,2001,13.4398
TON,Tonga,country,2002,13.78282
TON,Tonga,country,2003,14.12584
TON,Tonga,country,2004,14.328826
TON,Tonga,country,2005,14.531812
TON,Tonga,country,2006,14.734797
TON,Tonga,country,2007,14.937783
TON,Tonga,country,2008,15.140769
TON,Tonga,country,2009,15.343755
TON,Tonga,country,2010,15.546741
TON,Tonga,country,2011,15.749726
TON,Tonga,country,2012,15.952713
TON,Tonga,country,2013,16.155699
TON,Tonga,country,2014,16.358685
TON,Tonga,country,2015,16.56167
TON,Tonga,country,2016,16.764656
TON,Tonga,country,2017,16.967642
TON,Tonga,country,2018,17.170628
TON,Tonga,country,2019,17.373613
TON,Tonga,country,2020,17.576599
TON,Tonga,country,2021,17.78693
TON,Tonga,country,2022,17.78693
TON,Tonga,country,2023,17.78693
TTO,Trinidad and Tobago,country,1990,10.693065
TTO,Trinidad and Tobago,country,1991,10.63512
TTO,Trinidad and Tobago,country,1992,10.57749
TTO,Trinidad and Tobago,country,1993,10.5989
TTO,Trinidad and Tobago,country,1994,10.710147
TTO,Trinidad and Tobago,country,1995,10.821395
TTO,Trinidad and Tobago,country,1996,10.932642
TTO,Trinidad and Tobago,country,1997,11.043889
TTO,Trinidad and Tobago,country,1998,11.155136
TTO,Trinidad and Tobago,country,1999,11.266384
TTO,Trinidad and Tobago,country,2000,11.377631
TTO,Trinidad and Tobago,country,2001,11.488878
TTO,Trinidad and Tobago,country,2002,11.600125
TTO,Trinidad and Tobago,country,2003,11.711373
TTO,Trinidad and Tobago,country,2004,11.82262
TTO,Trinidad and Tobago,country,2005,11.93712
TTO,Trinidad and Tobago,country,2006,12.052731
TTO,Trinidad and Tobago,country,2007,12.228072
TTO,Trinidad and Tobago,country,2008,12.403414
TTO,Trinidad and Tobago,country,2009,12.578755
TTO,Trinidad and Tobago,country,2010,12.754097
TTO,Trinidad and Tobago,country,2011,12.929439
TTO,Trinidad and Tobago,country,2012,13.054658
TTO,Trinidad and Tobago,country,2013,13.181091
TTO,Trinidad and Tobago,country,2014,13.308748
TTO,Trinidad and Tobago,country,2015,13.437641
TTO,Trinidad and Tobago,country,2016,13.567783
TTO,Trinidad and Tobago,country,2017,13.699185
TTO,Trinidad and Tobago,country,2018,13.83186
TTO,Trinidad and Tobago,country,2019,13.965819
TTO,Trinidad and Tobago,country,2020,14.101076
TTO,Trinidad and Tobago,country,2021,14.237643
TTO,Trinidad and Tobago,country,2022,14.237643
TTO,Trinidad and Tobago,country,2023,14.237643
TUN,Tunisia,country,1990,9.8355103
TUN,Tunisia,country,1991,9.9254503
TUN,Tunisia,country,1992,10.02253
TUN,Tunisia,country,1993,10.24203
TUN,Tunisia,country,1994,10.69999
TUN,Tunisia,country,1995,10.98894
TUN,Tunisia,country,1996,11.25379
TUN,Tunisia,country,1997,11.34476
TUN,Tunisia,country,1998,11.93178
TUN,Tunisia,country,1999,12.28585
TUN,Tunisia,country,2000,12.53473
TUN,Tunisia,country,2001,12.7682
TUN,Tunisia,country,2002,12.90303
TUN,Tunisia,country,2003,12.99831
TUN,Tunisia,country,2004,13.33904
TUN,Tunisia,country,2005,13.62554
TUN,Tunisia,country,2006,13.77798
TUN,Tunisia,country,2007,13.875
TUN,Tunisia,country,2008,13.97587
TUN,Tunisia,country,2009,13.95746
TUN,Tunisia,country,2010,14.04519
TUN,Tunisia,country,2011,14.14446
TUN,Tunisia,country,2012,14.15776
TUN,Tunisia,country,2013,14.17106
TUN,Tunisia,country,2014,14.093
TUN,Tunisia,country,2015,14.18633
TUN,Tunisia,country,2016,14.40567
TUN,Tunisia,country,2017,14.458842
TUN,Tunisia,country,2018,14.51221
TUN,Tunisia,country,2019,14.565775
TUN,Tunisia,country,2020,14.619537
TUN,Tunisia,country,2021,14.673498
TUN,Tunisia,country,2022,14.673498
TUN,Tunisia,country,2023,14.673498
TUR,Türkiye,country,1990,8.92204
TUR,Türkiye,country,1991,9.0851297
TUR,Türkiye,country,1992,9.2216396
TUR,Türkiye,country,1993,9.3711901
TUR,Türkiye,country,1994,9.4829302
TUR,Türkiye,country,1995,9.6002798
TUR,Türkiye,country,1996,9.6615849
TUR,Türkiye,country,1997,9.7228899
TUR,Türkiye,country,1998,10.127561
TUR,Türkiye,country,1999,10.53223
TUR,Türkiye,country,2000,11.133355
TUR,Türkiye,country,2001,11.73448
TUR,Türkiye,country,2002,12.10738
TUR,Türkiye,country,2003,12.22653
TUR,Türkiye,country,2004,12.1073
TUR,Türkiye,country,2005,12.03092
TUR,Türkiye,country,2006,12.45196
TUR,Türkiye,country,2007,12.70239
TUR,Türkiye,country,2008,12.54028
TUR,Türkiye,country,2009,13.05501
TUR,Türkiye,country,2010,13.95011
TUR,Türkiye,country,2011,14.50026
TUR,Türkiye,country,2012,14.67326
TUR,Türkiye,country,2013,16.79645
TUR,Türkiye,country,2014,17.31708
TUR,Türkiye,country,2015,17.78838
TUR,Türkiye,country,2016,18.27483
TUR,Türkiye,country,2017,18.67256
TUR,Türkiye,country,2018,18.97456
TUR,Türkiye,country,2019,19.18523
TUR,Türkiye,country,2020,19.295349
TUR,Türkiye,country,2021,19.68495
TUR,Türkiye,country,2022,19.830799
TUR,Türkiye,country,2023,19.830799
TUV,Tuvalu,country,1990,9.7703991
TUV,Tuvalu,country,1991,9.8433037
TUV,Tuvalu,country,1992,9.9171038
TUV,Tuvalu,country,1993,9.9918118
TUV,Tuvalu,country,1994,10.067441
TUV,Tuvalu,country,1995,10.144004
TUV,Tuvalu,country,1996,10.221513
TUV,Tuvalu,country,1997,10.299982
TUV,Tuvalu,country,1998,10.379426
TUV,Tuvalu,country,1999,10.459856
TUV,Tuvalu,country,2000,10.541287
TUV,Tuvalu,country,2001,10.623734
TUV,Tuvalu,country,2002,10.707211
TUV,Tuvalu,country,2003,10.79173
TUV,Tuvalu,country,2004,10.877309
TUV,Tuvalu,country,2005,10.963961
TUV,Tuvalu,country,2006,11.051702
TUV,Tuvalu,country,2007,11.140546
TUV,Tuvalu,country,2008,11.23051
TUV,Tuvalu,country,2009,11.321609
TUV,Tuvalu,country,2010,11.413859
TUV,Tuvalu,country,2011,11.507277
TUV,Tuvalu,country,2012,11.601879
TUV,Tuvalu,country,2013,11.69768
TUV,Tuvalu,country,2014,11.794701
TUV,Tuvalu,country,2015,11.89172
TUV,Tuvalu,country,2016,11.98874
TUV,Tuvalu,country,2017,12.085759
TUV,Tuvalu,country,2018,12.182779
TUV,Tuvalu,country,2019,12.246876
TUV,Tuvalu,country,2020,12.310972
TUV,Tuvalu,country,2021,12.375069
TUV,Tuvalu,country,2022,12.375069
TUV,Tuvalu,country,2023,12.375069
TZA,United Republic of Tanzania,country,1990,5.4079804
TZA,United Republic of Tanzania,country,1991,5.40942
TZA,United Republic of Tanzania,country,1992,5.4108601
TZA,United Republic of Tanzania,country,1993,5.49756
TZA,United Republic of Tanzania,country,1994,5.3710899
TZA,United Republic of Tanzania,country,1995,5.2690701
TZA,United Republic of Tanzania,country,1996,5.2422199
TZA,United Republic of Tanzania,country,1997,5.3943701
TZA,United Republic of Tanzania,country,1998,5.6993637
TZA,United Republic of Tanzania,country,1999,6.0043578
TZA,United Republic of Tanzania,country,2000,6.3093514
TZA,United Republic of Tanzania,country,2001,6.6143456
TZA,United Republic of Tanzania,country,2002,6.9193392
TZA,United Republic of Tanzania,country,2003,7.2243333
TZA,United Republic of Tanzania,country,2004,7.5293269
TZA,United Republic of Tanzania,country,2005,7.834321
TZA,United Republic of Tanzania,country,2006,8.1393147
TZA,United Republic of Tanzania,country,2007,8.4443083
TZA,United Republic of Tanzania,country,2008,8.7493029
TZA,United Republic of Tanzania,country,2009,9.0542965
TZA,United Republic of Tanzania,country,2010,9.3592901
TZA,United Republic of Tanzania,country,2011,9.1313372
TZA,United Republic of Tanzania,country,2012,8.9033833
TZA,United Republic of Tanzania,country,2013,8.6754303
TZA,United Republic of Tanzania,country,2014,8.2973804
TZA,United Republic of Tanzania,country,2015,7.9193301
TZA,United Republic of Tanzania,country,2016,7.6668301
TZA,United Republic of Tanzania,country,2017,7.9613199
TZA,United Republic of Tanzania,country,2018,8.3309851
TZA,United Republic of Tanzania,country,2019,8.7006502
TZA,United Republic of Tanzania,country,2020,9.0753231
TZA,United Republic of Tanzania,country,2021,8.5857401
TZA,United Republic of Tanzania,country,2022,8.5857401
TZA,United Republic of Tanzania,country,2023,8.5857401
UGA,Uganda,country,1990,5.7450099
UGA,Uganda,country,1991,5.7666602
UGA,Uganda,country,1992,5.2428699
UGA,Uganda,country,1993,5.5668402
UGA,Uganda,country,1994,5.59056
UGA,Uganda,country,1995,5.6219902
UGA,Uganda,country,1996,6.1795912
UGA,Uganda,country,1997,6.7371922
UGA,Uganda,country,1998,7.2947936
UGA,Uganda,country,1999,7.8523946
UGA,Uganda,country,2000,8.409996
UGA,Uganda,country,2001,8.967597
UGA,Uganda,country,2002,9.525198
UGA,Uganda,country,2003,10.082799
UGA,Uganda,country,2004,10.6404
UGA,Uganda,country,2005,10.60913
UGA,Uganda,country,2006,10.577861
UGA,Uganda,country,2007,10.641663
UGA,Uganda,country,2008,10.705465
UGA,Uganda,country,2009,10.769267
UGA,Uganda,country,2010,10.83307
UGA,Uganda,country,2011,10.896873
UGA,Uganda,country,2012,10.96182
UGA,Uganda,country,2013,11.027155
UGA,Uganda,country,2014,11.092878
UGA,Uganda,country,2015,11.158995
UGA,Uganda,country,2016,11.225505
UGA,Uganda,country,2017,11.292411
UGA,Uganda,country,2018,11.359716
UGA,Uganda,country,2019,11.427423
UGA,Uganda,country,2020,11.495532
UGA,Uganda,country,2021,11.564048
UGA,Uganda,country,2022,11.564048
UGA,Uganda,country,2023,11.564048
UKR,Ukraine,country,1990,12.57366
UKR,Ukraine,country,1991,12.49063
UKR,Ukraine,country,1992,12.18871
UKR,Ukraine,country,1993,11.90877
UKR,Ukraine,country,1994,11.75526
UKR,Ukraine,country,1995,11.980208
UKR,Ukraine,country,1996,12.205156
UKR,Ukraine,country,1997,12.430104
UKR,Ukraine,country,1998,12.655052
UKR,Ukraine,country,1999,12.88
UKR,Ukraine,country,2000,12.79876
UKR,Ukraine,country,2001,13.5478
UKR,Ukraine,country,2002,13.91644
UKR,Ukraine,country,2003,14.27192
UKR,Ukraine,country,2004,14.25391
UKR,Ukraine,country,2005,14.51976
UKR,Ukraine,country,2006,14.7217
UKR,Ukraine,country,2007,14.90733
UKR,Ukraine,country,2008,15.0397
UKR,Ukraine,country,2009,15.0724
UKR,Ukraine,country,2010,15.05956
UKR,Ukraine,country,2011,15.036
UKR,Ukraine,country,2012,15.05903
UKR,Ukraine,country,2013,14.92817
UKR,Ukraine,country,2014,14.92978
UKR,Ukraine,country,2015,13.77067
UKR,Ukraine,country,2016,13.6359
UKR,Ukraine,country,2017,13.67565
UKR,Ukraine,country,2018,13.64287
UKR,Ukraine,country,2019,13.71248
UKR,Ukraine,country,2020,13.58795
UKR,Ukraine,country,2021,13.32801
UKR,Ukraine,country,2022,13.32801
UKR,Ukraine,country,2023,13.32801
URY,Uruguay,country,1990,12.96827
URY,Uruguay,country,1991,13.05553
URY,Uruguay,country,1992,12.86606
URY,Uruguay,country,1993,12.986917
URY,Uruguay,country,1994,13.107775
URY,Uruguay,country,1995,13.228633
URY,Uruguay,country,1996,13.34949
URY,Uruguay,country,1997,13.72067
URY,Uruguay,country,1998,14.09185
URY,Uruguay,country,1999,14.13204
URY,Uruguay,country,2000,14.16732
URY,Uruguay,country,2001,14.6806
URY,Uruguay,country,2002,15.1347
URY,Uruguay,country,2003,15.54575
URY,Uruguay,country,2004,15.48839
URY,Uruguay,country,2005,15.11001
URY,Uruguay,country,2006,15.16135
URY,Uruguay,country,2007,14.78963
URY,Uruguay,country,2008,14.53897
URY,Uruguay,country,2009,14.59895
URY,Uruguay,country,2010,15.15232
URY,Uruguay,country,2011,15.37342
URY,Uruguay,country,2012,15.49782
URY,Uruguay,country,2013,15.84081
URY,Uruguay,country,2014,15.8883
URY,Uruguay,country,2015,15.88638
URY,Uruguay,country,2016,16.1406
URY,Uruguay,country,2017,16.335979
URY,Uruguay,country,2018,16.269159
URY,Uruguay,country,2019,16.45783
URY,Uruguay,country,2020,16.515989
URY,Uruguay,country,2021,17.351839
URY,Uruguay,country,2022,17.483959
URY,Uruguay,country,2023,17.483959
USA,United States of America,country,1990,15.60052
USA,United States of America,country,1991,15.53299
USA,United States of America,country,1992,15.72849
USA,United States of America,country,1993,15.92399
USA,United States of America,country,1994,15.95799
USA,United States of America,country,1995,15.94429
USA,United States of America,country,1996,15.84596
USA,United States of America,country,1997,15.7892
USA,United States of America,country,1998,15.73244
USA,United States of America,country,1999,15.5913
USA,United States of America,country,2000,15.40755
USA,United States of America,country,2001,15.54766
USA,United States of America,country,2002,15.68777
USA,United States of America,country,2003,15.827881
USA,United States of America,country,2004,15.967991
USA,United States of America,country,2005,16.108101
USA,United States of America,country,2006,16.165695
USA,United States of America,country,2007,16.223289
USA,United States of America,country,2008,16.280886
USA,United States of America,country,2009,16.33848
USA,United States of America,country,2010,16.396074
USA,United States of America,country,2011,16.453671
USA,United States of America,country,2012,16.511265
USA,United States of America,country,2013,16.568859
USA,United States of America,country,2014,16.559549
USA,United States of America,country,2015,16.596041
USA,United States of America,country,2016,16.672951
USA,United States of America,country,2017,16.6716
USA,United States of America,country,2018,16.642851
USA,United States of America,country,2019,16.63553
USA,United States of America,country,2020,16.626631
USA,United States of America,country,2021,16.412741
USA,United States of America,country,2022,15.923
USA,United States of America,country,2023,15.923
UZB,Uzbekistan,country,1990,11.07471
UZB,Uzbekistan,country,1991,10.98772
UZB,Uzbekistan,country,1992,10.63962
UZB,Uzbekistan,country,1993,10.638504
UZB,Uzbekistan,country,1994,10.637388
UZB,Uzbekistan,country,1995,10.636272
UZB,Uzbekistan,country,1996,10.635158
UZB,Uzbekistan,country,1997,10.634042
UZB,Uzbekistan,country,1998,10.632926
UZB,Uzbekistan,country,1999,10.63181
UZB,Uzbekistan,country,2000,10.59078
UZB,Uzbekistan,country,2001,10.815146
UZB,Uzbekistan,country,2002,11.039514
UZB,Uzbekistan,country,2003,11.26388
UZB,Uzbekistan,country,2004,11.31293
UZB,Uzbekistan,country,2005,11.39584
UZB,Uzbekistan,country,2006,11.44326
UZB,Uzbekistan,country,2007,11.56993
UZB,Uzbekistan,country,2008,11.45751
UZB,Uzbekistan,country,2009,11.54842
UZB,Uzbekistan,country,2010,11.60092
UZB,Uzbekistan,country,2011,11.47235
UZB,Uzbekistan,country,2012,11.59099
UZB,Uzbekistan,country,2013,11.60253
UZB,Uzbekistan,country,2014,11.63768
UZB,Uzbekistan,country,2015,11.66323
UZB,Uzbekistan,country,2016,11.74486
UZB,Uzbekistan,country,2017,11.86119
UZB,Uzbekistan,country,2018,12.00213
UZB,Uzbekistan,country,2019,12.21872
UZB,Uzbekistan,country,2020,11.89047
UZB,Uzbekistan,country,2021,11.82954
UZB,Uzbekistan,country,2022,12.46087
UZB,Uzbekistan,country,2023,12.46087
VCT,Saint Vincent and the Grenadines,country,1990,10.55754
VCT,Saint Vincent and the Grenadines,country,1991,10.700055
VCT,Saint Vincent and the Grenadines,country,1992,10.844495
VCT,Saint Vincent and the Grenadines,country,1993,10.990885
VCT,Saint Vincent and the Grenadines,country,1994,11.13925
VCT,Saint Vincent and the Grenadines,country,1995,11.289618
VCT,Saint Vincent and the Grenadines,country,1996,11.442017
VCT,Saint Vincent and the Grenadines,country,1997,11.596472
VCT,Saint Vincent and the Grenadines,country,1998,11.753012
VCT,Saint Vincent and the Grenadines,country,1999,11.911665
VCT,Saint Vincent and the Grenadines,country,2000,12.07246
VCT,Saint Vincent and the Grenadines,country,2001,12.1838
VCT,Saint Vincent and the Grenadines,country,2002,12.29514
VCT,Saint Vincent and the Grenadines,country,2003,12.589
VCT,Saint Vincent and the Grenadines,country,2004,12.68761
VCT,Saint Vincent and the Grenadines,country,2005,12.908378
VCT,Saint Vincent and the Grenadines,country,2006,13.129146
VCT,Saint Vincent and the Grenadines,country,2007,13.349914
VCT,Saint Vincent and the Grenadines,country,2008,13.570682
VCT,Saint Vincent and the Grenadines,country,2009,13.79145
VCT,Saint Vincent and the Grenadines,country,2010,14.012218
VCT,Saint Vincent and the Grenadines,country,2011,14.232986
VCT,Saint Vincent and the Grenadines,country,2012,14.453754
VCT,Saint Vincent and the Grenadines,country,2013,14.674522
VCT,Saint Vincent and the Grenadines,country,2014,14.89529
VCT,Saint Vincent and the Grenadines,country,2015,15.09107
VCT,Saint Vincent and the Grenadines,country,2016,15.316617
VCT,Saint Vincent and the Grenadines,country,2017,15.545535
VCT,Saint Vincent and the Grenadines,country,2018,15.777874
VCT,Saint Vincent and the Grenadines,country,2019,16.013685
VCT,Saint Vincent and the Grenadines,country,2020,16.253021
VCT,Saint Vincent and the Grenadines,country,2021,16.253021
VCT,Saint Vincent and the Grenadines,country,2022,16.253021
VCT,Saint Vincent and the Grenadines,country,2023,16.253021
VEN,Venezuela (Bolivarian Republic of),country,1990,10.27801
VEN,Venezuela (Bolivarian Republic of),country,1991,10.53991
VEN,Venezuela (Bolivarian Republic of),country,1992,10.67339
VEN,Venezuela (Bolivarian Republic of),country,1993,10.645848
VEN,Venezuela (Bolivarian Republic of),country,1994,10.618305
VEN,Venezuela (Bolivarian Republic of),country,1995,10.590763
VEN,Venezuela (Bolivarian Republic of),country,1996,10.56322
VEN,Venezuela (Bolivarian Republic of),country,1997,10.535677
VEN,Venezuela (Bolivarian Republic of),country,1998,10.508135
VEN,Venezuela (Bolivarian Republic of),country,1999,10.480592
VEN,Venezuela (Bolivarian Republic of),country,2000,10.45305
VEN,Venezuela (Bolivarian Republic of),country,2001,11.046075
VEN,Venezuela (Bolivarian Republic of),country,2002,11.6391
VEN,Venezuela (Bolivarian Republic of),country,2003,11.66432
VEN,Venezuela (Bolivarian Republic of),country,2004,11.88372
VEN,Venezuela (Bolivarian Republic of),country,2005,12.429128
VEN,Venezuela (Bolivarian Republic of),country,2006,12.974535
VEN,Venezuela (Bolivarian Republic of),country,2007,13.519942
VEN,Venezuela (Bolivarian Republic of),country,2008,14.06535
VEN,Venezuela (Bolivarian Republic of),country,2009,14.12073
VEN,Venezuela (Bolivarian Republic of),country,2010,14.028401
VEN,Venezuela (Bolivarian Republic of),country,2011,13.936676
VEN,Venezuela (Bolivarian Republic of),country,2012,13.84555
VEN,Venezuela (Bolivarian Republic of),country,2013,13.75502
VEN,Venezuela (Bolivarian Republic of),country,2014,13.665082
VEN,Venezuela (Bolivarian Republic of),country,2015,13.575144
VEN,Venezuela (Bolivarian Republic of),country,2016,13.485206
VEN,Venezuela (Bolivarian Republic of),country,2017,13.395267
VEN,Venezuela (Bolivarian Republic of),country,2018,13.305329
VEN,Venezuela (Bolivarian Republic of),country,2019,13.192012
VEN,Venezuela (Bolivarian Republic of),country,2020,13.078694
VEN,Venezuela (Bolivarian Republic of),country,2021,12.965377
VEN,Venezuela (Bolivarian Republic of),country,2022,12.965377
VEN,Venezuela (Bolivarian Republic of),country,2023,12.965377
VNM,Viet Nam,country,1990,7.6882901
VNM,Viet Nam,country,1991,8.0008516
VNM,Viet Nam,country,1992,8.3134127
VNM,Viet Nam,country,1993,8.6259737
VNM,Viet Nam,country,1994,8.9385347
VNM,Viet Nam,country,1995,9.2510958
VNM,Viet Nam,country,1996,9.5636578
VNM,Viet Nam,country,1997,9.8762188
VNM,Viet Nam,country,1998,10.18878
VNM,Viet Nam,country,1999,10.3737
VNM,Viet Nam,country,2000,10.55862
VNM,Viet Nam,country,2001,10.70527
VNM,Viet Nam,country,2002,10.931577
VNM,Viet Nam,country,2003,11.157884
VNM,Viet Nam,country,2004,11.384191
VNM,Viet Nam,country,2005,11.610497
VNM,Viet Nam,country,2006,11.836804
VNM,Viet Nam,country,2007,12.063111
VNM,Viet Nam,country,2008,12.289418
VNM,Viet Nam,country,2009,12.515725
VNM,Viet Nam,country,2010,12.742032
VNM,Viet Nam,country,2011,12.968339
VNM,Viet Nam,country,2012,13.194646
VNM,Viet Nam,country,2013,13.420953
VNM,Viet Nam,country,2014,13.64726
VNM,Viet Nam,country,2015,13.873567
VNM,Viet Nam,country,2016,14.099874
VNM,Viet Nam,country,2017,14.32618
VNM,Viet Nam,country,2018,14.552487
VNM,Viet Nam,country,2019,14.778794
VNM,Viet Nam,country,2020,15.005101
VNM,Viet Nam,country,2021,15.231408
VNM,Viet Nam,country,2022,15.457715
VNM,Viet Nam,country,2023,15.457715
VUT,Vanuatu,country,1990,7.5756941
VUT,Vanuatu,country,1991,7.7227678
VUT,Vanuatu,country,1992,7.8726964
VUT,Vanuatu,country,1993,8.0255356
VUT,Vanuatu,country,1994,8.1813431
VUT,Vanuatu,country,1995,8.3401737
VUT,Vanuatu,country,1996,8.5020895
VUT,Vanuatu,country,1997,8.6671476
VUT,Vanuatu,country,1998,8.8354101
VUT,Vanuatu,country,1999,9.0069399
VUT,Vanuatu,country,2000,9.3344402
VUT,Vanuatu,country,2001,9.4004498
VUT,Vanuatu,country,2002,9.5420399
VUT,Vanuatu,country,2003,9.9137697
VUT,Vanuatu,country,2004,9.9099798
VUT,Vanuatu,country,2005,10.039393
VUT,Vanuatu,country,2006,10.168807
VUT,Vanuatu,country,2007,10.298221
VUT,Vanuatu,country,2008,10.427634
VUT,Vanuatu,country,2009,10.557048
VUT,Vanuatu,country,2010,10.686461
VUT,Vanuatu,country,2011,10.815875
VUT,Vanuatu,country,2012,10.94529
VUT,Vanuatu,country,2013,11.074703
VUT,Vanuatu,country,2014,11.204117
VUT,Vanuatu,country,2015,11.33353
VUT,Vanuatu,country,2016,11.41321
VUT,Vanuatu,country,2017,11.49289
VUT,Vanuatu,country,2018,11.57257
VUT,Vanuatu,country,2019,11.65225
VUT,Vanuatu,country,2020,11.73193
VUT,Vanuatu,country,2021,11.81161
VUT,Vanuatu,country,2022,11.81161
VUT,Vanuatu,country,2023,11.81161
WSM,Samoa,country,1990,11.6098
WSM,Samoa,country,1991,11.6194
WSM,Samoa,country,1992,11.629
WSM,Samoa,country,1993,11.6386
WSM,Samoa,country,1994,11.6482
WSM,Samoa,country,1995,11.6578
WSM,Samoa,country,1996,11.6675
WSM,Samoa,country,1997,11.6771
WSM,Samoa,country,1998,11.68674
WSM,Samoa,country,1999,11.75738
WSM,Samoa,country,2000,11.60974
WSM,Samoa,country,2001,11.651073
WSM,Samoa,country,2002,11.692407
WSM,Samoa,country,2003,11.733739
WSM,Samoa,country,2004,11.775072
WSM,Samoa,country,2005,11.816405
WSM,Samoa,country,2006,11.857738
WSM,Samoa,country,2007,11.899071
WSM,Samoa,country,2008,11.940404
WSM,Samoa,country,2009,11.981737
WSM,Samoa,country,2010,12.02307
WSM,Samoa,country,2011,12.064404
WSM,Samoa,country,2012,12.105736
WSM,Samoa,country,2013,12.147069
WSM,Samoa,country,2014,12.188402
WSM,Samoa,country,2015,12.229735
WSM,Samoa,country,2016,12.271068
WSM,Samoa,country,2017,12.312401
WSM,Samoa,country,2018,12.353734
WSM,Samoa,country,2019,12.395067
WSM,Samoa,country,2020,12.4364
WSM,Samoa,country,2021,12.4364
WSM,Samoa,country,2022,12.4364
WSM,Samoa,country,2023,12.4364
YEM,Yemen,country,1990,5.3935986
YEM,Yemen,country,1991,5.5513425
YEM,Yemen,country,1992,5.7136993
YEM,Yemen,country,1993,5.8808045
YEM,Yemen,country,1994,6.0527973
YEM,Yemen,country,1995,6.2298198
YEM,Yemen,country,1996,6.4120197
YEM,Yemen,country,1997,6.5995483
YEM,Yemen,country,1998,6.792562
YEM,Yemen,country,1999,6.99122
YEM,Yemen,country,2000,7.207655
YEM,Yemen,country,2001,7.4240899
YEM,Yemen,country,2002,7.6405249
YEM,Yemen,country,2003,7.8569598
YEM,Yemen,country,2004,8.0751104
YEM,Yemen,country,2005,8.1339102
YEM,Yemen,country,2006,8.0454731
YEM,Yemen,country,2007,7.9570365
YEM,Yemen,country,2008,7.8685999
YEM,Yemen,country,2009,7.9434252
YEM,Yemen,country,2010,8.0182505
YEM,Yemen,country,2011,8.3685703
YEM,Yemen,country,2012,8.2310553
YEM,Yemen,country,2013,8.0957994
YEM,Yemen,country,2014,7.9627666
YEM,Yemen,country,2015,7.8297334
YEM,Yemen,country,2016,7.6967006
YEM,Yemen,country,2017,7.5636678
YEM,Yemen,country,2018,7.4306345
YEM,Yemen,country,2019,7.4949026
YEM,Yemen,country,2020,7.4949026
YEM,Yemen,country,2021,7.4949026
YEM,Yemen,country,2022,7.4949026
YEM,Yemen,country,2023,7.4949026
ZAF,South Africa,country,1990,11.99146
ZAF,South Africa,country,1991,12.47241
ZAF,South Africa,country,1992,12.700144
ZAF,South Africa,country,1993,12.927876
ZAF,South Africa,country,1994,13.15561
ZAF,South Africa,country,1995,12.952328
ZAF,South Africa,country,1996,12.749045
ZAF,South Africa,country,1997,12.545763
ZAF,South Africa,country,1998,12.34248
ZAF,South Africa,country,1999,12.139197
ZAF,South Africa,country,2000,11.935915
ZAF,South Africa,country,2001,11.732633
ZAF,South Africa,country,2002,11.52935
ZAF,South Africa,country,2003,11.64111
ZAF,South Africa,country,2004,11.8516
ZAF,South Africa,country,2005,11.85476
ZAF,South Africa,country,2006,11.96779
ZAF,South Africa,country,2007,12.31621
ZAF,South Africa,country,2008,12.47588
ZAF,South Africa,country,2009,12.63555
ZAF,South Africa,country,2010,12.84135
ZAF,South Africa,country,2011,13.10685
ZAF,South Africa,country,2012,13.54292
ZAF,South Africa,country,2013,13.91226
ZAF,South Africa,country,2014,14.2816
ZAF,South Africa,country,2015,14.60561
ZAF,South Africa,country,2016,14.24452
ZAF,South Africa,country,2017,14.26511
ZAF,South Africa,country,2018,14.08054
ZAF,South Africa,country,2019,14.21393
ZAF,South Africa,country,2020,13.9835
ZAF,South Africa,country,2021,14.11434
ZAF,South Africa,country,2022,13.79325
ZAF,South Africa,country,2023,13.79325
ZMB,Zambia,country,1990,7.7954202
ZMB,Zambia,country,1991,7.8544836
ZMB,Zambia,country,1992,7.9135466
ZMB,Zambia,country,1993,7.97261
ZMB,Zambia,country,1994,8.0316734
ZMB,Zambia,country,1995,8.0907364
ZMB,Zambia,country,1996,8.1498003
ZMB,Zambia,country,1997,8.252779
ZMB,Zambia,country,1998,8.3557577
ZMB,Zambia,country,1999,8.4587364
ZMB,Zambia,country,2000,8.5617161
ZMB,Zambia,country,2001,8.6646948
ZMB,Zambia,country,2002,8.7676735
ZMB,Zambia,country,2003,9.211091
ZMB,Zambia,country,2004,9.6545086
ZMB,Zambia,country,2005,10.097925
ZMB,Zambia,country,2006,10.541343
ZMB,Zambia,country,2007,10.98476
ZMB,Zambia,country,2008,10.987313
ZMB,Zambia,country,2009,10.989866
ZMB,Zambia,country,2010,10.992419
ZMB,Zambia,country,2011,10.994973
ZMB,Zambia,country,2012,10.997526
ZMB,Zambia,country,2013,11.000079
ZMB,Zambia,country,2014,11.002632
ZMB,Zambia,country,2015,11.005187
ZMB,Zambia,country,2016,11.007743
ZMB,Zambia,country,2017,11.010299
ZMB,Zambia,country,2018,11.012856
ZMB,Zambia,country,2019,11.015412
ZMB,Zambia,country,2020,11.01797
ZMB,Zambia,country,2021,11.020529
ZMB,Zambia,country,2022,11.020529
ZMB,Zambia,country,2023,11.020529
ZWE,Zimbabwe,country,1990,9.5295601
ZWE,Zimbabwe,country,1991,9.9311504
ZWE,Zimbabwe,country,1992,9.54251
ZWE,Zimbabwe,country,1993,9.6442146
ZWE,Zimbabwe,country,1994,9.7459183
ZWE,Zimbabwe,country,1995,9.8476229
ZWE,Zimbabwe,country,1996,9.9493275
ZWE,Zimbabwe,country,1997,10.051032
ZWE,Zimbabwe,country,1998,10.152736
ZWE,Zimbabwe,country,1999,10.25444
ZWE,Zimbabwe,country,2000,10.41816
ZWE,Zimbabwe,country,2001,10.91864
ZWE,Zimbabwe,country,2002,10.52871
ZWE,Zimbabwe,country,2003,10.28877
ZWE,Zimbabwe,country,2004,10.36139
ZWE,Zimbabwe,country,2005,10.43401
ZWE,Zimbabwe,country,2006,10.50663
ZWE,Zimbabwe,country,2007,10.57925
ZWE,Zimbabwe,country,2008,10.65187
ZWE,Zimbabwe,country,2009,10.72449
ZWE,Zimbabwe,country,2010,10.797111
ZWE,Zimbabwe,country,2011,10.86973
ZWE,Zimbabwe,country,2012,10.94235
ZWE,Zimbabwe,country,2013,10.80508
ZWE,Zimbabwe,country,2014,10.836309
ZWE,Zimbabwe,country,2015,10.867628
ZWE,Zimbabwe,country,2016,10.899038
ZWE,Zimbabwe,country,2017,10.930538
ZWE,Zimbabwe,country,2018,10.96213
ZWE,Zimbabwe,country,2019,10.993813
ZWE,Zimbabwe,country,2020,11.025587
ZWE,Zimbabwe,country,2021,11.057453
ZWE,Zimbabwe,country,2022,11.057453
ZWE,Zimbabwe,country,2023,11.057453
ZZA.VHHD,Very high human development,benchmark,1990,13.298931
ZZA.VHHD,Very high human development,benchmark,1991,13.348343
ZZA.VHHD,Very high human development,benchmark,1992,13.432663
ZZA.VHHD,Very high human development,benchmark,1993,13.599935
ZZA.VHHD,Very high human development,benchmark,1994,13.765994
ZZA.VHHD,Very high human development,benchmark,1995,13.870008
ZZA.VHHD,Very high human development,benchmark,1996,13.992296
ZZA.VHHD,Very high human development,benchmark,1997,14.111525
ZZA.VHHD,Very high human development,benchmark,1998,14.237444
ZZA.VHHD,Very high human development,benchmark,1999,14.384057
ZZA.VHHD,Very high human development,benchmark,2000,14.498045
ZZA.VHHD,Very high human development,benchmark,2001,14.719845
ZZA.VHHD,Very high human development,benchmark,2002,14.901917
ZZA.VHHD,Very high human development,benchmark,2003,15.073161
ZZA.VHHD,Very high human development,benchmark,2004,15.114033
ZZA.VHHD,Very high human development,benchmark,2005,15.203638
ZZA.VHHD,Very high human development,benchmark,2006,15.255711
ZZA.VHHD,Very high human development,benchmark,2007,15.327402
ZZA.VHHD,Very high human development,benchmark,2008,15.395041
ZZA.VHHD,Very high human development,benchmark,2009,15.486716
ZZA.VHHD,Very high human development,benchmark,2010,15.674372
ZZA.VHHD,Very high human development,benchmark,2011,15.788807
ZZA.VHHD,Very high human development,benchmark,2012,15.848238
ZZA.VHHD,Very high human development,benchmark,2013,16.175329
ZZA.VHHD,Very high human development,benchmark,2014,16.246878
ZZA.VHHD,Very high human development,benchmark,2015,16.334179
ZZA.VHHD,Very high human development,benchmark,2016,16.393763
ZZA.VHHD,Very high human development,benchmark,2017,16.419512
ZZA.VHHD,Very high human development,benchmark,2018,16.465351
ZZA.VHHD,Very high human development,benchmark,2019,16.537636
ZZA.VHHD,Very high human development,benchmark,2020,16.382988
ZZA.VHHD,Very high human development,benchmark,2021,16.448332
ZZA.VHHD,Very high human development,benchmark,2022,16.3766
ZZA.VHHD,Very high human development,benchmark,2023,16.377018
ZZB.HHD,High human development,benchmark,1990,9.6689758
ZZB.HHD,High human development,benchmark,1991,9.6958513
ZZB.HHD,High human development,benchmark,1992,9.7358456
ZZB.HHD,High human development,benchmark,1993,9.7814283
ZZB.HHD,High human development,benchmark,1994,9.842721
ZZB.HHD,High human development,benchmark,1995,9.98561
ZZB.HHD,High human development,benchmark,1996,10.197515
ZZB.HHD,High human development,benchmark,1997,10.36664
ZZB.HHD,High human development,benchmark,1998,10.577706
ZZB.HHD,High human development,benchmark,1999,10.776444
ZZB.HHD,High human development,benchmark,2000,10.928244
ZZB.HHD,High human development,benchmark,2001,11.125747
ZZB.HHD,High human development,benchmark,2002,11.361657
ZZB.HHD,High human development,benchmark,2003,11.589271
ZZB.HHD,High human development,benchmark,2004,11.804797
ZZB.HHD,High human development,benchmark,2005,11.996672
ZZB.HHD,High human development,benchmark,2006,12.21166
ZZB.HHD,High human development,benchmark,2007,12.48716
ZZB.HHD,High human development,benchmark,2008,12.693807
ZZB.HHD,High human development,benchmark,2009,12.919398
ZZB.HHD,High human development,benchmark,2010,13.094637
ZZB.HHD,High human development,benchmark,2011,13.232705
ZZB.HHD,High human development,benchmark,2012,13.419761
ZZB.HHD,High human development,benchmark,2013,13.576052
ZZB.HHD,High human development,benchmark,2014,13.763244
ZZB.HHD,High human development,benchmark,2015,13.912977
ZZB.HHD,High human development,benchmark,2016,14.034875
ZZB.HHD,High human development,benchmark,2017,14.179176
ZZB.HHD,High human development,benchmark,2018,14.308403
ZZB.HHD,High human development,benchmark,2019,14.367759
ZZB.HHD,High human development,benchmark,2020,14.469441
ZZB.HHD,High human development,benchmark,2021,14.589124
ZZB.HHD,High human development,benchmark,2022,14.615701
ZZB.HHD,High human development,benchmark,2023,14.61214
ZZC.MHD,Medium human development,benchmark,1990,7.5513692
ZZC.MHD,Medium human development,benchmark,1991,7.6185846
ZZC.MHD,Medium human development,benchmark,1992,7.6688471
ZZC.MHD,Medium human development,benchmark,1993,7.7221613
ZZC.MHD,Medium human development,benchmark,1994,7.7685804
ZZC.MHD,Medium human development,benchmark,1995,7.8020229
ZZC.MHD,Medium human development,benchmark,1996,7.8608193
ZZC.MHD,Medium human development,benchmark,1997,7.9323277
ZZC.MHD,Medium human development,benchmark,1998,8.0035906
ZZC.MHD,Medium human development,benchmark,1999,8.0752974
ZZC.MHD,Medium human development,benchmark,2000,8.1729536
ZZC.MHD,Medium human development,benchmark,2001,8.5086288
ZZC.MHD,Medium human development,benchmark,2002,8.6346846
ZZC.MHD,Medium human development,benchmark,2003,9.1168137
ZZC.MHD,Medium human development,benchmark,2004,9.4028969
ZZC.MHD,Medium human development,benchmark,2005,9.6327982
ZZC.MHD,Medium human development,benchmark,2006,9.8410406
ZZC.MHD,Medium human development,benchmark,2007,10.044964
ZZC.MHD,Medium human development,benchmark,2008,10.240424
ZZC.MHD,Medium human development,benchmark,2009,10.278122
ZZC.MHD,Medium human development,benchmark,2010,10.531212
ZZC.MHD,Medium human development,benchmark,2011,10.958198
ZZC.MHD,Medium human development,benchmark,2012,11.066289
ZZC.MHD,Medium human development,benchmark,2013,11.094399
ZZC.MHD,Medium human development,benchmark,2014,11.354158
ZZC.MHD,Medium human development,benchmark,2015,11.46773
ZZC.MHD,Medium human development,benchmark,2016,11.753577
ZZC.MHD,Medium human development,benchmark,2017,11.653207
ZZC.MHD,Medium human development,benchmark,2018,11.339467
ZZC.MHD,Medium human development,benchmark,2019,11.361657
ZZC.MHD,Medium human development,benchmark,2020,11.614574
ZZC.MHD,Medium human development,benchmark,2021,11.780087
ZZC.MHD,Medium human development,benchmark,2022,12.078115
ZZC.MHD,Medium human development,benchmark,2023,12.10086
ZZD.LHD,Low human development,benchmark,1990,4.1080079
ZZD.LHD,Low human development,benchmark,1991,4.151422
ZZD.LHD,Low human development,benchmark,1992,4.2186627
ZZD.LHD,Low human development,benchmark,1993,4.2847309
ZZD.LHD,Low human development,benchmark,1994,4.3593564
ZZD.LHD,Low human development,benchmark,1995,4.577436
ZZD.LHD,Low human development,benchmark,1996,4.7283416
ZZD.LHD,Low human development,benchmark,1997,4.8830147
ZZD.LHD,Low human development,benchmark,1998,5.0423565
ZZD.LHD,Low human development,benchmark,1999,5.2203965
ZZD.LHD,Low human development,benchmark,2000,5.3796616
ZZD.LHD,Low human development,benchmark,2001,5.582408
ZZD.LHD,Low human development,benchmark,2002,5.7502913
ZZD.LHD,Low human development,benchmark,2003,5.8886733
ZZD.LHD,Low human development,benchmark,2004,6.2007489
ZZD.LHD,Low human development,benchmark,2005,6.5203466
ZZD.LHD,Low human development,benchmark,2006,6.7652559
ZZD.LHD,Low human development,benchmark,2007,7.0658369
ZZD.LHD,Low human development,benchmark,2008,7.3558788
ZZD.LHD,Low human development,benchmark,2009,7.5134764
ZZD.LHD,Low human development,benchmark,2010,7.601419
ZZD.LHD,Low human development,benchmark,2011,7.733789
ZZD.LHD,Low human development,benchmark,2012,7.8283544
ZZD.LHD,Low human development,benchmark,2013,7.969141
ZZD.LHD,Low human development,benchmark,2014,8.1361647
ZZD.LHD,Low human development,benchmark,2015,8.2663641
ZZD.LHD,Low human development,benchmark,2016,8.4158659
ZZD.LHD,Low human development,benchmark,2017,8.4639683
ZZD.LHD,Low human development,benchmark,2018,8.6022053
ZZD.LHD,Low human development,benchmark,2019,8.7519407
ZZD.LHD,Low human development,benchmark,2020,8.889864
ZZD.LHD,Low human development,benchmark,2021,8.9662895
ZZD.LHD,Low human development,benchmark,2022,8.9416676
ZZD.LHD,Low human development,benchmark,2023,8.9453449
ZZK.WORLD,World,world,1990,9.3210611
ZZK.WORLD,World,world,1991,9.3419256
ZZK.WORLD,World,world,1992,9.3718309
ZZK.WORLD,World,world,1993,9.4190588
ZZK.WORLD,World,world,1994,9.4702253
ZZK.WORLD,World,world,1995,9.5486584
ZZK.WORLD,World,world,1996,9.666131
ZZK.WORLD,World,world,1997,9.7683172
ZZK.WORLD,World,world,1998,9.8879805
ZZK.WORLD,World,world,1999,10.004566
ZZK.WORLD,World,world,2000,10.109036
ZZK.WORLD,World,world,2001,10.330574
ZZK.WORLD,World,world,2002,10.488667
ZZK.WORLD,World,world,2003,10.755756
ZZK.WORLD,World,world,2004,10.949523
ZZK.WORLD,World,world,2005,11.13102
ZZK.WORLD,World,world,2006,11.293531
ZZK.WORLD,World,world,2007,11.487715
ZZK.WORLD,World,world,2008,11.651673
ZZK.WORLD,World,world,2009,11.757022
ZZK.WORLD,World,world,2010,11.917621
ZZK.WORLD,World,world,2011,12.127041
ZZK.WORLD,World,world,2012,12.22914
ZZK.WORLD,World,world,2013,12.339343
ZZK.WORLD,World,world,2014,12.508561
ZZK.WORLD,World,world,2015,12.609741
ZZK.WORLD,World,world,2016,12.76481
ZZK.WORLD,World,world,2017,12.770452
ZZK.WORLD,World,world,2018,12.710065
ZZK.WORLD,World,world,2019,12.755362
ZZK.WORLD,World,world,2020,12.864485
ZZK.WORLD,World,world,2021,12.971148
ZZK.WORLD,World,world,2022,13.047546
ZZK.WORLD,World,world,2023,13.040366
