iso3,area_name,area_type,year,le
AFG,Afghanistan,country,1990,45.118
AFG,Afghanistan,country,1991,45.521
AFG,Afghanistan,country,1992,46.569
AFG,Afghanistan,country,1993,51.021
AFG,Afghanistan,country,1994,50.969002
AFG,Afghanistan,country,1995,52.103001
AFG,Afghanistan,country,1996,52.830002
AFG,Afghanistan,country,1997,53.212002
AFG,Afghanistan,country,1998,52.487
AFG,Afghanistan,country,1999,54.532001
AFG,Afghanistan,country,2000,55.005001
AFG,Afghanistan,country,2001,55.511002
AFG,Afghanistan,country,2002,56.224998
AFG,Afghanistan,country,2003,57.171001
AFG,Afghanistan,country,2004,57.810001
AFG,Afghanistan,country,2005,58.247002
AFG,Afghanistan,country,2006,58.553001
AFG,Afghanistan,country,2007,58.956001
AFG,Afghanistan,country,2008,59.708
AFG,Afghanistan,country,2009,60.248001
AFG,Afghanistan,country,2010,60.702
AFG,Afghanistan,country,2011,61.25
AFG,Afghanistan,country,2012,61.735001
AFG,Afghanistan,country,2013,62.188
AFG,Afghanistan,country,2014,62.259998
AFG,Afghanistan,country,2015,62.27
AFG,Afghanistan,country,2016,62.646
AFG,Afghanistan,country,2017,62.405998
AFG,Afghanistan,country,2018,62.443001
AFG,Afghanistan,country,2019,62.941002
AFG,Afghanistan,country,2020,61.453999
AFG,Afghanistan,country,2021,60.417
AFG,Afghanistan,country,2022,65.616997
AFG,Afghanistan,country,2023,66.035004
AGO,Angola,country,1990,41.854
AGO,Angola,country,1991,43.812
AGO,Angola,country,1992,42.266998
AGO,Angola,country,1993,42.189999
AGO,Angola,country,1994,43.567001
AGO,Angola,country,1995,46.139
AGO,Angola,country,1996,46.417999
AGO,Angola,country,1997,46.688
AGO,Angola,country,1998,45.452
AGO,Angola,country,1999,45.807999
AGO,Angola,country,2000,46.500999
AGO,Angola,country,2001,47.032001
AGO,Angola,country,2002,47.874001
AGO,Angola,country,2003,50.217999
AGO,Angola,country,2004,51.123001
AGO,Angola,country,2005,52.130001
AGO,Angola,country,2006,52.965
AGO,Angola,country,2007,54.200001
AGO,Angola,country,2008,55.280998
AGO,Angola,country,2009,56.224998
AGO,Angola,country,2010,57.242001
AGO,Angola,country,2011,58.092999
AGO,Angola,country,2012,58.916
AGO,Angola,country,2013,59.705002
AGO,Angola,country,2014,60.396
AGO,Angola,country,2015,61.042
AGO,Angola,country,2016,61.618999
AGO,Angola,country,2017,62.122002
AGO,Angola,country,2018,62.622002
AGO,Angola,country,2019,63.050999
AGO,Angola,country,2020,63.116001
AGO,Angola,country,2021,62.958
AGO,Angola,country,2022,64.246002
AGO,Angola,country,2023,64.616997
ALB,Albania,country,1990,72.709999
ALB,Albania,country,1991,73.000999
ALB,Albania,country,1992,73.303001
ALB,Albania,country,1993,73.638
ALB,Albania,country,1994,73.836998
ALB,Albania,country,1995,74.022003
ALB,Albania,country,1996,74.112999
ALB,Albania,country,1997,73.383003
ALB,Albania,country,1998,74.357002
ALB,Albania,country,1999,74.568001
ALB,Albania,country,2000,74.825996
ALB,Albania,country,2001,75.083
ALB,Albania,country,2002,75.299004
ALB,Albania,country,2003,75.556999
ALB,Albania,country,2004,75.950996
ALB,Albania,country,2005,76.427002
ALB,Albania,country,2006,76.994003
ALB,Albania,country,2007,77.691002
ALB,Albania,country,2008,78.248001
ALB,Albania,country,2009,78.509003
ALB,Albania,country,2010,78.414001
ALB,Albania,country,2011,78.303001
ALB,Albania,country,2012,78.084
ALB,Albania,country,2013,77.995003
ALB,Albania,country,2014,78.028999
ALB,Albania,country,2015,78.358002
ALB,Albania,country,2016,78.642998
ALB,Albania,country,2017,78.900002
ALB,Albania,country,2018,79.237999
ALB,Albania,country,2019,79.467003
ALB,Albania,country,2020,77.823997
ALB,Albania,country,2021,76.844002
ALB,Albania,country,2022,78.768997
ALB,Albania,country,2023,79.601997
AND,Andorra,country,1990,78.960999
AND,Andorra,country,1991,79.346001
AND,Andorra,country,1992,79.793999
AND,Andorra,country,1993,80.185997
AND,Andorra,country,1994,80.586998
AND,Andorra,country,1995,80.804001
AND,Andorra,country,1996,81.009003
AND,Andorra,country,1997,81.144997
AND,Andorra,country,1998,81.279999
AND,Andorra,country,1999,81.550003
AND,Andorra,country,2000,81.862999
AND,Andorra,country,2001,82.162003
AND,Andorra,country,2002,82.447998
AND,Andorra,country,2003,82.718002
AND,Andorra,country,2004,82.815002
AND,Andorra,country,2005,83.085999
AND,Andorra,country,2006,83.374001
AND,Andorra,country,2007,83.632004
AND,Andorra,country,2008,83.855003
AND,Andorra,country,2009,84.099998
AND,Andorra,country,2010,84.196999
AND,Andorra,country,2011,84.295998
AND,Andorra,country,2012,84.334
AND,Andorra,country,2013,84.405998
AND,Andorra,country,2014,84.485001
AND,Andorra,country,2015,84.531998
AND,Andorra,country,2016,84.488998
AND,Andorra,country,2017,84.359001
AND,Andorra,country,2018,84.241997
AND,Andorra,country,2019,84.098
AND,Andorra,country,2020,79.417999
AND,Andorra,country,2021,82.331001
AND,Andorra,country,2022,84.015999
AND,Andorra,country,2023,84.041
ARE,United Arab Emirates,country,1990,71.073997
ARE,United Arab Emirates,country,1991,71.143997
ARE,United Arab Emirates,country,1992,71.166
ARE,United Arab Emirates,country,1993,71.158997
ARE,United Arab Emirates,country,1994,71.204002
ARE,United Arab Emirates,country,1995,71.391998
ARE,United Arab Emirates,country,1996,71.82
ARE,United Arab Emirates,country,1997,72.558998
ARE,United Arab Emirates,country,1998,73.660004
ARE,United Arab Emirates,country,1999,74.982002
ARE,United Arab Emirates,country,2000,76.347
ARE,United Arab Emirates,country,2001,77.621002
ARE,United Arab Emirates,country,2002,78.721001
ARE,United Arab Emirates,country,2003,79.599998
ARE,United Arab Emirates,country,2004,80.272003
ARE,United Arab Emirates,country,2005,80.778999
ARE,United Arab Emirates,country,2006,81.154999
ARE,United Arab Emirates,country,2007,81.438004
ARE,United Arab Emirates,country,2008,81.591003
ARE,United Arab Emirates,country,2009,81.679001
ARE,United Arab Emirates,country,2010,81.886002
ARE,United Arab Emirates,country,2011,81.898003
ARE,United Arab Emirates,country,2012,81.913002
ARE,United Arab Emirates,country,2013,81.949997
ARE,United Arab Emirates,country,2014,81.989998
ARE,United Arab Emirates,country,2015,82.075996
ARE,United Arab Emirates,country,2016,82.195
ARE,United Arab Emirates,country,2017,82.388
ARE,United Arab Emirates,country,2018,82.448997
ARE,United Arab Emirates,country,2019,82.596001
ARE,United Arab Emirates,country,2020,81.935997
ARE,United Arab Emirates,country,2021,79.083
ARE,United Arab Emirates,country,2022,80.487
ARE,United Arab Emirates,country,2023,82.908997
ARG,Argentina,country,1990,71.614998
ARG,Argentina,country,1991,72.019997
ARG,Argentina,country,1992,72.096001
ARG,Argentina,country,1993,72.303001
ARG,Argentina,country,1994,72.732002
ARG,Argentina,country,1995,72.863998
ARG,Argentina,country,1996,73.056
ARG,Argentina,country,1997,73.406998
ARG,Argentina,country,1998,73.412003
ARG,Argentina,country,1999,73.682999
ARG,Argentina,country,2000,73.910004
ARG,Argentina,country,2001,74.153999
ARG,Argentina,country,2002,74.311996
ARG,Argentina,country,2003,74.306999
ARG,Argentina,country,2004,74.871002
ARG,Argentina,country,2005,75.231003
ARG,Argentina,country,2006,75.278999
ARG,Argentina,country,2007,74.782997
ARG,Argentina,country,2008,75.428001
ARG,Argentina,country,2009,75.577003
ARG,Argentina,country,2010,75.68
ARG,Argentina,country,2011,76.099998
ARG,Argentina,country,2012,75.802002
ARG,Argentina,country,2013,75.829002
ARG,Argentina,country,2014,76.267998
ARG,Argentina,country,2015,76.599998
ARG,Argentina,country,2016,76.105003
ARG,Argentina,country,2017,76.542999
ARG,Argentina,country,2018,76.769997
ARG,Argentina,country,2019,76.847
ARG,Argentina,country,2020,75.877998
ARG,Argentina,country,2021,73.947998
ARG,Argentina,country,2022,75.806
ARG,Argentina,country,2023,77.394997
ARM,Armenia,country,1990,67.733002
ARM,Armenia,country,1991,67.801003
ARM,Armenia,country,1992,67.882004
ARM,Armenia,country,1993,68.142998
ARM,Armenia,country,1994,68.447998
ARM,Armenia,country,1995,68.813004
ARM,Armenia,country,1996,69.197998
ARM,Armenia,country,1997,69.592003
ARM,Armenia,country,1998,70.004997
ARM,Armenia,country,1999,70.417999
ARM,Armenia,country,2000,70.811996
ARM,Armenia,country,2001,71.174004
ARM,Armenia,country,2002,71.486
ARM,Armenia,country,2003,71.734001
ARM,Armenia,country,2004,71.926003
ARM,Armenia,country,2005,72.082001
ARM,Armenia,country,2006,72.219002
ARM,Armenia,country,2007,72.359001
ARM,Armenia,country,2008,72.518997
ARM,Armenia,country,2009,72.713997
ARM,Armenia,country,2010,72.938004
ARM,Armenia,country,2011,73.184998
ARM,Armenia,country,2012,73.440002
ARM,Armenia,country,2013,73.712997
ARM,Armenia,country,2014,73.980003
ARM,Armenia,country,2015,74.228996
ARM,Armenia,country,2016,74.494003
ARM,Armenia,country,2017,74.744003
ARM,Armenia,country,2018,74.977997
ARM,Armenia,country,2019,75.193001
ARM,Armenia,country,2020,68.889999
ARM,Armenia,country,2021,72.552002
ARM,Armenia,country,2022,74.633003
ARM,Armenia,country,2023,75.682999
ATG,Antigua and Barbuda,country,1990,73.601997
ATG,Antigua and Barbuda,country,1991,73.472
ATG,Antigua and Barbuda,country,1992,73.386002
ATG,Antigua and Barbuda,country,1993,73.389999
ATG,Antigua and Barbuda,country,1994,73.492996
ATG,Antigua and Barbuda,country,1995,73.575996
ATG,Antigua and Barbuda,country,1996,73.838997
ATG,Antigua and Barbuda,country,1997,74.044998
ATG,Antigua and Barbuda,country,1998,74.186996
ATG,Antigua and Barbuda,country,1999,74.456001
ATG,Antigua and Barbuda,country,2000,74.819
ATG,Antigua and Barbuda,country,2001,75.108002
ATG,Antigua and Barbuda,country,2002,75.237
ATG,Antigua and Barbuda,country,2003,75.313004
ATG,Antigua and Barbuda,country,2004,75.329002
ATG,Antigua and Barbuda,country,2005,75.363998
ATG,Antigua and Barbuda,country,2006,75.505997
ATG,Antigua and Barbuda,country,2007,75.720001
ATG,Antigua and Barbuda,country,2008,76.074997
ATG,Antigua and Barbuda,country,2009,76.386002
ATG,Antigua and Barbuda,country,2010,76.700996
ATG,Antigua and Barbuda,country,2011,77.023003
ATG,Antigua and Barbuda,country,2012,77.099998
ATG,Antigua and Barbuda,country,2013,77.050003
ATG,Antigua and Barbuda,country,2014,76.912003
ATG,Antigua and Barbuda,country,2015,76.891998
ATG,Antigua and Barbuda,country,2016,76.968002
ATG,Antigua and Barbuda,country,2017,77.029999
ATG,Antigua and Barbuda,country,2018,77.132004
ATG,Antigua and Barbuda,country,2019,77.167999
ATG,Antigua and Barbuda,country,2020,77.161003
ATG,Antigua and Barbuda,country,2021,77.196999
ATG,Antigua and Barbuda,country,2022,77.483002
ATG,Antigua and Barbuda,country,2023,77.598
AUS,Australia,country,1990,77.041
AUS,Australia,country,1991,77.481003
AUS,Australia,country,1992,77.473
AUS,Australia,country,1993,78.005997
AUS,Australia,country,1994,77.851997
AUS,Australia,country,1995,78.257004
AUS,Australia,country,1996,78.344002
AUS,Australia,country,1997,78.625999
AUS,Australia,country,1998,79.019997
AUS,Australia,country,1999,79.277
AUS,Australia,country,2000,79.621002
AUS,Australia,country,2001,80.005997
AUS,Australia,country,2002,80.052002
AUS,Australia,country,2003,80.440002
AUS,Australia,country,2004,80.733002
AUS,Australia,country,2005,81.092003
AUS,Australia,country,2006,81.258003
AUS,Australia,country,2007,81.232002
AUS,Australia,country,2008,81.427002
AUS,Australia,country,2009,81.727997
AUS,Australia,country,2010,82.013
AUS,Australia,country,2011,82.091003
AUS,Australia,country,2012,82.296997
AUS,Australia,country,2013,82.551003
AUS,Australia,country,2014,82.517998
AUS,Australia,country,2015,82.605003
AUS,Australia,country,2016,82.801003
AUS,Australia,country,2017,82.718002
AUS,Australia,country,2018,83.258003
AUS,Australia,country,2019,83.240997
AUS,Australia,country,2020,83.664001
AUS,Australia,country,2021,83.564003
AUS,Australia,country,2022,82.765999
AUS,Australia,country,2023,83.922997
AUT,Austria,country,1990,75.738998
AUT,Austria,country,1991,75.792
AUT,Austria,country,1992,75.991997
AUT,Austria,country,1993,76.224998
AUT,Austria,country,1994,76.541
AUT,Austria,country,1995,76.775002
AUT,Austria,country,1996,77.026001
AUT,Austria,country,1997,77.428001
AUT,Austria,country,1998,77.781998
AUT,Austria,country,1999,77.955002
AUT,Austria,country,2000,78.235001
AUT,Austria,country,2001,78.718002
AUT,Austria,country,2002,78.846001
AUT,Austria,country,2003,78.848999
AUT,Austria,country,2004,79.362
AUT,Austria,country,2005,79.519997
AUT,Austria,country,2006,79.964996
AUT,Austria,country,2007,80.166
AUT,Austria,country,2008,80.362999
AUT,Austria,country,2009,80.206001
AUT,Austria,country,2010,80.462997
AUT,Austria,country,2011,80.828003
AUT,Austria,country,2012,80.841003
AUT,Austria,country,2013,81.078003
AUT,Austria,country,2014,81.389999
AUT,Austria,country,2015,81.158997
AUT,Austria,country,2016,81.592003
AUT,Austria,country,2017,81.639
AUT,Austria,country,2018,81.685997
AUT,Austria,country,2019,81.906998
AUT,Austria,country,2020,81.804001
AUT,Austria,country,2021,81.82
AUT,Austria,country,2022,81.295998
AUT,Austria,country,2023,81.956001
AZE,Azerbaijan,country,1990,62.75
AZE,Azerbaijan,country,1991,62.543999
AZE,Azerbaijan,country,1992,60.772999
AZE,Azerbaijan,country,1993,61.425999
AZE,Azerbaijan,country,1994,60.277
AZE,Azerbaijan,country,1995,61.931
AZE,Azerbaijan,country,1996,62.66
AZE,Azerbaijan,country,1997,62.952999
AZE,Azerbaijan,country,1998,63.75
AZE,Azerbaijan,country,1999,64.733002
AZE,Azerbaijan,country,2000,65.376999
AZE,Azerbaijan,country,2001,66.042999
AZE,Azerbaijan,country,2002,66.768997
AZE,Azerbaijan,country,2003,67.036003
AZE,Azerbaijan,country,2004,67.487999
AZE,Azerbaijan,country,2005,67.709999
AZE,Azerbaijan,country,2006,68.488998
AZE,Azerbaijan,country,2007,68.658997
AZE,Azerbaijan,country,2008,69.355003
AZE,Azerbaijan,country,2009,69.874001
AZE,Azerbaijan,country,2010,70.308998
AZE,Azerbaijan,country,2011,70.565002
AZE,Azerbaijan,country,2012,71.080002
AZE,Azerbaijan,country,2013,71.485001
AZE,Azerbaijan,country,2014,71.93
AZE,Azerbaijan,country,2015,72.348999
AZE,Azerbaijan,country,2016,72.568001
AZE,Azerbaijan,country,2017,72.694
AZE,Azerbaijan,country,2018,73.015999
AZE,Azerbaijan,country,2019,73.290001
AZE,Azerbaijan,country,2020,70.311996
AZE,Azerbaijan,country,2021,70.999001
AZE,Azerbaijan,country,2022,74.125
AZE,Azerbaijan,country,2023,74.429001
BDI,Burundi,country,1990,45.183998
BDI,Burundi,country,1991,44.66
BDI,Burundi,country,1992,44.469002
BDI,Burundi,country,1993,37.221001
BDI,Burundi,country,1994,44.514999
BDI,Burundi,country,1995,44.589001
BDI,Burundi,country,1996,44.806999
BDI,Burundi,country,1997,45.721001
BDI,Burundi,country,1998,46.678001
BDI,Burundi,country,1999,47.626999
BDI,Burundi,country,2000,47.617001
BDI,Burundi,country,2001,48.508999
BDI,Burundi,country,2002,49.924
BDI,Burundi,country,2003,50.997002
BDI,Burundi,country,2004,52.216999
BDI,Burundi,country,2005,53.053001
BDI,Burundi,country,2006,53.962002
BDI,Burundi,country,2007,54.832001
BDI,Burundi,country,2008,55.581001
BDI,Burundi,country,2009,56.422001
BDI,Burundi,country,2010,57.088001
BDI,Burundi,country,2011,57.804001
BDI,Burundi,country,2012,58.500999
BDI,Burundi,country,2013,59.179001
BDI,Burundi,country,2014,59.764
BDI,Burundi,country,2015,60.106998
BDI,Burundi,country,2016,60.789001
BDI,Burundi,country,2017,61.345001
BDI,Burundi,country,2018,61.806
BDI,Burundi,country,2019,62.18
BDI,Burundi,country,2020,62.569
BDI,Burundi,country,2021,62.101002
BDI,Burundi,country,2022,62.882
BDI,Burundi,country,2023,63.651001
BEL,Belgium,country,1990,76.058998
BEL,Belgium,country,1991,76.198997
BEL,Belgium,country,1992,76.358002
BEL,Belgium,country,1993,76.362999
BEL,Belgium,country,1994,76.716003
BEL,Belgium,country,1995,76.839996
BEL,Belgium,country,1996,77.184998
BEL,Belgium,country,1997,77.403
BEL,Belgium,country,1998,77.475998
BEL,Belgium,country,1999,77.648003
BEL,Belgium,country,2000,77.767998
BEL,Belgium,country,2001,78.082001
BEL,Belgium,country,2002,78.167999
BEL,Belgium,country,2003,78.32
BEL,Belgium,country,2004,78.959999
BEL,Belgium,country,2005,79.053001
BEL,Belgium,country,2006,79.389
BEL,Belgium,country,2007,79.528
BEL,Belgium,country,2008,79.579002
BEL,Belgium,country,2009,79.848999
BEL,Belgium,country,2010,80.040001
BEL,Belgium,country,2011,80.365997
BEL,Belgium,country,2012,80.260002
BEL,Belgium,country,2013,80.467003
BEL,Belgium,country,2014,81.080002
BEL,Belgium,country,2015,80.889
BEL,Belgium,country,2016,81.264999
BEL,Belgium,country,2017,81.362
BEL,Belgium,country,2018,81.481003
BEL,Belgium,country,2019,81.834999
BEL,Belgium,country,2020,80.797997
BEL,Belgium,country,2021,81.658997
BEL,Belgium,country,2022,81.158997
BEL,Belgium,country,2023,82.114998
BEN,Benin,country,1990,53.02
BEN,Benin,country,1991,53.441002
BEN,Benin,country,1992,54.137001
BEN,Benin,country,1993,54.612
BEN,Benin,country,1994,54.987999
BEN,Benin,country,1995,55.366001
BEN,Benin,country,1996,55.647999
BEN,Benin,country,1997,55.986
BEN,Benin,country,1998,56.153999
BEN,Benin,country,1999,56.335999
BEN,Benin,country,2000,56.594002
BEN,Benin,country,2001,56.653999
BEN,Benin,country,2002,56.851002
BEN,Benin,country,2003,57.091999
BEN,Benin,country,2004,57.346001
BEN,Benin,country,2005,57.737999
BEN,Benin,country,2006,57.966
BEN,Benin,country,2007,58.249001
BEN,Benin,country,2008,58.098999
BEN,Benin,country,2009,58.257999
BEN,Benin,country,2010,58.387001
BEN,Benin,country,2011,58.462002
BEN,Benin,country,2012,58.558998
BEN,Benin,country,2013,58.862999
BEN,Benin,country,2014,59.007999
BEN,Benin,country,2015,59.123001
BEN,Benin,country,2016,59.283001
BEN,Benin,country,2017,59.528
BEN,Benin,country,2018,59.709999
BEN,Benin,country,2019,59.888
BEN,Benin,country,2020,60.153999
BEN,Benin,country,2021,59.610001
BEN,Benin,country,2022,60.474998
BEN,Benin,country,2023,60.773998
BFA,Burkina Faso,country,1990,49.314999
BFA,Burkina Faso,country,1991,49.330002
BFA,Burkina Faso,country,1992,49.377998
BFA,Burkina Faso,country,1993,49.411999
BFA,Burkina Faso,country,1994,49.469002
BFA,Burkina Faso,country,1995,49.554001
BFA,Burkina Faso,country,1996,49.693001
BFA,Burkina Faso,country,1997,49.560001
BFA,Burkina Faso,country,1998,50.162998
BFA,Burkina Faso,country,1999,50.463001
BFA,Burkina Faso,country,2000,50.807999
BFA,Burkina Faso,country,2001,51.188
BFA,Burkina Faso,country,2002,51.446999
BFA,Burkina Faso,country,2003,51.959
BFA,Burkina Faso,country,2004,52.599998
BFA,Burkina Faso,country,2005,53.271
BFA,Burkina Faso,country,2006,53.784
BFA,Burkina Faso,country,2007,54.376999
BFA,Burkina Faso,country,2008,55.199001
BFA,Burkina Faso,country,2009,55.791
BFA,Burkina Faso,country,2010,56.342999
BFA,Burkina Faso,country,2011,57.000999
BFA,Burkina Faso,country,2012,57.457001
BFA,Burkina Faso,country,2013,57.903
BFA,Burkina Faso,country,2014,58.331001
BFA,Burkina Faso,country,2015,58.778
BFA,Burkina Faso,country,2016,59.173
BFA,Burkina Faso,country,2017,59.577999
BFA,Burkina Faso,country,2018,59.972
BFA,Burkina Faso,country,2019,60.183998
BFA,Burkina Faso,country,2020,60.453999
BFA,Burkina Faso,country,2021,60.046001
BFA,Burkina Faso,country,2022,60.700001
BFA,Burkina Faso,country,2023,61.091999
BGD,Bangladesh,country,1990,55.821999
BGD,Bangladesh,country,1991,53.780998
BGD,Bangladesh,country,1992,56.591999
BGD,Bangladesh,country,1993,57.073002
BGD,Bangladesh,country,1994,57.639999
BGD,Bangladesh,country,1995,58.243999
BGD,Bangladesh,country,1996,58.939999
BGD,Bangladesh,country,1997,59.671001
BGD,Bangladesh,country,1998,60.429001
BGD,Bangladesh,country,1999,61.243999
BGD,Bangladesh,country,2000,62.049
BGD,Bangladesh,country,2001,62.835999
BGD,Bangladesh,country,2002,63.591
BGD,Bangladesh,country,2003,64.288002
BGD,Bangladesh,country,2004,64.912003
BGD,Bangladesh,country,2005,65.509003
BGD,Bangladesh,country,2006,66.047997
BGD,Bangladesh,country,2007,66.458
BGD,Bangladesh,country,2008,67.046997
BGD,Bangladesh,country,2009,67.527
BGD,Bangladesh,country,2010,68.009003
BGD,Bangladesh,country,2011,68.499001
BGD,Bangladesh,country,2012,68.988998
BGD,Bangladesh,country,2013,69.487
BGD,Bangladesh,country,2014,70.015999
BGD,Bangladesh,country,2015,70.542999
BGD,Bangladesh,country,2016,71.074997
BGD,Bangladesh,country,2017,71.606003
BGD,Bangladesh,country,2018,72.122002
BGD,Bangladesh,country,2019,72.625
BGD,Bangladesh,country,2020,71.420998
BGD,Bangladesh,country,2021,71.102997
BGD,Bangladesh,country,2022,74.264999
BGD,Bangladesh,country,2023,74.671997
BGR,Bulgaria,country,1990,71.320999
BGR,Bulgaria,country,1991,71.194
BGR,Bulgaria,country,1992,71.178001
BGR,Bulgaria,country,1993,71.184998
BGR,Bulgaria,country,1994,70.861
BGR,Bulgaria,country,1995,70.961998
BGR,Bulgaria,country,1996,70.835999
BGR,Bulgaria,country,1997,70.314003
BGR,Bulgaria,country,1998,70.873001
BGR,Bulgaria,country,1999,71.560997
BGR,Bulgaria,country,2000,71.574997
BGR,Bulgaria,country,2001,71.878998
BGR,Bulgaria,country,2002,72.127998
BGR,Bulgaria,country,2003,72.373001
BGR,Bulgaria,country,2004,72.574997
BGR,Bulgaria,country,2005,72.558998
BGR,Bulgaria,country,2006,72.690002
BGR,Bulgaria,country,2007,73.008003
BGR,Bulgaria,country,2008,73.337997
BGR,Bulgaria,country,2009,73.681
BGR,Bulgaria,country,2010,73.814003
BGR,Bulgaria,country,2011,74.168999
BGR,Bulgaria,country,2012,74.336998
BGR,Bulgaria,country,2013,74.828003
BGR,Bulgaria,country,2014,74.466003
BGR,Bulgaria,country,2015,74.621002
BGR,Bulgaria,country,2016,74.827003
BGR,Bulgaria,country,2017,74.797997
BGR,Bulgaria,country,2018,74.932999
BGR,Bulgaria,country,2019,75.086998
BGR,Bulgaria,country,2020,73.598999
BGR,Bulgaria,country,2021,71.414001
BGR,Bulgaria,country,2022,74.033997
BGR,Bulgaria,country,2023,75.636002
BHR,Bahrain,country,1990,72.586998
BHR,Bahrain,country,1991,72.667999
BHR,Bahrain,country,1992,72.785004
BHR,Bahrain,country,1993,72.939003
BHR,Bahrain,country,1994,73.134003
BHR,Bahrain,country,1995,73.361
BHR,Bahrain,country,1996,73.610001
BHR,Bahrain,country,1997,73.872002
BHR,Bahrain,country,1998,74.138
BHR,Bahrain,country,1999,74.404999
BHR,Bahrain,country,2000,74.672997
BHR,Bahrain,country,2001,74.942001
BHR,Bahrain,country,2002,75.209
BHR,Bahrain,country,2003,75.486
BHR,Bahrain,country,2004,75.787003
BHR,Bahrain,country,2005,76.125
BHR,Bahrain,country,2006,76.510002
BHR,Bahrain,country,2007,76.952003
BHR,Bahrain,country,2008,77.457001
BHR,Bahrain,country,2009,78.015999
BHR,Bahrain,country,2010,78.593002
BHR,Bahrain,country,2011,79.140999
BHR,Bahrain,country,2012,79.622002
BHR,Bahrain,country,2013,79.998001
BHR,Bahrain,country,2014,80.213997
BHR,Bahrain,country,2015,80.337997
BHR,Bahrain,country,2016,80.406998
BHR,Bahrain,country,2017,80.406998
BHR,Bahrain,country,2018,80.412003
BHR,Bahrain,country,2019,80.471001
BHR,Bahrain,country,2020,78.682999
BHR,Bahrain,country,2021,78.083
BHR,Bahrain,country,2022,80.991997
BHR,Bahrain,country,2023,81.283997
BHS,Bahamas,country,1990,70.945
BHS,Bahamas,country,1991,71.182999
BHS,Bahamas,country,1992,71.297997
BHS,Bahamas,country,1993,71.419998
BHS,Bahamas,country,1994,71.429001
BHS,Bahamas,country,1995,71.421997
BHS,Bahamas,country,1996,71.463997
BHS,Bahamas,country,1997,71.597
BHS,Bahamas,country,1998,71.839996
BHS,Bahamas,country,1999,72.147003
BHS,Bahamas,country,2000,72.481003
BHS,Bahamas,country,2001,72.764999
BHS,Bahamas,country,2002,73.023003
BHS,Bahamas,country,2003,73.212997
BHS,Bahamas,country,2004,73.235001
BHS,Bahamas,country,2005,73.413002
BHS,Bahamas,country,2006,73.456001
BHS,Bahamas,country,2007,73.462997
BHS,Bahamas,country,2008,73.445
BHS,Bahamas,country,2009,73.455002
BHS,Bahamas,country,2010,73.448997
BHS,Bahamas,country,2011,73.570999
BHS,Bahamas,country,2012,73.707001
BHS,Bahamas,country,2013,73.93
BHS,Bahamas,country,2014,74.028999
BHS,Bahamas,country,2015,73.805
BHS,Bahamas,country,2016,74.042
BHS,Bahamas,country,2017,74.030998
BHS,Bahamas,country,2018,74.061996
BHS,Bahamas,country,2019,71.407997
BHS,Bahamas,country,2020,72.994003
BHS,Bahamas,country,2021,70.751999
BHS,Bahamas,country,2022,74.490997
BHS,Bahamas,country,2023,74.552002
BIH,Bosnia and Herzegovina,country,1990,71.509003
BIH,Bosnia and Herzegovina,country,1991,71.813004
BIH,Bosnia and Herzegovina,country,1992,51.966999
BIH,Bosnia and Herzegovina,country,1993,50.894001
BIH,Bosnia and Herzegovina,country,1994,66.602997
BIH,Bosnia and Herzegovina,country,1995,70.188004
BIH,Bosnia and Herzegovina,country,1996,73.454002
BIH,Bosnia and Herzegovina,country,1997,73.894997
BIH,Bosnia and Herzegovina,country,1998,74.472
BIH,Bosnia and Herzegovina,country,1999,74.945999
BIH,Bosnia and Herzegovina,country,2000,75.292
BIH,Bosnia and Herzegovina,country,2001,75.572998
BIH,Bosnia and Herzegovina,country,2002,75.994003
BIH,Bosnia and Herzegovina,country,2003,76.448997
BIH,Bosnia and Herzegovina,country,2004,76.488998
BIH,Bosnia and Herzegovina,country,2005,76.424004
BIH,Bosnia and Herzegovina,country,2006,76.028
BIH,Bosnia and Herzegovina,country,2007,76.162003
BIH,Bosnia and Herzegovina,country,2008,76.300003
BIH,Bosnia and Herzegovina,country,2009,76.700996
BIH,Bosnia and Herzegovina,country,2010,76.827003
BIH,Bosnia and Herzegovina,country,2011,76.962997
BIH,Bosnia and Herzegovina,country,2012,77.037003
BIH,Bosnia and Herzegovina,country,2013,77.128998
BIH,Bosnia and Herzegovina,country,2014,77.088997
BIH,Bosnia and Herzegovina,country,2015,77.072998
BIH,Bosnia and Herzegovina,country,2016,77.124001
BIH,Bosnia and Herzegovina,country,2017,77.385002
BIH,Bosnia and Herzegovina,country,2018,77.942001
BIH,Bosnia and Herzegovina,country,2019,77.393997
BIH,Bosnia and Herzegovina,country,2020,76.040001
BIH,Bosnia and Herzegovina,country,2021,74.567001
BIH,Bosnia and Herzegovina,country,2022,76.777
BIH,Bosnia and Herzegovina,country,2023,77.849998
BLR,Belarus,country,1990,71.144997
BLR,Belarus,country,1991,70.722
BLR,Belarus,country,1992,70.119003
BLR,Belarus,country,1993,69.522003
BLR,Belarus,country,1994,68.966003
BLR,Belarus,country,1995,68.751999
BLR,Belarus,country,1996,68.566002
BLR,Belarus,country,1997,68.500999
BLR,Belarus,country,1998,68.272003
BLR,Belarus,country,1999,68.418999
BLR,Belarus,country,2000,68.463997
BLR,Belarus,country,2001,68.434998
BLR,Belarus,country,2002,68.297997
BLR,Belarus,country,2003,68.429001
BLR,Belarus,country,2004,68.688004
BLR,Belarus,country,2005,68.982002
BLR,Belarus,country,2006,69.435997
BLR,Belarus,country,2007,69.986
BLR,Belarus,country,2008,70.348999
BLR,Belarus,country,2009,70.408997
BLR,Belarus,country,2010,70.500999
BLR,Belarus,country,2011,71.068001
BLR,Belarus,country,2012,71.800003
BLR,Belarus,country,2013,72.681
BLR,Belarus,country,2014,73.245003
BLR,Belarus,country,2015,73.761002
BLR,Belarus,country,2016,74.153
BLR,Belarus,country,2017,74.362
BLR,Belarus,country,2018,74.334
BLR,Belarus,country,2019,74.254997
BLR,Belarus,country,2020,72.268997
BLR,Belarus,country,2021,72.221001
BLR,Belarus,country,2022,74.361
BLR,Belarus,country,2023,74.433998
BLZ,Belize,country,1990,69.569
BLZ,Belize,country,1991,69.644997
BLZ,Belize,country,1992,69.600998
BLZ,Belize,country,1993,69.595001
BLZ,Belize,country,1994,69.584999
BLZ,Belize,country,1995,69.484001
BLZ,Belize,country,1996,69.362999
BLZ,Belize,country,1997,69.182999
BLZ,Belize,country,1998,68.905998
BLZ,Belize,country,1999,68.975998
BLZ,Belize,country,2000,68.911003
BLZ,Belize,country,2001,68.944
BLZ,Belize,country,2002,69.528
BLZ,Belize,country,2003,69.819
BLZ,Belize,country,2004,70.152
BLZ,Belize,country,2005,70.334999
BLZ,Belize,country,2006,70.535004
BLZ,Belize,country,2007,70.652
BLZ,Belize,country,2008,70.665001
BLZ,Belize,country,2009,70.806
BLZ,Belize,country,2010,70.875
BLZ,Belize,country,2011,70.974998
BLZ,Belize,country,2012,71.134003
BLZ,Belize,country,2013,71.276001
BLZ,Belize,country,2014,71.436996
BLZ,Belize,country,2015,71.647003
BLZ,Belize,country,2016,71.843002
BLZ,Belize,country,2017,72.061996
BLZ,Belize,country,2018,72.321999
BLZ,Belize,country,2019,72.577003
BLZ,Belize,country,2020,71.580002
BLZ,Belize,country,2021,70.917
BLZ,Belize,country,2022,72.190002
BLZ,Belize,country,2023,73.566002
BOL,Bolivia (Plurinational State of),country,1990,56.797001
BOL,Bolivia (Plurinational State of),country,1991,57.438999
BOL,Bolivia (Plurinational State of),country,1992,57.923
BOL,Bolivia (Plurinational State of),country,1993,58.66
BOL,Bolivia (Plurinational State of),country,1994,59.282001
BOL,Bolivia (Plurinational State of),country,1995,59.786999
BOL,Bolivia (Plurinational State of),country,1996,60.286999
BOL,Bolivia (Plurinational State of),country,1997,60.744999
BOL,Bolivia (Plurinational State of),country,1998,61.227001
BOL,Bolivia (Plurinational State of),country,1999,61.654999
BOL,Bolivia (Plurinational State of),country,2000,62.056999
BOL,Bolivia (Plurinational State of),country,2001,62.537998
BOL,Bolivia (Plurinational State of),country,2002,63.068001
BOL,Bolivia (Plurinational State of),country,2003,63.455002
BOL,Bolivia (Plurinational State of),country,2004,63.819
BOL,Bolivia (Plurinational State of),country,2005,64.181999
BOL,Bolivia (Plurinational State of),country,2006,64.528999
BOL,Bolivia (Plurinational State of),country,2007,64.939003
BOL,Bolivia (Plurinational State of),country,2008,65.299004
BOL,Bolivia (Plurinational State of),country,2009,65.655998
BOL,Bolivia (Plurinational State of),country,2010,66.002998
BOL,Bolivia (Plurinational State of),country,2011,66.281998
BOL,Bolivia (Plurinational State of),country,2012,66.585999
BOL,Bolivia (Plurinational State of),country,2013,66.777
BOL,Bolivia (Plurinational State of),country,2014,66.970001
BOL,Bolivia (Plurinational State of),country,2015,67.205002
BOL,Bolivia (Plurinational State of),country,2016,67.391998
BOL,Bolivia (Plurinational State of),country,2017,67.536003
BOL,Bolivia (Plurinational State of),country,2018,67.698997
BOL,Bolivia (Plurinational State of),country,2019,67.82
BOL,Bolivia (Plurinational State of),country,2020,62.905998
BOL,Bolivia (Plurinational State of),country,2021,61.426998
BOL,Bolivia (Plurinational State of),country,2022,67.433998
BOL,Bolivia (Plurinational State of),country,2023,68.581001
BRA,Brazil,country,1990,65.862
BRA,Brazil,country,1991,66.203003
BRA,Brazil,country,1992,66.539001
BRA,Brazil,country,1993,66.891998
BRA,Brazil,country,1994,67.292999
BRA,Brazil,country,1995,67.700996
BRA,Brazil,country,1996,68.108002
BRA,Brazil,country,1997,68.504997
BRA,Brazil,country,1998,68.848
BRA,Brazil,country,1999,69.210999
BRA,Brazil,country,2000,69.584
BRA,Brazil,country,2001,69.980003
BRA,Brazil,country,2002,70.396004
BRA,Brazil,country,2003,70.884003
BRA,Brazil,country,2004,71.361
BRA,Brazil,country,2005,71.832001
BRA,Brazil,country,2006,72.295998
BRA,Brazil,country,2007,72.730003
BRA,Brazil,country,2008,73.111
BRA,Brazil,country,2009,73.457001
BRA,Brazil,country,2010,73.778999
BRA,Brazil,country,2011,74.046997
BRA,Brazil,country,2012,74.334999
BRA,Brazil,country,2013,74.609001
BRA,Brazil,country,2014,74.822998
BRA,Brazil,country,2015,75.106003
BRA,Brazil,country,2016,75.081001
BRA,Brazil,country,2017,75.383003
BRA,Brazil,country,2018,75.633003
BRA,Brazil,country,2019,75.808998
BRA,Brazil,country,2020,74.505997
BRA,Brazil,country,2021,73.038002
BRA,Brazil,country,2022,74.872002
BRA,Brazil,country,2023,75.848
BRB,Barbados,country,1990,73.462997
BRB,Barbados,country,1991,73.542999
BRB,Barbados,country,1992,73.610001
BRB,Barbados,country,1993,73.738998
BRB,Barbados,country,1994,73.754997
BRB,Barbados,country,1995,73.879997
BRB,Barbados,country,1996,74.065002
BRB,Barbados,country,1997,73.987999
BRB,Barbados,country,1998,74.464996
BRB,Barbados,country,1999,74.586998
BRB,Barbados,country,2000,74.580002
BRB,Barbados,country,2001,74.707001
BRB,Barbados,country,2002,74.82
BRB,Barbados,country,2003,74.864998
BRB,Barbados,country,2004,75.150002
BRB,Barbados,country,2005,74.959999
BRB,Barbados,country,2006,75.049004
BRB,Barbados,country,2007,75.263
BRB,Barbados,country,2008,75.300003
BRB,Barbados,country,2009,75.458
BRB,Barbados,country,2010,75.487999
BRB,Barbados,country,2011,75.598999
BRB,Barbados,country,2012,75.737
BRB,Barbados,country,2013,75.816002
BRB,Barbados,country,2014,75.926003
BRB,Barbados,country,2015,76.055
BRB,Barbados,country,2016,76.167999
BRB,Barbados,country,2017,76.237
BRB,Barbados,country,2018,76.377998
BRB,Barbados,country,2019,76.495003
BRB,Barbados,country,2020,76.647003
BRB,Barbados,country,2021,76.580002
BRB,Barbados,country,2022,75.676003
BRB,Barbados,country,2023,76.178001
BRN,Brunei Darussalam,country,1990,71.628998
BRN,Brunei Darussalam,country,1991,71.858002
BRN,Brunei Darussalam,country,1992,72.089996
BRN,Brunei Darussalam,country,1993,72.333
BRN,Brunei Darussalam,country,1994,72.570999
BRN,Brunei Darussalam,country,1995,72.837997
BRN,Brunei Darussalam,country,1996,73.079002
BRN,Brunei Darussalam,country,1997,73.325996
BRN,Brunei Darussalam,country,1998,73.584
BRN,Brunei Darussalam,country,1999,73.806
BRN,Brunei Darussalam,country,2000,74.016998
BRN,Brunei Darussalam,country,2001,74.209
BRN,Brunei Darussalam,country,2002,74.364998
BRN,Brunei Darussalam,country,2003,74.509003
BRN,Brunei Darussalam,country,2004,74.602997
BRN,Brunei Darussalam,country,2005,74.682999
BRN,Brunei Darussalam,country,2006,74.752998
BRN,Brunei Darussalam,country,2007,74.792999
BRN,Brunei Darussalam,country,2008,74.814003
BRN,Brunei Darussalam,country,2009,74.814003
BRN,Brunei Darussalam,country,2010,74.82
BRN,Brunei Darussalam,country,2011,74.834999
BRN,Brunei Darussalam,country,2012,74.843002
BRN,Brunei Darussalam,country,2013,74.853996
BRN,Brunei Darussalam,country,2014,74.862
BRN,Brunei Darussalam,country,2015,74.879997
BRN,Brunei Darussalam,country,2016,74.904999
BRN,Brunei Darussalam,country,2017,74.943001
BRN,Brunei Darussalam,country,2018,74.991997
BRN,Brunei Darussalam,country,2019,75.049004
BRN,Brunei Darussalam,country,2020,75.113998
BRN,Brunei Darussalam,country,2021,74.869003
BRN,Brunei Darussalam,country,2022,72.917
BRN,Brunei Darussalam,country,2023,75.327003
BTN,Bhutan,country,1990,55.811001
BTN,Bhutan,country,1991,56.451
BTN,Bhutan,country,1992,57.208
BTN,Bhutan,country,1993,57.905998
BTN,Bhutan,country,1994,58.395
BTN,Bhutan,country,1995,59.277
BTN,Bhutan,country,1996,59.981998
BTN,Bhutan,country,1997,60.639
BTN,Bhutan,country,1998,61.321999
BTN,Bhutan,country,1999,62.032001
BTN,Bhutan,country,2000,61.841999
BTN,Bhutan,country,2001,63.323002
BTN,Bhutan,country,2002,63.984001
BTN,Bhutan,country,2003,64.662003
BTN,Bhutan,country,2004,65.290001
BTN,Bhutan,country,2005,65.875
BTN,Bhutan,country,2006,66.499001
BTN,Bhutan,country,2007,67.152
BTN,Bhutan,country,2008,67.733002
BTN,Bhutan,country,2009,68.155998
BTN,Bhutan,country,2010,68.764999
BTN,Bhutan,country,2011,69.279999
BTN,Bhutan,country,2012,69.759003
BTN,Bhutan,country,2013,70.161003
BTN,Bhutan,country,2014,70.503998
BTN,Bhutan,country,2015,70.796997
BTN,Bhutan,country,2016,71.119003
BTN,Bhutan,country,2017,71.413002
BTN,Bhutan,country,2018,71.710999
BTN,Bhutan,country,2019,72.004997
BTN,Bhutan,country,2020,72.252998
BTN,Bhutan,country,2021,72.447998
BTN,Bhutan,country,2022,72.753998
BTN,Bhutan,country,2023,72.974998
BWA,Botswana,country,1990,60.104
BWA,Botswana,country,1991,58.910999
BWA,Botswana,country,1992,58.189999
BWA,Botswana,country,1993,57.316002
BWA,Botswana,country,1994,55.970001
BWA,Botswana,country,1995,54.713001
BWA,Botswana,country,1996,54.284
BWA,Botswana,country,1997,53.594002
BWA,Botswana,country,1998,52.967999
BWA,Botswana,country,1999,52.499001
BWA,Botswana,country,2000,52.263
BWA,Botswana,country,2001,52.209999
BWA,Botswana,country,2002,52.373001
BWA,Botswana,country,2003,52.851002
BWA,Botswana,country,2004,53.573002
BWA,Botswana,country,2005,54.386002
BWA,Botswana,country,2006,55.112
BWA,Botswana,country,2007,56.735001
BWA,Botswana,country,2008,57.660999
BWA,Botswana,country,2009,58.297001
BWA,Botswana,country,2010,59.137001
BWA,Botswana,country,2011,59.715
BWA,Botswana,country,2012,60.383999
BWA,Botswana,country,2013,61.216999
BWA,Botswana,country,2014,62.167
BWA,Botswana,country,2015,63.215
BWA,Botswana,country,2016,64.32
BWA,Botswana,country,2017,65.419998
BWA,Botswana,country,2018,66.371002
BWA,Botswana,country,2019,67.167
BWA,Botswana,country,2020,67.642998
BWA,Botswana,country,2021,63.303001
BWA,Botswana,country,2022,68.749001
BWA,Botswana,country,2023,69.163002
CAF,Central African Republic,country,1990,49.854
CAF,Central African Republic,country,1991,49.575001
CAF,Central African Republic,country,1992,49.213001
CAF,Central African Republic,country,1993,48.898998
CAF,Central African Republic,country,1994,48.508999
CAF,Central African Republic,country,1995,48.109001
CAF,Central African Republic,country,1996,47.700001
CAF,Central African Republic,country,1997,47.284
CAF,Central African Republic,country,1998,47.089001
CAF,Central African Republic,country,1999,46.91
CAF,Central African Republic,country,2000,46.609001
CAF,Central African Republic,country,2001,46.734001
CAF,Central African Republic,country,2002,46.84
CAF,Central African Republic,country,2003,47.306
CAF,Central African Republic,country,2004,47.695999
CAF,Central African Republic,country,2005,48.207001
CAF,Central African Republic,country,2006,48.687
CAF,Central African Republic,country,2007,49.327
CAF,Central African Republic,country,2008,49.873001
CAF,Central African Republic,country,2009,14.665
CAF,Central African Republic,country,2010,46.870998
CAF,Central African Republic,country,2011,50.106998
CAF,Central African Republic,country,2012,51.335999
CAF,Central African Republic,country,2013,49.487
CAF,Central African Republic,country,2014,40.264999
CAF,Central African Republic,country,2015,51.933998
CAF,Central African Republic,country,2016,50.999001
CAF,Central African Republic,country,2017,45.230999
CAF,Central African Republic,country,2018,52.297001
CAF,Central African Republic,country,2019,31.530001
CAF,Central African Republic,country,2020,50.596001
CAF,Central African Republic,country,2021,40.278999
CAF,Central African Republic,country,2022,18.818001
CAF,Central African Republic,country,2023,57.408001
CAN,Canada,country,1990,77.432999
CAN,Canada,country,1991,77.594002
CAN,Canada,country,1992,77.852997
CAN,Canada,country,1993,77.724998
CAN,Canada,country,1994,77.901001
CAN,Canada,country,1995,78.021004
CAN,Canada,country,1996,78.272003
CAN,Canada,country,1997,78.464996
CAN,Canada,country,1998,78.674004
CAN,Canada,country,1999,78.885002
CAN,Canada,country,2000,79.233002
CAN,Canada,country,2001,79.448997
CAN,Canada,country,2002,79.566002
CAN,Canada,country,2003,79.736
CAN,Canada,country,2004,80.028999
CAN,Canada,country,2005,80.130997
CAN,Canada,country,2006,80.540001
CAN,Canada,country,2007,80.542
CAN,Canada,country,2008,80.730003
CAN,Canada,country,2009,81.065002
CAN,Canada,country,2010,81.335999
CAN,Canada,country,2011,81.513
CAN,Canada,country,2012,81.704002
CAN,Canada,country,2013,81.785004
CAN,Canada,country,2014,81.836998
CAN,Canada,country,2015,81.907997
CAN,Canada,country,2016,82.029999
CAN,Canada,country,2017,81.918999
CAN,Canada,country,2018,81.925003
CAN,Canada,country,2019,82.285004
CAN,Canada,country,2020,81.653999
CAN,Canada,country,2021,81.975998
CAN,Canada,country,2022,81.249001
CAN,Canada,country,2023,82.629997
CHE,Switzerland,country,1990,77.385002
CHE,Switzerland,country,1991,77.648003
CHE,Switzerland,country,1992,77.944
CHE,Switzerland,country,1993,78.234001
CHE,Switzerland,country,1994,78.495003
CHE,Switzerland,country,1995,78.565002
CHE,Switzerland,country,1996,79.049004
CHE,Switzerland,country,1997,79.233002
CHE,Switzerland,country,1998,79.474998
CHE,Switzerland,country,1999,79.723999
CHE,Switzerland,country,2000,79.834
CHE,Switzerland,country,2001,80.250999
CHE,Switzerland,country,2002,80.444
CHE,Switzerland,country,2003,80.531998
CHE,Switzerland,country,2004,81.055
CHE,Switzerland,country,2005,81.236
CHE,Switzerland,country,2006,81.549004
CHE,Switzerland,country,2007,81.703003
CHE,Switzerland,country,2008,81.971001
CHE,Switzerland,country,2009,81.988998
CHE,Switzerland,country,2010,82.287003
CHE,Switzerland,country,2011,82.573997
CHE,Switzerland,country,2012,82.616997
CHE,Switzerland,country,2013,82.689003
CHE,Switzerland,country,2014,83.084
CHE,Switzerland,country,2015,82.846001
CHE,Switzerland,country,2016,83.445999
CHE,Switzerland,country,2017,83.414001
CHE,Switzerland,country,2018,83.564003
CHE,Switzerland,country,2019,83.779999
CHE,Switzerland,country,2020,83.063004
CHE,Switzerland,country,2021,83.648003
CHE,Switzerland,country,2022,83.199997
CHE,Switzerland,country,2023,83.954002
CHL,Chile,country,1990,73.675003
CHL,Chile,country,1991,74.082001
CHL,Chile,country,1992,74.366997
CHL,Chile,country,1993,74.679001
CHL,Chile,country,1994,74.973
CHL,Chile,country,1995,75.297997
CHL,Chile,country,1996,75.555
CHL,Chile,country,1997,75.825996
CHL,Chile,country,1998,76.323997
CHL,Chile,country,1999,76.737999
CHL,Chile,country,2000,77.127998
CHL,Chile,country,2001,77.580002
CHL,Chile,country,2002,77.839996
CHL,Chile,country,2003,77.884003
CHL,Chile,country,2004,78.276001
CHL,Chile,country,2005,78.459
CHL,Chile,country,2006,78.532997
CHL,Chile,country,2007,78.652
CHL,Chile,country,2008,78.751999
CHL,Chile,country,2009,78.889999
CHL,Chile,country,2010,79.095001
CHL,Chile,country,2011,79.236
CHL,Chile,country,2012,79.221001
CHL,Chile,country,2013,79.551003
CHL,Chile,country,2014,79.713997
CHL,Chile,country,2015,80.008003
CHL,Chile,country,2016,80.294998
CHL,Chile,country,2017,80.610001
CHL,Chile,country,2018,80.558998
CHL,Chile,country,2019,80.323997
CHL,Chile,country,2020,79.348999
CHL,Chile,country,2021,78.875999
CHL,Chile,country,2022,79.176003
CHL,Chile,country,2023,81.167
CHN,China,country,1990,68.154999
CHN,China,country,1991,68.610001
CHN,China,country,1992,69.058998
CHN,China,country,1993,69.491997
CHN,China,country,1994,69.834999
CHN,China,country,1995,70.362999
CHN,China,country,1996,70.822998
CHN,China,country,1997,71.226997
CHN,China,country,1998,71.600998
CHN,China,country,1999,71.952003
CHN,China,country,2000,72.288002
CHN,China,country,2001,72.675003
CHN,China,country,2002,73.033997
CHN,China,country,2003,73.385002
CHN,China,country,2004,73.726997
CHN,China,country,2005,74.084999
CHN,China,country,2006,74.403999
CHN,China,country,2007,74.789001
CHN,China,country,2008,74.833
CHN,China,country,2009,75.317001
CHN,China,country,2010,75.667999
CHN,China,country,2011,75.889
CHN,China,country,2012,76.199997
CHN,China,country,2013,76.452003
CHN,China,country,2014,76.713997
CHN,China,country,2015,76.974998
CHN,China,country,2016,77.213997
CHN,China,country,2017,77.235001
CHN,China,country,2018,77.709
CHN,China,country,2019,77.940002
CHN,China,country,2020,78.018997
CHN,China,country,2021,78.116997
CHN,China,country,2022,78.202003
CHN,China,country,2023,77.953003
CIV,Côte d’Ivoire,country,1990,52.796001
CIV,Côte d’Ivoire,country,1991,52.620998
CIV,Côte d’Ivoire,country,1992,52.429001
CIV,Côte d’Ivoire,country,1993,52.247002
CIV,Côte d’Ivoire,country,1994,52.005001
CIV,Côte d’Ivoire,country,1995,51.713001
CIV,Côte d’Ivoire,country,1996,51.596001
CIV,Côte d’Ivoire,country,1997,51.498001
CIV,Côte d’Ivoire,country,1998,51.220001
CIV,Côte d’Ivoire,country,1999,51.272999
CIV,Côte d’Ivoire,country,2000,51.393002
CIV,Côte d’Ivoire,country,2001,51.428001
CIV,Côte d’Ivoire,country,2002,51.543999
CIV,Côte d’Ivoire,country,2003,51.443001
CIV,Côte d’Ivoire,country,2004,51.938999
CIV,Côte d’Ivoire,country,2005,52.431999
CIV,Côte d’Ivoire,country,2006,52.884998
CIV,Côte d’Ivoire,country,2007,53.452
CIV,Côte d’Ivoire,country,2008,54.179001
CIV,Côte d’Ivoire,country,2009,54.743999
CIV,Côte d’Ivoire,country,2010,55.282001
CIV,Côte d’Ivoire,country,2011,55.972
CIV,Côte d’Ivoire,country,2012,56.57
CIV,Côte d’Ivoire,country,2013,57.056999
CIV,Côte d’Ivoire,country,2014,57.771999
CIV,Côte d’Ivoire,country,2015,58.280998
CIV,Côte d’Ivoire,country,2016,58.813999
CIV,Côte d’Ivoire,country,2017,59.314999
CIV,Côte d’Ivoire,country,2018,59.794998
CIV,Côte d’Ivoire,country,2019,60.273998
CIV,Côte d’Ivoire,country,2020,60.139999
CIV,Côte d’Ivoire,country,2021,60.290001
CIV,Côte d’Ivoire,country,2022,61.562
CIV,Côte d’Ivoire,country,2023,61.944
CMR,Cameroon,country,1990,54.348
CMR,Cameroon,country,1991,54.167999
CMR,Cameroon,country,1992,54.053001
CMR,Cameroon,country,1993,53.872002
CMR,Cameroon,country,1994,53.536999
CMR,Cameroon,country,1995,53.347
CMR,Cameroon,country,1996,53.200001
CMR,Cameroon,country,1997,53.105
CMR,Cameroon,country,1998,53.042999
CMR,Cameroon,country,1999,53.166
CMR,Cameroon,country,2000,53.338001
CMR,Cameroon,country,2001,53.598
CMR,Cameroon,country,2002,53.922001
CMR,Cameroon,country,2003,54.252998
CMR,Cameroon,country,2004,54.577999
CMR,Cameroon,country,2005,54.903999
CMR,Cameroon,country,2006,55.300999
CMR,Cameroon,country,2007,55.709999
CMR,Cameroon,country,2008,56.116001
CMR,Cameroon,country,2009,56.486
CMR,Cameroon,country,2010,56.965
CMR,Cameroon,country,2011,57.481998
CMR,Cameroon,country,2012,58.169998
CMR,Cameroon,country,2013,58.73
CMR,Cameroon,country,2014,59.130001
CMR,Cameroon,country,2015,59.687
CMR,Cameroon,country,2016,60.292999
CMR,Cameroon,country,2017,60.817001
CMR,Cameroon,country,2018,61.188999
CMR,Cameroon,country,2019,61.695
CMR,Cameroon,country,2020,61.674
CMR,Cameroon,country,2021,61.146
CMR,Cameroon,country,2022,62.443001
CMR,Cameroon,country,2023,63.700001
COD,Democratic Republic of the Congo,country,1990,48.537998
COD,Democratic Republic of the Congo,country,1991,48.944
COD,Democratic Republic of the Congo,country,1992,49.323002
COD,Democratic Republic of the Congo,country,1993,49.620998
COD,Democratic Republic of the Congo,country,1994,49.880001
COD,Democratic Republic of the Congo,country,1995,50.381001
COD,Democratic Republic of the Congo,country,1996,49.375999
COD,Democratic Republic of the Congo,country,1997,50.460999
COD,Democratic Republic of the Congo,country,1998,49.664001
COD,Democratic Republic of the Congo,country,1999,50.089001
COD,Democratic Republic of the Congo,country,2000,51.887001
COD,Democratic Republic of the Congo,country,2001,52.205002
COD,Democratic Republic of the Congo,country,2002,52.370998
COD,Democratic Republic of the Congo,country,2003,52.952
COD,Democratic Republic of the Congo,country,2004,53.534
COD,Democratic Republic of the Congo,country,2005,54.000999
COD,Democratic Republic of the Congo,country,2006,54.498001
COD,Democratic Republic of the Congo,country,2007,54.953999
COD,Democratic Republic of the Congo,country,2008,55.388
COD,Democratic Republic of the Congo,country,2009,55.798
COD,Democratic Republic of the Congo,country,2010,56.410999
COD,Democratic Republic of the Congo,country,2011,56.910999
COD,Democratic Republic of the Congo,country,2012,57.349998
COD,Democratic Republic of the Congo,country,2013,57.794998
COD,Democratic Republic of the Congo,country,2014,58.236
COD,Democratic Republic of the Congo,country,2015,58.658001
COD,Democratic Republic of the Congo,country,2016,59.081001
COD,Democratic Republic of the Congo,country,2017,59.494999
COD,Democratic Republic of the Congo,country,2018,59.925999
COD,Democratic Republic of the Congo,country,2019,60.242001
COD,Democratic Republic of the Congo,country,2020,60.428001
COD,Democratic Republic of the Congo,country,2021,60.043999
COD,Democratic Republic of the Congo,country,2022,60.979
COD,Democratic Republic of the Congo,country,2023,61.895
COG,Congo,country,1990,57.07
COG,Congo,country,1991,56.764
COG,Congo,country,1992,56.483002
COG,Congo,country,1993,56.041
COG,Congo,country,1994,55.640999
COG,Congo,country,1995,55.473999
COG,Congo,country,1996,55.240002
COG,Congo,country,1997,48.575001
COG,Congo,country,1998,52.550999
COG,Congo,country,1999,54.426998
COG,Congo,country,2000,55.370998
COG,Congo,country,2001,55.884998
COG,Congo,country,2002,56.414001
COG,Congo,country,2003,57.131001
COG,Congo,country,2004,57.957001
COG,Congo,country,2005,58.73
COG,Congo,country,2006,59.473999
COG,Congo,country,2007,60.049999
COG,Congo,country,2008,60.790001
COG,Congo,country,2009,61.215
COG,Congo,country,2010,61.730999
COG,Congo,country,2011,62.285999
COG,Congo,country,2012,62.661999
COG,Congo,country,2013,62.969002
COG,Congo,country,2014,63.348999
COG,Congo,country,2015,63.661999
COG,Congo,country,2016,63.910999
COG,Congo,country,2017,64.203003
COG,Congo,country,2018,64.472
COG,Congo,country,2019,63.152
COG,Congo,country,2020,64.390999
COG,Congo,country,2021,64.192001
COG,Congo,country,2022,65
COG,Congo,country,2023,65.772003
COL,Colombia,country,1990,68.700996
COL,Colombia,country,1991,68.772003
COL,Colombia,country,1992,68.764
COL,Colombia,country,1993,69.083
COL,Colombia,country,1994,69.421997
COL,Colombia,country,1995,69.809998
COL,Colombia,country,1996,70.209
COL,Colombia,country,1997,70.632004
COL,Colombia,country,1998,70.924004
COL,Colombia,country,1999,70.913002
COL,Colombia,country,2000,70.904999
COL,Colombia,country,2001,71.184998
COL,Colombia,country,2002,71.537003
COL,Colombia,country,2003,72.308998
COL,Colombia,country,2004,72.760002
COL,Colombia,country,2005,73.155998
COL,Colombia,country,2006,73.497002
COL,Colombia,country,2007,73.750999
COL,Colombia,country,2008,74.206001
COL,Colombia,country,2009,74.530998
COL,Colombia,country,2010,74.875999
COL,Colombia,country,2011,75.18
COL,Colombia,country,2012,75.611
COL,Colombia,country,2013,75.834
COL,Colombia,country,2014,75.949997
COL,Colombia,country,2015,76.067001
COL,Colombia,country,2016,76.227997
COL,Colombia,country,2017,76.417999
COL,Colombia,country,2018,76.579002
COL,Colombia,country,2019,76.792999
COL,Colombia,country,2020,74.757004
COL,Colombia,country,2021,72.697998
COL,Colombia,country,2022,76.508003
COL,Colombia,country,2023,77.724998
COM,Comoros,country,1990,55.619999
COM,Comoros,country,1991,56.104
COM,Comoros,country,1992,56.576
COM,Comoros,country,1993,57.026001
COM,Comoros,country,1994,57.458
COM,Comoros,country,1995,57.830002
COM,Comoros,country,1996,58.151001
COM,Comoros,country,1997,58.228001
COM,Comoros,country,1998,58.300999
COM,Comoros,country,1999,58.853001
COM,Comoros,country,2000,58.941002
COM,Comoros,country,2001,59.587002
COM,Comoros,country,2002,59.723
COM,Comoros,country,2003,60.240002
COM,Comoros,country,2004,60.556999
COM,Comoros,country,2005,60.882999
COM,Comoros,country,2006,61.229
COM,Comoros,country,2007,61.474998
COM,Comoros,country,2008,61.955002
COM,Comoros,country,2009,62.301998
COM,Comoros,country,2010,62.747002
COM,Comoros,country,2011,63.105
COM,Comoros,country,2012,63.463001
COM,Comoros,country,2013,63.839001
COM,Comoros,country,2014,64.142998
COM,Comoros,country,2015,64.473
COM,Comoros,country,2016,64.792
COM,Comoros,country,2017,65.126999
COM,Comoros,country,2018,65.401001
COM,Comoros,country,2019,65.662003
COM,Comoros,country,2020,65.755997
COM,Comoros,country,2021,65.200996
COM,Comoros,country,2022,66.481003
COM,Comoros,country,2023,66.777
CPV,Cabo Verde,country,1990,63.868999
CPV,Cabo Verde,country,1991,64.066002
CPV,Cabo Verde,country,1992,64.252998
CPV,Cabo Verde,country,1993,64.458
CPV,Cabo Verde,country,1994,64.648003
CPV,Cabo Verde,country,1995,63.691002
CPV,Cabo Verde,country,1996,65.521004
CPV,Cabo Verde,country,1997,66.082001
CPV,Cabo Verde,country,1998,66.713997
CPV,Cabo Verde,country,1999,67.408997
CPV,Cabo Verde,country,2000,68.116997
CPV,Cabo Verde,country,2001,68.707001
CPV,Cabo Verde,country,2002,69.446999
CPV,Cabo Verde,country,2003,70.005997
CPV,Cabo Verde,country,2004,70.499001
CPV,Cabo Verde,country,2005,70.935997
CPV,Cabo Verde,country,2006,71.341003
CPV,Cabo Verde,country,2007,71.487
CPV,Cabo Verde,country,2008,71.888
CPV,Cabo Verde,country,2009,72.141998
CPV,Cabo Verde,country,2010,72.507004
CPV,Cabo Verde,country,2011,72.913002
CPV,Cabo Verde,country,2012,73.315002
CPV,Cabo Verde,country,2013,73.481003
CPV,Cabo Verde,country,2014,73.788002
CPV,Cabo Verde,country,2015,74.096001
CPV,Cabo Verde,country,2016,74.349998
CPV,Cabo Verde,country,2017,74.709999
CPV,Cabo Verde,country,2018,74.839996
CPV,Cabo Verde,country,2019,75.448997
CPV,Cabo Verde,country,2020,73.818001
CPV,Cabo Verde,country,2021,74.424004
CPV,Cabo Verde,country,2022,75.906998
CPV,Cabo Verde,country,2023,76.058998
CRI,Costa Rica,country,1990,76.094002
CRI,Costa Rica,country,1991,76.237
CRI,Costa Rica,country,1992,76.385002
CRI,Costa Rica,country,1993,76.315002
CRI,Costa Rica,country,1994,76.329002
CRI,Costa Rica,country,1995,76.440002
CRI,Costa Rica,country,1996,76.428001
CRI,Costa Rica,country,1997,76.602997
CRI,Costa Rica,country,1998,76.869003
CRI,Costa Rica,country,1999,77.057999
CRI,Costa Rica,country,2000,77.317001
CRI,Costa Rica,country,2001,77.609001
CRI,Costa Rica,country,2002,77.939003
CRI,Costa Rica,country,2003,78.213997
CRI,Costa Rica,country,2004,78.512001
CRI,Costa Rica,country,2005,78.876999
CRI,Costa Rica,country,2006,79.049004
CRI,Costa Rica,country,2007,79.098
CRI,Costa Rica,country,2008,79.18
CRI,Costa Rica,country,2009,79.372002
CRI,Costa Rica,country,2010,79.353996
CRI,Costa Rica,country,2011,79.624001
CRI,Costa Rica,country,2012,79.925003
CRI,Costa Rica,country,2013,80.189003
CRI,Costa Rica,country,2014,80.231003
CRI,Costa Rica,country,2015,80.406998
CRI,Costa Rica,country,2016,79.987999
CRI,Costa Rica,country,2017,79.994003
CRI,Costa Rica,country,2018,80.089996
CRI,Costa Rica,country,2019,80.295998
CRI,Costa Rica,country,2020,79.724998
CRI,Costa Rica,country,2021,78.050003
CRI,Costa Rica,country,2022,79.316002
CRI,Costa Rica,country,2023,80.799004
CUB,Cuba,country,1990,73.822998
CUB,Cuba,country,1991,73.757004
CUB,Cuba,country,1992,73.846001
CUB,Cuba,country,1993,73.874001
CUB,Cuba,country,1994,74.092003
CUB,Cuba,country,1995,74.346001
CUB,Cuba,country,1996,74.690002
CUB,Cuba,country,1997,75.064003
CUB,Cuba,country,1998,75.412003
CUB,Cuba,country,1999,75.719002
CUB,Cuba,country,2000,75.921997
CUB,Cuba,country,2001,76.429001
CUB,Cuba,country,2002,76.765999
CUB,Cuba,country,2003,77.404999
CUB,Cuba,country,2004,77.325996
CUB,Cuba,country,2005,77.540001
CUB,Cuba,country,2006,77.405998
CUB,Cuba,country,2007,77.550003
CUB,Cuba,country,2008,77.588997
CUB,Cuba,country,2009,77.584
CUB,Cuba,country,2010,77.875999
CUB,Cuba,country,2011,78.051003
CUB,Cuba,country,2012,78.162003
CUB,Cuba,country,2013,78.028
CUB,Cuba,country,2014,77.824997
CUB,Cuba,country,2015,77.745003
CUB,Cuba,country,2016,77.570999
CUB,Cuba,country,2017,77.300003
CUB,Cuba,country,2018,77.426003
CUB,Cuba,country,2019,77.413002
CUB,Cuba,country,2020,77.406998
CUB,Cuba,country,2021,73.200996
CUB,Cuba,country,2022,77.628998
CUB,Cuba,country,2023,78.084999
CYP,Cyprus,country,1990,76.043999
CYP,Cyprus,country,1991,76.246002
CYP,Cyprus,country,1992,76.291
CYP,Cyprus,country,1993,76.293999
CYP,Cyprus,country,1994,76.383003
CYP,Cyprus,country,1995,76.583
CYP,Cyprus,country,1996,76.879997
CYP,Cyprus,country,1997,77.119003
CYP,Cyprus,country,1998,77.164001
CYP,Cyprus,country,1999,77.571999
CYP,Cyprus,country,2000,77.900002
CYP,Cyprus,country,2001,78.184998
CYP,Cyprus,country,2002,78.758003
CYP,Cyprus,country,2003,78.907997
CYP,Cyprus,country,2004,79.007004
CYP,Cyprus,country,2005,79.197998
CYP,Cyprus,country,2006,79.456001
CYP,Cyprus,country,2007,79.797997
CYP,Cyprus,country,2008,79.905998
CYP,Cyprus,country,2009,80.375
CYP,Cyprus,country,2010,80.632004
CYP,Cyprus,country,2011,80.855003
CYP,Cyprus,country,2012,81.127998
CYP,Cyprus,country,2013,81.317001
CYP,Cyprus,country,2014,81.336998
CYP,Cyprus,country,2015,81.463997
CYP,Cyprus,country,2016,81.533997
CYP,Cyprus,country,2017,81.542999
CYP,Cyprus,country,2018,81.556
CYP,Cyprus,country,2019,81.454002
CYP,Cyprus,country,2020,81.230003
CYP,Cyprus,country,2021,80.572998
CYP,Cyprus,country,2022,80.433998
CYP,Cyprus,country,2023,81.648003
CZE,Czechia,country,1990,71.408997
CZE,Czechia,country,1991,71.970001
CZE,Czechia,country,1992,72.330002
CZE,Czechia,country,1993,72.852997
CZE,Czechia,country,1994,73.082001
CZE,Czechia,country,1995,73.177002
CZE,Czechia,country,1996,73.834
CZE,Czechia,country,1997,73.945999
CZE,Czechia,country,1998,74.553001
CZE,Czechia,country,1999,74.740997
CZE,Czechia,country,2000,74.977997
CZE,Czechia,country,2001,75.314003
CZE,Czechia,country,2002,75.442001
CZE,Czechia,country,2003,75.396004
CZE,Czechia,country,2004,75.942001
CZE,Czechia,country,2005,76.155998
CZE,Czechia,country,2006,76.708
CZE,Czechia,country,2007,76.918999
CZE,Czechia,country,2008,77.171997
CZE,Czechia,country,2009,77.258003
CZE,Czechia,country,2010,77.568001
CZE,Czechia,country,2011,77.814003
CZE,Czechia,country,2012,77.998001
CZE,Czechia,country,2013,78.168999
CZE,Czechia,country,2014,78.744003
CZE,Czechia,country,2015,78.560997
CZE,Czechia,country,2016,78.973999
CZE,Czechia,country,2017,78.926003
CZE,Czechia,country,2018,78.960999
CZE,Czechia,country,2019,79.184998
CZE,Czechia,country,2020,78.237
CZE,Czechia,country,2021,77.234001
CZE,Czechia,country,2022,79.165001
CZE,Czechia,country,2023,79.834
DEU,Germany,country,1990,75.341003
DEU,Germany,country,1991,75.559998
DEU,Germany,country,1992,76.003998
DEU,Germany,country,1993,76.080002
DEU,Germany,country,1994,76.379997
DEU,Germany,country,1995,76.552002
DEU,Germany,country,1996,76.782997
DEU,Germany,country,1997,77.218002
DEU,Germany,country,1998,77.575996
DEU,Germany,country,1999,77.797997
DEU,Germany,country,2000,78.056
DEU,Germany,country,2001,78.402
DEU,Germany,country,2002,78.474998
DEU,Germany,country,2003,78.536003
DEU,Germany,country,2004,79.119003
DEU,Germany,country,2005,79.253998
DEU,Germany,country,2006,79.585999
DEU,Germany,country,2007,79.731003
DEU,Germany,country,2008,79.816002
DEU,Germany,country,2009,79.915001
DEU,Germany,country,2010,80.081001
DEU,Germany,country,2011,80.355003
DEU,Germany,country,2012,80.501999
DEU,Germany,country,2013,80.454002
DEU,Germany,country,2014,80.905998
DEU,Germany,country,2015,80.566002
DEU,Germany,country,2016,80.836998
DEU,Germany,country,2017,80.936996
DEU,Germany,country,2018,80.875
DEU,Germany,country,2019,81.189003
DEU,Germany,country,2020,81.003998
DEU,Germany,country,2021,81.106003
DEU,Germany,country,2022,80.580002
DEU,Germany,country,2023,81.377998
DJI,Djibouti,country,1990,55.469002
DJI,Djibouti,country,1991,55.194
DJI,Djibouti,country,1992,54.375
DJI,Djibouti,country,1993,55.734001
DJI,Djibouti,country,1994,55.591999
DJI,Djibouti,country,1995,56.234001
DJI,Djibouti,country,1996,56.330002
DJI,Djibouti,country,1997,56.207001
DJI,Djibouti,country,1998,56.425999
DJI,Djibouti,country,1999,56.563999
DJI,Djibouti,country,2000,56.734001
DJI,Djibouti,country,2001,57.506001
DJI,Djibouti,country,2002,57.824001
DJI,Djibouti,country,2003,58.041
DJI,Djibouti,country,2004,58.103001
DJI,Djibouti,country,2005,58.548
DJI,Djibouti,country,2006,58.962002
DJI,Djibouti,country,2007,59.362
DJI,Djibouti,country,2008,59.814999
DJI,Djibouti,country,2009,60.351002
DJI,Djibouti,country,2010,60.743
DJI,Djibouti,country,2011,61.337002
DJI,Djibouti,country,2012,61.719002
DJI,Djibouti,country,2013,62.116001
DJI,Djibouti,country,2014,62.426998
DJI,Djibouti,country,2015,62.833
DJI,Djibouti,country,2016,63.334999
DJI,Djibouti,country,2017,63.709999
DJI,Djibouti,country,2018,64.105003
DJI,Djibouti,country,2019,64.380997
DJI,Djibouti,country,2020,64.199997
DJI,Djibouti,country,2021,63.830002
DJI,Djibouti,country,2022,65.540001
DJI,Djibouti,country,2023,65.987
DMA,Dominica,country,1990,70.471001
DMA,Dominica,country,1991,70.398003
DMA,Dominica,country,1992,70.473
DMA,Dominica,country,1993,70.612
DMA,Dominica,country,1994,70.777
DMA,Dominica,country,1995,70.832001
DMA,Dominica,country,1996,71.039001
DMA,Dominica,country,1997,71.195
DMA,Dominica,country,1998,71.351997
DMA,Dominica,country,1999,71.527
DMA,Dominica,country,2000,71.714996
DMA,Dominica,country,2001,71.862
DMA,Dominica,country,2002,71.927002
DMA,Dominica,country,2003,71.942001
DMA,Dominica,country,2004,71.987
DMA,Dominica,country,2005,72.015999
DMA,Dominica,country,2006,72.007004
DMA,Dominica,country,2007,71.901001
DMA,Dominica,country,2008,71.945
DMA,Dominica,country,2009,71.834999
DMA,Dominica,country,2010,71.68
DMA,Dominica,country,2011,71.516998
DMA,Dominica,country,2012,71.390999
DMA,Dominica,country,2013,71.227997
DMA,Dominica,country,2014,71.189003
DMA,Dominica,country,2015,69.968002
DMA,Dominica,country,2016,71.189003
DMA,Dominica,country,2017,68.620003
DMA,Dominica,country,2018,71.377998
DMA,Dominica,country,2019,71.305
DMA,Dominica,country,2020,71.268997
DMA,Dominica,country,2021,69.832001
DMA,Dominica,country,2022,71.081001
DMA,Dominica,country,2023,71.132004
DNK,Denmark,country,1990,74.864998
DNK,Denmark,country,1991,75.226997
DNK,Denmark,country,1992,75.268997
DNK,Denmark,country,1993,75.189003
DNK,Denmark,country,1994,75.441002
DNK,Denmark,country,1995,75.287003
DNK,Denmark,country,1996,75.664001
DNK,Denmark,country,1997,76.041
DNK,Denmark,country,1998,76.435997
DNK,Denmark,country,1999,76.578003
DNK,Denmark,country,2000,76.815002
DNK,Denmark,country,2001,76.973999
DNK,Denmark,country,2002,77.098999
DNK,Denmark,country,2003,77.401001
DNK,Denmark,country,2004,77.785004
DNK,Denmark,country,2005,78.225998
DNK,Denmark,country,2006,78.223
DNK,Denmark,country,2007,78.348999
DNK,Denmark,country,2008,78.713997
DNK,Denmark,country,2009,78.957001
DNK,Denmark,country,2010,79.247002
DNK,Denmark,country,2011,79.786003
DNK,Denmark,country,2012,80.082001
DNK,Denmark,country,2013,80.306
DNK,Denmark,country,2014,80.632004
DNK,Denmark,country,2015,80.738998
DNK,Denmark,country,2016,80.880997
DNK,Denmark,country,2017,81.112
DNK,Denmark,country,2018,80.990997
DNK,Denmark,country,2019,81.433998
DNK,Denmark,country,2020,81.545998
DNK,Denmark,country,2021,81.435997
DNK,Denmark,country,2022,81.291
DNK,Denmark,country,2023,81.932999
DOM,Dominican Republic,country,1990,67.746002
DOM,Dominican Republic,country,1991,68.153999
DOM,Dominican Republic,country,1992,68.525002
DOM,Dominican Republic,country,1993,68.860001
DOM,Dominican Republic,country,1994,69.160004
DOM,Dominican Republic,country,1995,69.393997
DOM,Dominican Republic,country,1996,69.595001
DOM,Dominican Republic,country,1997,69.808998
DOM,Dominican Republic,country,1998,69.875
DOM,Dominican Republic,country,1999,70.178001
DOM,Dominican Republic,country,2000,70.364998
DOM,Dominican Republic,country,2001,70.553001
DOM,Dominican Republic,country,2002,70.719002
DOM,Dominican Republic,country,2003,70.856003
DOM,Dominican Republic,country,2004,70.730003
DOM,Dominican Republic,country,2005,71.042999
DOM,Dominican Republic,country,2006,71.054001
DOM,Dominican Republic,country,2007,71.097
DOM,Dominican Republic,country,2008,71.331001
DOM,Dominican Republic,country,2009,71.586998
DOM,Dominican Republic,country,2010,72.039001
DOM,Dominican Republic,country,2011,72.496002
DOM,Dominican Republic,country,2012,72.817001
DOM,Dominican Republic,country,2013,73.038002
DOM,Dominican Republic,country,2014,73.144997
DOM,Dominican Republic,country,2015,72.982002
DOM,Dominican Republic,country,2016,72.889
DOM,Dominican Republic,country,2017,73.370003
DOM,Dominican Republic,country,2018,73.555
DOM,Dominican Republic,country,2019,73.112
DOM,Dominican Republic,country,2020,72.636002
DOM,Dominican Republic,country,2021,71.757004
DOM,Dominican Republic,country,2022,74.210999
DOM,Dominican Republic,country,2023,73.720001
DZA,Algeria,country,1990,67.657997
DZA,Algeria,country,1991,67.692001
DZA,Algeria,country,1992,67.724998
DZA,Algeria,country,1993,67.796997
DZA,Algeria,country,1994,67.283997
DZA,Algeria,country,1995,67.691002
DZA,Algeria,country,1996,68.219002
DZA,Algeria,country,1997,68.859001
DZA,Algeria,country,1998,69.327003
DZA,Algeria,country,1999,70.087997
DZA,Algeria,country,2000,70.575996
DZA,Algeria,country,2001,71.025002
DZA,Algeria,country,2002,71.643997
DZA,Algeria,country,2003,71.905998
DZA,Algeria,country,2004,72.536003
DZA,Algeria,country,2005,72.835999
DZA,Algeria,country,2006,73.115997
DZA,Algeria,country,2007,73.346001
DZA,Algeria,country,2008,73.617996
DZA,Algeria,country,2009,73.871002
DZA,Algeria,country,2010,74.143997
DZA,Algeria,country,2011,74.383003
DZA,Algeria,country,2012,74.609001
DZA,Algeria,country,2013,74.808998
DZA,Algeria,country,2014,74.991997
DZA,Algeria,country,2015,75.158997
DZA,Algeria,country,2016,75.309998
DZA,Algeria,country,2017,75.431
DZA,Algeria,country,2018,75.555
DZA,Algeria,country,2019,75.681999
DZA,Algeria,country,2020,73.257004
DZA,Algeria,country,2021,75.208
DZA,Algeria,country,2022,76.128998
DZA,Algeria,country,2023,76.261002
ECU,Ecuador,country,1990,68.445
ECU,Ecuador,country,1991,69.040001
ECU,Ecuador,country,1992,69.468002
ECU,Ecuador,country,1993,70.07
ECU,Ecuador,country,1994,70.875999
ECU,Ecuador,country,1995,71.348999
ECU,Ecuador,country,1996,71.82
ECU,Ecuador,country,1997,72.007004
ECU,Ecuador,country,1998,71.948997
ECU,Ecuador,country,1999,71.919998
ECU,Ecuador,country,2000,72.089996
ECU,Ecuador,country,2001,72.570999
ECU,Ecuador,country,2002,73.164001
ECU,Ecuador,country,2003,73.632004
ECU,Ecuador,country,2004,73.867996
ECU,Ecuador,country,2005,73.908997
ECU,Ecuador,country,2006,74.010002
ECU,Ecuador,country,2007,74.225998
ECU,Ecuador,country,2008,74.709
ECU,Ecuador,country,2009,74.901001
ECU,Ecuador,country,2010,75.188004
ECU,Ecuador,country,2011,75.179001
ECU,Ecuador,country,2012,75.486
ECU,Ecuador,country,2013,75.832001
ECU,Ecuador,country,2014,76.140999
ECU,Ecuador,country,2015,76.222
ECU,Ecuador,country,2016,76.094002
ECU,Ecuador,country,2017,76.220001
ECU,Ecuador,country,2018,77.248001
ECU,Ecuador,country,2019,77.286003
ECU,Ecuador,country,2020,72.003998
ECU,Ecuador,country,2021,72.746002
ECU,Ecuador,country,2022,76.577003
ECU,Ecuador,country,2023,77.391998
EGY,Egypt,country,1990,62.513
EGY,Egypt,country,1991,63.058998
EGY,Egypt,country,1992,63.584999
EGY,Egypt,country,1993,64.147003
EGY,Egypt,country,1994,64.663002
EGY,Egypt,country,1995,65.213997
EGY,Egypt,country,1996,65.733002
EGY,Egypt,country,1997,66.207001
EGY,Egypt,country,1998,66.635002
EGY,Egypt,country,1999,67.010002
EGY,Egypt,country,2000,67.332001
EGY,Egypt,country,2001,67.612
EGY,Egypt,country,2002,67.846001
EGY,Egypt,country,2003,68.044998
EGY,Egypt,country,2004,68.210999
EGY,Egypt,country,2005,68.355003
EGY,Egypt,country,2006,68.492996
EGY,Egypt,country,2007,68.626999
EGY,Egypt,country,2008,68.761002
EGY,Egypt,country,2009,68.915001
EGY,Egypt,country,2010,69.078003
EGY,Egypt,country,2011,69.232002
EGY,Egypt,country,2012,69.463997
EGY,Egypt,country,2013,69.632004
EGY,Egypt,country,2014,69.911003
EGY,Egypt,country,2015,70.135002
EGY,Egypt,country,2016,70.436996
EGY,Egypt,country,2017,70.709
EGY,Egypt,country,2018,70.973999
EGY,Egypt,country,2019,71.212997
EGY,Egypt,country,2020,69.790001
EGY,Egypt,country,2021,68.975998
EGY,Egypt,country,2022,71.010002
EGY,Egypt,country,2023,71.633003
ERI,Eritrea,country,1990,49.733002
ERI,Eritrea,country,1991,50.515999
ERI,Eritrea,country,1992,52.436001
ERI,Eritrea,country,1993,53.188999
ERI,Eritrea,country,1994,54.027
ERI,Eritrea,country,1995,54.821999
ERI,Eritrea,country,1996,55.498001
ERI,Eritrea,country,1997,56.154999
ERI,Eritrea,country,1998,49.997002
ERI,Eritrea,country,1999,44.506001
ERI,Eritrea,country,2000,56.285
ERI,Eritrea,country,2001,58.359001
ERI,Eritrea,country,2002,58.941002
ERI,Eritrea,country,2003,59.455002
ERI,Eritrea,country,2004,60.063
ERI,Eritrea,country,2005,60.627998
ERI,Eritrea,country,2006,61.457001
ERI,Eritrea,country,2007,61.998001
ERI,Eritrea,country,2008,62.422001
ERI,Eritrea,country,2009,63.202999
ERI,Eritrea,country,2010,63.665001
ERI,Eritrea,country,2011,64.231003
ERI,Eritrea,country,2012,64.696999
ERI,Eritrea,country,2013,65.004997
ERI,Eritrea,country,2014,65.516998
ERI,Eritrea,country,2015,65.908997
ERI,Eritrea,country,2016,66.241997
ERI,Eritrea,country,2017,66.612
ERI,Eritrea,country,2018,66.978996
ERI,Eritrea,country,2019,67.306
ERI,Eritrea,country,2020,66.980003
ERI,Eritrea,country,2021,66.940002
ERI,Eritrea,country,2022,67.789001
ERI,Eritrea,country,2023,68.624001
ESP,Spain,country,1990,77
ESP,Spain,country,1991,77.128998
ESP,Spain,country,1992,77.588997
ESP,Spain,country,1993,77.727997
ESP,Spain,country,1994,78.113998
ESP,Spain,country,1995,78.199997
ESP,Spain,country,1996,78.338997
ESP,Spain,country,1997,78.849998
ESP,Spain,country,1998,78.939003
ESP,Spain,country,1999,78.944
ESP,Spain,country,2000,79.412003
ESP,Spain,country,2001,79.738998
ESP,Spain,country,2002,79.818001
ESP,Spain,country,2003,79.748001
ESP,Spain,country,2004,80.328003
ESP,Spain,country,2005,80.32
ESP,Spain,country,2006,80.962997
ESP,Spain,country,2007,80.970001
ESP,Spain,country,2008,81.278
ESP,Spain,country,2009,81.626999
ESP,Spain,country,2010,82.005997
ESP,Spain,country,2011,82.18
ESP,Spain,country,2012,82.191002
ESP,Spain,country,2013,82.694
ESP,Spain,country,2014,82.828003
ESP,Spain,country,2015,82.611
ESP,Spain,country,2016,83
ESP,Spain,country,2017,82.986
ESP,Spain,country,2018,83.096001
ESP,Spain,country,2019,83.478996
ESP,Spain,country,2020,82.240997
ESP,Spain,country,2021,82.950996
ESP,Spain,country,2022,82.365997
ESP,Spain,country,2023,83.669998
EST,Estonia,country,1990,69.917
EST,Estonia,country,1991,69.794998
EST,Estonia,country,1992,69.158997
EST,Estonia,country,1993,68.222
EST,Estonia,country,1994,66.744003
EST,Estonia,country,1995,67.814003
EST,Estonia,country,1996,70.030998
EST,Estonia,country,1997,70.244003
EST,Estonia,country,1998,69.839996
EST,Estonia,country,1999,70.681
EST,Estonia,country,2000,71.014
EST,Estonia,country,2001,70.834
EST,Estonia,country,2002,71.363998
EST,Estonia,country,2003,71.922997
EST,Estonia,country,2004,72.375
EST,Estonia,country,2005,73.028
EST,Estonia,country,2006,73.199997
EST,Estonia,country,2007,73.153
EST,Estonia,country,2008,74.278999
EST,Estonia,country,2009,75.152
EST,Estonia,country,2010,75.882004
EST,Estonia,country,2011,76.346001
EST,Estonia,country,2012,76.416
EST,Estonia,country,2013,77.251999
EST,Estonia,country,2014,77.110001
EST,Estonia,country,2015,77.665001
EST,Estonia,country,2016,77.763
EST,Estonia,country,2017,78.181
EST,Estonia,country,2018,78.334
EST,Estonia,country,2019,78.773003
EST,Estonia,country,2020,78.892998
EST,Estonia,country,2021,77.408997
EST,Estonia,country,2022,78.167
EST,Estonia,country,2023,79.153
ETH,Ethiopia,country,1990,45.117001
ETH,Ethiopia,country,1991,46.657001
ETH,Ethiopia,country,1992,47.278999
ETH,Ethiopia,country,1993,47.675999
ETH,Ethiopia,country,1994,47.925999
ETH,Ethiopia,country,1995,48.155998
ETH,Ethiopia,country,1996,48.696999
ETH,Ethiopia,country,1997,49.209999
ETH,Ethiopia,country,1998,49.785
ETH,Ethiopia,country,1999,49.486
ETH,Ethiopia,country,2000,50.880001
ETH,Ethiopia,country,2001,51.428001
ETH,Ethiopia,country,2002,52.084999
ETH,Ethiopia,country,2003,52.876999
ETH,Ethiopia,country,2004,53.735001
ETH,Ethiopia,country,2005,54.363998
ETH,Ethiopia,country,2006,55.402
ETH,Ethiopia,country,2007,56.566002
ETH,Ethiopia,country,2008,57.733002
ETH,Ethiopia,country,2009,58.715
ETH,Ethiopia,country,2010,59.709
ETH,Ethiopia,country,2011,60.595001
ETH,Ethiopia,country,2012,61.443001
ETH,Ethiopia,country,2013,62.160999
ETH,Ethiopia,country,2014,62.926998
ETH,Ethiopia,country,2015,63.591999
ETH,Ethiopia,country,2016,64.162003
ETH,Ethiopia,country,2017,64.765999
ETH,Ethiopia,country,2018,65.257004
ETH,Ethiopia,country,2019,65.740997
ETH,Ethiopia,country,2020,65.969002
ETH,Ethiopia,country,2021,65.330002
ETH,Ethiopia,country,2022,66.897003
ETH,Ethiopia,country,2023,67.315002
FIN,Finland,country,1990,74.988998
FIN,Finland,country,1991,75.406998
FIN,Finland,country,1992,75.647003
FIN,Finland,country,1993,75.885002
FIN,Finland,country,1994,76.574997
FIN,Finland,country,1995,76.603996
FIN,Finland,country,1996,76.870003
FIN,Finland,country,1997,77.064003
FIN,Finland,country,1998,77.259003
FIN,Finland,country,1999,77.450996
FIN,Finland,country,2000,77.670998
FIN,Finland,country,2001,78.141998
FIN,Finland,country,2002,78.269997
FIN,Finland,country,2003,78.532997
FIN,Finland,country,2004,78.846001
FIN,Finland,country,2005,78.971001
FIN,Finland,country,2006,79.373001
FIN,Finland,country,2007,79.390999
FIN,Finland,country,2008,79.695
FIN,Finland,country,2009,79.831001
FIN,Finland,country,2010,80.012001
FIN,Finland,country,2011,80.391998
FIN,Finland,country,2012,80.508003
FIN,Finland,country,2013,80.869003
FIN,Finland,country,2014,81.055
FIN,Finland,country,2015,81.376999
FIN,Finland,country,2016,81.303001
FIN,Finland,country,2017,81.497002
FIN,Finland,country,2018,81.625999
FIN,Finland,country,2019,81.863998
FIN,Finland,country,2020,81.821999
FIN,Finland,country,2021,81.814003
FIN,Finland,country,2022,81.242996
FIN,Finland,country,2023,81.910004
FJI,Fiji,country,1990,65.056
FJI,Fiji,country,1991,65.457001
FJI,Fiji,country,1992,65.406998
FJI,Fiji,country,1993,65.510002
FJI,Fiji,country,1994,65.795998
FJI,Fiji,country,1995,66.007004
FJI,Fiji,country,1996,66.202003
FJI,Fiji,country,1997,66.292999
FJI,Fiji,country,1998,66.536003
FJI,Fiji,country,1999,66.727997
FJI,Fiji,country,2000,66.194
FJI,Fiji,country,2001,66.205002
FJI,Fiji,country,2002,65.491997
FJI,Fiji,country,2003,65.653
FJI,Fiji,country,2004,65.841003
FJI,Fiji,country,2005,65.983002
FJI,Fiji,country,2006,66.125999
FJI,Fiji,country,2007,66.161003
FJI,Fiji,country,2008,66.32
FJI,Fiji,country,2009,66.347
FJI,Fiji,country,2010,66.778
FJI,Fiji,country,2011,66.879997
FJI,Fiji,country,2012,65.811996
FJI,Fiji,country,2013,66.544998
FJI,Fiji,country,2014,66.581001
FJI,Fiji,country,2015,66.480003
FJI,Fiji,country,2016,66.656998
FJI,Fiji,country,2017,67.059998
FJI,Fiji,country,2018,66.964996
FJI,Fiji,country,2019,67.009003
FJI,Fiji,country,2020,66.924004
FJI,Fiji,country,2021,64.903999
FJI,Fiji,country,2022,67.148003
FJI,Fiji,country,2023,67.316002
FRA,France,country,1990,76.834999
FRA,France,country,1991,77.015999
FRA,France,country,1992,77.296997
FRA,France,country,1993,77.348999
FRA,France,country,1994,77.767998
FRA,France,country,1995,77.871002
FRA,France,country,1996,78.060997
FRA,France,country,1997,78.425003
FRA,France,country,1998,78.587997
FRA,France,country,1999,78.746002
FRA,France,country,2000,79.043999
FRA,France,country,2001,79.221001
FRA,France,country,2002,79.411003
FRA,France,country,2003,79.418999
FRA,France,country,2004,80.335999
FRA,France,country,2005,80.336998
FRA,France,country,2006,80.745003
FRA,France,country,2007,80.959999
FRA,France,country,2008,81.039001
FRA,France,country,2009,81.163002
FRA,France,country,2010,81.404999
FRA,France,country,2011,81.780998
FRA,France,country,2012,81.738998
FRA,France,country,2013,81.978996
FRA,France,country,2014,82.436996
FRA,France,country,2015,82.149002
FRA,France,country,2016,82.401001
FRA,France,country,2017,82.439003
FRA,France,country,2018,82.568001
FRA,France,country,2019,82.730003
FRA,France,country,2020,82.198997
FRA,France,country,2021,82.321999
FRA,France,country,2022,82.474998
FRA,France,country,2023,83.324997
FSM,Micronesia (Federated States of),country,1990,63.722
FSM,Micronesia (Federated States of),country,1991,63.881001
FSM,Micronesia (Federated States of),country,1992,63.995998
FSM,Micronesia (Federated States of),country,1993,64.041
FSM,Micronesia (Federated States of),country,1994,64.082001
FSM,Micronesia (Federated States of),country,1995,64.141998
FSM,Micronesia (Federated States of),country,1996,64.252998
FSM,Micronesia (Federated States of),country,1997,64.371002
FSM,Micronesia (Federated States of),country,1998,64.509003
FSM,Micronesia (Federated States of),country,1999,64.625999
FSM,Micronesia (Federated States of),country,2000,64.317001
FSM,Micronesia (Federated States of),country,2001,64.801003
FSM,Micronesia (Federated States of),country,2002,63.907001
FSM,Micronesia (Federated States of),country,2003,64.915001
FSM,Micronesia (Federated States of),country,2004,64.898003
FSM,Micronesia (Federated States of),country,2005,64.905998
FSM,Micronesia (Federated States of),country,2006,64.859001
FSM,Micronesia (Federated States of),country,2007,64.844002
FSM,Micronesia (Federated States of),country,2008,64.848999
FSM,Micronesia (Federated States of),country,2009,64.864998
FSM,Micronesia (Federated States of),country,2010,64.891998
FSM,Micronesia (Federated States of),country,2011,64.969002
FSM,Micronesia (Federated States of),country,2012,65.080002
FSM,Micronesia (Federated States of),country,2013,65.179001
FSM,Micronesia (Federated States of),country,2014,65.293999
FSM,Micronesia (Federated States of),country,2015,65.306
FSM,Micronesia (Federated States of),country,2016,65.575996
FSM,Micronesia (Federated States of),country,2017,65.761002
FSM,Micronesia (Federated States of),country,2018,65.943001
FSM,Micronesia (Federated States of),country,2019,66.195999
FSM,Micronesia (Federated States of),country,2020,65.877998
FSM,Micronesia (Federated States of),country,2021,66.152
FSM,Micronesia (Federated States of),country,2022,66.960999
FSM,Micronesia (Federated States of),country,2023,67.197998
GAB,Gabon,country,1990,60.736
GAB,Gabon,country,1991,60.890999
GAB,Gabon,country,1992,61.013
GAB,Gabon,country,1993,61.125
GAB,Gabon,country,1994,61.182999
GAB,Gabon,country,1995,61.27
GAB,Gabon,country,1996,61.264999
GAB,Gabon,country,1997,61.395
GAB,Gabon,country,1998,61.506001
GAB,Gabon,country,1999,61.658001
GAB,Gabon,country,2000,61.810001
GAB,Gabon,country,2001,61.981998
GAB,Gabon,country,2002,62.174999
GAB,Gabon,country,2003,62.463001
GAB,Gabon,country,2004,62.694
GAB,Gabon,country,2005,62.978001
GAB,Gabon,country,2006,63.258999
GAB,Gabon,country,2007,63.618999
GAB,Gabon,country,2008,64.011002
GAB,Gabon,country,2009,64.361
GAB,Gabon,country,2010,64.714996
GAB,Gabon,country,2011,65.101997
GAB,Gabon,country,2012,65.438004
GAB,Gabon,country,2013,65.750999
GAB,Gabon,country,2014,66.07
GAB,Gabon,country,2015,66.335999
GAB,Gabon,country,2016,66.583
GAB,Gabon,country,2017,66.816002
GAB,Gabon,country,2018,67.042999
GAB,Gabon,country,2019,67.336998
GAB,Gabon,country,2020,67.072998
GAB,Gabon,country,2021,67.071999
GAB,Gabon,country,2022,67.712997
GAB,Gabon,country,2023,68.336998
GBR,United Kingdom of Great Britain and Northern Ireland,country,1990,75.737999
GBR,United Kingdom of Great Britain and Northern Ireland,country,1991,75.911003
GBR,United Kingdom of Great Britain and Northern Ireland,country,1992,76.306999
GBR,United Kingdom of Great Britain and Northern Ireland,country,1993,76.160004
GBR,United Kingdom of Great Britain and Northern Ireland,country,1994,76.720001
GBR,United Kingdom of Great Britain and Northern Ireland,country,1995,76.613998
GBR,United Kingdom of Great Britain and Northern Ireland,country,1996,76.872002
GBR,United Kingdom of Great Britain and Northern Ireland,country,1997,77.139
GBR,United Kingdom of Great Britain and Northern Ireland,country,1998,77.275002
GBR,United Kingdom of Great Britain and Northern Ireland,country,1999,77.373001
GBR,United Kingdom of Great Britain and Northern Ireland,country,2000,77.848999
GBR,United Kingdom of Great Britain and Northern Ireland,country,2001,78.121002
GBR,United Kingdom of Great Britain and Northern Ireland,country,2002,78.237
GBR,United Kingdom of Great Britain and Northern Ireland,country,2003,78.330002
GBR,United Kingdom of Great Britain and Northern Ireland,country,2004,78.900002
GBR,United Kingdom of Great Britain and Northern Ireland,country,2005,79.106003
GBR,United Kingdom of Great Britain and Northern Ireland,country,2006,79.347
GBR,United Kingdom of Great Britain and Northern Ireland,country,2007,79.533997
GBR,United Kingdom of Great Britain and Northern Ireland,country,2008,79.654999
GBR,United Kingdom of Great Britain and Northern Ireland,country,2009,80.155998
GBR,United Kingdom of Great Britain and Northern Ireland,country,2010,80.390999
GBR,United Kingdom of Great Britain and Northern Ireland,country,2011,80.795998
GBR,United Kingdom of Great Britain and Northern Ireland,country,2012,80.859001
GBR,United Kingdom of Great Britain and Northern Ireland,country,2013,80.922997
GBR,United Kingdom of Great Britain and Northern Ireland,country,2014,81.153
GBR,United Kingdom of Great Britain and Northern Ireland,country,2015,80.918999
GBR,United Kingdom of Great Britain and Northern Ireland,country,2016,81.067001
GBR,United Kingdom of Great Britain and Northern Ireland,country,2017,81.164001
GBR,United Kingdom of Great Britain and Northern Ireland,country,2018,81.123001
GBR,United Kingdom of Great Britain and Northern Ireland,country,2019,81.443001
GBR,United Kingdom of Great Britain and Northern Ireland,country,2020,80.385002
GBR,United Kingdom of Great Britain and Northern Ireland,country,2021,80.708
GBR,United Kingdom of Great Britain and Northern Ireland,country,2022,81.073997
GBR,United Kingdom of Great Britain and Northern Ireland,country,2023,81.302002
GEO,Georgia,country,1990,68.679001
GEO,Georgia,country,1991,68.202003
GEO,Georgia,country,1992,67.779999
GEO,Georgia,country,1993,67.404999
GEO,Georgia,country,1994,68.668999
GEO,Georgia,country,1995,69.398003
GEO,Georgia,country,1996,70.637001
GEO,Georgia,country,1997,69.682999
GEO,Georgia,country,1998,69.787003
GEO,Georgia,country,1999,70.012001
GEO,Georgia,country,2000,70.091003
GEO,Georgia,country,2001,70.371002
GEO,Georgia,country,2002,70.438004
GEO,Georgia,country,2003,71.376999
GEO,Georgia,country,2004,71.011002
GEO,Georgia,country,2005,70.689003
GEO,Georgia,country,2006,70.983002
GEO,Georgia,country,2007,70.985001
GEO,Georgia,country,2008,70.948997
GEO,Georgia,country,2009,71.057999
GEO,Georgia,country,2010,71.732002
GEO,Georgia,country,2011,72.485001
GEO,Georgia,country,2012,72.671997
GEO,Georgia,country,2013,73.025002
GEO,Georgia,country,2014,73.105003
GEO,Georgia,country,2015,73.240997
GEO,Georgia,country,2016,73.136002
GEO,Georgia,country,2017,73.434998
GEO,Georgia,country,2018,73.985001
GEO,Georgia,country,2019,74.165001
GEO,Georgia,country,2020,73.509003
GEO,Georgia,country,2021,71.635002
GEO,Georgia,country,2022,74.140999
GEO,Georgia,country,2023,74.496002
GHA,Ghana,country,1990,55.395
GHA,Ghana,country,1991,55.722
GHA,Ghana,country,1992,56.055
GHA,Ghana,country,1993,56.285999
GHA,Ghana,country,1994,56.234001
GHA,Ghana,country,1995,56.661999
GHA,Ghana,country,1996,56.957001
GHA,Ghana,country,1997,57.241001
GHA,Ghana,country,1998,57.525002
GHA,Ghana,country,1999,57.834999
GHA,Ghana,country,2000,58.139
GHA,Ghana,country,2001,58.403
GHA,Ghana,country,2002,58.709
GHA,Ghana,country,2003,59.014
GHA,Ghana,country,2004,59.316002
GHA,Ghana,country,2005,59.638
GHA,Ghana,country,2006,59.974998
GHA,Ghana,country,2007,60.282001
GHA,Ghana,country,2008,60.577999
GHA,Ghana,country,2009,60.928001
GHA,Ghana,country,2010,61.297001
GHA,Ghana,country,2011,61.617001
GHA,Ghana,country,2012,61.994999
GHA,Ghana,country,2013,62.396999
GHA,Ghana,country,2014,62.832001
GHA,Ghana,country,2015,63.174999
GHA,Ghana,country,2016,63.521999
GHA,Ghana,country,2017,63.828999
GHA,Ghana,country,2018,64.138
GHA,Ghana,country,2019,64.455002
GHA,Ghana,country,2020,64.308998
GHA,Ghana,country,2021,64.286003
GHA,Ghana,country,2022,65.246002
GHA,Ghana,country,2023,65.498001
GIN,Guinea,country,1990,47.251999
GIN,Guinea,country,1991,47.780998
GIN,Guinea,country,1992,48.265999
GIN,Guinea,country,1993,48.819
GIN,Guinea,country,1994,49.188
GIN,Guinea,country,1995,49.835999
GIN,Guinea,country,1996,50.546001
GIN,Guinea,country,1997,51.112999
GIN,Guinea,country,1998,51.610001
GIN,Guinea,country,1999,51.987
GIN,Guinea,country,2000,52.419998
GIN,Guinea,country,2001,52.668999
GIN,Guinea,country,2002,53.200001
GIN,Guinea,country,2003,53.589001
GIN,Guinea,country,2004,53.974998
GIN,Guinea,country,2005,54.422001
GIN,Guinea,country,2006,54.875
GIN,Guinea,country,2007,55.233002
GIN,Guinea,country,2008,55.702999
GIN,Guinea,country,2009,56.051998
GIN,Guinea,country,2010,56.431
GIN,Guinea,country,2011,56.778
GIN,Guinea,country,2012,57.117001
GIN,Guinea,country,2013,57.459
GIN,Guinea,country,2014,57.581001
GIN,Guinea,country,2015,57.898998
GIN,Guinea,country,2016,58.490002
GIN,Guinea,country,2017,58.715
GIN,Guinea,country,2018,59.042999
GIN,Guinea,country,2019,59.379002
GIN,Guinea,country,2020,59.349998
GIN,Guinea,country,2021,59.373001
GIN,Guinea,country,2022,60.431999
GIN,Guinea,country,2023,60.740002
GMB,Gambia,country,1990,51.278
GMB,Gambia,country,1991,51.856998
GMB,Gambia,country,1992,52.477001
GMB,Gambia,country,1993,53.150002
GMB,Gambia,country,1994,53.768002
GMB,Gambia,country,1995,54.292
GMB,Gambia,country,1996,54.848999
GMB,Gambia,country,1997,55.224998
GMB,Gambia,country,1998,56.007
GMB,Gambia,country,1999,56.466
GMB,Gambia,country,2000,56.898998
GMB,Gambia,country,2001,57.283001
GMB,Gambia,country,2002,57.736
GMB,Gambia,country,2003,58.223
GMB,Gambia,country,2004,58.749001
GMB,Gambia,country,2005,59.110001
GMB,Gambia,country,2006,59.667
GMB,Gambia,country,2007,60.000999
GMB,Gambia,country,2008,60.473
GMB,Gambia,country,2009,60.735001
GMB,Gambia,country,2010,61.167
GMB,Gambia,country,2011,61.561001
GMB,Gambia,country,2012,61.900002
GMB,Gambia,country,2013,62.251999
GMB,Gambia,country,2014,62.576
GMB,Gambia,country,2015,62.971001
GMB,Gambia,country,2016,63.386002
GMB,Gambia,country,2017,63.708
GMB,Gambia,country,2018,64.033997
GMB,Gambia,country,2019,64.427002
GMB,Gambia,country,2020,64.417999
GMB,Gambia,country,2021,63.847
GMB,Gambia,country,2022,64.859001
GMB,Gambia,country,2023,65.860001
GNB,Guinea-Bissau,country,1990,46.889999
GNB,Guinea-Bissau,country,1991,47.201
GNB,Guinea-Bissau,country,1992,47.518002
GNB,Guinea-Bissau,country,1993,47.84
GNB,Guinea-Bissau,country,1994,47.775002
GNB,Guinea-Bissau,country,1995,48.530998
GNB,Guinea-Bissau,country,1996,48.771999
GNB,Guinea-Bissau,country,1997,48.033001
GNB,Guinea-Bissau,country,1998,48.123001
GNB,Guinea-Bissau,country,1999,48.492001
GNB,Guinea-Bissau,country,2000,50.564999
GNB,Guinea-Bissau,country,2001,51.054001
GNB,Guinea-Bissau,country,2002,51.608002
GNB,Guinea-Bissau,country,2003,52.186001
GNB,Guinea-Bissau,country,2004,52.799999
GNB,Guinea-Bissau,country,2005,52.949001
GNB,Guinea-Bissau,country,2006,54.089001
GNB,Guinea-Bissau,country,2007,54.869999
GNB,Guinea-Bissau,country,2008,55.299999
GNB,Guinea-Bissau,country,2009,56.297001
GNB,Guinea-Bissau,country,2010,56.999001
GNB,Guinea-Bissau,country,2011,57.662998
GNB,Guinea-Bissau,country,2012,58.27
GNB,Guinea-Bissau,country,2013,58.879002
GNB,Guinea-Bissau,country,2014,59.476002
GNB,Guinea-Bissau,country,2015,60.070999
GNB,Guinea-Bissau,country,2016,60.618999
GNB,Guinea-Bissau,country,2017,61.147999
GNB,Guinea-Bissau,country,2018,61.652
GNB,Guinea-Bissau,country,2019,62.160999
GNB,Guinea-Bissau,country,2020,61.342999
GNB,Guinea-Bissau,country,2021,61.653
GNB,Guinea-Bissau,country,2022,63.605
GNB,Guinea-Bissau,country,2023,64.084999
GNQ,Equatorial Guinea,country,1990,51.396999
GNQ,Equatorial Guinea,country,1991,51.497002
GNQ,Equatorial Guinea,country,1992,51.578999
GNQ,Equatorial Guinea,country,1993,51.671001
GNQ,Equatorial Guinea,country,1994,51.785
GNQ,Equatorial Guinea,country,1995,51.925999
GNQ,Equatorial Guinea,country,1996,52.123001
GNQ,Equatorial Guinea,country,1997,52.365002
GNQ,Equatorial Guinea,country,1998,52.646
GNQ,Equatorial Guinea,country,1999,53.000999
GNQ,Equatorial Guinea,country,2000,53.395
GNQ,Equatorial Guinea,country,2001,53.827
GNQ,Equatorial Guinea,country,2002,54.324001
GNQ,Equatorial Guinea,country,2003,54.791
GNQ,Equatorial Guinea,country,2004,55.306999
GNQ,Equatorial Guinea,country,2005,55.765999
GNQ,Equatorial Guinea,country,2006,56.354
GNQ,Equatorial Guinea,country,2007,56.856998
GNQ,Equatorial Guinea,country,2008,57.383999
GNQ,Equatorial Guinea,country,2009,57.881001
GNQ,Equatorial Guinea,country,2010,58.344002
GNQ,Equatorial Guinea,country,2011,58.827
GNQ,Equatorial Guinea,country,2012,59.300999
GNQ,Equatorial Guinea,country,2013,59.784
GNQ,Equatorial Guinea,country,2014,60.228001
GNQ,Equatorial Guinea,country,2015,60.634998
GNQ,Equatorial Guinea,country,2016,61.081001
GNQ,Equatorial Guinea,country,2017,61.480999
GNQ,Equatorial Guinea,country,2018,61.915001
GNQ,Equatorial Guinea,country,2019,62.297001
GNQ,Equatorial Guinea,country,2020,62.140999
GNQ,Equatorial Guinea,country,2021,62.446999
GNQ,Equatorial Guinea,country,2022,63.355
GNQ,Equatorial Guinea,country,2023,63.707001
GRC,Greece,country,1990,77.299004
GRC,Greece,country,1991,77.386002
GRC,Greece,country,1992,77.306
GRC,Greece,country,1993,77.691002
GRC,Greece,country,1994,77.858002
GRC,Greece,country,1995,77.892998
GRC,Greece,country,1996,78.036003
GRC,Greece,country,1997,78.399002
GRC,Greece,country,1998,78.303001
GRC,Greece,country,1999,78.422997
GRC,Greece,country,2000,78.442001
GRC,Greece,country,2001,78.908997
GRC,Greece,country,2002,79.030998
GRC,Greece,country,2003,79.084999
GRC,Greece,country,2004,79.349998
GRC,Greece,country,2005,79.650002
GRC,Greece,country,2006,79.760002
GRC,Greece,country,2007,79.662003
GRC,Greece,country,2008,80.105003
GRC,Greece,country,2009,80.367996
GRC,Greece,country,2010,80.572998
GRC,Greece,country,2011,80.625
GRC,Greece,country,2012,80.421997
GRC,Greece,country,2013,81.067001
GRC,Greece,country,2014,81.120003
GRC,Greece,country,2015,80.789001
GRC,Greece,country,2016,81.268997
GRC,Greece,country,2017,80.960999
GRC,Greece,country,2018,81.495003
GRC,Greece,country,2019,81.348999
GRC,Greece,country,2020,81.536003
GRC,Greece,country,2021,80.530998
GRC,Greece,country,2022,79.944
GRC,Greece,country,2023,81.857002
GRD,Grenada,country,1990,70.545998
GRD,Grenada,country,1991,70.822998
GRD,Grenada,country,1992,71.125
GRD,Grenada,country,1993,71.449997
GRD,Grenada,country,1994,71.779999
GRD,Grenada,country,1995,72.094002
GRD,Grenada,country,1996,72.373001
GRD,Grenada,country,1997,72.599998
GRD,Grenada,country,1998,72.762001
GRD,Grenada,country,1999,72.873001
GRD,Grenada,country,2000,72.955002
GRD,Grenada,country,2001,73.033997
GRD,Grenada,country,2002,73.141998
GRD,Grenada,country,2003,73.291
GRD,Grenada,country,2004,72.446999
GRD,Grenada,country,2005,73.699997
GRD,Grenada,country,2006,73.93
GRD,Grenada,country,2007,74.158997
GRD,Grenada,country,2008,74.374001
GRD,Grenada,country,2009,74.567001
GRD,Grenada,country,2010,74.731003
GRD,Grenada,country,2011,74.861
GRD,Grenada,country,2012,74.960999
GRD,Grenada,country,2013,75.022003
GRD,Grenada,country,2014,75.044998
GRD,Grenada,country,2015,75.037003
GRD,Grenada,country,2016,75.010002
GRD,Grenada,country,2017,74.976997
GRD,Grenada,country,2018,74.957001
GRD,Grenada,country,2019,74.971001
GRD,Grenada,country,2020,75.018997
GRD,Grenada,country,2021,74.522003
GRD,Grenada,country,2022,75.151001
GRD,Grenada,country,2023,75.205002
GTM,Guatemala,country,1990,61.766998
GTM,Guatemala,country,1991,61.925999
GTM,Guatemala,country,1992,61.992001
GTM,Guatemala,country,1993,62.442001
GTM,Guatemala,country,1994,63.026001
GTM,Guatemala,country,1995,63.661999
GTM,Guatemala,country,1996,64.540001
GTM,Guatemala,country,1997,65.249001
GTM,Guatemala,country,1998,65.969002
GTM,Guatemala,country,1999,66.634003
GTM,Guatemala,country,2000,67.101997
GTM,Guatemala,country,2001,67.435997
GTM,Guatemala,country,2002,67.834999
GTM,Guatemala,country,2003,68.204002
GTM,Guatemala,country,2004,68.245003
GTM,Guatemala,country,2005,68.167
GTM,Guatemala,country,2006,68.790001
GTM,Guatemala,country,2007,69.299004
GTM,Guatemala,country,2008,69.492996
GTM,Guatemala,country,2009,69.676003
GTM,Guatemala,country,2010,69.885002
GTM,Guatemala,country,2011,70.320999
GTM,Guatemala,country,2012,70.722
GTM,Guatemala,country,2013,70.877998
GTM,Guatemala,country,2014,70.942001
GTM,Guatemala,country,2015,70.915001
GTM,Guatemala,country,2016,71.214996
GTM,Guatemala,country,2017,71.583
GTM,Guatemala,country,2018,71.496002
GTM,Guatemala,country,2019,71.639
GTM,Guatemala,country,2020,69.971001
GTM,Guatemala,country,2021,67.858002
GTM,Guatemala,country,2022,71.206001
GTM,Guatemala,country,2023,72.601997
GUY,Guyana,country,1990,62.254002
GUY,Guyana,country,1991,62.463001
GUY,Guyana,country,1992,62.816002
GUY,Guyana,country,1993,63.015999
GUY,Guyana,country,1994,63.007
GUY,Guyana,country,1995,62.667999
GUY,Guyana,country,1996,62.691002
GUY,Guyana,country,1997,62.879002
GUY,Guyana,country,1998,63.429001
GUY,Guyana,country,1999,63.771999
GUY,Guyana,country,2000,64.074997
GUY,Guyana,country,2001,64.379997
GUY,Guyana,country,2002,64.182999
GUY,Guyana,country,2003,64.116997
GUY,Guyana,country,2004,64.213997
GUY,Guyana,country,2005,64.391998
GUY,Guyana,country,2006,64.848
GUY,Guyana,country,2007,65.461998
GUY,Guyana,country,2008,65.721001
GUY,Guyana,country,2009,66.029999
GUY,Guyana,country,2010,66.204002
GUY,Guyana,country,2011,66.469002
GUY,Guyana,country,2012,66.443001
GUY,Guyana,country,2013,66.709999
GUY,Guyana,country,2014,67.334
GUY,Guyana,country,2015,67.719002
GUY,Guyana,country,2016,68.069
GUY,Guyana,country,2017,68.542999
GUY,Guyana,country,2018,68.829002
GUY,Guyana,country,2019,69.067001
GUY,Guyana,country,2020,67.750999
GUY,Guyana,country,2021,64.322998
GUY,Guyana,country,2022,69.888
GUY,Guyana,country,2023,70.18
HKG,"China, Hong Kong Special Administrative Region",country,1990,77.447998
HKG,"China, Hong Kong Special Administrative Region",country,1991,77.693001
HKG,"China, Hong Kong Special Administrative Region",country,1992,77.987999
HKG,"China, Hong Kong Special Administrative Region",country,1993,78.327003
HKG,"China, Hong Kong Special Administrative Region",country,1994,78.718002
HKG,"China, Hong Kong Special Administrative Region",country,1995,79.106003
HKG,"China, Hong Kong Special Administrative Region",country,1996,79.454002
HKG,"China, Hong Kong Special Administrative Region",country,1997,79.732002
HKG,"China, Hong Kong Special Administrative Region",country,1998,80.071999
HKG,"China, Hong Kong Special Administrative Region",country,1999,80.389
HKG,"China, Hong Kong Special Administrative Region",country,2000,80.704002
HKG,"China, Hong Kong Special Administrative Region",country,2001,80.991997
HKG,"China, Hong Kong Special Administrative Region",country,2002,81.18
HKG,"China, Hong Kong Special Administrative Region",country,2003,81.141998
HKG,"China, Hong Kong Special Administrative Region",country,2004,81.455002
HKG,"China, Hong Kong Special Administrative Region",country,2005,81.675003
HKG,"China, Hong Kong Special Administrative Region",country,2006,81.946999
HKG,"China, Hong Kong Special Administrative Region",country,2007,82.143997
HKG,"China, Hong Kong Special Administrative Region",country,2008,82.339996
HKG,"China, Hong Kong Special Administrative Region",country,2009,82.585999
HKG,"China, Hong Kong Special Administrative Region",country,2010,82.859001
HKG,"China, Hong Kong Special Administrative Region",country,2011,83.160004
HKG,"China, Hong Kong Special Administrative Region",country,2012,83.416
HKG,"China, Hong Kong Special Administrative Region",country,2013,83.695
HKG,"China, Hong Kong Special Administrative Region",country,2014,83.927002
HKG,"China, Hong Kong Special Administrative Region",country,2015,84.147003
HKG,"China, Hong Kong Special Administrative Region",country,2016,84.379997
HKG,"China, Hong Kong Special Administrative Region",country,2017,84.662003
HKG,"China, Hong Kong Special Administrative Region",country,2018,84.987
HKG,"China, Hong Kong Special Administrative Region",country,2019,85.263
HKG,"China, Hong Kong Special Administrative Region",country,2020,84.707001
HKG,"China, Hong Kong Special Administrative Region",country,2021,85.082001
HKG,"China, Hong Kong Special Administrative Region",country,2022,83.485001
HKG,"China, Hong Kong Special Administrative Region",country,2023,85.511002
HND,Honduras,country,1990,65.182999
HND,Honduras,country,1991,65.584
HND,Honduras,country,1992,65.907997
HND,Honduras,country,1993,66.073997
HND,Honduras,country,1994,66.523003
HND,Honduras,country,1995,66.918999
HND,Honduras,country,1996,67.263
HND,Honduras,country,1997,67.542
HND,Honduras,country,1998,62.431999
HND,Honduras,country,1999,68.004997
HND,Honduras,country,2000,68.302002
HND,Honduras,country,2001,68.490997
HND,Honduras,country,2002,68.713997
HND,Honduras,country,2003,68.874001
HND,Honduras,country,2004,69.050003
HND,Honduras,country,2005,69.197998
HND,Honduras,country,2006,69.363998
HND,Honduras,country,2007,69.539001
HND,Honduras,country,2008,69.656998
HND,Honduras,country,2009,69.822998
HND,Honduras,country,2010,69.769997
HND,Honduras,country,2011,70.115997
HND,Honduras,country,2012,70.459999
HND,Honduras,country,2013,70.764999
HND,Honduras,country,2014,71.031998
HND,Honduras,country,2015,71.322998
HND,Honduras,country,2016,71.614998
HND,Honduras,country,2017,71.805
HND,Honduras,country,2018,72.000999
HND,Honduras,country,2019,72.124001
HND,Honduras,country,2020,70.863998
HND,Honduras,country,2021,69.491997
HND,Honduras,country,2022,72.714996
HND,Honduras,country,2023,72.884003
HRV,Croatia,country,1990,72.242996
HRV,Croatia,country,1991,70.574997
HRV,Croatia,country,1992,71.721001
HRV,Croatia,country,1993,72.305
HRV,Croatia,country,1994,72.613998
HRV,Croatia,country,1995,72.560997
HRV,Croatia,country,1996,72.974998
HRV,Croatia,country,1997,72.989998
HRV,Croatia,country,1998,73.193001
HRV,Croatia,country,1999,73.609001
HRV,Croatia,country,2000,74.000999
HRV,Croatia,country,2001,74.355003
HRV,Croatia,country,2002,74.646004
HRV,Croatia,country,2003,74.709
HRV,Croatia,country,2004,75.265999
HRV,Croatia,country,2005,75.57
HRV,Croatia,country,2006,75.677002
HRV,Croatia,country,2007,75.886002
HRV,Croatia,country,2008,76.000999
HRV,Croatia,country,2009,76.313004
HRV,Croatia,country,2010,76.676003
HRV,Croatia,country,2011,76.992996
HRV,Croatia,country,2012,77.283997
HRV,Croatia,country,2013,77.510002
HRV,Croatia,country,2014,77.514
HRV,Croatia,country,2015,77.633003
HRV,Croatia,country,2016,77.628998
HRV,Croatia,country,2017,77.725998
HRV,Croatia,country,2018,77.864998
HRV,Croatia,country,2019,78.196999
HRV,Croatia,country,2020,77.497002
HRV,Croatia,country,2021,77.140999
HRV,Croatia,country,2022,78.278
HRV,Croatia,country,2023,78.580002
HTI,Haiti,country,1990,53.215
HTI,Haiti,country,1991,53.523998
HTI,Haiti,country,1992,54.041
HTI,Haiti,country,1993,54.478001
HTI,Haiti,country,1994,54.730999
HTI,Haiti,country,1995,55.582001
HTI,Haiti,country,1996,56.111
HTI,Haiti,country,1997,56.674999
HTI,Haiti,country,1998,57.137001
HTI,Haiti,country,1999,57.692001
HTI,Haiti,country,2000,58.174999
HTI,Haiti,country,2001,58.591
HTI,Haiti,country,2002,59.041
HTI,Haiti,country,2003,59.439999
HTI,Haiti,country,2004,58.516998
HTI,Haiti,country,2005,60.318001
HTI,Haiti,country,2006,60.740002
HTI,Haiti,country,2007,61.09
HTI,Haiti,country,2008,61.279999
HTI,Haiti,country,2009,61.694
HTI,Haiti,country,2010,45.577
HTI,Haiti,country,2011,61.581001
HTI,Haiti,country,2012,62.272999
HTI,Haiti,country,2013,62.624001
HTI,Haiti,country,2014,62.969002
HTI,Haiti,country,2015,63.223999
HTI,Haiti,country,2016,63.325001
HTI,Haiti,country,2017,63.832001
HTI,Haiti,country,2018,64.077003
HTI,Haiti,country,2019,64.328003
HTI,Haiti,country,2020,63.772999
HTI,Haiti,country,2021,62.612999
HTI,Haiti,country,2022,63.948002
HTI,Haiti,country,2023,64.935997
HUN,Hungary,country,1990,69.372002
HUN,Hungary,country,1991,69.441002
HUN,Hungary,country,1992,69.167
HUN,Hungary,country,1993,69.18
HUN,Hungary,country,1994,69.603996
HUN,Hungary,country,1995,69.969002
HUN,Hungary,country,1996,70.597
HUN,Hungary,country,1997,71.002998
HUN,Hungary,country,1998,70.918999
HUN,Hungary,country,1999,71.040001
HUN,Hungary,country,2000,71.758003
HUN,Hungary,country,2001,72.393997
HUN,Hungary,country,2002,72.507004
HUN,Hungary,country,2003,72.513
HUN,Hungary,country,2004,72.905998
HUN,Hungary,country,2005,72.864998
HUN,Hungary,country,2006,73.344002
HUN,Hungary,country,2007,73.431
HUN,Hungary,country,2008,73.957001
HUN,Hungary,country,2009,74.179001
HUN,Hungary,country,2010,74.518997
HUN,Hungary,country,2011,74.922997
HUN,Hungary,country,2012,75.182999
HUN,Hungary,country,2013,75.682999
HUN,Hungary,country,2014,75.848999
HUN,Hungary,country,2015,75.653999
HUN,Hungary,country,2016,76.156998
HUN,Hungary,country,2017,76.007004
HUN,Hungary,country,2018,76.205002
HUN,Hungary,country,2019,76.455002
HUN,Hungary,country,2020,75.730003
HUN,Hungary,country,2021,74.184998
HUN,Hungary,country,2022,76.211998
HUN,Hungary,country,2023,77.024002
IDN,Indonesia,country,1990,63.249001
IDN,Indonesia,country,1991,63.702999
IDN,Indonesia,country,1992,64.181999
IDN,Indonesia,country,1993,64.850998
IDN,Indonesia,country,1994,65.041
IDN,Indonesia,country,1995,65.263
IDN,Indonesia,country,1996,65.464996
IDN,Indonesia,country,1997,65.774002
IDN,Indonesia,country,1998,65.942001
IDN,Indonesia,country,1999,66.000999
IDN,Indonesia,country,2000,66.292
IDN,Indonesia,country,2001,66.583
IDN,Indonesia,country,2002,66.954002
IDN,Indonesia,country,2003,67.134003
IDN,Indonesia,country,2004,65.521004
IDN,Indonesia,country,2005,67.530998
IDN,Indonesia,country,2006,67.664001
IDN,Indonesia,country,2007,67.914001
IDN,Indonesia,country,2008,68.084999
IDN,Indonesia,country,2009,68.266998
IDN,Indonesia,country,2010,68.363998
IDN,Indonesia,country,2011,68.628998
IDN,Indonesia,country,2012,68.862
IDN,Indonesia,country,2013,69.064003
IDN,Indonesia,country,2014,69.292
IDN,Indonesia,country,2015,69.519997
IDN,Indonesia,country,2016,69.733002
IDN,Indonesia,country,2017,69.953003
IDN,Indonesia,country,2018,70.080002
IDN,Indonesia,country,2019,70.348999
IDN,Indonesia,country,2020,68.817001
IDN,Indonesia,country,2021,67.452003
IDN,Indonesia,country,2022,70.925003
IDN,Indonesia,country,2023,71.146004
IND,India,country,1990,58.618
IND,India,country,1991,59.032001
IND,India,country,1992,59.445
IND,India,country,1993,59.823002
IND,India,country,1994,60.237
IND,India,country,1995,60.630001
IND,India,country,1996,61.027
IND,India,country,1997,61.438999
IND,India,country,1998,61.852001
IND,India,country,1999,62.284
IND,India,country,2000,62.749001
IND,India,country,2001,63.158001
IND,India,country,2002,63.648998
IND,India,country,2003,64.085999
IND,India,country,2004,64.484001
IND,India,country,2005,64.939003
IND,India,country,2006,65.373001
IND,India,country,2007,65.803001
IND,India,country,2008,66.247002
IND,India,country,2009,66.699997
IND,India,country,2010,67.162003
IND,India,country,2011,67.623001
IND,India,country,2012,68.075996
IND,India,country,2013,68.499001
IND,India,country,2014,68.931999
IND,India,country,2015,69.325996
IND,India,country,2016,69.709
IND,India,country,2017,70.068001
IND,India,country,2018,70.415001
IND,India,country,2019,70.746002
IND,India,country,2020,70.155998
IND,India,country,2021,67.281998
IND,India,country,2022,71.697998
IND,India,country,2023,72.002998
IRL,Ireland,country,1990,74.837997
IRL,Ireland,country,1991,75.027
IRL,Ireland,country,1992,75.422997
IRL,Ireland,country,1993,75.289001
IRL,Ireland,country,1994,75.795998
IRL,Ireland,country,1995,75.473999
IRL,Ireland,country,1996,75.825996
IRL,Ireland,country,1997,75.976997
IRL,Ireland,country,1998,76.184998
IRL,Ireland,country,1999,76.088997
IRL,Ireland,country,2000,76.535004
IRL,Ireland,country,2001,77.099998
IRL,Ireland,country,2002,77.589996
IRL,Ireland,country,2003,78.099998
IRL,Ireland,country,2004,78.502998
IRL,Ireland,country,2005,78.908997
IRL,Ireland,country,2006,79.150002
IRL,Ireland,country,2007,79.563004
IRL,Ireland,country,2008,79.788002
IRL,Ireland,country,2009,80.095001
IRL,Ireland,country,2010,80.598999
IRL,Ireland,country,2011,80.726997
IRL,Ireland,country,2012,80.851997
IRL,Ireland,country,2013,81.065002
IRL,Ireland,country,2014,81.405998
IRL,Ireland,country,2015,81.532997
IRL,Ireland,country,2016,81.683998
IRL,Ireland,country,2017,82.102997
IRL,Ireland,country,2018,82.123001
IRL,Ireland,country,2019,82.411003
IRL,Ireland,country,2020,82.389999
IRL,Ireland,country,2021,81.861
IRL,Ireland,country,2022,82.050003
IRL,Ireland,country,2023,82.412003
IRN,Iran (Islamic Republic of),country,1990,64.066002
IRN,Iran (Islamic Republic of),country,1991,66.233002
IRN,Iran (Islamic Republic of),country,1992,66.653
IRN,Iran (Islamic Republic of),country,1993,67.037003
IRN,Iran (Islamic Republic of),country,1994,67.489998
IRN,Iran (Islamic Republic of),country,1995,67.903999
IRN,Iran (Islamic Republic of),country,1996,68.328003
IRN,Iran (Islamic Republic of),country,1997,68.649002
IRN,Iran (Islamic Republic of),country,1998,69.213997
IRN,Iran (Islamic Republic of),country,1999,69.685997
IRN,Iran (Islamic Republic of),country,2000,70.166
IRN,Iran (Islamic Republic of),country,2001,70.619003
IRN,Iran (Islamic Republic of),country,2002,71.112
IRN,Iran (Islamic Republic of),country,2003,70.463997
IRN,Iran (Islamic Republic of),country,2004,72.040001
IRN,Iran (Islamic Republic of),country,2005,72.445999
IRN,Iran (Islamic Republic of),country,2006,72.894997
IRN,Iran (Islamic Republic of),country,2007,73.299004
IRN,Iran (Islamic Republic of),country,2008,73.682999
IRN,Iran (Islamic Republic of),country,2009,74.041
IRN,Iran (Islamic Republic of),country,2010,74.389999
IRN,Iran (Islamic Republic of),country,2011,74.721001
IRN,Iran (Islamic Republic of),country,2012,75.039001
IRN,Iran (Islamic Republic of),country,2013,75.348999
IRN,Iran (Islamic Republic of),country,2014,75.635002
IRN,Iran (Islamic Republic of),country,2015,75.906998
IRN,Iran (Islamic Republic of),country,2016,76.154999
IRN,Iran (Islamic Republic of),country,2017,76.396004
IRN,Iran (Islamic Republic of),country,2018,76.621002
IRN,Iran (Islamic Republic of),country,2019,76.855003
IRN,Iran (Islamic Republic of),country,2020,74.140999
IRN,Iran (Islamic Republic of),country,2021,73.751999
IRN,Iran (Islamic Republic of),country,2022,76.799004
IRN,Iran (Islamic Republic of),country,2023,77.653999
IRQ,Iraq,country,1990,57.587002
IRQ,Iraq,country,1991,61.338001
IRQ,Iraq,country,1992,65.344002
IRQ,Iraq,country,1993,65.309998
IRQ,Iraq,country,1994,65.027
IRQ,Iraq,country,1995,64.761002
IRQ,Iraq,country,1996,64.617996
IRQ,Iraq,country,1997,64.240997
IRQ,Iraq,country,1998,64.404999
IRQ,Iraq,country,1999,64.531998
IRQ,Iraq,country,2000,64.860001
IRQ,Iraq,country,2001,65.292
IRQ,Iraq,country,2002,65.723999
IRQ,Iraq,country,2003,64.834
IRQ,Iraq,country,2004,64.634003
IRQ,Iraq,country,2005,64.899002
IRQ,Iraq,country,2006,64.028999
IRQ,Iraq,country,2007,64.428001
IRQ,Iraq,country,2008,66.464996
IRQ,Iraq,country,2009,67.834
IRQ,Iraq,country,2010,68.092003
IRQ,Iraq,country,2011,68.434998
IRQ,Iraq,country,2012,68.827003
IRQ,Iraq,country,2013,69.046997
IRQ,Iraq,country,2014,69.679001
IRQ,Iraq,country,2015,69.976997
IRQ,Iraq,country,2016,68.682999
IRQ,Iraq,country,2017,69.788002
IRQ,Iraq,country,2018,71.115997
IRQ,Iraq,country,2019,71.245003
IRQ,Iraq,country,2020,69.651001
IRQ,Iraq,country,2021,70.704002
IRQ,Iraq,country,2022,72.037003
IRQ,Iraq,country,2023,72.323997
ISL,Iceland,country,1990,77.740997
ISL,Iceland,country,1991,77.757004
ISL,Iceland,country,1992,78.586998
ISL,Iceland,country,1993,78.808998
ISL,Iceland,country,1994,79.022003
ISL,Iceland,country,1995,77.542999
ISL,Iceland,country,1996,78.646004
ISL,Iceland,country,1997,78.671997
ISL,Iceland,country,1998,79.396004
ISL,Iceland,country,1999,79.236
ISL,Iceland,country,2000,79.549004
ISL,Iceland,country,2001,80.420998
ISL,Iceland,country,2002,80.278
ISL,Iceland,country,2003,80.767998
ISL,Iceland,country,2004,80.721001
ISL,Iceland,country,2005,81.168999
ISL,Iceland,country,2006,80.938004
ISL,Iceland,country,2007,81.093002
ISL,Iceland,country,2008,81.244003
ISL,Iceland,country,2009,81.417
ISL,Iceland,country,2010,81.594002
ISL,Iceland,country,2011,81.972
ISL,Iceland,country,2012,82.346001
ISL,Iceland,country,2013,81.742996
ISL,Iceland,country,2014,82.43
ISL,Iceland,country,2015,82.164001
ISL,Iceland,country,2016,81.829002
ISL,Iceland,country,2017,82.240997
ISL,Iceland,country,2018,82.453003
ISL,Iceland,country,2019,82.847
ISL,Iceland,country,2020,82.710999
ISL,Iceland,country,2021,82.843002
ISL,Iceland,country,2022,81.587997
ISL,Iceland,country,2023,82.691002
ISR,Israel,country,1990,78.038002
ISR,Israel,country,1991,77.583
ISR,Israel,country,1992,77.273003
ISR,Israel,country,1993,77.862
ISR,Israel,country,1994,78.044998
ISR,Israel,country,1995,78.052002
ISR,Israel,country,1996,78.57
ISR,Israel,country,1997,78.552002
ISR,Israel,country,1998,78.587997
ISR,Israel,country,1999,78.890999
ISR,Israel,country,2000,79.18
ISR,Israel,country,2001,79.478996
ISR,Israel,country,2002,79.514
ISR,Israel,country,2003,79.819
ISR,Israel,country,2004,80.305
ISR,Israel,country,2005,80.393997
ISR,Israel,country,2006,80.786003
ISR,Israel,country,2007,80.953003
ISR,Israel,country,2008,81.282997
ISR,Israel,country,2009,81.818001
ISR,Israel,country,2010,81.973999
ISR,Israel,country,2011,81.988998
ISR,Israel,country,2012,81.985001
ISR,Israel,country,2013,82.353996
ISR,Israel,country,2014,82.361
ISR,Israel,country,2015,82.253998
ISR,Israel,country,2016,82.612
ISR,Israel,country,2017,82.698997
ISR,Israel,country,2018,82.917999
ISR,Israel,country,2019,82.904999
ISR,Israel,country,2020,82.699997
ISR,Israel,country,2021,82.516998
ISR,Israel,country,2022,82.814003
ISR,Israel,country,2023,82.407997
ITA,Italy,country,1990,76.994003
ITA,Italy,country,1991,76.989998
ITA,Italy,country,1992,77.364998
ITA,Italy,country,1993,77.653
ITA,Italy,country,1994,77.873001
ITA,Italy,country,1995,78.125
ITA,Italy,country,1996,78.438004
ITA,Italy,country,1997,78.735001
ITA,Italy,country,1998,78.806999
ITA,Italy,country,1999,79.205002
ITA,Italy,country,2000,79.607002
ITA,Italy,country,2001,79.885002
ITA,Italy,country,2002,80.112
ITA,Italy,country,2003,80.191002
ITA,Italy,country,2004,81.016998
ITA,Italy,country,2005,81.019997
ITA,Italy,country,2006,81.414001
ITA,Italy,country,2007,81.5
ITA,Italy,country,2008,81.644997
ITA,Italy,country,2009,81.762001
ITA,Italy,country,2010,82.132004
ITA,Italy,country,2011,82.227997
ITA,Italy,country,2012,82.251999
ITA,Italy,country,2013,82.652
ITA,Italy,country,2014,82.901001
ITA,Italy,country,2015,82.521004
ITA,Italy,country,2016,83.045998
ITA,Italy,country,2017,82.725998
ITA,Italy,country,2018,83.183998
ITA,Italy,country,2019,83.342003
ITA,Italy,country,2020,82.181
ITA,Italy,country,2021,82.864998
ITA,Italy,country,2022,82.052002
ITA,Italy,country,2023,83.716003
JAM,Jamaica,country,1990,71.705002
JAM,Jamaica,country,1991,71.787003
JAM,Jamaica,country,1992,71.816002
JAM,Jamaica,country,1993,71.758003
JAM,Jamaica,country,1994,71.624001
JAM,Jamaica,country,1995,71.487999
JAM,Jamaica,country,1996,71.328003
JAM,Jamaica,country,1997,71.216003
JAM,Jamaica,country,1998,71.169998
JAM,Jamaica,country,1999,71.189003
JAM,Jamaica,country,2000,71.280998
JAM,Jamaica,country,2001,71.287003
JAM,Jamaica,country,2002,71.477997
JAM,Jamaica,country,2003,71.584999
JAM,Jamaica,country,2004,71.542
JAM,Jamaica,country,2005,71.492996
JAM,Jamaica,country,2006,71.394997
JAM,Jamaica,country,2007,71.404999
JAM,Jamaica,country,2008,71.501999
JAM,Jamaica,country,2009,71.717003
JAM,Jamaica,country,2010,71.978996
JAM,Jamaica,country,2011,72.245003
JAM,Jamaica,country,2012,72.404999
JAM,Jamaica,country,2013,72.434998
JAM,Jamaica,country,2014,72.357002
JAM,Jamaica,country,2015,72.213997
JAM,Jamaica,country,2016,72.052002
JAM,Jamaica,country,2017,71.878998
JAM,Jamaica,country,2018,71.606003
JAM,Jamaica,country,2019,71.531998
JAM,Jamaica,country,2020,71.452003
JAM,Jamaica,country,2021,69.084999
JAM,Jamaica,country,2022,71.481003
JAM,Jamaica,country,2023,71.478996
JOR,Jordan,country,1990,70.094002
JOR,Jordan,country,1991,70.239998
JOR,Jordan,country,1992,70.400002
JOR,Jordan,country,1993,70.568001
JOR,Jordan,country,1994,70.737999
JOR,Jordan,country,1995,70.915001
JOR,Jordan,country,1996,71.105003
JOR,Jordan,country,1997,71.323997
JOR,Jordan,country,1998,71.521004
JOR,Jordan,country,1999,71.737
JOR,Jordan,country,2000,71.926003
JOR,Jordan,country,2001,72.140999
JOR,Jordan,country,2002,72.359001
JOR,Jordan,country,2003,72.584999
JOR,Jordan,country,2004,72.788002
JOR,Jordan,country,2005,72.976997
JOR,Jordan,country,2006,73.224998
JOR,Jordan,country,2007,73.406998
JOR,Jordan,country,2008,73.563004
JOR,Jordan,country,2009,73.707001
JOR,Jordan,country,2010,73.796997
JOR,Jordan,country,2011,73.929001
JOR,Jordan,country,2012,74.086998
JOR,Jordan,country,2013,74.281998
JOR,Jordan,country,2014,74.606003
JOR,Jordan,country,2015,75.059998
JOR,Jordan,country,2016,75.550003
JOR,Jordan,country,2017,76.070999
JOR,Jordan,country,2018,76.490997
JOR,Jordan,country,2019,76.864998
JOR,Jordan,country,2020,75.583
JOR,Jordan,country,2021,74.204002
JOR,Jordan,country,2022,77.087997
JOR,Jordan,country,2023,77.814003
JPN,Japan,country,1990,78.992996
JPN,Japan,country,1991,79.262001
JPN,Japan,country,1992,79.303001
JPN,Japan,country,1993,79.445999
JPN,Japan,country,1994,79.836998
JPN,Japan,country,1995,79.683998
JPN,Japan,country,1996,80.362999
JPN,Japan,country,1997,80.584
JPN,Japan,country,1998,80.649002
JPN,Japan,country,1999,80.612999
JPN,Japan,country,2000,81.179001
JPN,Japan,country,2001,81.510002
JPN,Japan,country,2002,81.794998
JPN,Japan,country,2003,81.853996
JPN,Japan,country,2004,82.126999
JPN,Japan,country,2005,82.007004
JPN,Japan,country,2006,82.370003
JPN,Japan,country,2007,82.549004
JPN,Japan,country,2008,82.633003
JPN,Japan,country,2009,82.970001
JPN,Japan,country,2010,82.916
JPN,Japan,country,2011,82.670998
JPN,Japan,country,2012,83.167999
JPN,Japan,country,2013,83.402
JPN,Japan,country,2014,83.642998
JPN,Japan,country,2015,83.883003
JPN,Japan,country,2016,84.056999
JPN,Japan,country,2017,84.189003
JPN,Japan,country,2018,84.289001
JPN,Japan,country,2019,84.417999
JPN,Japan,country,2020,84.669998
JPN,Japan,country,2021,84.550003
JPN,Japan,country,2022,84.054001
JPN,Japan,country,2023,84.711998
KAZ,Kazakhstan,country,1990,65.700996
KAZ,Kazakhstan,country,1991,65.378998
KAZ,Kazakhstan,country,1992,64.977997
KAZ,Kazakhstan,country,1993,64.538002
KAZ,Kazakhstan,country,1994,64.108002
KAZ,Kazakhstan,country,1995,63.716999
KAZ,Kazakhstan,country,1996,63.455002
KAZ,Kazakhstan,country,1997,63.318001
KAZ,Kazakhstan,country,1998,63.348999
KAZ,Kazakhstan,country,1999,63.528
KAZ,Kazakhstan,country,2000,63.792999
KAZ,Kazakhstan,country,2001,64.108002
KAZ,Kazakhstan,country,2002,64.441002
KAZ,Kazakhstan,country,2003,64.752998
KAZ,Kazakhstan,country,2004,65.040001
KAZ,Kazakhstan,country,2005,65.356003
KAZ,Kazakhstan,country,2006,65.722
KAZ,Kazakhstan,country,2007,66.18
KAZ,Kazakhstan,country,2008,66.759003
KAZ,Kazakhstan,country,2009,67.459999
KAZ,Kazakhstan,country,2010,68.257004
KAZ,Kazakhstan,country,2011,69.108002
KAZ,Kazakhstan,country,2012,69.939003
KAZ,Kazakhstan,country,2013,70.719002
KAZ,Kazakhstan,country,2014,71.415001
KAZ,Kazakhstan,country,2015,72.024002
KAZ,Kazakhstan,country,2016,72.549004
KAZ,Kazakhstan,country,2017,72.996002
KAZ,Kazakhstan,country,2018,73.369003
KAZ,Kazakhstan,country,2019,73.657997
KAZ,Kazakhstan,country,2020,71.195
KAZ,Kazakhstan,country,2021,70.130997
KAZ,Kazakhstan,country,2022,73.502998
KAZ,Kazakhstan,country,2023,74.402
KEN,Kenya,country,1990,58.334
KEN,Kenya,country,1991,57.826
KEN,Kenya,country,1992,57.095001
KEN,Kenya,country,1993,56.667999
KEN,Kenya,country,1994,56.101002
KEN,Kenya,country,1995,55.855999
KEN,Kenya,country,1996,55.575001
KEN,Kenya,country,1997,55.478001
KEN,Kenya,country,1998,55.568001
KEN,Kenya,country,1999,55.866001
KEN,Kenya,country,2000,56.084
KEN,Kenya,country,2001,56.500999
KEN,Kenya,country,2002,56.758999
KEN,Kenya,country,2003,57.368999
KEN,Kenya,country,2004,57.946999
KEN,Kenya,country,2005,58.509998
KEN,Kenya,country,2006,59.058998
KEN,Kenya,country,2007,59.407001
KEN,Kenya,country,2008,59.955002
KEN,Kenya,country,2009,60.483002
KEN,Kenya,country,2010,60.915001
KEN,Kenya,country,2011,61.283001
KEN,Kenya,country,2012,61.536999
KEN,Kenya,country,2013,61.729
KEN,Kenya,country,2014,61.990002
KEN,Kenya,country,2015,62.278999
KEN,Kenya,country,2016,62.526001
KEN,Kenya,country,2017,62.724998
KEN,Kenya,country,2018,62.825001
KEN,Kenya,country,2019,62.938999
KEN,Kenya,country,2020,61.596001
KEN,Kenya,country,2021,61.224998
KEN,Kenya,country,2022,63.549
KEN,Kenya,country,2023,63.646
KGZ,Kyrgyzstan,country,1990,64.824997
KGZ,Kyrgyzstan,country,1991,64.940002
KGZ,Kyrgyzstan,country,1992,64.427002
KGZ,Kyrgyzstan,country,1993,63.646
KGZ,Kyrgyzstan,country,1994,62.717999
KGZ,Kyrgyzstan,country,1995,62.918999
KGZ,Kyrgyzstan,country,1996,63.446999
KGZ,Kyrgyzstan,country,1997,64.162003
KGZ,Kyrgyzstan,country,1998,64.579002
KGZ,Kyrgyzstan,country,1999,64.916
KGZ,Kyrgyzstan,country,2000,65.241997
KGZ,Kyrgyzstan,country,2001,65.319
KGZ,Kyrgyzstan,country,2002,65.342003
KGZ,Kyrgyzstan,country,2003,65.447998
KGZ,Kyrgyzstan,country,2004,65.649002
KGZ,Kyrgyzstan,country,2005,65.789001
KGZ,Kyrgyzstan,country,2006,65.781998
KGZ,Kyrgyzstan,country,2007,66.046997
KGZ,Kyrgyzstan,country,2008,66.615997
KGZ,Kyrgyzstan,country,2009,67.139999
KGZ,Kyrgyzstan,country,2010,67.521004
KGZ,Kyrgyzstan,country,2011,67.748001
KGZ,Kyrgyzstan,country,2012,68.141998
KGZ,Kyrgyzstan,country,2013,68.461998
KGZ,Kyrgyzstan,country,2014,68.829002
KGZ,Kyrgyzstan,country,2015,69.308998
KGZ,Kyrgyzstan,country,2016,69.908997
KGZ,Kyrgyzstan,country,2017,70.502998
KGZ,Kyrgyzstan,country,2018,70.667999
KGZ,Kyrgyzstan,country,2019,70.890999
KGZ,Kyrgyzstan,country,2020,69.136002
KGZ,Kyrgyzstan,country,2021,69.290001
KGZ,Kyrgyzstan,country,2022,71.487
KGZ,Kyrgyzstan,country,2023,71.677002
KHM,Cambodia,country,1990,55.205002
KHM,Cambodia,country,1991,55.582001
KHM,Cambodia,country,1992,55.747002
KHM,Cambodia,country,1993,56.035999
KHM,Cambodia,country,1994,56.221001
KHM,Cambodia,country,1995,56.562
KHM,Cambodia,country,1996,56.832001
KHM,Cambodia,country,1997,57.265999
KHM,Cambodia,country,1998,57.859001
KHM,Cambodia,country,1999,58.611
KHM,Cambodia,country,2000,59.491001
KHM,Cambodia,country,2001,60.457001
KHM,Cambodia,country,2002,61.395
KHM,Cambodia,country,2003,62.345001
KHM,Cambodia,country,2004,63.256001
KHM,Cambodia,country,2005,64.112999
KHM,Cambodia,country,2006,64.886002
KHM,Cambodia,country,2007,65.549004
KHM,Cambodia,country,2008,66.147003
KHM,Cambodia,country,2009,66.747002
KHM,Cambodia,country,2010,67.310997
KHM,Cambodia,country,2011,67.869003
KHM,Cambodia,country,2012,68.371002
KHM,Cambodia,country,2013,68.754997
KHM,Cambodia,country,2014,69.116997
KHM,Cambodia,country,2015,69.398003
KHM,Cambodia,country,2016,69.635002
KHM,Cambodia,country,2017,69.842003
KHM,Cambodia,country,2018,69.992996
KHM,Cambodia,country,2019,70.126999
KHM,Cambodia,country,2020,70.058998
KHM,Cambodia,country,2021,69.301003
KHM,Cambodia,country,2022,70.528
KHM,Cambodia,country,2023,70.667999
KIR,Kiribati,country,1990,61.018002
KIR,Kiribati,country,1991,61.501999
KIR,Kiribati,country,1992,61.967999
KIR,Kiribati,country,1993,62.405998
KIR,Kiribati,country,1994,62.797001
KIR,Kiribati,country,1995,63.146
KIR,Kiribati,country,1996,63.470001
KIR,Kiribati,country,1997,63.797001
KIR,Kiribati,country,1998,64.099998
KIR,Kiribati,country,1999,64.392998
KIR,Kiribati,country,2000,64.674004
KIR,Kiribati,country,2001,64.917999
KIR,Kiribati,country,2002,65.123001
KIR,Kiribati,country,2003,65.287003
KIR,Kiribati,country,2004,65.416
KIR,Kiribati,country,2005,65.516998
KIR,Kiribati,country,2006,65.600998
KIR,Kiribati,country,2007,65.677002
KIR,Kiribati,country,2008,65.746002
KIR,Kiribati,country,2009,65.807999
KIR,Kiribati,country,2010,65.859001
KIR,Kiribati,country,2011,65.896004
KIR,Kiribati,country,2012,65.907997
KIR,Kiribati,country,2013,65.898003
KIR,Kiribati,country,2014,65.869003
KIR,Kiribati,country,2015,65.831001
KIR,Kiribati,country,2016,65.799004
KIR,Kiribati,country,2017,65.787003
KIR,Kiribati,country,2018,65.806999
KIR,Kiribati,country,2019,65.865997
KIR,Kiribati,country,2020,65.205002
KIR,Kiribati,country,2021,64.148003
KIR,Kiribati,country,2022,66.268997
KIR,Kiribati,country,2023,66.473
KNA,Saint Kitts and Nevis,country,1990,65.640999
KNA,Saint Kitts and Nevis,country,1991,65.958
KNA,Saint Kitts and Nevis,country,1992,66.338997
KNA,Saint Kitts and Nevis,country,1993,66.708
KNA,Saint Kitts and Nevis,country,1994,67.001999
KNA,Saint Kitts and Nevis,country,1995,67.230003
KNA,Saint Kitts and Nevis,country,1996,67.487999
KNA,Saint Kitts and Nevis,country,1997,67.810997
KNA,Saint Kitts and Nevis,country,1998,67.890999
KNA,Saint Kitts and Nevis,country,1999,68.724998
KNA,Saint Kitts and Nevis,country,2000,69.249001
KNA,Saint Kitts and Nevis,country,2001,69.766998
KNA,Saint Kitts and Nevis,country,2002,70.194
KNA,Saint Kitts and Nevis,country,2003,70.613998
KNA,Saint Kitts and Nevis,country,2004,70.919998
KNA,Saint Kitts and Nevis,country,2005,71.151001
KNA,Saint Kitts and Nevis,country,2006,71.356003
KNA,Saint Kitts and Nevis,country,2007,71.436996
KNA,Saint Kitts and Nevis,country,2008,71.478996
KNA,Saint Kitts and Nevis,country,2009,71.487999
KNA,Saint Kitts and Nevis,country,2010,71.452003
KNA,Saint Kitts and Nevis,country,2011,71.400002
KNA,Saint Kitts and Nevis,country,2012,71.362
KNA,Saint Kitts and Nevis,country,2013,71.290001
KNA,Saint Kitts and Nevis,country,2014,71.227997
KNA,Saint Kitts and Nevis,country,2015,71.210999
KNA,Saint Kitts and Nevis,country,2016,71.226997
KNA,Saint Kitts and Nevis,country,2017,71.283997
KNA,Saint Kitts and Nevis,country,2018,71.335999
KNA,Saint Kitts and Nevis,country,2019,71.540001
KNA,Saint Kitts and Nevis,country,2020,71.181
KNA,Saint Kitts and Nevis,country,2021,69.271004
KNA,Saint Kitts and Nevis,country,2022,70.313004
KNA,Saint Kitts and Nevis,country,2023,72.144997
KOR,Republic of Korea,country,1990,70.994003
KOR,Republic of Korea,country,1991,71.402
KOR,Republic of Korea,country,1992,72.175003
KOR,Republic of Korea,country,1993,72.745003
KOR,Republic of Korea,country,1994,72.889
KOR,Republic of Korea,country,1995,73.375
KOR,Republic of Korea,country,1996,74.021004
KOR,Republic of Korea,country,1997,74.530998
KOR,Republic of Korea,country,1998,75.035004
KOR,Republic of Korea,country,1999,75.616997
KOR,Republic of Korea,country,2000,76.235001
KOR,Republic of Korea,country,2001,76.918999
KOR,Republic of Korea,country,2002,77.230003
KOR,Republic of Korea,country,2003,77.497002
KOR,Republic of Korea,country,2004,77.957001
KOR,Republic of Korea,country,2005,78.448997
KOR,Republic of Korea,country,2006,79.035004
KOR,Republic of Korea,country,2007,79.431999
KOR,Republic of Korea,country,2008,79.996002
KOR,Republic of Korea,country,2009,80.550003
KOR,Republic of Korea,country,2010,80.717003
KOR,Republic of Korea,country,2011,81.167999
KOR,Republic of Korea,country,2012,81.307999
KOR,Republic of Korea,country,2013,81.835999
KOR,Republic of Korea,country,2014,82.363998
KOR,Republic of Korea,country,2015,82.540001
KOR,Republic of Korea,country,2016,82.919998
KOR,Republic of Korea,country,2017,83.278
KOR,Republic of Korea,country,2018,83.339996
KOR,Republic of Korea,country,2019,83.684998
KOR,Republic of Korea,country,2020,83.675003
KOR,Republic of Korea,country,2021,83.851997
KOR,Republic of Korea,country,2022,82.726997
KOR,Republic of Korea,country,2023,84.329002
KWT,Kuwait,country,1990,72.853996
KWT,Kuwait,country,1991,73.309998
KWT,Kuwait,country,1992,75.735001
KWT,Kuwait,country,1993,75.772003
KWT,Kuwait,country,1994,75.727997
KWT,Kuwait,country,1995,75.665001
KWT,Kuwait,country,1996,75.601997
KWT,Kuwait,country,1997,75.565002
KWT,Kuwait,country,1998,75.612
KWT,Kuwait,country,1999,75.722
KWT,Kuwait,country,2000,75.873001
KWT,Kuwait,country,2001,76.037003
KWT,Kuwait,country,2002,76.188004
KWT,Kuwait,country,2003,76.304001
KWT,Kuwait,country,2004,76.388
KWT,Kuwait,country,2005,76.463997
KWT,Kuwait,country,2006,76.554001
KWT,Kuwait,country,2007,76.688004
KWT,Kuwait,country,2008,76.889
KWT,Kuwait,country,2009,77.167
KWT,Kuwait,country,2010,77.499001
KWT,Kuwait,country,2011,77.863998
KWT,Kuwait,country,2012,78.226997
KWT,Kuwait,country,2013,78.583
KWT,Kuwait,country,2014,78.927002
KWT,Kuwait,country,2015,79.219002
KWT,Kuwait,country,2016,79.515999
KWT,Kuwait,country,2017,79.731003
KWT,Kuwait,country,2018,79.899002
KWT,Kuwait,country,2019,80.022003
KWT,Kuwait,country,2020,78.248001
KWT,Kuwait,country,2021,77.625
KWT,Kuwait,country,2022,78.788002
KWT,Kuwait,country,2023,80.404999
LAO,Lao People's Democratic Republic,country,1990,54.035
LAO,Lao People's Democratic Republic,country,1991,54.700001
LAO,Lao People's Democratic Republic,country,1992,55.098
LAO,Lao People's Democratic Republic,country,1993,55.583
LAO,Lao People's Democratic Republic,country,1994,55.810001
LAO,Lao People's Democratic Republic,country,1995,56.344002
LAO,Lao People's Democratic Republic,country,1996,56.820999
LAO,Lao People's Democratic Republic,country,1997,57.301998
LAO,Lao People's Democratic Republic,country,1998,57.549
LAO,Lao People's Democratic Republic,country,1999,57.866001
LAO,Lao People's Democratic Republic,country,2000,58.317001
LAO,Lao People's Democratic Republic,country,2001,58.887001
LAO,Lao People's Democratic Republic,country,2002,59.301998
LAO,Lao People's Democratic Republic,country,2003,59.643002
LAO,Lao People's Democratic Republic,country,2004,60.080002
LAO,Lao People's Democratic Republic,country,2005,60.688
LAO,Lao People's Democratic Republic,country,2006,61.074001
LAO,Lao People's Democratic Republic,country,2007,61.694
LAO,Lao People's Democratic Republic,country,2008,62.248001
LAO,Lao People's Democratic Republic,country,2009,63.022999
LAO,Lao People's Democratic Republic,country,2010,63.689999
LAO,Lao People's Democratic Republic,country,2011,64.504997
LAO,Lao People's Democratic Republic,country,2012,65.125999
LAO,Lao People's Democratic Republic,country,2013,65.723
LAO,Lao People's Democratic Republic,country,2014,66.349998
LAO,Lao People's Democratic Republic,country,2015,66.688004
LAO,Lao People's Democratic Republic,country,2016,67.014
LAO,Lao People's Democratic Republic,country,2017,67.345001
LAO,Lao People's Democratic Republic,country,2018,67.594002
LAO,Lao People's Democratic Republic,country,2019,67.911003
LAO,Lao People's Democratic Republic,country,2020,68.338997
LAO,Lao People's Democratic Republic,country,2021,67.806999
LAO,Lao People's Democratic Republic,country,2022,68.714996
LAO,Lao People's Democratic Republic,country,2023,68.963997
LBN,Lebanon,country,1990,65.478996
LBN,Lebanon,country,1991,70.864998
LBN,Lebanon,country,1992,71.168999
LBN,Lebanon,country,1993,71.558998
LBN,Lebanon,country,1994,72.029999
LBN,Lebanon,country,1995,72.383003
LBN,Lebanon,country,1996,72.613998
LBN,Lebanon,country,1997,72.940002
LBN,Lebanon,country,1998,73.200996
LBN,Lebanon,country,1999,73.513
LBN,Lebanon,country,2000,73.894997
LBN,Lebanon,country,2001,74.353996
LBN,Lebanon,country,2002,74.835999
LBN,Lebanon,country,2003,75.275002
LBN,Lebanon,country,2004,75.693001
LBN,Lebanon,country,2005,76.073997
LBN,Lebanon,country,2006,75.677002
LBN,Lebanon,country,2007,76.732002
LBN,Lebanon,country,2008,76.956001
LBN,Lebanon,country,2009,77.262001
LBN,Lebanon,country,2010,77.528999
LBN,Lebanon,country,2011,77.767998
LBN,Lebanon,country,2012,77.941002
LBN,Lebanon,country,2013,78.037003
LBN,Lebanon,country,2014,78.148003
LBN,Lebanon,country,2015,78.275002
LBN,Lebanon,country,2016,78.306
LBN,Lebanon,country,2017,78.192001
LBN,Lebanon,country,2018,78.263
LBN,Lebanon,country,2019,78.208
LBN,Lebanon,country,2020,76.299004
LBN,Lebanon,country,2021,73.650002
LBN,Lebanon,country,2022,78.002998
LBN,Lebanon,country,2023,77.817001
LBR,Liberia,country,1990,37.644001
LBR,Liberia,country,1991,43.575001
LBR,Liberia,country,1992,43.566002
LBR,Liberia,country,1993,43.021999
LBR,Liberia,country,1994,42.620998
LBR,Liberia,country,1995,44.573002
LBR,Liberia,country,1996,44.945
LBR,Liberia,country,1997,48.301998
LBR,Liberia,country,1998,49.367001
LBR,Liberia,country,1999,50.411999
LBR,Liberia,country,2000,51.852001
LBR,Liberia,country,2001,53.109001
LBR,Liberia,country,2002,54.061001
LBR,Liberia,country,2003,53.044998
LBR,Liberia,country,2004,55.949001
LBR,Liberia,country,2005,56.764999
LBR,Liberia,country,2006,57.494999
LBR,Liberia,country,2007,58.146999
LBR,Liberia,country,2008,58.674999
LBR,Liberia,country,2009,59.105999
LBR,Liberia,country,2010,59.358002
LBR,Liberia,country,2011,59.486
LBR,Liberia,country,2012,59.785
LBR,Liberia,country,2013,59.992001
LBR,Liberia,country,2014,59.209999
LBR,Liberia,country,2015,59.248001
LBR,Liberia,country,2016,60.483002
LBR,Liberia,country,2017,60.777
LBR,Liberia,country,2018,60.999001
LBR,Liberia,country,2019,61.231998
LBR,Liberia,country,2020,61.266998
LBR,Liberia,country,2021,61.166
LBR,Liberia,country,2022,61.933998
LBR,Liberia,country,2023,62.162998
LBY,Libya,country,1990,69.311996
LBY,Libya,country,1991,69.635002
LBY,Libya,country,1992,69.973999
LBY,Libya,country,1993,70.247002
LBY,Libya,country,1994,70.472
LBY,Libya,country,1995,70.640999
LBY,Libya,country,1996,70.736
LBY,Libya,country,1997,70.720001
LBY,Libya,country,1998,70.656998
LBY,Libya,country,1999,70.600998
LBY,Libya,country,2000,70.542
LBY,Libya,country,2001,70.653
LBY,Libya,country,2002,70.788002
LBY,Libya,country,2003,70.996002
LBY,Libya,country,2004,71.209999
LBY,Libya,country,2005,71.439003
LBY,Libya,country,2006,71.632004
LBY,Libya,country,2007,71.788002
LBY,Libya,country,2008,71.935997
LBY,Libya,country,2009,72.070999
LBY,Libya,country,2010,72.195999
LBY,Libya,country,2011,69.949997
LBY,Libya,country,2012,72.188004
LBY,Libya,country,2013,72.338997
LBY,Libya,country,2014,71.300003
LBY,Libya,country,2015,71.643997
LBY,Libya,country,2016,71.799004
LBY,Libya,country,2017,72.721001
LBY,Libya,country,2018,73.151001
LBY,Libya,country,2019,72.941002
LBY,Libya,country,2020,72.388
LBY,Libya,country,2021,72.061996
LBY,Libya,country,2022,74.461998
LBY,Libya,country,2023,69.338997
LCA,Saint Lucia,country,1990,70.008003
LCA,Saint Lucia,country,1991,70.308998
LCA,Saint Lucia,country,1992,70.734001
LCA,Saint Lucia,country,1993,71.050003
LCA,Saint Lucia,country,1994,71.075996
LCA,Saint Lucia,country,1995,71.171997
LCA,Saint Lucia,country,1996,70.962997
LCA,Saint Lucia,country,1997,70.778
LCA,Saint Lucia,country,1998,70.68
LCA,Saint Lucia,country,1999,70.692001
LCA,Saint Lucia,country,2000,70.778999
LCA,Saint Lucia,country,2001,71.366997
LCA,Saint Lucia,country,2002,71.707001
LCA,Saint Lucia,country,2003,72.188004
LCA,Saint Lucia,country,2004,72.453003
LCA,Saint Lucia,country,2005,72.543999
LCA,Saint Lucia,country,2006,72.793999
LCA,Saint Lucia,country,2007,72.860001
LCA,Saint Lucia,country,2008,72.962997
LCA,Saint Lucia,country,2009,72.945999
LCA,Saint Lucia,country,2010,72.767998
LCA,Saint Lucia,country,2011,72.961998
LCA,Saint Lucia,country,2012,72.860001
LCA,Saint Lucia,country,2013,72.686996
LCA,Saint Lucia,country,2014,72.676003
LCA,Saint Lucia,country,2015,72.931999
LCA,Saint Lucia,country,2016,72.552002
LCA,Saint Lucia,country,2017,72.522003
LCA,Saint Lucia,country,2018,72.654999
LCA,Saint Lucia,country,2019,72.249001
LCA,Saint Lucia,country,2020,72.307999
LCA,Saint Lucia,country,2021,69.119003
LCA,Saint Lucia,country,2022,72.669998
LCA,Saint Lucia,country,2023,72.696999
LIE,Liechtenstein,country,1990,78.510002
LIE,Liechtenstein,country,1991,78.660004
LIE,Liechtenstein,country,1992,78.653999
LIE,Liechtenstein,country,1993,78.452003
LIE,Liechtenstein,country,1994,78.18
LIE,Liechtenstein,country,1995,77.917999
LIE,Liechtenstein,country,1996,77.666
LIE,Liechtenstein,country,1997,77.596001
LIE,Liechtenstein,country,1998,77.806
LIE,Liechtenstein,country,1999,78.151001
LIE,Liechtenstein,country,2000,78.575996
LIE,Liechtenstein,country,2001,79.194
LIE,Liechtenstein,country,2002,79.759003
LIE,Liechtenstein,country,2003,80.237999
LIE,Liechtenstein,country,2004,80.733002
LIE,Liechtenstein,country,2005,81.116997
LIE,Liechtenstein,country,2006,81.403
LIE,Liechtenstein,country,2007,81.639
LIE,Liechtenstein,country,2008,81.855003
LIE,Liechtenstein,country,2009,81.936996
LIE,Liechtenstein,country,2010,82.054001
LIE,Liechtenstein,country,2011,82.156998
LIE,Liechtenstein,country,2012,82.253998
LIE,Liechtenstein,country,2013,82.374001
LIE,Liechtenstein,country,2014,82.545998
LIE,Liechtenstein,country,2015,82.762001
LIE,Liechtenstein,country,2016,82.894997
LIE,Liechtenstein,country,2017,83.111
LIE,Liechtenstein,country,2018,83.268997
LIE,Liechtenstein,country,2019,83.404999
LIE,Liechtenstein,country,2020,82.037003
LIE,Liechtenstein,country,2021,82.788002
LIE,Liechtenstein,country,2022,83.404999
LIE,Liechtenstein,country,2023,83.629997
LKA,Sri Lanka,country,1990,69.238998
LKA,Sri Lanka,country,1991,69.130997
LKA,Sri Lanka,country,1992,69.619003
LKA,Sri Lanka,country,1993,70.049004
LKA,Sri Lanka,country,1994,70.210999
LKA,Sri Lanka,country,1995,69.746002
LKA,Sri Lanka,country,1996,69.841003
LKA,Sri Lanka,country,1997,69.933998
LKA,Sri Lanka,country,1998,70.134003
LKA,Sri Lanka,country,1999,70.427002
LKA,Sri Lanka,country,2000,71.179001
LKA,Sri Lanka,country,2001,71.804001
LKA,Sri Lanka,country,2002,72.271004
LKA,Sri Lanka,country,2003,72.442001
LKA,Sri Lanka,country,2004,68.022003
LKA,Sri Lanka,country,2005,73.072998
LKA,Sri Lanka,country,2006,72.824997
LKA,Sri Lanka,country,2007,72.983002
LKA,Sri Lanka,country,2008,72.556
LKA,Sri Lanka,country,2009,70.297997
LKA,Sri Lanka,country,2010,74.462997
LKA,Sri Lanka,country,2011,74.739998
LKA,Sri Lanka,country,2012,75.186996
LKA,Sri Lanka,country,2013,75.545998
LKA,Sri Lanka,country,2014,75.757004
LKA,Sri Lanka,country,2015,75.989998
LKA,Sri Lanka,country,2016,76.136002
LKA,Sri Lanka,country,2017,76.238998
LKA,Sri Lanka,country,2018,76.485001
LKA,Sri Lanka,country,2019,76.697998
LKA,Sri Lanka,country,2020,76.928001
LKA,Sri Lanka,country,2021,76.278
LKA,Sri Lanka,country,2022,77.300003
LKA,Sri Lanka,country,2023,77.483002
LSO,Lesotho,country,1990,59.317001
LSO,Lesotho,country,1991,59.061001
LSO,Lesotho,country,1992,58.638
LSO,Lesotho,country,1993,58.060001
LSO,Lesotho,country,1994,57.287998
LSO,Lesotho,country,1995,56.368
LSO,Lesotho,country,1996,55.136002
LSO,Lesotho,country,1997,53.733002
LSO,Lesotho,country,1998,52.028999
LSO,Lesotho,country,1999,50.384998
LSO,Lesotho,country,2000,48.783001
LSO,Lesotho,country,2001,47.153
LSO,Lesotho,country,2002,45.950001
LSO,Lesotho,country,2003,44.921001
LSO,Lesotho,country,2004,44.039001
LSO,Lesotho,country,2005,43.611
LSO,Lesotho,country,2006,43.181999
LSO,Lesotho,country,2007,43.66
LSO,Lesotho,country,2008,44.304001
LSO,Lesotho,country,2009,45.055
LSO,Lesotho,country,2010,46.044998
LSO,Lesotho,country,2011,46.93
LSO,Lesotho,country,2012,48.235001
LSO,Lesotho,country,2013,49.547001
LSO,Lesotho,country,2014,50.785999
LSO,Lesotho,country,2015,51.830002
LSO,Lesotho,country,2016,52.908001
LSO,Lesotho,country,2017,53.874001
LSO,Lesotho,country,2018,54.638
LSO,Lesotho,country,2019,55.249001
LSO,Lesotho,country,2020,55.132999
LSO,Lesotho,country,2021,54.209
LSO,Lesotho,country,2022,56.812
LSO,Lesotho,country,2023,57.375
LTU,Lithuania,country,1990,71.369003
LTU,Lithuania,country,1991,70.510002
LTU,Lithuania,country,1992,70.336998
LTU,Lithuania,country,1993,68.933998
LTU,Lithuania,country,1994,68.502998
LTU,Lithuania,country,1995,69.017998
LTU,Lithuania,country,1996,70.193001
LTU,Lithuania,country,1997,71.028999
LTU,Lithuania,country,1998,71.330002
LTU,Lithuania,country,1999,71.717003
LTU,Lithuania,country,2000,72.139
LTU,Lithuania,country,2001,71.711998
LTU,Lithuania,country,2002,71.838997
LTU,Lithuania,country,2003,72.087997
LTU,Lithuania,country,2004,72.000999
LTU,Lithuania,country,2005,71.246002
LTU,Lithuania,country,2006,70.963997
LTU,Lithuania,country,2007,70.697998
LTU,Lithuania,country,2008,71.695999
LTU,Lithuania,country,2009,72.849998
LTU,Lithuania,country,2010,73.195999
LTU,Lithuania,country,2011,73.608002
LTU,Lithuania,country,2012,73.963997
LTU,Lithuania,country,2013,74.027
LTU,Lithuania,country,2014,74.596001
LTU,Lithuania,country,2015,74.473999
LTU,Lithuania,country,2016,74.82
LTU,Lithuania,country,2017,75.700996
LTU,Lithuania,country,2018,75.908997
LTU,Lithuania,country,2019,76.424004
LTU,Lithuania,country,2020,75.105003
LTU,Lithuania,country,2021,74.296997
LTU,Lithuania,country,2022,74.695999
LTU,Lithuania,country,2023,76.025002
LUX,Luxembourg,country,1990,74.967003
LUX,Luxembourg,country,1991,74.963997
LUX,Luxembourg,country,1992,74.746002
LUX,Luxembourg,country,1993,75.426003
LUX,Luxembourg,country,1994,75.931
LUX,Luxembourg,country,1995,75.877998
LUX,Luxembourg,country,1996,76.167999
LUX,Luxembourg,country,1997,76.389999
LUX,Luxembourg,country,1998,76.570999
LUX,Luxembourg,country,1999,76.986
LUX,Luxembourg,country,2000,77.263
LUX,Luxembourg,country,2001,77.529999
LUX,Luxembourg,country,2002,77.552002
LUX,Luxembourg,country,2003,77.262001
LUX,Luxembourg,country,2004,78.657997
LUX,Luxembourg,country,2005,78.878998
LUX,Luxembourg,country,2006,78.837997
LUX,Luxembourg,country,2007,79.115997
LUX,Luxembourg,country,2008,80.107002
LUX,Luxembourg,country,2009,79.906998
LUX,Luxembourg,country,2010,80.098999
LUX,Luxembourg,country,2011,80.285004
LUX,Luxembourg,country,2012,80.438004
LUX,Luxembourg,country,2013,80.853996
LUX,Luxembourg,country,2014,81.236
LUX,Luxembourg,country,2015,81.255997
LUX,Luxembourg,country,2016,81.620003
LUX,Luxembourg,country,2017,81.088997
LUX,Luxembourg,country,2018,81.518997
LUX,Luxembourg,country,2019,81.587997
LUX,Luxembourg,country,2020,81.411003
LUX,Luxembourg,country,2021,81.838997
LUX,Luxembourg,country,2022,82.200996
LUX,Luxembourg,country,2023,82.228996
LVA,Latvia,country,1990,69.457001
LVA,Latvia,country,1991,69.181999
LVA,Latvia,country,1992,68.450996
LVA,Latvia,country,1993,66.628998
LVA,Latvia,country,1994,65.182999
LVA,Latvia,country,1995,65.995003
LVA,Latvia,country,1996,68.585999
LVA,Latvia,country,1997,69.224998
LVA,Latvia,country,1998,68.850998
LVA,Latvia,country,1999,69.648003
LVA,Latvia,country,2000,70.175003
LVA,Latvia,country,2001,69.905998
LVA,Latvia,country,2002,70.175003
LVA,Latvia,country,2003,70.636002
LVA,Latvia,country,2004,70.939003
LVA,Latvia,country,2005,70.632004
LVA,Latvia,country,2006,70.550003
LVA,Latvia,country,2007,70.789001
LVA,Latvia,country,2008,71.999001
LVA,Latvia,country,2009,72.696999
LVA,Latvia,country,2010,73.028
LVA,Latvia,country,2011,73.718002
LVA,Latvia,country,2012,73.939003
LVA,Latvia,country,2013,74.186996
LVA,Latvia,country,2014,74.306
LVA,Latvia,country,2015,74.665001
LVA,Latvia,country,2016,74.757004
LVA,Latvia,country,2017,74.800003
LVA,Latvia,country,2018,74.978996
LVA,Latvia,country,2019,75.627998
LVA,Latvia,country,2020,75.477997
LVA,Latvia,country,2021,73.181
LVA,Latvia,country,2022,74.871002
LVA,Latvia,country,2023,76.190002
MAR,Morocco,country,1990,62.396
MAR,Morocco,country,1991,62.918999
MAR,Morocco,country,1992,63.388
MAR,Morocco,country,1993,63.868
MAR,Morocco,country,1994,64.346001
MAR,Morocco,country,1995,64.724998
MAR,Morocco,country,1996,65.225998
MAR,Morocco,country,1997,65.615997
MAR,Morocco,country,1998,66.008003
MAR,Morocco,country,1999,66.403999
MAR,Morocco,country,2000,66.793999
MAR,Morocco,country,2001,67.199997
MAR,Morocco,country,2002,67.582001
MAR,Morocco,country,2003,67.958
MAR,Morocco,country,2004,68.272003
MAR,Morocco,country,2005,68.748001
MAR,Morocco,country,2006,69.156998
MAR,Morocco,country,2007,69.620003
MAR,Morocco,country,2008,70.051003
MAR,Morocco,country,2009,70.454002
MAR,Morocco,country,2010,70.820999
MAR,Morocco,country,2011,71.263
MAR,Morocco,country,2012,71.674004
MAR,Morocco,country,2013,72.116997
MAR,Morocco,country,2014,72.522003
MAR,Morocco,country,2015,72.893997
MAR,Morocco,country,2016,73.227997
MAR,Morocco,country,2017,73.608002
MAR,Morocco,country,2018,73.945999
MAR,Morocco,country,2019,74.245003
MAR,Morocco,country,2020,73.133003
MAR,Morocco,country,2021,73.385002
MAR,Morocco,country,2022,75.161003
MAR,Morocco,country,2023,75.313004
MCO,Monaco,country,1990,79.435997
MCO,Monaco,country,1991,79.749001
MCO,Monaco,country,1992,80.065002
MCO,Monaco,country,1993,80.364998
MCO,Monaco,country,1994,80.653999
MCO,Monaco,country,1995,80.902
MCO,Monaco,country,1996,81.133003
MCO,Monaco,country,1997,81.358002
MCO,Monaco,country,1998,81.605003
MCO,Monaco,country,1999,81.825996
MCO,Monaco,country,2000,82.121002
MCO,Monaco,country,2001,82.485001
MCO,Monaco,country,2002,83.055
MCO,Monaco,country,2003,83.612999
MCO,Monaco,country,2004,84.151001
MCO,Monaco,country,2005,84.339996
MCO,Monaco,country,2006,84.194
MCO,Monaco,country,2007,83.903
MCO,Monaco,country,2008,83.827003
MCO,Monaco,country,2009,84.186996
MCO,Monaco,country,2010,84.643997
MCO,Monaco,country,2011,85.010002
MCO,Monaco,country,2012,85.044998
MCO,Monaco,country,2013,85.056
MCO,Monaco,country,2014,85.093002
MCO,Monaco,country,2015,85.322998
MCO,Monaco,country,2016,85.629997
MCO,Monaco,country,2017,85.877998
MCO,Monaco,country,2018,86.084
MCO,Monaco,country,2019,86.151001
MCO,Monaco,country,2020,86.088997
MCO,Monaco,country,2021,85.112999
MCO,Monaco,country,2022,85.746002
MCO,Monaco,country,2023,86.372002
MDA,Republic of Moldova,country,1990,67.919998
MDA,Republic of Moldova,country,1991,67.554001
MDA,Republic of Moldova,country,1992,66.749001
MDA,Republic of Moldova,country,1993,66.660004
MDA,Republic of Moldova,country,1994,66.319
MDA,Republic of Moldova,country,1995,66.218002
MDA,Republic of Moldova,country,1996,66.248001
MDA,Republic of Moldova,country,1997,66.484001
MDA,Republic of Moldova,country,1998,66.839996
MDA,Republic of Moldova,country,1999,67.205002
MDA,Republic of Moldova,country,2000,67.461998
MDA,Republic of Moldova,country,2001,67.671997
MDA,Republic of Moldova,country,2002,67.792999
MDA,Republic of Moldova,country,2003,67.900002
MDA,Republic of Moldova,country,2004,68.016998
MDA,Republic of Moldova,country,2005,68.196999
MDA,Republic of Moldova,country,2006,68.422997
MDA,Republic of Moldova,country,2007,68.674004
MDA,Republic of Moldova,country,2008,69
MDA,Republic of Moldova,country,2009,69.405998
MDA,Republic of Moldova,country,2010,69.875999
MDA,Republic of Moldova,country,2011,70.172997
MDA,Republic of Moldova,country,2012,70.344002
MDA,Republic of Moldova,country,2013,70.291
MDA,Republic of Moldova,country,2014,70.240997
MDA,Republic of Moldova,country,2015,70.117996
MDA,Republic of Moldova,country,2016,70.179001
MDA,Republic of Moldova,country,2017,70.375
MDA,Republic of Moldova,country,2018,70.236
MDA,Republic of Moldova,country,2019,70.181
MDA,Republic of Moldova,country,2020,69.914001
MDA,Republic of Moldova,country,2021,68.990997
MDA,Republic of Moldova,country,2022,71.545998
MDA,Republic of Moldova,country,2023,71.197998
MDG,Madagascar,country,1990,52.139999
MDG,Madagascar,country,1991,52.555
MDG,Madagascar,country,1992,52.945999
MDG,Madagascar,country,1993,53.733002
MDG,Madagascar,country,1994,54.247002
MDG,Madagascar,country,1995,54.845001
MDG,Madagascar,country,1996,55.477001
MDG,Madagascar,country,1997,56.126999
MDG,Madagascar,country,1998,56.803001
MDG,Madagascar,country,1999,57.433998
MDG,Madagascar,country,2000,57.973999
MDG,Madagascar,country,2001,58.674
MDG,Madagascar,country,2002,59.169998
MDG,Madagascar,country,2003,59.693001
MDG,Madagascar,country,2004,60.167999
MDG,Madagascar,country,2005,60.664001
MDG,Madagascar,country,2006,61.139999
MDG,Madagascar,country,2007,61.533001
MDG,Madagascar,country,2008,61.992001
MDG,Madagascar,country,2009,62.304001
MDG,Madagascar,country,2010,62.597
MDG,Madagascar,country,2011,62.860001
MDG,Madagascar,country,2012,63.007
MDG,Madagascar,country,2013,63.160999
MDG,Madagascar,country,2014,63.261002
MDG,Madagascar,country,2015,63.362
MDG,Madagascar,country,2016,63.431
MDG,Madagascar,country,2017,63.432999
MDG,Madagascar,country,2018,63.491001
MDG,Madagascar,country,2019,63.504002
MDG,Madagascar,country,2020,62.706001
MDG,Madagascar,country,2021,62.515999
MDG,Madagascar,country,2022,63.068001
MDG,Madagascar,country,2023,63.632
MDV,Maldives,country,1990,63.147999
MDV,Maldives,country,1991,63.910999
MDV,Maldives,country,1992,64.664001
MDV,Maldives,country,1993,65.433998
MDV,Maldives,country,1994,66.196999
MDV,Maldives,country,1995,66.961998
MDV,Maldives,country,1996,67.734001
MDV,Maldives,country,1997,68.516998
MDV,Maldives,country,1998,69.303001
MDV,Maldives,country,1999,70.156998
MDV,Maldives,country,2000,70.891998
MDV,Maldives,country,2001,71.658997
MDV,Maldives,country,2002,72.360001
MDV,Maldives,country,2003,73.263
MDV,Maldives,country,2004,73.008003
MDV,Maldives,country,2005,74.785004
MDV,Maldives,country,2006,75.255997
MDV,Maldives,country,2007,75.710999
MDV,Maldives,country,2008,75.999001
MDV,Maldives,country,2009,76.371002
MDV,Maldives,country,2010,76.755997
MDV,Maldives,country,2011,77.140999
MDV,Maldives,country,2012,77.512001
MDV,Maldives,country,2013,77.847
MDV,Maldives,country,2014,78.186996
MDV,Maldives,country,2015,78.607002
MDV,Maldives,country,2016,78.913002
MDV,Maldives,country,2017,79.227997
MDV,Maldives,country,2018,79.432999
MDV,Maldives,country,2019,79.707001
MDV,Maldives,country,2020,78.712997
MDV,Maldives,country,2021,78.052002
MDV,Maldives,country,2022,80.760002
MDV,Maldives,country,2023,81.041
MEX,Mexico,country,1990,69.033997
MEX,Mexico,country,1991,69.367996
MEX,Mexico,country,1992,69.663002
MEX,Mexico,country,1993,69.960999
MEX,Mexico,country,1994,70.302002
MEX,Mexico,country,1995,70.703003
MEX,Mexico,country,1996,71.087997
MEX,Mexico,country,1997,71.472
MEX,Mexico,country,1998,71.792
MEX,Mexico,country,1999,72.203003
MEX,Mexico,country,2000,72.561996
MEX,Mexico,country,2001,72.912003
MEX,Mexico,country,2002,73.106003
MEX,Mexico,country,2003,73.307999
MEX,Mexico,country,2004,73.431999
MEX,Mexico,country,2005,73.626999
MEX,Mexico,country,2006,73.746002
MEX,Mexico,country,2007,73.795998
MEX,Mexico,country,2008,73.695
MEX,Mexico,country,2009,73.627998
MEX,Mexico,country,2010,73.718002
MEX,Mexico,country,2011,73.920998
MEX,Mexico,country,2012,74.127998
MEX,Mexico,country,2013,74.289001
MEX,Mexico,country,2014,74.403999
MEX,Mexico,country,2015,74.431
MEX,Mexico,country,2016,74.375999
MEX,Mexico,country,2017,74.261002
MEX,Mexico,country,2018,74.301003
MEX,Mexico,country,2019,74.529999
MEX,Mexico,country,2020,70.448997
MEX,Mexico,country,2021,69.75
MEX,Mexico,country,2022,73.973
MEX,Mexico,country,2023,75.069
MHL,Marshall Islands,country,1990,61.756001
MHL,Marshall Islands,country,1991,61.792
MHL,Marshall Islands,country,1992,61.900002
MHL,Marshall Islands,country,1993,62.084999
MHL,Marshall Islands,country,1994,62.307999
MHL,Marshall Islands,country,1995,62.514999
MHL,Marshall Islands,country,1996,62.764999
MHL,Marshall Islands,country,1997,63.014999
MHL,Marshall Islands,country,1998,63.217999
MHL,Marshall Islands,country,1999,63.421001
MHL,Marshall Islands,country,2000,63.323002
MHL,Marshall Islands,country,2001,63.735001
MHL,Marshall Islands,country,2002,63.848
MHL,Marshall Islands,country,2003,63.956001
MHL,Marshall Islands,country,2004,64.043999
MHL,Marshall Islands,country,2005,64.112
MHL,Marshall Islands,country,2006,64.207001
MHL,Marshall Islands,country,2007,64.259003
MHL,Marshall Islands,country,2008,64.300003
MHL,Marshall Islands,country,2009,64.394997
MHL,Marshall Islands,country,2010,64.498001
MHL,Marshall Islands,country,2011,64.640999
MHL,Marshall Islands,country,2012,64.776001
MHL,Marshall Islands,country,2013,64.954002
MHL,Marshall Islands,country,2014,65.110001
MHL,Marshall Islands,country,2015,65.292
MHL,Marshall Islands,country,2016,65.476997
MHL,Marshall Islands,country,2017,65.672997
MHL,Marshall Islands,country,2018,65.870003
MHL,Marshall Islands,country,2019,66.046997
MHL,Marshall Islands,country,2020,65.387001
MHL,Marshall Islands,country,2021,65.420998
MHL,Marshall Islands,country,2022,66.724998
MHL,Marshall Islands,country,2023,66.945
MKD,North Macedonia,country,1990,71.338997
MKD,North Macedonia,country,1991,71.751999
MKD,North Macedonia,country,1992,71.302002
MKD,North Macedonia,country,1993,71.731003
MKD,North Macedonia,country,1994,71.487
MKD,North Macedonia,country,1995,71.964996
MKD,North Macedonia,country,1996,71.853996
MKD,North Macedonia,country,1997,71.880997
MKD,North Macedonia,country,1998,71.802002
MKD,North Macedonia,country,1999,72.307999
MKD,North Macedonia,country,2000,72.569
MKD,North Macedonia,country,2001,73.005997
MKD,North Macedonia,country,2002,72.709
MKD,North Macedonia,country,2003,73.046997
MKD,North Macedonia,country,2004,73.447998
MKD,North Macedonia,country,2005,73.608002
MKD,North Macedonia,country,2006,73.791
MKD,North Macedonia,country,2007,73.741997
MKD,North Macedonia,country,2008,74.435997
MKD,North Macedonia,country,2009,74.469002
MKD,North Macedonia,country,2010,75.037003
MKD,North Macedonia,country,2011,75.141998
MKD,North Macedonia,country,2012,75.042999
MKD,North Macedonia,country,2013,75.583
MKD,North Macedonia,country,2014,75.633003
MKD,North Macedonia,country,2015,75.628998
MKD,North Macedonia,country,2016,75.570999
MKD,North Macedonia,country,2017,76.152
MKD,North Macedonia,country,2018,76.883003
MKD,North Macedonia,country,2019,76.834999
MKD,North Macedonia,country,2020,74.469002
MKD,North Macedonia,country,2021,73.292
MKD,North Macedonia,country,2022,76.644997
MKD,North Macedonia,country,2023,77.394997
MLI,Mali,country,1990,46.541
MLI,Mali,country,1991,46.889
MLI,Mali,country,1992,47.237999
MLI,Mali,country,1993,47.585999
MLI,Mali,country,1994,47.914001
MLI,Mali,country,1995,48.292
MLI,Mali,country,1996,48.5
MLI,Mali,country,1997,49.085999
MLI,Mali,country,1998,49.591999
MLI,Mali,country,1999,50.060001
MLI,Mali,country,2000,50.605
MLI,Mali,country,2001,51.299999
MLI,Mali,country,2002,51.994999
MLI,Mali,country,2003,52.632
MLI,Mali,country,2004,53.252998
MLI,Mali,country,2005,53.792
MLI,Mali,country,2006,54.305
MLI,Mali,country,2007,54.756001
MLI,Mali,country,2008,55.187
MLI,Mali,country,2009,55.588001
MLI,Mali,country,2010,55.993
MLI,Mali,country,2011,56.367001
MLI,Mali,country,2012,56.695999
MLI,Mali,country,2013,57.051998
MLI,Mali,country,2014,57.481998
MLI,Mali,country,2015,57.852001
MLI,Mali,country,2016,58.285999
MLI,Mali,country,2017,58.562
MLI,Mali,country,2018,58.873001
MLI,Mali,country,2019,59.216999
MLI,Mali,country,2020,58.858002
MLI,Mali,country,2021,59.116001
MLI,Mali,country,2022,60.035
MLI,Mali,country,2023,60.438999
MLT,Malta,country,1990,76.160004
MLT,Malta,country,1991,76.487999
MLT,Malta,country,1992,76.68
MLT,Malta,country,1993,76.834
MLT,Malta,country,1994,76.945999
MLT,Malta,country,1995,76.982002
MLT,Malta,country,1996,76.320999
MLT,Malta,country,1997,77.316002
MLT,Malta,country,1998,77.799004
MLT,Malta,country,1999,77.751999
MLT,Malta,country,2000,77.903
MLT,Malta,country,2001,78.902
MLT,Malta,country,2002,78.467003
MLT,Malta,country,2003,78.695999
MLT,Malta,country,2004,79.166
MLT,Malta,country,2005,79.488998
MLT,Malta,country,2006,79.560997
MLT,Malta,country,2007,79.737
MLT,Malta,country,2008,79.690002
MLT,Malta,country,2009,80.415001
MLT,Malta,country,2010,81.398003
MLT,Malta,country,2011,80.804001
MLT,Malta,country,2012,81.064003
MLT,Malta,country,2013,81.818001
MLT,Malta,country,2014,82.318001
MLT,Malta,country,2015,82.591003
MLT,Malta,country,2016,82.656998
MLT,Malta,country,2017,83.088997
MLT,Malta,country,2018,82.907997
MLT,Malta,country,2019,82.838997
MLT,Malta,country,2020,82.335999
MLT,Malta,country,2021,82.316002
MLT,Malta,country,2022,82.25
MLT,Malta,country,2023,83.299004
MMR,Myanmar,country,1990,57.159
MMR,Myanmar,country,1991,57.395
MMR,Myanmar,country,1992,57.681
MMR,Myanmar,country,1993,58.032001
MMR,Myanmar,country,1994,58.326
MMR,Myanmar,country,1995,58.671001
MMR,Myanmar,country,1996,59.168999
MMR,Myanmar,country,1997,59.522999
MMR,Myanmar,country,1998,59.896
MMR,Myanmar,country,1999,60.106998
MMR,Myanmar,country,2000,60.356998
MMR,Myanmar,country,2001,60.639999
MMR,Myanmar,country,2002,60.924999
MMR,Myanmar,country,2003,61.195999
MMR,Myanmar,country,2004,61.443001
MMR,Myanmar,country,2005,61.720001
MMR,Myanmar,country,2006,62.026001
MMR,Myanmar,country,2007,62.367001
MMR,Myanmar,country,2008,56.363998
MMR,Myanmar,country,2009,63.095001
MMR,Myanmar,country,2010,63.479
MMR,Myanmar,country,2011,63.859001
MMR,Myanmar,country,2012,64.250999
MMR,Myanmar,country,2013,64.616997
MMR,Myanmar,country,2014,64.994003
MMR,Myanmar,country,2015,65.288002
MMR,Myanmar,country,2016,65.639999
MMR,Myanmar,country,2017,65.908997
MMR,Myanmar,country,2018,66.232002
MMR,Myanmar,country,2019,66.457001
MMR,Myanmar,country,2020,66.612
MMR,Myanmar,country,2021,65.553001
MMR,Myanmar,country,2022,66.505997
MMR,Myanmar,country,2023,66.889
MNE,Montenegro,country,1990,73.876999
MNE,Montenegro,country,1991,73.950996
MNE,Montenegro,country,1992,73.800003
MNE,Montenegro,country,1993,73.869003
MNE,Montenegro,country,1994,73.764
MNE,Montenegro,country,1995,73.739998
MNE,Montenegro,country,1996,73.611
MNE,Montenegro,country,1997,73.503998
MNE,Montenegro,country,1998,73.442001
MNE,Montenegro,country,1999,73.292999
MNE,Montenegro,country,2000,73.552002
MNE,Montenegro,country,2001,73.738998
MNE,Montenegro,country,2002,74.130997
MNE,Montenegro,country,2003,74.225998
MNE,Montenegro,country,2004,74.378998
MNE,Montenegro,country,2005,74.425003
MNE,Montenegro,country,2006,74.670998
MNE,Montenegro,country,2007,74.674004
MNE,Montenegro,country,2008,75.000999
MNE,Montenegro,country,2009,75.397003
MNE,Montenegro,country,2010,75.712997
MNE,Montenegro,country,2011,75.960999
MNE,Montenegro,country,2012,76.237
MNE,Montenegro,country,2013,76.353996
MNE,Montenegro,country,2014,76.468002
MNE,Montenegro,country,2015,76.594002
MNE,Montenegro,country,2016,76.565002
MNE,Montenegro,country,2017,76.593002
MNE,Montenegro,country,2018,76.920998
MNE,Montenegro,country,2019,76.639
MNE,Montenegro,country,2020,75.849998
MNE,Montenegro,country,2021,73.789001
MNE,Montenegro,country,2022,75.920998
MNE,Montenegro,country,2023,77.086998
MNG,Mongolia,country,1990,58.817001
MNG,Mongolia,country,1991,59.818001
MNG,Mongolia,country,1992,60.439999
MNG,Mongolia,country,1993,60.828999
MNG,Mongolia,country,1994,60.855
MNG,Mongolia,country,1995,60.890999
MNG,Mongolia,country,1996,61
MNG,Mongolia,country,1997,61.438
MNG,Mongolia,country,1998,62.120998
MNG,Mongolia,country,1999,62.834999
MNG,Mongolia,country,2000,63.458
MNG,Mongolia,country,2001,63.806
MNG,Mongolia,country,2002,63.992001
MNG,Mongolia,country,2003,64.135002
MNG,Mongolia,country,2004,64.343002
MNG,Mongolia,country,2005,64.810997
MNG,Mongolia,country,2006,65.569
MNG,Mongolia,country,2007,66.471001
MNG,Mongolia,country,2008,67.085999
MNG,Mongolia,country,2009,67.172997
MNG,Mongolia,country,2010,67.099998
MNG,Mongolia,country,2011,67.167
MNG,Mongolia,country,2012,67.611
MNG,Mongolia,country,2013,68.209999
MNG,Mongolia,country,2014,68.737
MNG,Mongolia,country,2015,69.238998
MNG,Mongolia,country,2016,69.736
MNG,Mongolia,country,2017,70.170998
MNG,Mongolia,country,2018,70.573997
MNG,Mongolia,country,2019,70.663002
MNG,Mongolia,country,2020,70.028999
MNG,Mongolia,country,2021,68.565002
MNG,Mongolia,country,2022,71.504997
MNG,Mongolia,country,2023,71.734001
MOZ,Mozambique,country,1990,44.337002
MOZ,Mozambique,country,1991,44.705002
MOZ,Mozambique,country,1992,45.095001
MOZ,Mozambique,country,1993,45.674999
MOZ,Mozambique,country,1994,46.085999
MOZ,Mozambique,country,1995,46.546001
MOZ,Mozambique,country,1996,47.120998
MOZ,Mozambique,country,1997,47.799999
MOZ,Mozambique,country,1998,48.212002
MOZ,Mozambique,country,1999,48.837002
MOZ,Mozambique,country,2000,49.476002
MOZ,Mozambique,country,2001,50.258999
MOZ,Mozambique,country,2002,50.879002
MOZ,Mozambique,country,2003,51.382999
MOZ,Mozambique,country,2004,51.855
MOZ,Mozambique,country,2005,52.321999
MOZ,Mozambique,country,2006,52.748001
MOZ,Mozambique,country,2007,53.255001
MOZ,Mozambique,country,2008,53.799
MOZ,Mozambique,country,2009,54.400002
MOZ,Mozambique,country,2010,55.040001
MOZ,Mozambique,country,2011,55.733002
MOZ,Mozambique,country,2012,56.459999
MOZ,Mozambique,country,2013,57.188999
MOZ,Mozambique,country,2014,57.965
MOZ,Mozambique,country,2015,58.710999
MOZ,Mozambique,country,2016,59.455002
MOZ,Mozambique,country,2017,60.147999
MOZ,Mozambique,country,2018,60.790001
MOZ,Mozambique,country,2019,61.306
MOZ,Mozambique,country,2020,61.389999
MOZ,Mozambique,country,2021,60.268002
MOZ,Mozambique,country,2022,63.011002
MOZ,Mozambique,country,2023,63.611
MRT,Mauritania,country,1990,58.087002
MRT,Mauritania,country,1991,58.291
MRT,Mauritania,country,1992,58.568001
MRT,Mauritania,country,1993,58.733002
MRT,Mauritania,country,1994,58.763
MRT,Mauritania,country,1995,58.861
MRT,Mauritania,country,1996,58.915001
MRT,Mauritania,country,1997,59.417
MRT,Mauritania,country,1998,59.889999
MRT,Mauritania,country,1999,60.443001
MRT,Mauritania,country,2000,61.043999
MRT,Mauritania,country,2001,61.661999
MRT,Mauritania,country,2002,62.249001
MRT,Mauritania,country,2003,62.805
MRT,Mauritania,country,2004,63.368999
MRT,Mauritania,country,2005,63.919998
MRT,Mauritania,country,2006,64.492996
MRT,Mauritania,country,2007,64.885002
MRT,Mauritania,country,2008,65.233002
MRT,Mauritania,country,2009,65.485001
MRT,Mauritania,country,2010,65.661003
MRT,Mauritania,country,2011,65.753998
MRT,Mauritania,country,2012,65.807999
MRT,Mauritania,country,2013,65.889999
MRT,Mauritania,country,2014,66.207001
MRT,Mauritania,country,2015,66.498001
MRT,Mauritania,country,2016,66.822998
MRT,Mauritania,country,2017,67.087997
MRT,Mauritania,country,2018,67.418999
MRT,Mauritania,country,2019,67.639999
MRT,Mauritania,country,2020,66.793999
MRT,Mauritania,country,2021,66.762001
MRT,Mauritania,country,2022,68.280998
MRT,Mauritania,country,2023,68.484001
MUS,Mauritius,country,1990,69.771004
MUS,Mauritius,country,1991,70.051003
MUS,Mauritius,country,1992,70.212997
MUS,Mauritius,country,1993,70.364998
MUS,Mauritius,country,1994,70.419998
MUS,Mauritius,country,1995,70.599998
MUS,Mauritius,country,1996,70.524002
MUS,Mauritius,country,1997,70.683998
MUS,Mauritius,country,1998,70.893997
MUS,Mauritius,country,1999,71.389999
MUS,Mauritius,country,2000,71.760002
MUS,Mauritius,country,2001,71.985001
MUS,Mauritius,country,2002,72.055
MUS,Mauritius,country,2003,72.306999
MUS,Mauritius,country,2004,72.545998
MUS,Mauritius,country,2005,72.643997
MUS,Mauritius,country,2006,72.780998
MUS,Mauritius,country,2007,72.886002
MUS,Mauritius,country,2008,73.124001
MUS,Mauritius,country,2009,73.260002
MUS,Mauritius,country,2010,73.647003
MUS,Mauritius,country,2011,74.068001
MUS,Mauritius,country,2012,74.330002
MUS,Mauritius,country,2013,74.43
MUS,Mauritius,country,2014,74.613998
MUS,Mauritius,country,2015,74.672997
MUS,Mauritius,country,2016,74.849998
MUS,Mauritius,country,2017,75.024002
MUS,Mauritius,country,2018,74.490997
MUS,Mauritius,country,2019,74.181
MUS,Mauritius,country,2020,74.656998
MUS,Mauritius,country,2021,72.903
MUS,Mauritius,country,2022,73.543999
MUS,Mauritius,country,2023,74.926003
MWI,Malawi,country,1990,43.575001
MWI,Malawi,country,1991,43.540001
MWI,Malawi,country,1992,43.636002
MWI,Malawi,country,1993,43.647999
MWI,Malawi,country,1994,43.799999
MWI,Malawi,country,1995,43.804001
MWI,Malawi,country,1996,44.005001
MWI,Malawi,country,1997,44.200001
MWI,Malawi,country,1998,44.299999
MWI,Malawi,country,1999,45.060001
MWI,Malawi,country,2000,46.169998
MWI,Malawi,country,2001,47.205002
MWI,Malawi,country,2002,48.175999
MWI,Malawi,country,2003,49.601002
MWI,Malawi,country,2004,51.073002
MWI,Malawi,country,2005,52.469002
MWI,Malawi,country,2006,53.652
MWI,Malawi,country,2007,54.687
MWI,Malawi,country,2008,55.715
MWI,Malawi,country,2009,56.714001
MWI,Malawi,country,2010,57.786999
MWI,Malawi,country,2011,58.859001
MWI,Malawi,country,2012,59.869999
MWI,Malawi,country,2013,60.816002
MWI,Malawi,country,2014,61.651001
MWI,Malawi,country,2015,62.324001
MWI,Malawi,country,2016,63.162998
MWI,Malawi,country,2017,63.914001
MWI,Malawi,country,2018,64.463997
MWI,Malawi,country,2019,64.995003
MWI,Malawi,country,2020,65.216003
MWI,Malawi,country,2021,64.781998
MWI,Malawi,country,2022,66.037003
MWI,Malawi,country,2023,67.352997
MYS,Malaysia,country,1990,70.952003
MYS,Malaysia,country,1991,71.219002
MYS,Malaysia,country,1992,71.483002
MYS,Malaysia,country,1993,71.721001
MYS,Malaysia,country,1994,71.864998
MYS,Malaysia,country,1995,71.978996
MYS,Malaysia,country,1996,72.119003
MYS,Malaysia,country,1997,72.295998
MYS,Malaysia,country,1998,72.385002
MYS,Malaysia,country,1999,72.428001
MYS,Malaysia,country,2000,72.732002
MYS,Malaysia,country,2001,73.080002
MYS,Malaysia,country,2002,73.469002
MYS,Malaysia,country,2003,73.726997
MYS,Malaysia,country,2004,74.027
MYS,Malaysia,country,2005,74.370003
MYS,Malaysia,country,2006,74.696999
MYS,Malaysia,country,2007,74.960999
MYS,Malaysia,country,2008,75.151001
MYS,Malaysia,country,2009,75.268997
MYS,Malaysia,country,2010,75.375999
MYS,Malaysia,country,2011,75.487999
MYS,Malaysia,country,2012,75.552002
MYS,Malaysia,country,2013,75.463997
MYS,Malaysia,country,2014,75.345001
MYS,Malaysia,country,2015,75.288002
MYS,Malaysia,country,2016,75.371002
MYS,Malaysia,country,2017,75.542
MYS,Malaysia,country,2018,75.734001
MYS,Malaysia,country,2019,75.900002
MYS,Malaysia,country,2020,76.056999
MYS,Malaysia,country,2021,73.917
MYS,Malaysia,country,2022,75.444
MYS,Malaysia,country,2023,76.656998
NAM,Namibia,country,1990,61.359001
NAM,Namibia,country,1991,60.833
NAM,Namibia,country,1992,60.16
NAM,Namibia,country,1993,59.259998
NAM,Namibia,country,1994,58.441002
NAM,Namibia,country,1995,57.518002
NAM,Namibia,country,1996,56.639
NAM,Namibia,country,1997,55.844002
NAM,Namibia,country,1998,54.766998
NAM,Namibia,country,1999,53.983002
NAM,Namibia,country,2000,52.945999
NAM,Namibia,country,2001,51.98
NAM,Namibia,country,2002,51.987999
NAM,Namibia,country,2003,51.917999
NAM,Namibia,country,2004,52.174999
NAM,Namibia,country,2005,52.556999
NAM,Namibia,country,2006,53.182999
NAM,Namibia,country,2007,54.026001
NAM,Namibia,country,2008,54.740002
NAM,Namibia,country,2009,55.347
NAM,Namibia,country,2010,56.092999
NAM,Namibia,country,2011,56.646999
NAM,Namibia,country,2012,57.733002
NAM,Namibia,country,2013,58.467999
NAM,Namibia,country,2014,59.311001
NAM,Namibia,country,2015,60.007999
NAM,Namibia,country,2016,60.810001
NAM,Namibia,country,2017,61.660999
NAM,Namibia,country,2018,62.578999
NAM,Namibia,country,2019,63.546001
NAM,Namibia,country,2020,64.070999
NAM,Namibia,country,2021,60.849998
NAM,Namibia,country,2022,64.190002
NAM,Namibia,country,2023,67.385002
NER,Niger,country,1990,41.731998
NER,Niger,country,1991,42.289001
NER,Niger,country,1992,43.063999
NER,Niger,country,1993,43.838001
NER,Niger,country,1994,44.585999
NER,Niger,country,1995,45.504002
NER,Niger,country,1996,46.313
NER,Niger,country,1997,47.097
NER,Niger,country,1998,47.806999
NER,Niger,country,1999,48.48
NER,Niger,country,2000,49.172001
NER,Niger,country,2001,49.872002
NER,Niger,country,2002,50.645
NER,Niger,country,2003,51.544998
NER,Niger,country,2004,52.402
NER,Niger,country,2005,53.32
NER,Niger,country,2006,54.223
NER,Niger,country,2007,55.063
NER,Niger,country,2008,55.852001
NER,Niger,country,2009,56.487
NER,Niger,country,2010,57.080002
NER,Niger,country,2011,57.599998
NER,Niger,country,2012,57.987
NER,Niger,country,2013,58.363998
NER,Niger,country,2014,58.693001
NER,Niger,country,2015,58.849998
NER,Niger,country,2016,59.228001
NER,Niger,country,2017,59.523998
NER,Niger,country,2018,59.764999
NER,Niger,country,2019,60.030998
NER,Niger,country,2020,59.889999
NER,Niger,country,2021,59.542
NER,Niger,country,2022,60.397999
NER,Niger,country,2023,61.182999
NGA,Nigeria,country,1990,45.733002
NGA,Nigeria,country,1991,45.483002
NGA,Nigeria,country,1992,45.587002
NGA,Nigeria,country,1993,45.783001
NGA,Nigeria,country,1994,45.748001
NGA,Nigeria,country,1995,45.869999
NGA,Nigeria,country,1996,45.833
NGA,Nigeria,country,1997,45.959999
NGA,Nigeria,country,1998,46.147999
NGA,Nigeria,country,1999,46.609001
NGA,Nigeria,country,2000,47.143002
NGA,Nigeria,country,2001,47.549
NGA,Nigeria,country,2002,48.02
NGA,Nigeria,country,2003,48.618
NGA,Nigeria,country,2004,49.147999
NGA,Nigeria,country,2005,49.537998
NGA,Nigeria,country,2006,49.875999
NGA,Nigeria,country,2007,50.381001
NGA,Nigeria,country,2008,50.748001
NGA,Nigeria,country,2009,51.080002
NGA,Nigeria,country,2010,51.314999
NGA,Nigeria,country,2011,51.490002
NGA,Nigeria,country,2012,51.688
NGA,Nigeria,country,2013,51.827
NGA,Nigeria,country,2014,51.939999
NGA,Nigeria,country,2015,51.938999
NGA,Nigeria,country,2016,52.188999
NGA,Nigeria,country,2017,52.396999
NGA,Nigeria,country,2018,52.668999
NGA,Nigeria,country,2019,53.008999
NGA,Nigeria,country,2020,53.071999
NGA,Nigeria,country,2021,53.455002
NGA,Nigeria,country,2022,54.078999
NGA,Nigeria,country,2023,54.462002
NIC,Nicaragua,country,1990,62.473
NIC,Nicaragua,country,1991,63.310001
NIC,Nicaragua,country,1992,63.672001
NIC,Nicaragua,country,1993,64.093002
NIC,Nicaragua,country,1994,64.549004
NIC,Nicaragua,country,1995,64.869003
NIC,Nicaragua,country,1996,65.214996
NIC,Nicaragua,country,1997,65.523003
NIC,Nicaragua,country,1998,64.111
NIC,Nicaragua,country,1999,65.891998
NIC,Nicaragua,country,2000,66.360001
NIC,Nicaragua,country,2001,67.028
NIC,Nicaragua,country,2002,67.949997
NIC,Nicaragua,country,2003,68.749001
NIC,Nicaragua,country,2004,69.510002
NIC,Nicaragua,country,2005,70.374001
NIC,Nicaragua,country,2006,70.958
NIC,Nicaragua,country,2007,71.196999
NIC,Nicaragua,country,2008,71.403999
NIC,Nicaragua,country,2009,71.499001
NIC,Nicaragua,country,2010,71.761002
NIC,Nicaragua,country,2011,72.032997
NIC,Nicaragua,country,2012,72.434998
NIC,Nicaragua,country,2013,72.551003
NIC,Nicaragua,country,2014,72.792
NIC,Nicaragua,country,2015,72.899002
NIC,Nicaragua,country,2016,73.18
NIC,Nicaragua,country,2017,73.389
NIC,Nicaragua,country,2018,73.878998
NIC,Nicaragua,country,2019,73.764
NIC,Nicaragua,country,2020,70.765999
NIC,Nicaragua,country,2021,70.477997
NIC,Nicaragua,country,2022,74.462997
NIC,Nicaragua,country,2023,74.946999
NLD,Netherlands (Kingdom of the),country,1990,77.012001
NLD,Netherlands (Kingdom of the),country,1991,77.162003
NLD,Netherlands (Kingdom of the),country,1992,77.364998
NLD,Netherlands (Kingdom of the),country,1993,77.041
NLD,Netherlands (Kingdom of the),country,1994,77.517998
NLD,Netherlands (Kingdom of the),country,1995,77.551003
NLD,Netherlands (Kingdom of the),country,1996,77.556
NLD,Netherlands (Kingdom of the),country,1997,77.931
NLD,Netherlands (Kingdom of the),country,1998,78.003998
NLD,Netherlands (Kingdom of the),country,1999,77.968002
NLD,Netherlands (Kingdom of the),country,2000,78.129997
NLD,Netherlands (Kingdom of the),country,2001,78.337997
NLD,Netherlands (Kingdom of the),country,2002,78.412003
NLD,Netherlands (Kingdom of the),country,2003,78.665001
NLD,Netherlands (Kingdom of the),country,2004,79.238998
NLD,Netherlands (Kingdom of the),country,2005,79.487999
NLD,Netherlands (Kingdom of the),country,2006,79.847
NLD,Netherlands (Kingdom of the),country,2007,80.254997
NLD,Netherlands (Kingdom of the),country,2008,80.387001
NLD,Netherlands (Kingdom of the),country,2009,80.670998
NLD,Netherlands (Kingdom of the),country,2010,80.829002
NLD,Netherlands (Kingdom of the),country,2011,81.110001
NLD,Netherlands (Kingdom of the),country,2012,81.058998
NLD,Netherlands (Kingdom of the),country,2013,81.301003
NLD,Netherlands (Kingdom of the),country,2014,81.650002
NLD,Netherlands (Kingdom of the),country,2015,81.489998
NLD,Netherlands (Kingdom of the),country,2016,81.555
NLD,Netherlands (Kingdom of the),country,2017,81.737
NLD,Netherlands (Kingdom of the),country,2018,81.780998
NLD,Netherlands (Kingdom of the),country,2019,82.053001
NLD,Netherlands (Kingdom of the),country,2020,81.392998
NLD,Netherlands (Kingdom of the),country,2021,81.356003
NLD,Netherlands (Kingdom of the),country,2022,81.912003
NLD,Netherlands (Kingdom of the),country,2023,82.157997
NOR,Norway,country,1990,76.585999
NOR,Norway,country,1991,77.038002
NOR,Norway,country,1992,77.246002
NOR,Norway,country,1993,77.221001
NOR,Norway,country,1994,77.773003
NOR,Norway,country,1995,77.796997
NOR,Norway,country,1996,78.233002
NOR,Norway,country,1997,78.237999
NOR,Norway,country,1998,78.407997
NOR,Norway,country,1999,78.386002
NOR,Norway,country,2000,78.692001
NOR,Norway,country,2001,78.896004
NOR,Norway,country,2002,78.959999
NOR,Norway,country,2003,79.528999
NOR,Norway,country,2004,79.964996
NOR,Norway,country,2005,80.168999
NOR,Norway,country,2006,80.440002
NOR,Norway,country,2007,80.501999
NOR,Norway,country,2008,80.677002
NOR,Norway,country,2009,80.864998
NOR,Norway,country,2010,81.039001
NOR,Norway,country,2011,81.245003
NOR,Norway,country,2012,81.445999
NOR,Norway,country,2013,81.667999
NOR,Norway,country,2014,82.086998
NOR,Norway,country,2015,82.273003
NOR,Norway,country,2016,82.415001
NOR,Norway,country,2017,82.624001
NOR,Norway,country,2018,82.760002
NOR,Norway,country,2019,82.955002
NOR,Norway,country,2020,83.195
NOR,Norway,country,2021,83.166
NOR,Norway,country,2022,82.630997
NOR,Norway,country,2023,83.307999
NPL,Nepal,country,1990,54.771
NPL,Nepal,country,1991,55.650002
NPL,Nepal,country,1992,56.686001
NPL,Nepal,country,1993,57.597
NPL,Nepal,country,1994,58.631001
NPL,Nepal,country,1995,59.323002
NPL,Nepal,country,1996,60.043999
NPL,Nepal,country,1997,60.823002
NPL,Nepal,country,1998,61.532001
NPL,Nepal,country,1999,62.035
NPL,Nepal,country,2000,62.641998
NPL,Nepal,country,2001,63.287998
NPL,Nepal,country,2002,63.507
NPL,Nepal,country,2003,64.228996
NPL,Nepal,country,2004,64.744003
NPL,Nepal,country,2005,65.275002
NPL,Nepal,country,2006,65.890999
NPL,Nepal,country,2007,66.168999
NPL,Nepal,country,2008,66.442001
NPL,Nepal,country,2009,66.599998
NPL,Nepal,country,2010,66.772003
NPL,Nepal,country,2011,67.123001
NPL,Nepal,country,2012,67.363998
NPL,Nepal,country,2013,67.598
NPL,Nepal,country,2014,67.811996
NPL,Nepal,country,2015,67.374001
NPL,Nepal,country,2016,68.444
NPL,Nepal,country,2017,68.739998
NPL,Nepal,country,2018,69.036003
NPL,Nepal,country,2019,69.299004
NPL,Nepal,country,2020,69.106003
NPL,Nepal,country,2021,68.385002
NPL,Nepal,country,2022,70.086998
NPL,Nepal,country,2023,70.353996
NRU,Nauru,country,1990,59.102001
NRU,Nauru,country,1991,59.312
NRU,Nauru,country,1992,59.518002
NRU,Nauru,country,1993,59.761002
NRU,Nauru,country,1994,59.953999
NRU,Nauru,country,1995,60.063
NRU,Nauru,country,1996,60.07
NRU,Nauru,country,1997,59.985001
NRU,Nauru,country,1998,59.860001
NRU,Nauru,country,1999,59.701
NRU,Nauru,country,2000,59.574001
NRU,Nauru,country,2001,59.481998
NRU,Nauru,country,2002,59.426998
NRU,Nauru,country,2003,59.359001
NRU,Nauru,country,2004,59.346001
NRU,Nauru,country,2005,59.361
NRU,Nauru,country,2006,59.409
NRU,Nauru,country,2007,59.490002
NRU,Nauru,country,2008,59.674999
NRU,Nauru,country,2009,59.852001
NRU,Nauru,country,2010,60.074001
NRU,Nauru,country,2011,60.286999
NRU,Nauru,country,2012,60.533001
NRU,Nauru,country,2013,60.701
NRU,Nauru,country,2014,60.834
NRU,Nauru,country,2015,60.896999
NRU,Nauru,country,2016,60.995998
NRU,Nauru,country,2017,61.101002
NRU,Nauru,country,2018,61.237999
NRU,Nauru,country,2019,61.393002
NRU,Nauru,country,2020,61.527
NRU,Nauru,country,2021,61.331001
NRU,Nauru,country,2022,61.93
NRU,Nauru,country,2023,62.109001
NZL,New Zealand,country,1990,75.425003
NZL,New Zealand,country,1991,76.079002
NZL,New Zealand,country,1992,76.191002
NZL,New Zealand,country,1993,76.499001
NZL,New Zealand,country,1994,76.917999
NZL,New Zealand,country,1995,76.785004
NZL,New Zealand,country,1996,76.806999
NZL,New Zealand,country,1997,77.344002
NZL,New Zealand,country,1998,78.167
NZL,New Zealand,country,1999,77.911003
NZL,New Zealand,country,2000,78.667999
NZL,New Zealand,country,2001,78.662003
NZL,New Zealand,country,2002,78.865997
NZL,New Zealand,country,2003,79.140999
NZL,New Zealand,country,2004,79.355003
NZL,New Zealand,country,2005,80.030998
NZL,New Zealand,country,2006,80.014999
NZL,New Zealand,country,2007,80.122002
NZL,New Zealand,country,2008,80.246002
NZL,New Zealand,country,2009,80.544998
NZL,New Zealand,country,2010,81.052002
NZL,New Zealand,country,2011,80.842003
NZL,New Zealand,country,2012,81.167
NZL,New Zealand,country,2013,81.612
NZL,New Zealand,country,2014,81.411003
NZL,New Zealand,country,2015,81.586998
NZL,New Zealand,country,2016,82.002998
NZL,New Zealand,country,2017,81.605003
NZL,New Zealand,country,2018,81.884003
NZL,New Zealand,country,2019,81.832001
NZL,New Zealand,country,2020,82.663002
NZL,New Zealand,country,2021,82.300003
NZL,New Zealand,country,2022,81.005997
NZL,New Zealand,country,2023,82.087997
OMN,Oman,country,1990,69.012001
OMN,Oman,country,1991,69.584
OMN,Oman,country,1992,70.113998
OMN,Oman,country,1993,70.608002
OMN,Oman,country,1994,71.071999
OMN,Oman,country,1995,71.559998
OMN,Oman,country,1996,72.023003
OMN,Oman,country,1997,72.462997
OMN,Oman,country,1998,72.882004
OMN,Oman,country,1999,73.276001
OMN,Oman,country,2000,73.642998
OMN,Oman,country,2001,73.978996
OMN,Oman,country,2002,74.276001
OMN,Oman,country,2003,74.521004
OMN,Oman,country,2004,74.82
OMN,Oman,country,2005,75.07
OMN,Oman,country,2006,75.353996
OMN,Oman,country,2007,75.596001
OMN,Oman,country,2008,76.124001
OMN,Oman,country,2009,76.630997
OMN,Oman,country,2010,77.183998
OMN,Oman,country,2011,77.739998
OMN,Oman,country,2012,78.186996
OMN,Oman,country,2013,78.633003
OMN,Oman,country,2014,79.029999
OMN,Oman,country,2015,79.346001
OMN,Oman,country,2016,79.581001
OMN,Oman,country,2017,79.748001
OMN,Oman,country,2018,79.863998
OMN,Oman,country,2019,79.945999
OMN,Oman,country,2020,77.763
OMN,Oman,country,2021,75.969002
OMN,Oman,country,2022,77.911003
OMN,Oman,country,2023,80.030998
PAK,Pakistan,country,1990,59.728001
PAK,Pakistan,country,1991,59.863998
PAK,Pakistan,country,1992,59.983002
PAK,Pakistan,country,1993,60.083
PAK,Pakistan,country,1994,60.196999
PAK,Pakistan,country,1995,60.272999
PAK,Pakistan,country,1996,60.466
PAK,Pakistan,country,1997,60.623001
PAK,Pakistan,country,1998,61.133999
PAK,Pakistan,country,1999,61.540001
PAK,Pakistan,country,2000,61.903
PAK,Pakistan,country,2001,62.241001
PAK,Pakistan,country,2002,62.556
PAK,Pakistan,country,2003,62.834
PAK,Pakistan,country,2004,63.097
PAK,Pakistan,country,2005,62.416
PAK,Pakistan,country,2006,63.624001
PAK,Pakistan,country,2007,63.806999
PAK,Pakistan,country,2008,64.001999
PAK,Pakistan,country,2009,64.206001
PAK,Pakistan,country,2010,64.377998
PAK,Pakistan,country,2011,64.658997
PAK,Pakistan,country,2012,64.883003
PAK,Pakistan,country,2013,65.128998
PAK,Pakistan,country,2014,65.374001
PAK,Pakistan,country,2015,65.640999
PAK,Pakistan,country,2016,65.943001
PAK,Pakistan,country,2017,66.223
PAK,Pakistan,country,2018,66.481003
PAK,Pakistan,country,2019,66.728996
PAK,Pakistan,country,2020,65.700996
PAK,Pakistan,country,2021,65.773003
PAK,Pakistan,country,2022,67.417
PAK,Pakistan,country,2023,67.649002
PAN,Panama,country,1990,71.265999
PAN,Panama,country,1991,71.331001
PAN,Panama,country,1992,71.460999
PAN,Panama,country,1993,71.805
PAN,Panama,country,1994,71.943001
PAN,Panama,country,1995,71.994003
PAN,Panama,country,1996,72.198997
PAN,Panama,country,1997,72.541
PAN,Panama,country,1998,72.785004
PAN,Panama,country,1999,73.124001
PAN,Panama,country,2000,73.443001
PAN,Panama,country,2001,73.82
PAN,Panama,country,2002,74.195
PAN,Panama,country,2003,74.567001
PAN,Panama,country,2004,74.845001
PAN,Panama,country,2005,75.160004
PAN,Panama,country,2006,75.429001
PAN,Panama,country,2007,75.675003
PAN,Panama,country,2008,75.936996
PAN,Panama,country,2009,76.227997
PAN,Panama,country,2010,76.417
PAN,Panama,country,2011,76.658997
PAN,Panama,country,2012,76.876999
PAN,Panama,country,2013,77.128998
PAN,Panama,country,2014,77.364998
PAN,Panama,country,2015,77.583
PAN,Panama,country,2016,77.772003
PAN,Panama,country,2017,77.901001
PAN,Panama,country,2018,78.265999
PAN,Panama,country,2019,78.514
PAN,Panama,country,2020,76.330002
PAN,Panama,country,2021,77.003998
PAN,Panama,country,2022,79.323997
PAN,Panama,country,2023,79.594002
PER,Peru,country,1990,63.979
PER,Peru,country,1991,64.248001
PER,Peru,country,1992,65.030998
PER,Peru,country,1993,65.732002
PER,Peru,country,1994,66.543999
PER,Peru,country,1995,67.220001
PER,Peru,country,1996,67.849998
PER,Peru,country,1997,68.323997
PER,Peru,country,1998,68.723999
PER,Peru,country,1999,69.302002
PER,Peru,country,2000,69.820999
PER,Peru,country,2001,70.315002
PER,Peru,country,2002,70.815002
PER,Peru,country,2003,71.278
PER,Peru,country,2004,71.446999
PER,Peru,country,2005,71.987999
PER,Peru,country,2006,72.336998
PER,Peru,country,2007,72.746002
PER,Peru,country,2008,72.742996
PER,Peru,country,2009,72.630997
PER,Peru,country,2010,72.886002
PER,Peru,country,2011,73.327003
PER,Peru,country,2012,73.978996
PER,Peru,country,2013,74.591003
PER,Peru,country,2014,75.260002
PER,Peru,country,2015,75.732002
PER,Peru,country,2016,75.950996
PER,Peru,country,2017,75.958
PER,Peru,country,2018,76.017998
PER,Peru,country,2019,76.275002
PER,Peru,country,2020,73.832001
PER,Peru,country,2021,71.596001
PER,Peru,country,2022,76.834
PER,Peru,country,2023,77.739998
PHL,Philippines,country,1990,64.382004
PHL,Philippines,country,1991,64.622002
PHL,Philippines,country,1992,65.352997
PHL,Philippines,country,1993,65.661003
PHL,Philippines,country,1994,66
PHL,Philippines,country,1995,66.310997
PHL,Philippines,country,1996,66.691002
PHL,Philippines,country,1997,66.994003
PHL,Philippines,country,1998,67.211998
PHL,Philippines,country,1999,67.502998
PHL,Philippines,country,2000,67.789001
PHL,Philippines,country,2001,67.829002
PHL,Philippines,country,2002,67.886002
PHL,Philippines,country,2003,68.049004
PHL,Philippines,country,2004,68.301003
PHL,Philippines,country,2005,68.422997
PHL,Philippines,country,2006,68.171997
PHL,Philippines,country,2007,68.549004
PHL,Philippines,country,2008,68.642998
PHL,Philippines,country,2009,68.630997
PHL,Philippines,country,2010,68.883003
PHL,Philippines,country,2011,69.096001
PHL,Philippines,country,2012,69.237
PHL,Philippines,country,2013,69.282997
PHL,Philippines,country,2014,69.310997
PHL,Philippines,country,2015,69.449997
PHL,Philippines,country,2016,69.489998
PHL,Philippines,country,2017,69.966003
PHL,Philippines,country,2018,69.761002
PHL,Philippines,country,2019,69.68
PHL,Philippines,country,2020,70.097
PHL,Philippines,country,2021,66.675003
PHL,Philippines,country,2022,69.472
PHL,Philippines,country,2023,69.833
PLW,Palau,country,1990,62.790001
PLW,Palau,country,1991,62.848999
PLW,Palau,country,1992,62.925999
PLW,Palau,country,1993,62.98
PLW,Palau,country,1994,63.104
PLW,Palau,country,1995,63.255001
PLW,Palau,country,1996,63.455002
PLW,Palau,country,1997,63.707001
PLW,Palau,country,1998,63.951
PLW,Palau,country,1999,64.230003
PLW,Palau,country,2000,64.499001
PLW,Palau,country,2001,64.800003
PLW,Palau,country,2002,65.075996
PLW,Palau,country,2003,65.445999
PLW,Palau,country,2004,65.816002
PLW,Palau,country,2005,66.219002
PLW,Palau,country,2006,66.633003
PLW,Palau,country,2007,67.112999
PLW,Palau,country,2008,67.561996
PLW,Palau,country,2009,67.989998
PLW,Palau,country,2010,68.347
PLW,Palau,country,2011,68.638
PLW,Palau,country,2012,68.862999
PLW,Palau,country,2013,68.981003
PLW,Palau,country,2014,69.061996
PLW,Palau,country,2015,69.07
PLW,Palau,country,2016,69.045998
PLW,Palau,country,2017,69.018997
PLW,Palau,country,2018,68.988998
PLW,Palau,country,2019,68.982002
PLW,Palau,country,2020,68.689003
PLW,Palau,country,2021,68.563004
PLW,Palau,country,2022,68.921997
PLW,Palau,country,2023,69.268997
PNG,Papua New Guinea,country,1990,59.778
PNG,Papua New Guinea,country,1991,59.939999
PNG,Papua New Guinea,country,1992,60.259998
PNG,Papua New Guinea,country,1993,60.466
PNG,Papua New Guinea,country,1994,60.726002
PNG,Papua New Guinea,country,1995,60.929001
PNG,Papua New Guinea,country,1996,61.070999
PNG,Papua New Guinea,country,1997,61.27
PNG,Papua New Guinea,country,1998,60.435001
PNG,Papua New Guinea,country,1999,61.505001
PNG,Papua New Guinea,country,2000,61.609001
PNG,Papua New Guinea,country,2001,61.646999
PNG,Papua New Guinea,country,2002,61.643002
PNG,Papua New Guinea,country,2003,61.741001
PNG,Papua New Guinea,country,2004,61.794998
PNG,Papua New Guinea,country,2005,61.868
PNG,Papua New Guinea,country,2006,62.018002
PNG,Papua New Guinea,country,2007,62.210999
PNG,Papua New Guinea,country,2008,62.511002
PNG,Papua New Guinea,country,2009,62.771999
PNG,Papua New Guinea,country,2010,63.056
PNG,Papua New Guinea,country,2011,63.382
PNG,Papua New Guinea,country,2012,63.639
PNG,Papua New Guinea,country,2013,63.926998
PNG,Papua New Guinea,country,2014,64.197998
PNG,Papua New Guinea,country,2015,64.473
PNG,Papua New Guinea,country,2016,64.699997
PNG,Papua New Guinea,country,2017,64.922997
PNG,Papua New Guinea,country,2018,65.113998
PNG,Papua New Guinea,country,2019,65.331001
PNG,Papua New Guinea,country,2020,65.074997
PNG,Papua New Guinea,country,2021,64.358002
PNG,Papua New Guinea,country,2022,65.274002
PNG,Papua New Guinea,country,2023,66.134003
POL,Poland,country,1990,70.606003
POL,Poland,country,1991,70.653
POL,Poland,country,1992,70.900002
POL,Poland,country,1993,71.344002
POL,Poland,country,1994,71.682999
POL,Poland,country,1995,71.959
POL,Poland,country,1996,72.252998
POL,Poland,country,1997,72.591003
POL,Poland,country,1998,72.847
POL,Poland,country,1999,73.223999
POL,Poland,country,2000,73.644997
POL,Poland,country,2001,74.177002
POL,Poland,country,2002,74.517998
POL,Poland,country,2003,74.772003
POL,Poland,country,2004,74.943001
POL,Poland,country,2005,75.126999
POL,Poland,country,2006,75.25
POL,Poland,country,2007,75.414001
POL,Poland,country,2008,75.583
POL,Poland,country,2009,75.905998
POL,Poland,country,2010,76.281998
POL,Poland,country,2011,76.568001
POL,Poland,country,2012,76.775002
POL,Poland,country,2013,77.075996
POL,Poland,country,2014,77.311996
POL,Poland,country,2015,77.588997
POL,Poland,country,2016,77.639
POL,Poland,country,2017,77.716003
POL,Poland,country,2018,77.623001
POL,Poland,country,2019,77.920998
POL,Poland,country,2020,76.595001
POL,Poland,country,2021,75.639
POL,Poland,country,2022,77.922997
POL,Poland,country,2023,78.633003
PRK,Democratic People's Republic of Korea,country,1990,70.484001
PRK,Democratic People's Republic of Korea,country,1991,70.717003
PRK,Democratic People's Republic of Korea,country,1992,71.009003
PRK,Democratic People's Republic of Korea,country,1993,70.793999
PRK,Democratic People's Republic of Korea,country,1994,70.472
PRK,Democratic People's Republic of Korea,country,1995,60.765999
PRK,Democratic People's Republic of Korea,country,1996,60.82
PRK,Democratic People's Republic of Korea,country,1997,60.868999
PRK,Democratic People's Republic of Korea,country,1998,60.887001
PRK,Democratic People's Republic of Korea,country,1999,60.91
PRK,Democratic People's Republic of Korea,country,2000,60.910999
PRK,Democratic People's Republic of Korea,country,2001,60.893002
PRK,Democratic People's Republic of Korea,country,2002,60.876999
PRK,Democratic People's Republic of Korea,country,2003,69.399002
PRK,Democratic People's Republic of Korea,country,2004,69.293999
PRK,Democratic People's Republic of Korea,country,2005,69.167999
PRK,Democratic People's Republic of Korea,country,2006,69.060997
PRK,Democratic People's Republic of Korea,country,2007,69.021004
PRK,Democratic People's Republic of Korea,country,2008,69.303001
PRK,Democratic People's Republic of Korea,country,2009,69.702003
PRK,Democratic People's Republic of Korea,country,2010,70.246002
PRK,Democratic People's Republic of Korea,country,2011,70.772003
PRK,Democratic People's Republic of Korea,country,2012,71.317001
PRK,Democratic People's Republic of Korea,country,2013,71.866997
PRK,Democratic People's Republic of Korea,country,2014,72.450996
PRK,Democratic People's Republic of Korea,country,2015,72.824997
PRK,Democratic People's Republic of Korea,country,2016,72.971001
PRK,Democratic People's Republic of Korea,country,2017,73.033997
PRK,Democratic People's Republic of Korea,country,2018,73.019997
PRK,Democratic People's Republic of Korea,country,2019,72.928001
PRK,Democratic People's Republic of Korea,country,2020,72.782997
PRK,Democratic People's Republic of Korea,country,2021,73.436996
PRK,Democratic People's Republic of Korea,country,2022,73.640999
PRK,Democratic People's Republic of Korea,country,2023,73.641998
PRT,Portugal,country,1990,74.304001
PRT,Portugal,country,1991,74.240997
PRT,Portugal,country,1992,74.871002
PRT,Portugal,country,1993,74.761002
PRT,Portugal,country,1994,75.730003
PRT,Portugal,country,1995,75.550003
PRT,Portugal,country,1996,75.475998
PRT,Portugal,country,1997,75.921997
PRT,Portugal,country,1998,76.115997
PRT,Portugal,country,1999,76.321999
PRT,Portugal,country,2000,76.830002
PRT,Portugal,country,2001,77.152
PRT,Portugal,country,2002,77.370003
PRT,Portugal,country,2003,77.583
PRT,Portugal,country,2004,78.427002
PRT,Portugal,country,2005,78.317001
PRT,Portugal,country,2006,79.088997
PRT,Portugal,country,2007,79.308998
PRT,Portugal,country,2008,79.602997
PRT,Portugal,country,2009,79.829002
PRT,Portugal,country,2010,80.114998
PRT,Portugal,country,2011,80.582001
PRT,Portugal,country,2012,80.555
PRT,Portugal,country,2013,80.903
PRT,Portugal,country,2014,81.314003
PRT,Portugal,country,2015,81.320999
PRT,Portugal,country,2016,81.363998
PRT,Portugal,country,2017,81.660004
PRT,Portugal,country,2018,81.591003
PRT,Portugal,country,2019,81.959
PRT,Portugal,country,2020,81.365997
PRT,Portugal,country,2021,81.398003
PRT,Portugal,country,2022,81.194
PRT,Portugal,country,2023,82.360001
PRY,Paraguay,country,1990,67.341003
PRY,Paraguay,country,1991,67.676003
PRY,Paraguay,country,1992,67.960999
PRY,Paraguay,country,1993,68.234001
PRY,Paraguay,country,1994,68.503998
PRY,Paraguay,country,1995,68.778
PRY,Paraguay,country,1996,69.050003
PRY,Paraguay,country,1997,69.283997
PRY,Paraguay,country,1998,69.507004
PRY,Paraguay,country,1999,69.774002
PRY,Paraguay,country,2000,70.026001
PRY,Paraguay,country,2001,70.280998
PRY,Paraguay,country,2002,70.539001
PRY,Paraguay,country,2003,70.794998
PRY,Paraguay,country,2004,71.054001
PRY,Paraguay,country,2005,71.317001
PRY,Paraguay,country,2006,71.584
PRY,Paraguay,country,2007,71.817001
PRY,Paraguay,country,2008,72.046997
PRY,Paraguay,country,2009,72.281998
PRY,Paraguay,country,2010,72.551003
PRY,Paraguay,country,2011,72.787003
PRY,Paraguay,country,2012,73.105003
PRY,Paraguay,country,2013,73.292
PRY,Paraguay,country,2014,73.415001
PRY,Paraguay,country,2015,73.454002
PRY,Paraguay,country,2016,73.487
PRY,Paraguay,country,2017,73.449997
PRY,Paraguay,country,2018,73.626999
PRY,Paraguay,country,2019,73.667999
PRY,Paraguay,country,2020,72.720001
PRY,Paraguay,country,2021,68.108002
PRY,Paraguay,country,2022,72.319
PRY,Paraguay,country,2023,73.844002
PSE,State of Palestine,country,1990,67.803001
PSE,State of Palestine,country,1991,68.222
PSE,State of Palestine,country,1992,68.477997
PSE,State of Palestine,country,1993,68.759003
PSE,State of Palestine,country,1994,69.328003
PSE,State of Palestine,country,1995,69.583
PSE,State of Palestine,country,1996,69.982002
PSE,State of Palestine,country,1997,70.328003
PSE,State of Palestine,country,1998,70.564003
PSE,State of Palestine,country,1999,70.789001
PSE,State of Palestine,country,2000,70.297997
PSE,State of Palestine,country,2001,69.75
PSE,State of Palestine,country,2002,70.879997
PSE,State of Palestine,country,2003,70.967003
PSE,State of Palestine,country,2004,71.094002
PSE,State of Palestine,country,2005,72.003998
PSE,State of Palestine,country,2006,71.831001
PSE,State of Palestine,country,2007,72.064003
PSE,State of Palestine,country,2008,72.204002
PSE,State of Palestine,country,2009,72.306
PSE,State of Palestine,country,2010,73.302002
PSE,State of Palestine,country,2011,73.556999
PSE,State of Palestine,country,2012,73.722
PSE,State of Palestine,country,2013,74.139999
PSE,State of Palestine,country,2014,72.780998
PSE,State of Palestine,country,2015,74.577003
PSE,State of Palestine,country,2016,74.917
PSE,State of Palestine,country,2017,75.216003
PSE,State of Palestine,country,2018,75.379997
PSE,State of Palestine,country,2019,75.810997
PSE,State of Palestine,country,2020,74.998001
PSE,State of Palestine,country,2021,73.889999
PSE,State of Palestine,country,2022,76.662003
PSE,State of Palestine,country,2023,65.169998
QAT,Qatar,country,1990,73.404999
QAT,Qatar,country,1991,73.653999
QAT,Qatar,country,1992,73.875999
QAT,Qatar,country,1993,74.070999
QAT,Qatar,country,1994,74.245003
QAT,Qatar,country,1995,74.403999
QAT,Qatar,country,1996,74.557999
QAT,Qatar,country,1997,74.712997
QAT,Qatar,country,1998,74.872002
QAT,Qatar,country,1999,75.047997
QAT,Qatar,country,2000,75.25
QAT,Qatar,country,2001,75.486
QAT,Qatar,country,2002,75.765999
QAT,Qatar,country,2003,76.097
QAT,Qatar,country,2004,76.484001
QAT,Qatar,country,2005,76.908997
QAT,Qatar,country,2006,77.322998
QAT,Qatar,country,2007,77.740997
QAT,Qatar,country,2008,78.262001
QAT,Qatar,country,2009,78.836998
QAT,Qatar,country,2010,79.444
QAT,Qatar,country,2011,79.994003
QAT,Qatar,country,2012,80.499001
QAT,Qatar,country,2013,80.973999
QAT,Qatar,country,2014,81.394997
QAT,Qatar,country,2015,81.785004
QAT,Qatar,country,2016,82.147003
QAT,Qatar,country,2017,82.458
QAT,Qatar,country,2018,82.713997
QAT,Qatar,country,2019,82.945
QAT,Qatar,country,2020,80.408997
QAT,Qatar,country,2021,81.083
QAT,Qatar,country,2022,81.857002
QAT,Qatar,country,2023,82.367996
ROU,Romania,country,1990,69.841003
ROU,Romania,country,1991,70.045998
ROU,Romania,country,1992,69.505997
ROU,Romania,country,1993,69.512001
ROU,Romania,country,1994,69.325996
ROU,Romania,country,1995,69.322998
ROU,Romania,country,1996,68.820999
ROU,Romania,country,1997,69.085999
ROU,Romania,country,1998,69.891998
ROU,Romania,country,1999,70.581001
ROU,Romania,country,2000,71.158997
ROU,Romania,country,2001,71.122002
ROU,Romania,country,2002,70.834999
ROU,Romania,country,2003,70.819
ROU,Romania,country,2004,71.096001
ROU,Romania,country,2005,71.581001
ROU,Romania,country,2006,72.168999
ROU,Romania,country,2007,72.792
ROU,Romania,country,2008,73.216003
ROU,Romania,country,2009,73.457001
ROU,Romania,country,2010,73.579002
ROU,Romania,country,2011,74.288002
ROU,Romania,country,2012,74.314003
ROU,Romania,country,2013,74.917999
ROU,Romania,country,2014,74.764999
ROU,Romania,country,2015,74.737
ROU,Romania,country,2016,75.021004
ROU,Romania,country,2017,75.024002
ROU,Romania,country,2018,75.102997
ROU,Romania,country,2019,75.329002
ROU,Romania,country,2020,74.045998
ROU,Romania,country,2021,72.739998
ROU,Romania,country,2022,75.261002
ROU,Romania,country,2023,75.938004
RUS,Russian Federation,country,1990,69.278999
RUS,Russian Federation,country,1991,68.997002
RUS,Russian Federation,country,1992,67.843002
RUS,Russian Federation,country,1993,65.039001
RUS,Russian Federation,country,1994,63.821999
RUS,Russian Federation,country,1995,63.994999
RUS,Russian Federation,country,1996,65.448997
RUS,Russian Federation,country,1997,66.594002
RUS,Russian Federation,country,1998,66.916
RUS,Russian Federation,country,1999,65.595001
RUS,Russian Federation,country,2000,64.998001
RUS,Russian Federation,country,2001,65.014999
RUS,Russian Federation,country,2002,64.730003
RUS,Russian Federation,country,2003,64.714996
RUS,Russian Federation,country,2004,65.149002
RUS,Russian Federation,country,2005,65.219002
RUS,Russian Federation,country,2006,66.545998
RUS,Russian Federation,country,2007,67.469002
RUS,Russian Federation,country,2008,67.862
RUS,Russian Federation,country,2009,68.656998
RUS,Russian Federation,country,2010,68.153
RUS,Russian Federation,country,2011,69.724998
RUS,Russian Federation,country,2012,70.116997
RUS,Russian Federation,country,2013,70.639999
RUS,Russian Federation,country,2014,70.797997
RUS,Russian Federation,country,2015,71.345001
RUS,Russian Federation,country,2016,71.910004
RUS,Russian Federation,country,2017,72.845001
RUS,Russian Federation,country,2018,72.935997
RUS,Russian Federation,country,2019,73.066002
RUS,Russian Federation,country,2020,71.170998
RUS,Russian Federation,country,2021,69.806999
RUS,Russian Federation,country,2022,72.516998
RUS,Russian Federation,country,2023,73.153999
RWA,Rwanda,country,1990,47.763
RWA,Rwanda,country,1991,46.243
RWA,Rwanda,country,1992,44.396999
RWA,Rwanda,country,1993,42.937
RWA,Rwanda,country,1994,12.158
RWA,Rwanda,country,1995,41.518002
RWA,Rwanda,country,1996,42.486
RWA,Rwanda,country,1997,41.978001
RWA,Rwanda,country,1998,43.098999
RWA,Rwanda,country,1999,45.749001
RWA,Rwanda,country,2000,47.798
RWA,Rwanda,country,2001,49.490002
RWA,Rwanda,country,2002,51.262001
RWA,Rwanda,country,2003,53.528999
RWA,Rwanda,country,2004,55.52
RWA,Rwanda,country,2005,56.967999
RWA,Rwanda,country,2006,58.341999
RWA,Rwanda,country,2007,59.504002
RWA,Rwanda,country,2008,60.640999
RWA,Rwanda,country,2009,61.813
RWA,Rwanda,country,2010,62.804001
RWA,Rwanda,country,2011,63.476002
RWA,Rwanda,country,2012,64.189003
RWA,Rwanda,country,2013,64.651001
RWA,Rwanda,country,2014,65.087997
RWA,Rwanda,country,2015,65.418999
RWA,Rwanda,country,2016,65.733002
RWA,Rwanda,country,2017,66.139999
RWA,Rwanda,country,2018,66.353996
RWA,Rwanda,country,2019,66.691002
RWA,Rwanda,country,2020,66.953003
RWA,Rwanda,country,2021,66.849998
RWA,Rwanda,country,2022,67.528
RWA,Rwanda,country,2023,67.785004
SAU,Saudi Arabia,country,1990,68.874001
SAU,Saudi Arabia,country,1991,69.341003
SAU,Saudi Arabia,country,1992,69.799004
SAU,Saudi Arabia,country,1993,70.208
SAU,Saudi Arabia,country,1994,70.586998
SAU,Saudi Arabia,country,1995,70.944
SAU,Saudi Arabia,country,1996,71.288002
SAU,Saudi Arabia,country,1997,71.624001
SAU,Saudi Arabia,country,1998,71.957001
SAU,Saudi Arabia,country,1999,72.290001
SAU,Saudi Arabia,country,2000,72.607002
SAU,Saudi Arabia,country,2001,72.950996
SAU,Saudi Arabia,country,2002,73.295998
SAU,Saudi Arabia,country,2003,73.656998
SAU,Saudi Arabia,country,2004,74.027
SAU,Saudi Arabia,country,2005,74.400002
SAU,Saudi Arabia,country,2006,74.762001
SAU,Saudi Arabia,country,2007,75.066002
SAU,Saudi Arabia,country,2008,75.301003
SAU,Saudi Arabia,country,2009,75.446999
SAU,Saudi Arabia,country,2010,75.615997
SAU,Saudi Arabia,country,2011,75.807999
SAU,Saudi Arabia,country,2012,76.089996
SAU,Saudi Arabia,country,2013,76.516998
SAU,Saudi Arabia,country,2014,77.115997
SAU,Saudi Arabia,country,2015,77.776001
SAU,Saudi Arabia,country,2016,78.353996
SAU,Saudi Arabia,country,2017,78.721001
SAU,Saudi Arabia,country,2018,78.75
SAU,Saudi Arabia,country,2019,78.313004
SAU,Saudi Arabia,country,2020,77.596001
SAU,Saudi Arabia,country,2021,77.088997
SAU,Saudi Arabia,country,2022,77.309998
SAU,Saudi Arabia,country,2023,78.732002
SDN,Sudan,country,1990,55.497002
SDN,Sudan,country,1991,55.553001
SDN,Sudan,country,1992,55.952
SDN,Sudan,country,1993,56.102001
SDN,Sudan,country,1994,57.021999
SDN,Sudan,country,1995,57.446999
SDN,Sudan,country,1996,57.638
SDN,Sudan,country,1997,58.057999
SDN,Sudan,country,1998,58.307999
SDN,Sudan,country,1999,58.606998
SDN,Sudan,country,2000,58.945999
SDN,Sudan,country,2001,59.264
SDN,Sudan,country,2002,59.307999
SDN,Sudan,country,2003,58.319
SDN,Sudan,country,2004,56.772999
SDN,Sudan,country,2005,57.226002
SDN,Sudan,country,2006,60.400002
SDN,Sudan,country,2007,61.442001
SDN,Sudan,country,2008,61.261002
SDN,Sudan,country,2009,62.675999
SDN,Sudan,country,2010,62.979
SDN,Sudan,country,2011,63.181
SDN,Sudan,country,2012,63.426998
SDN,Sudan,country,2013,63.443001
SDN,Sudan,country,2014,63.990002
SDN,Sudan,country,2015,64.375
SDN,Sudan,country,2016,64.677002
SDN,Sudan,country,2017,65.146004
SDN,Sudan,country,2018,65.500999
SDN,Sudan,country,2019,65.803001
SDN,Sudan,country,2020,65.124001
SDN,Sudan,country,2021,64.459999
SDN,Sudan,country,2022,65.695
SDN,Sudan,country,2023,66.331001
SEN,Senegal,country,1990,56.674
SEN,Senegal,country,1991,57.036999
SEN,Senegal,country,1992,57.286999
SEN,Senegal,country,1993,57.348
SEN,Senegal,country,1994,57.479
SEN,Senegal,country,1995,57.335999
SEN,Senegal,country,1996,57.129002
SEN,Senegal,country,1997,57.106998
SEN,Senegal,country,1998,57.076
SEN,Senegal,country,1999,57.314999
SEN,Senegal,country,2000,57.615002
SEN,Senegal,country,2001,58.158001
SEN,Senegal,country,2002,58.911999
SEN,Senegal,country,2003,59.473999
SEN,Senegal,country,2004,60.307999
SEN,Senegal,country,2005,60.98
SEN,Senegal,country,2006,61.800999
SEN,Senegal,country,2007,62.653
SEN,Senegal,country,2008,63.201
SEN,Senegal,country,2009,63.750999
SEN,Senegal,country,2010,64.221001
SEN,Senegal,country,2011,64.799004
SEN,Senegal,country,2012,65.228996
SEN,Senegal,country,2013,65.638
SEN,Senegal,country,2014,66.000999
SEN,Senegal,country,2015,66.450996
SEN,Senegal,country,2016,66.723999
SEN,Senegal,country,2017,67.058998
SEN,Senegal,country,2018,67.378998
SEN,Senegal,country,2019,67.667999
SEN,Senegal,country,2020,67.496002
SEN,Senegal,country,2021,66.867996
SEN,Senegal,country,2022,67.788002
SEN,Senegal,country,2023,68.682999
SGP,Singapore,country,1990,74.598
SGP,Singapore,country,1991,75.057999
SGP,Singapore,country,1992,75.325996
SGP,Singapore,country,1993,75.532997
SGP,Singapore,country,1994,75.626999
SGP,Singapore,country,1995,75.724998
SGP,Singapore,country,1996,76.050003
SGP,Singapore,country,1997,76.389
SGP,Singapore,country,1998,76.850998
SGP,Singapore,country,1999,77.271004
SGP,Singapore,country,2000,77.751999
SGP,Singapore,country,2001,78.266998
SGP,Singapore,country,2002,78.736
SGP,Singapore,country,2003,79.178001
SGP,Singapore,country,2004,79.657997
SGP,Singapore,country,2005,80.271004
SGP,Singapore,country,2006,80.639999
SGP,Singapore,country,2007,80.885002
SGP,Singapore,country,2008,81.098999
SGP,Singapore,country,2009,81.428001
SGP,Singapore,country,2010,81.647003
SGP,Singapore,country,2011,81.942001
SGP,Singapore,country,2012,82.209
SGP,Singapore,country,2013,82.468002
SGP,Singapore,country,2014,82.614998
SGP,Singapore,country,2015,82.748001
SGP,Singapore,country,2016,82.897003
SGP,Singapore,country,2017,83.095001
SGP,Singapore,country,2018,83.377998
SGP,Singapore,country,2019,83.662003
SGP,Singapore,country,2020,83.661003
SGP,Singapore,country,2021,83.485001
SGP,Singapore,country,2022,82.920998
SGP,Singapore,country,2023,83.736
SLB,Solomon Islands,country,1990,66.194
SLB,Solomon Islands,country,1991,66.357002
SLB,Solomon Islands,country,1992,66.471001
SLB,Solomon Islands,country,1993,66.557999
SLB,Solomon Islands,country,1994,66.661003
SLB,Solomon Islands,country,1995,66.717003
SLB,Solomon Islands,country,1996,66.738998
SLB,Solomon Islands,country,1997,66.767998
SLB,Solomon Islands,country,1998,66.889999
SLB,Solomon Islands,country,1999,67.000999
SLB,Solomon Islands,country,2000,67.115997
SLB,Solomon Islands,country,2001,67.237
SLB,Solomon Islands,country,2002,67.349998
SLB,Solomon Islands,country,2003,67.478996
SLB,Solomon Islands,country,2004,67.627998
SLB,Solomon Islands,country,2005,67.790001
SLB,Solomon Islands,country,2006,67.968002
SLB,Solomon Islands,country,2007,67.845001
SLB,Solomon Islands,country,2008,68.335999
SLB,Solomon Islands,country,2009,68.397003
SLB,Solomon Islands,country,2010,68.668999
SLB,Solomon Islands,country,2011,68.823997
SLB,Solomon Islands,country,2012,68.960999
SLB,Solomon Islands,country,2013,69.007004
SLB,Solomon Islands,country,2014,68.984001
SLB,Solomon Islands,country,2015,69.322998
SLB,Solomon Islands,country,2016,69.500999
SLB,Solomon Islands,country,2017,69.652
SLB,Solomon Islands,country,2018,69.806
SLB,Solomon Islands,country,2019,69.981003
SLB,Solomon Islands,country,2020,69.258003
SLB,Solomon Islands,country,2021,68.889999
SLB,Solomon Islands,country,2022,70.408997
SLB,Solomon Islands,country,2023,70.528
SLE,Sierra Leone,country,1990,43.720001
SLE,Sierra Leone,country,1991,43.286999
SLE,Sierra Leone,country,1992,43.451
SLE,Sierra Leone,country,1993,43.428001
SLE,Sierra Leone,country,1994,42.807999
SLE,Sierra Leone,country,1995,42.578999
SLE,Sierra Leone,country,1996,43.528
SLE,Sierra Leone,country,1997,43.648998
SLE,Sierra Leone,country,1998,42.714001
SLE,Sierra Leone,country,1999,41.962002
SLE,Sierra Leone,country,2000,44.834
SLE,Sierra Leone,country,2001,45.448002
SLE,Sierra Leone,country,2002,46.174
SLE,Sierra Leone,country,2003,46.784
SLE,Sierra Leone,country,2004,47.485001
SLE,Sierra Leone,country,2005,48.306
SLE,Sierra Leone,country,2006,49.547001
SLE,Sierra Leone,country,2007,50.023998
SLE,Sierra Leone,country,2008,50.693001
SLE,Sierra Leone,country,2009,51.312
SLE,Sierra Leone,country,2010,51.926998
SLE,Sierra Leone,country,2011,52.594002
SLE,Sierra Leone,country,2012,53.159
SLE,Sierra Leone,country,2013,54.050999
SLE,Sierra Leone,country,2014,54.280998
SLE,Sierra Leone,country,2015,55.453999
SLE,Sierra Leone,country,2016,56.937
SLE,Sierra Leone,country,2017,57.761002
SLE,Sierra Leone,country,2018,59.058998
SLE,Sierra Leone,country,2019,59.592999
SLE,Sierra Leone,country,2020,59.694
SLE,Sierra Leone,country,2021,60.259998
SLE,Sierra Leone,country,2022,61.275002
SLE,Sierra Leone,country,2023,61.785999
SLV,El Salvador,country,1990,61.980999
SLV,El Salvador,country,1991,62.542
SLV,El Salvador,country,1992,62.944
SLV,El Salvador,country,1993,63.998001
SLV,El Salvador,country,1994,64.470001
SLV,El Salvador,country,1995,64.903
SLV,El Salvador,country,1996,65.480003
SLV,El Salvador,country,1997,66.248001
SLV,El Salvador,country,1998,66.654999
SLV,El Salvador,country,1999,67.285004
SLV,El Salvador,country,2000,67.710999
SLV,El Salvador,country,2001,67.964996
SLV,El Salvador,country,2002,68.526001
SLV,El Salvador,country,2003,68.792
SLV,El Salvador,country,2004,69.294998
SLV,El Salvador,country,2005,69.335999
SLV,El Salvador,country,2006,69.612
SLV,El Salvador,country,2007,69.82
SLV,El Salvador,country,2008,70.138
SLV,El Salvador,country,2009,70.359001
SLV,El Salvador,country,2010,70.908997
SLV,El Salvador,country,2011,71.192001
SLV,El Salvador,country,2012,71.419998
SLV,El Salvador,country,2013,71.224998
SLV,El Salvador,country,2014,71.143997
SLV,El Salvador,country,2015,70.952003
SLV,El Salvador,country,2016,70.907997
SLV,El Salvador,country,2017,71.007004
SLV,El Salvador,country,2018,71.384003
SLV,El Salvador,country,2019,71.724998
SLV,El Salvador,country,2020,70.244003
SLV,El Salvador,country,2021,69.941002
SLV,El Salvador,country,2022,71.969002
SLV,El Salvador,country,2023,72.098999
SMR,San Marino,country,1990,77.782997
SMR,San Marino,country,1991,77.944
SMR,San Marino,country,1992,78.133003
SMR,San Marino,country,1993,78.373001
SMR,San Marino,country,1994,78.669998
SMR,San Marino,country,1995,79.030998
SMR,San Marino,country,1996,79.332001
SMR,San Marino,country,1997,79.677002
SMR,San Marino,country,1998,79.917999
SMR,San Marino,country,1999,80.199997
SMR,San Marino,country,2000,80.503998
SMR,San Marino,country,2001,80.803001
SMR,San Marino,country,2002,81.060997
SMR,San Marino,country,2003,81.330002
SMR,San Marino,country,2004,81.592003
SMR,San Marino,country,2005,81.926003
SMR,San Marino,country,2006,82.258003
SMR,San Marino,country,2007,82.605003
SMR,San Marino,country,2008,82.893997
SMR,San Marino,country,2009,83.223999
SMR,San Marino,country,2010,83.463997
SMR,San Marino,country,2011,83.712997
SMR,San Marino,country,2012,83.943001
SMR,San Marino,country,2013,84.175003
SMR,San Marino,country,2014,84.393997
SMR,San Marino,country,2015,84.596001
SMR,San Marino,country,2016,84.775002
SMR,San Marino,country,2017,84.932999
SMR,San Marino,country,2018,85.095001
SMR,San Marino,country,2019,85.257004
SMR,San Marino,country,2020,82.650002
SMR,San Marino,country,2021,83.539001
SMR,San Marino,country,2022,85.708
SMR,San Marino,country,2023,85.706001
SOM,Somalia,country,1990,46.896
SOM,Somalia,country,1991,25.417999
SOM,Somalia,country,1992,25.034
SOM,Somalia,country,1993,50.550999
SOM,Somalia,country,1994,50.303001
SOM,Somalia,country,1995,50.650002
SOM,Somalia,country,1996,50.523998
SOM,Somalia,country,1997,50.278
SOM,Somalia,country,1998,50.755001
SOM,Somalia,country,1999,50.611
SOM,Somalia,country,2000,50.747002
SOM,Somalia,country,2001,50.828999
SOM,Somalia,country,2002,50.82
SOM,Somalia,country,2003,50.721001
SOM,Somalia,country,2004,50.685001
SOM,Somalia,country,2005,50.894001
SOM,Somalia,country,2006,50.915001
SOM,Somalia,country,2007,50.884998
SOM,Somalia,country,2008,51.456001
SOM,Somalia,country,2009,52.101002
SOM,Somalia,country,2010,48.900002
SOM,Somalia,country,2011,32.452999
SOM,Somalia,country,2012,49.138
SOM,Somalia,country,2013,54.015999
SOM,Somalia,country,2014,54.442001
SOM,Somalia,country,2015,55.056
SOM,Somalia,country,2016,55.283001
SOM,Somalia,country,2017,52.189999
SOM,Somalia,country,2018,54.766998
SOM,Somalia,country,2019,57.249001
SOM,Somalia,country,2020,57.095001
SOM,Somalia,country,2021,55.702999
SOM,Somalia,country,2022,53.931
SOM,Somalia,country,2023,58.816002
SRB,Serbia,country,1990,72.224998
SRB,Serbia,country,1991,71.938004
SRB,Serbia,country,1992,71.627998
SRB,Serbia,country,1993,71.875999
SRB,Serbia,country,1994,72.304001
SRB,Serbia,country,1995,72.725998
SRB,Serbia,country,1996,72.916
SRB,Serbia,country,1997,72.946999
SRB,Serbia,country,1998,72.299004
SRB,Serbia,country,1999,69.994003
SRB,Serbia,country,2000,72.334
SRB,Serbia,country,2001,72.275002
SRB,Serbia,country,2002,72.598999
SRB,Serbia,country,2003,72.722
SRB,Serbia,country,2004,72.866997
SRB,Serbia,country,2005,73.114998
SRB,Serbia,country,2006,73.394997
SRB,Serbia,country,2007,73.723999
SRB,Serbia,country,2008,73.903999
SRB,Serbia,country,2009,74.106003
SRB,Serbia,country,2010,74.375999
SRB,Serbia,country,2011,74.719002
SRB,Serbia,country,2012,75.088997
SRB,Serbia,country,2013,75.346001
SRB,Serbia,country,2014,75.477997
SRB,Serbia,country,2015,75.653
SRB,Serbia,country,2016,75.737
SRB,Serbia,country,2017,75.792
SRB,Serbia,country,2018,76.036003
SRB,Serbia,country,2019,76.057999
SRB,Serbia,country,2020,74.507004
SRB,Serbia,country,2021,72.852997
SRB,Serbia,country,2022,75.477997
SRB,Serbia,country,2023,76.768997
SSD,South Sudan,country,1990,28.628
SSD,South Sudan,country,1991,29.184999
SSD,South Sudan,country,1992,21.938
SSD,South Sudan,country,1993,22.263
SSD,South Sudan,country,1994,44.858002
SSD,South Sudan,country,1995,31.51
SSD,South Sudan,country,1996,32.124001
SSD,South Sudan,country,1997,33.068001
SSD,South Sudan,country,1998,19.048
SSD,South Sudan,country,1999,44.536999
SSD,South Sudan,country,2000,47.591
SSD,South Sudan,country,2001,48.549999
SSD,South Sudan,country,2002,49.394001
SSD,South Sudan,country,2003,52.324001
SSD,South Sudan,country,2004,53.051998
SSD,South Sudan,country,2005,53.965
SSD,South Sudan,country,2006,54.653
SSD,South Sudan,country,2007,55.424999
SSD,South Sudan,country,2008,56.279999
SSD,South Sudan,country,2009,56.848
SSD,South Sudan,country,2010,57.485001
SSD,South Sudan,country,2011,57.674
SSD,South Sudan,country,2012,58.241001
SSD,South Sudan,country,2013,58.285
SSD,South Sudan,country,2014,45.625
SSD,South Sudan,country,2015,39.757
SSD,South Sudan,country,2016,36.720001
SSD,South Sudan,country,2017,35.351002
SSD,South Sudan,country,2018,51.904999
SSD,South Sudan,country,2019,58.129002
SSD,South Sudan,country,2020,57.647999
SSD,South Sudan,country,2021,57.047001
SSD,South Sudan,country,2022,57.202999
SSD,South Sudan,country,2023,57.617001
STP,Sao Tome and Principe,country,1990,60.707001
STP,Sao Tome and Principe,country,1991,60.792
STP,Sao Tome and Principe,country,1992,60.706001
STP,Sao Tome and Principe,country,1993,60.618
STP,Sao Tome and Principe,country,1994,60.551998
STP,Sao Tome and Principe,country,1995,60.535999
STP,Sao Tome and Principe,country,1996,60.576
STP,Sao Tome and Principe,country,1997,60.647999
STP,Sao Tome and Principe,country,1998,60.785
STP,Sao Tome and Principe,country,1999,60.976002
STP,Sao Tome and Principe,country,2000,61.207001
STP,Sao Tome and Principe,country,2001,61.5
STP,Sao Tome and Principe,country,2002,61.826
STP,Sao Tome and Principe,country,2003,62.158001
STP,Sao Tome and Principe,country,2004,62.560001
STP,Sao Tome and Principe,country,2005,62.433998
STP,Sao Tome and Principe,country,2006,63.041
STP,Sao Tome and Principe,country,2007,63.335999
STP,Sao Tome and Principe,country,2008,63.448002
STP,Sao Tome and Principe,country,2009,63.668999
STP,Sao Tome and Principe,country,2010,63.867001
STP,Sao Tome and Principe,country,2011,64.122002
STP,Sao Tome and Principe,country,2012,64.504997
STP,Sao Tome and Principe,country,2013,64.93
STP,Sao Tome and Principe,country,2014,65.477997
STP,Sao Tome and Principe,country,2015,66.023003
STP,Sao Tome and Principe,country,2016,66.563004
STP,Sao Tome and Principe,country,2017,67.073997
STP,Sao Tome and Principe,country,2018,67.601997
STP,Sao Tome and Principe,country,2019,68.042999
STP,Sao Tome and Principe,country,2020,67.978996
STP,Sao Tome and Principe,country,2021,68.026001
STP,Sao Tome and Principe,country,2022,69.237
STP,Sao Tome and Principe,country,2023,69.718002
SUR,Suriname,country,1990,62.088001
SUR,Suriname,country,1991,62.151001
SUR,Suriname,country,1992,62.245998
SUR,Suriname,country,1993,62.382
SUR,Suriname,country,1994,62.542
SUR,Suriname,country,1995,62.778999
SUR,Suriname,country,1996,63.078999
SUR,Suriname,country,1997,63.384998
SUR,Suriname,country,1998,63.706001
SUR,Suriname,country,1999,64.035004
SUR,Suriname,country,2000,64.408997
SUR,Suriname,country,2001,64.82
SUR,Suriname,country,2002,65.274002
SUR,Suriname,country,2003,65.778
SUR,Suriname,country,2004,66.362
SUR,Suriname,country,2005,66.997002
SUR,Suriname,country,2006,67.642998
SUR,Suriname,country,2007,68.306999
SUR,Suriname,country,2008,68.873001
SUR,Suriname,country,2009,69.322998
SUR,Suriname,country,2010,69.625999
SUR,Suriname,country,2011,69.82
SUR,Suriname,country,2012,69.957001
SUR,Suriname,country,2013,70.110001
SUR,Suriname,country,2014,70.330002
SUR,Suriname,country,2015,70.567001
SUR,Suriname,country,2016,70.978996
SUR,Suriname,country,2017,71.247002
SUR,Suriname,country,2018,71.468002
SUR,Suriname,country,2019,71.773003
SUR,Suriname,country,2020,72.320999
SUR,Suriname,country,2021,68.943001
SUR,Suriname,country,2022,73.253998
SUR,Suriname,country,2023,73.630997
SVK,Slovakia,country,1990,70.819
SVK,Slovakia,country,1991,70.920998
SVK,Slovakia,country,1992,71.364998
SVK,Slovakia,country,1993,71.879997
SVK,Slovakia,country,1994,72.329002
SVK,Slovakia,country,1995,72.253998
SVK,Slovakia,country,1996,72.738998
SVK,Slovakia,country,1997,72.689003
SVK,Slovakia,country,1998,72.572998
SVK,Slovakia,country,1999,72.962997
SVK,Slovakia,country,2000,73.139
SVK,Slovakia,country,2001,73.570999
SVK,Slovakia,country,2002,73.764999
SVK,Slovakia,country,2003,73.819
SVK,Slovakia,country,2004,74.217003
SVK,Slovakia,country,2005,74.155998
SVK,Slovakia,country,2006,74.416
SVK,Slovakia,country,2007,74.495003
SVK,Slovakia,country,2008,74.863998
SVK,Slovakia,country,2009,75.218002
SVK,Slovakia,country,2010,75.496002
SVK,Slovakia,country,2011,76.017998
SVK,Slovakia,country,2012,76.176003
SVK,Slovakia,country,2013,76.514
SVK,Slovakia,country,2014,76.848
SVK,Slovakia,country,2015,76.650002
SVK,Slovakia,country,2016,77.216003
SVK,Slovakia,country,2017,77.220001
SVK,Slovakia,country,2018,77.264999
SVK,Slovakia,country,2019,77.685997
SVK,Slovakia,country,2020,76.863998
SVK,Slovakia,country,2021,74.589996
SVK,Slovakia,country,2022,77.036003
SVK,Slovakia,country,2023,78.341003
SVN,Slovenia,country,1990,73.464996
SVN,Slovenia,country,1991,73.474998
SVN,Slovenia,country,1992,73.418999
SVN,Slovenia,country,1993,73.584
SVN,Slovenia,country,1994,73.905998
SVN,Slovenia,country,1995,74.418999
SVN,Slovenia,country,1996,74.796997
SVN,Slovenia,country,1997,74.988998
SVN,Slovenia,country,1998,75.139
SVN,Slovenia,country,1999,75.454002
SVN,Slovenia,country,2000,75.830002
SVN,Slovenia,country,2001,76.181
SVN,Slovenia,country,2002,76.316002
SVN,Slovenia,country,2003,76.317001
SVN,Slovenia,country,2004,76.931999
SVN,Slovenia,country,2005,77.502998
SVN,Slovenia,country,2006,77.82
SVN,Slovenia,country,2007,78.285004
SVN,Slovenia,country,2008,78.595001
SVN,Slovenia,country,2009,79.027
SVN,Slovenia,country,2010,79.301003
SVN,Slovenia,country,2011,79.587997
SVN,Slovenia,country,2012,79.764999
SVN,Slovenia,country,2013,80.087997
SVN,Slovenia,country,2014,80.251999
SVN,Slovenia,country,2015,80.499001
SVN,Slovenia,country,2016,80.512001
SVN,Slovenia,country,2017,80.615997
SVN,Slovenia,country,2018,80.861
SVN,Slovenia,country,2019,81.007004
SVN,Slovenia,country,2020,80.363998
SVN,Slovenia,country,2021,80.433998
SVN,Slovenia,country,2022,80.792999
SVN,Slovenia,country,2023,81.602997
SWE,Sweden,country,1990,77.588997
SWE,Sweden,country,1991,77.727997
SWE,Sweden,country,1992,78.070999
SWE,Sweden,country,1993,78.136002
SWE,Sweden,country,1994,78.747002
SWE,Sweden,country,1995,78.821999
SWE,Sweden,country,1996,79.044998
SWE,Sweden,country,1997,79.272003
SWE,Sweden,country,1998,79.416
SWE,Sweden,country,1999,79.508003
SWE,Sweden,country,2000,79.738998
SWE,Sweden,country,2001,79.835999
SWE,Sweden,country,2002,79.934998
SWE,Sweden,country,2003,80.195
SWE,Sweden,country,2004,80.545998
SWE,Sweden,country,2005,80.621002
SWE,Sweden,country,2006,80.832001
SWE,Sweden,country,2007,80.970001
SWE,Sweden,country,2008,81.137001
SWE,Sweden,country,2009,81.362999
SWE,Sweden,country,2010,81.518997
SWE,Sweden,country,2011,81.758003
SWE,Sweden,country,2012,81.730003
SWE,Sweden,country,2013,81.934998
SWE,Sweden,country,2014,82.223999
SWE,Sweden,country,2015,82.183998
SWE,Sweden,country,2016,82.338997
SWE,Sweden,country,2017,82.438004
SWE,Sweden,country,2018,82.531998
SWE,Sweden,country,2019,83.052002
SWE,Sweden,country,2020,82.427002
SWE,Sweden,country,2021,83.019997
SWE,Sweden,country,2022,83.045998
SWE,Sweden,country,2023,83.262001
SWZ,Eswatini,country,1990,61.167
SWZ,Eswatini,country,1991,60.391998
SWZ,Eswatini,country,1992,59.284
SWZ,Eswatini,country,1993,58.091999
SWZ,Eswatini,country,1994,56.643002
SWZ,Eswatini,country,1995,55.080002
SWZ,Eswatini,country,1996,53.296001
SWZ,Eswatini,country,1997,51.699001
SWZ,Eswatini,country,1998,50.066002
SWZ,Eswatini,country,1999,48.807999
SWZ,Eswatini,country,2000,47.626999
SWZ,Eswatini,country,2001,46.344002
SWZ,Eswatini,country,2002,45.380001
SWZ,Eswatini,country,2003,44.632
SWZ,Eswatini,country,2004,43.905998
SWZ,Eswatini,country,2005,43.958
SWZ,Eswatini,country,2006,44.563
SWZ,Eswatini,country,2007,45.16
SWZ,Eswatini,country,2008,45.853001
SWZ,Eswatini,country,2009,46.912998
SWZ,Eswatini,country,2010,48.331001
SWZ,Eswatini,country,2011,49.056999
SWZ,Eswatini,country,2012,50.714001
SWZ,Eswatini,country,2013,52.110001
SWZ,Eswatini,country,2014,53.491001
SWZ,Eswatini,country,2015,54.941002
SWZ,Eswatini,country,2016,56.228001
SWZ,Eswatini,country,2017,57.574001
SWZ,Eswatini,country,2018,58.707001
SWZ,Eswatini,country,2019,59.849998
SWZ,Eswatini,country,2020,59.862
SWZ,Eswatini,country,2021,58.228001
SWZ,Eswatini,country,2022,63.028
SWZ,Eswatini,country,2023,64.123001
SYC,Seychelles,country,1990,70.169998
SYC,Seychelles,country,1991,70.263
SYC,Seychelles,country,1992,70.346001
SYC,Seychelles,country,1993,70.415001
SYC,Seychelles,country,1994,70.503998
SYC,Seychelles,country,1995,70.634003
SYC,Seychelles,country,1996,70.794998
SYC,Seychelles,country,1997,70.759003
SYC,Seychelles,country,1998,71.092003
SYC,Seychelles,country,1999,71.208
SYC,Seychelles,country,2000,71.313004
SYC,Seychelles,country,2001,71.429001
SYC,Seychelles,country,2002,71.545998
SYC,Seychelles,country,2003,71.683998
SYC,Seychelles,country,2004,71.707001
SYC,Seychelles,country,2005,71.920998
SYC,Seychelles,country,2006,72.046997
SYC,Seychelles,country,2007,72.162003
SYC,Seychelles,country,2008,72.322998
SYC,Seychelles,country,2009,72.414001
SYC,Seychelles,country,2010,72.476997
SYC,Seychelles,country,2011,72.505997
SYC,Seychelles,country,2012,72.490997
SYC,Seychelles,country,2013,72.428001
SYC,Seychelles,country,2014,72.355003
SYC,Seychelles,country,2015,72.285004
SYC,Seychelles,country,2016,72.246002
SYC,Seychelles,country,2017,72.232002
SYC,Seychelles,country,2018,72.176003
SYC,Seychelles,country,2019,72.123001
SYC,Seychelles,country,2020,74.091003
SYC,Seychelles,country,2021,71.220001
SYC,Seychelles,country,2022,71.248001
SYC,Seychelles,country,2023,72.862
SYR,Syrian Arab Republic,country,1990,69.830002
SYR,Syrian Arab Republic,country,1991,70.074997
SYR,Syrian Arab Republic,country,1992,70.242996
SYR,Syrian Arab Republic,country,1993,70.308998
SYR,Syrian Arab Republic,country,1994,70.295998
SYR,Syrian Arab Republic,country,1995,70.209
SYR,Syrian Arab Republic,country,1996,70.155998
SYR,Syrian Arab Republic,country,1997,70.157997
SYR,Syrian Arab Republic,country,1998,70.237
SYR,Syrian Arab Republic,country,1999,70.507004
SYR,Syrian Arab Republic,country,2000,70.856003
SYR,Syrian Arab Republic,country,2001,71.295998
SYR,Syrian Arab Republic,country,2002,71.741997
SYR,Syrian Arab Republic,country,2003,72.188004
SYR,Syrian Arab Republic,country,2004,72.494003
SYR,Syrian Arab Republic,country,2005,72.796997
SYR,Syrian Arab Republic,country,2006,73.040001
SYR,Syrian Arab Republic,country,2007,73.255997
SYR,Syrian Arab Republic,country,2008,73.367996
SYR,Syrian Arab Republic,country,2009,73.496002
SYR,Syrian Arab Republic,country,2010,73.542
SYR,Syrian Arab Republic,country,2011,72.259003
SYR,Syrian Arab Republic,country,2012,66.206001
SYR,Syrian Arab Republic,country,2013,65.146004
SYR,Syrian Arab Republic,country,2014,65.491997
SYR,Syrian Arab Republic,country,2015,63.264999
SYR,Syrian Arab Republic,country,2016,65.190002
SYR,Syrian Arab Republic,country,2017,65.651001
SYR,Syrian Arab Republic,country,2018,67.371002
SYR,Syrian Arab Republic,country,2019,70.970001
SYR,Syrian Arab Republic,country,2020,71.944
SYR,Syrian Arab Republic,country,2021,72.417999
SYR,Syrian Arab Republic,country,2022,72.790001
SYR,Syrian Arab Republic,country,2023,72.120003
TCD,Chad,country,1990,45.074001
TCD,Chad,country,1991,46.596001
TCD,Chad,country,1992,46.777
TCD,Chad,country,1993,47.001999
TCD,Chad,country,1994,47.080002
TCD,Chad,country,1995,47.452999
TCD,Chad,country,1996,47.550999
TCD,Chad,country,1997,47.762001
TCD,Chad,country,1998,47.801998
TCD,Chad,country,1999,47.933998
TCD,Chad,country,2000,47.937
TCD,Chad,country,2001,48.306
TCD,Chad,country,2002,48.360001
TCD,Chad,country,2003,48.609001
TCD,Chad,country,2004,48.687
TCD,Chad,country,2005,48.860001
TCD,Chad,country,2006,48.747002
TCD,Chad,country,2007,49.209999
TCD,Chad,country,2008,49.502998
TCD,Chad,country,2009,49.827999
TCD,Chad,country,2010,50.106998
TCD,Chad,country,2011,50.425999
TCD,Chad,country,2012,50.764999
TCD,Chad,country,2013,51.050999
TCD,Chad,country,2014,51.140999
TCD,Chad,country,2015,51.32
TCD,Chad,country,2016,51.603001
TCD,Chad,country,2017,51.875
TCD,Chad,country,2018,52.446999
TCD,Chad,country,2019,52.993
TCD,Chad,country,2020,53.082001
TCD,Chad,country,2021,53.136002
TCD,Chad,country,2022,54.528
TCD,Chad,country,2023,55.069
TGO,Togo,country,1990,54.556999
TGO,Togo,country,1991,54.255001
TGO,Togo,country,1992,54.077
TGO,Togo,country,1993,53.852001
TGO,Togo,country,1994,53.707001
TGO,Togo,country,1995,53.692001
TGO,Togo,country,1996,53.817001
TGO,Togo,country,1997,53.845001
TGO,Togo,country,1998,53.956001
TGO,Togo,country,1999,54.310001
TGO,Togo,country,2000,54.577
TGO,Togo,country,2001,54.745998
TGO,Togo,country,2002,55.032001
TGO,Togo,country,2003,55.299
TGO,Togo,country,2004,55.594002
TGO,Togo,country,2005,55.916
TGO,Togo,country,2006,56.141998
TGO,Togo,country,2007,56.382
TGO,Togo,country,2008,56.651001
TGO,Togo,country,2009,56.926998
TGO,Togo,country,2010,57.227001
TGO,Togo,country,2011,57.612
TGO,Togo,country,2012,57.939999
TGO,Togo,country,2013,58.345001
TGO,Togo,country,2014,58.765999
TGO,Togo,country,2015,59.220001
TGO,Togo,country,2016,59.668999
TGO,Togo,country,2017,60.134998
TGO,Togo,country,2018,60.601002
TGO,Togo,country,2019,61.055
TGO,Togo,country,2020,61.123001
TGO,Togo,country,2021,61.327999
TGO,Togo,country,2022,62.290001
TGO,Togo,country,2023,62.738998
THA,Thailand,country,1990,68.924004
THA,Thailand,country,1991,69.132004
THA,Thailand,country,1992,69.352997
THA,Thailand,country,1993,69.568001
THA,Thailand,country,1994,69.661003
THA,Thailand,country,1995,69.757004
THA,Thailand,country,1996,69.940002
THA,Thailand,country,1997,70.362
THA,Thailand,country,1998,70.703003
THA,Thailand,country,1999,70.978996
THA,Thailand,country,2000,71.205002
THA,Thailand,country,2001,71.519997
THA,Thailand,country,2002,71.775002
THA,Thailand,country,2003,72.100998
THA,Thailand,country,2004,72.099998
THA,Thailand,country,2005,72.893997
THA,Thailand,country,2006,73.341003
THA,Thailand,country,2007,73.778999
THA,Thailand,country,2008,74.221001
THA,Thailand,country,2009,74.668999
THA,Thailand,country,2010,75.012001
THA,Thailand,country,2011,75.302002
THA,Thailand,country,2012,75.589996
THA,Thailand,country,2013,75.959999
THA,Thailand,country,2014,76.278999
THA,Thailand,country,2015,76.563004
THA,Thailand,country,2016,76.768997
THA,Thailand,country,2017,76.988998
THA,Thailand,country,2018,77.190002
THA,Thailand,country,2019,77.196999
THA,Thailand,country,2020,77.331001
THA,Thailand,country,2021,77.606003
THA,Thailand,country,2022,75.291
THA,Thailand,country,2023,76.412003
TJK,Tajikistan,country,1990,61.636002
TJK,Tajikistan,country,1991,61.679001
TJK,Tajikistan,country,1992,57.084999
TJK,Tajikistan,country,1993,55.512001
TJK,Tajikistan,country,1994,60.092999
TJK,Tajikistan,country,1995,61.389
TJK,Tajikistan,country,1996,60.806
TJK,Tajikistan,country,1997,61.928001
TJK,Tajikistan,country,1998,62.403999
TJK,Tajikistan,country,1999,63.113998
TJK,Tajikistan,country,2000,63.542
TJK,Tajikistan,country,2001,64.196999
TJK,Tajikistan,country,2002,64.898003
TJK,Tajikistan,country,2003,65.874001
TJK,Tajikistan,country,2004,66.603996
TJK,Tajikistan,country,2005,66.530998
TJK,Tajikistan,country,2006,66.997002
TJK,Tajikistan,country,2007,67.404999
TJK,Tajikistan,country,2008,67.924004
TJK,Tajikistan,country,2009,68.248001
TJK,Tajikistan,country,2010,68.370003
TJK,Tajikistan,country,2011,68.697998
TJK,Tajikistan,country,2012,69.129997
TJK,Tajikistan,country,2013,69.579002
TJK,Tajikistan,country,2014,69.696999
TJK,Tajikistan,country,2015,69.665001
TJK,Tajikistan,country,2016,69.982002
TJK,Tajikistan,country,2017,70.524002
TJK,Tajikistan,country,2018,70.737
TJK,Tajikistan,country,2019,70.961998
TJK,Tajikistan,country,2020,68.605003
TJK,Tajikistan,country,2021,69.594002
TJK,Tajikistan,country,2022,71.561996
TJK,Tajikistan,country,2023,71.790001
TKM,Turkmenistan,country,1990,63.867001
TKM,Turkmenistan,country,1991,63.841999
TKM,Turkmenistan,country,1992,63.752998
TKM,Turkmenistan,country,1993,63.585999
TKM,Turkmenistan,country,1994,63.514999
TKM,Turkmenistan,country,1995,63.514
TKM,Turkmenistan,country,1996,63.537998
TKM,Turkmenistan,country,1997,63.667
TKM,Turkmenistan,country,1998,63.966
TKM,Turkmenistan,country,1999,64.474998
TKM,Turkmenistan,country,2000,64.931
TKM,Turkmenistan,country,2001,65.324997
TKM,Turkmenistan,country,2002,65.593002
TKM,Turkmenistan,country,2003,65.853996
TKM,Turkmenistan,country,2004,66.055
TKM,Turkmenistan,country,2005,66.275002
TKM,Turkmenistan,country,2006,66.573997
TKM,Turkmenistan,country,2007,67.019997
TKM,Turkmenistan,country,2008,67.584
TKM,Turkmenistan,country,2009,68.154999
TKM,Turkmenistan,country,2010,68.608002
TKM,Turkmenistan,country,2011,68.870003
TKM,Turkmenistan,country,2012,68.960999
TKM,Turkmenistan,country,2013,68.968002
TKM,Turkmenistan,country,2014,69.000999
TKM,Turkmenistan,country,2015,69.060997
TKM,Turkmenistan,country,2016,69.141998
TKM,Turkmenistan,country,2017,69.190002
TKM,Turkmenistan,country,2018,69.272003
TKM,Turkmenistan,country,2019,69.404999
TKM,Turkmenistan,country,2020,68.846001
TKM,Turkmenistan,country,2021,69.352997
TKM,Turkmenistan,country,2022,69.913002
TKM,Turkmenistan,country,2023,70.072998
TLS,Timor-Leste,country,1990,45.185001
TLS,Timor-Leste,country,1991,45.076
TLS,Timor-Leste,country,1992,46.189999
TLS,Timor-Leste,country,1993,47.007999
TLS,Timor-Leste,country,1994,47.861
TLS,Timor-Leste,country,1995,47.542999
TLS,Timor-Leste,country,1996,48.259998
TLS,Timor-Leste,country,1997,48.967999
TLS,Timor-Leste,country,1998,48.583
TLS,Timor-Leste,country,1999,45.245998
TLS,Timor-Leste,country,2000,58.097
TLS,Timor-Leste,country,2001,58.771999
TLS,Timor-Leste,country,2002,59.477001
TLS,Timor-Leste,country,2003,60.130001
TLS,Timor-Leste,country,2004,60.743
TLS,Timor-Leste,country,2005,61.271999
TLS,Timor-Leste,country,2006,61.881001
TLS,Timor-Leste,country,2007,62.396
TLS,Timor-Leste,country,2008,62.858002
TLS,Timor-Leste,country,2009,63.264999
TLS,Timor-Leste,country,2010,63.66
TLS,Timor-Leste,country,2011,64.022003
TLS,Timor-Leste,country,2012,64.384003
TLS,Timor-Leste,country,2013,64.719002
TLS,Timor-Leste,country,2014,65.027
TLS,Timor-Leste,country,2015,65.325996
TLS,Timor-Leste,country,2016,65.610001
TLS,Timor-Leste,country,2017,65.898003
TLS,Timor-Leste,country,2018,66.204002
TLS,Timor-Leste,country,2019,66.496002
TLS,Timor-Leste,country,2020,66.918999
TLS,Timor-Leste,country,2021,66.198997
TLS,Timor-Leste,country,2022,67.367996
TLS,Timor-Leste,country,2023,67.689003
TON,Tonga,country,1990,67.539001
TON,Tonga,country,1991,67.749001
TON,Tonga,country,1992,67.927002
TON,Tonga,country,1993,68.156998
TON,Tonga,country,1994,68.371002
TON,Tonga,country,1995,68.592003
TON,Tonga,country,1996,68.803001
TON,Tonga,country,1997,69.012001
TON,Tonga,country,1998,69.223999
TON,Tonga,country,1999,69.431
TON,Tonga,country,2000,69.635002
TON,Tonga,country,2001,69.800003
TON,Tonga,country,2002,70.029999
TON,Tonga,country,2003,70.227997
TON,Tonga,country,2004,70.432999
TON,Tonga,country,2005,70.559998
TON,Tonga,country,2006,70.709999
TON,Tonga,country,2007,70.887001
TON,Tonga,country,2008,71.041
TON,Tonga,country,2009,70.948997
TON,Tonga,country,2010,71.319
TON,Tonga,country,2011,71.436996
TON,Tonga,country,2012,71.545998
TON,Tonga,country,2013,71.650002
TON,Tonga,country,2014,71.721001
TON,Tonga,country,2015,71.850998
TON,Tonga,country,2016,71.950996
TON,Tonga,country,2017,72.066002
TON,Tonga,country,2018,72.168999
TON,Tonga,country,2019,72.292
TON,Tonga,country,2020,72.378998
TON,Tonga,country,2021,72.129997
TON,Tonga,country,2022,72.635002
TON,Tonga,country,2023,72.894997
TTO,Trinidad and Tobago,country,1990,67.591003
TTO,Trinidad and Tobago,country,1991,67.781998
TTO,Trinidad and Tobago,country,1992,67.779999
TTO,Trinidad and Tobago,country,1993,67.824997
TTO,Trinidad and Tobago,country,1994,67.836998
TTO,Trinidad and Tobago,country,1995,67.995003
TTO,Trinidad and Tobago,country,1996,68.039001
TTO,Trinidad and Tobago,country,1997,68.142998
TTO,Trinidad and Tobago,country,1998,68.331001
TTO,Trinidad and Tobago,country,1999,68.509003
TTO,Trinidad and Tobago,country,2000,68.628998
TTO,Trinidad and Tobago,country,2001,68.874001
TTO,Trinidad and Tobago,country,2002,69.232002
TTO,Trinidad and Tobago,country,2003,69.454002
TTO,Trinidad and Tobago,country,2004,69.878998
TTO,Trinidad and Tobago,country,2005,70.184998
TTO,Trinidad and Tobago,country,2006,70.436996
TTO,Trinidad and Tobago,country,2007,70.796997
TTO,Trinidad and Tobago,country,2008,71.116997
TTO,Trinidad and Tobago,country,2009,71.403999
TTO,Trinidad and Tobago,country,2010,71.808998
TTO,Trinidad and Tobago,country,2011,72.232002
TTO,Trinidad and Tobago,country,2012,72.513
TTO,Trinidad and Tobago,country,2013,72.785004
TTO,Trinidad and Tobago,country,2014,72.898003
TTO,Trinidad and Tobago,country,2015,72.882004
TTO,Trinidad and Tobago,country,2016,72.934998
TTO,Trinidad and Tobago,country,2017,72.984001
TTO,Trinidad and Tobago,country,2018,72.657997
TTO,Trinidad and Tobago,country,2019,72.835999
TTO,Trinidad and Tobago,country,2020,72.644997
TTO,Trinidad and Tobago,country,2021,71.111
TTO,Trinidad and Tobago,country,2022,73.331001
TTO,Trinidad and Tobago,country,2023,73.489998
TUN,Tunisia,country,1990,69.092003
TUN,Tunisia,country,1991,69.398003
TUN,Tunisia,country,1992,69.683998
TUN,Tunisia,country,1993,69.991997
TUN,Tunisia,country,1994,70.362999
TUN,Tunisia,country,1995,70.785004
TUN,Tunisia,country,1996,71.247002
TUN,Tunisia,country,1997,71.669998
TUN,Tunisia,country,1998,72.067001
TUN,Tunisia,country,1999,72.344002
TUN,Tunisia,country,2000,72.603996
TUN,Tunisia,country,2001,72.821999
TUN,Tunisia,country,2002,73.07
TUN,Tunisia,country,2003,73.304001
TUN,Tunisia,country,2004,73.518997
TUN,Tunisia,country,2005,73.711998
TUN,Tunisia,country,2006,73.888
TUN,Tunisia,country,2007,74.039001
TUN,Tunisia,country,2008,74.192001
TUN,Tunisia,country,2009,74.32
TUN,Tunisia,country,2010,74.438004
TUN,Tunisia,country,2011,74.471001
TUN,Tunisia,country,2012,74.598999
TUN,Tunisia,country,2013,74.674004
TUN,Tunisia,country,2014,74.783997
TUN,Tunisia,country,2015,74.875
TUN,Tunisia,country,2016,75.007004
TUN,Tunisia,country,2017,75.177002
TUN,Tunisia,country,2018,75.370003
TUN,Tunisia,country,2019,75.598999
TUN,Tunisia,country,2020,75.003998
TUN,Tunisia,country,2021,72.892998
TUN,Tunisia,country,2022,76.050003
TUN,Tunisia,country,2023,76.508003
TUR,Türkiye,country,1990,67.834999
TUR,Türkiye,country,1991,68.287003
TUR,Türkiye,country,1992,68.602997
TUR,Türkiye,country,1993,69.017998
TUR,Türkiye,country,1994,69.402
TUR,Türkiye,country,1995,69.734001
TUR,Türkiye,country,1996,70.245003
TUR,Türkiye,country,1997,70.667999
TUR,Türkiye,country,1998,71.143997
TUR,Türkiye,country,1999,70.751999
TUR,Türkiye,country,2000,71.931
TUR,Türkiye,country,2001,72.271004
TUR,Türkiye,country,2002,72.605003
TUR,Türkiye,country,2003,72.905998
TUR,Türkiye,country,2004,73.223
TUR,Türkiye,country,2005,73.510002
TUR,Türkiye,country,2006,73.804001
TUR,Türkiye,country,2007,74.128998
TUR,Türkiye,country,2008,74.379997
TUR,Türkiye,country,2009,74.679001
TUR,Türkiye,country,2010,74.963997
TUR,Türkiye,country,2011,74.822998
TUR,Türkiye,country,2012,75.552002
TUR,Türkiye,country,2013,76.170998
TUR,Türkiye,country,2014,76.452003
TUR,Türkiye,country,2015,76.539001
TUR,Türkiye,country,2016,76.595001
TUR,Türkiye,country,2017,77.037003
TUR,Türkiye,country,2018,77.454002
TUR,Türkiye,country,2019,77.737
TUR,Türkiye,country,2020,76.525002
TUR,Türkiye,country,2021,75.722
TUR,Türkiye,country,2022,77.591003
TUR,Türkiye,country,2023,77.155998
TUV,Tuvalu,country,1990,61.643002
TUV,Tuvalu,country,1991,61.808998
TUV,Tuvalu,country,1992,60.290001
TUV,Tuvalu,country,1993,62.110001
TUV,Tuvalu,country,1994,62.317001
TUV,Tuvalu,country,1995,62.505001
TUV,Tuvalu,country,1996,62.709
TUV,Tuvalu,country,1997,62.942001
TUV,Tuvalu,country,1998,63.161999
TUV,Tuvalu,country,1999,63.346001
TUV,Tuvalu,country,2000,63.535999
TUV,Tuvalu,country,2001,63.709
TUV,Tuvalu,country,2002,63.825001
TUV,Tuvalu,country,2003,63.896999
TUV,Tuvalu,country,2004,63.988998
TUV,Tuvalu,country,2005,64.096001
TUV,Tuvalu,country,2006,64.247002
TUV,Tuvalu,country,2007,64.402
TUV,Tuvalu,country,2008,64.515999
TUV,Tuvalu,country,2009,64.693001
TUV,Tuvalu,country,2010,64.834
TUV,Tuvalu,country,2011,64.959999
TUV,Tuvalu,country,2012,65.079002
TUV,Tuvalu,country,2013,65.170998
TUV,Tuvalu,country,2014,65.278
TUV,Tuvalu,country,2015,65.364998
TUV,Tuvalu,country,2016,65.510002
TUV,Tuvalu,country,2017,65.682999
TUV,Tuvalu,country,2018,65.871002
TUV,Tuvalu,country,2019,66.109001
TUV,Tuvalu,country,2020,66.357002
TUV,Tuvalu,country,2021,65.823997
TUV,Tuvalu,country,2022,66.851997
TUV,Tuvalu,country,2023,67.105003
TZA,United Republic of Tanzania,country,1990,51.985001
TZA,United Republic of Tanzania,country,1991,51.837002
TZA,United Republic of Tanzania,country,1992,51.431999
TZA,United Republic of Tanzania,country,1993,51.215
TZA,United Republic of Tanzania,country,1994,51.077
TZA,United Republic of Tanzania,country,1995,51.005001
TZA,United Republic of Tanzania,country,1996,51.132
TZA,United Republic of Tanzania,country,1997,51.245998
TZA,United Republic of Tanzania,country,1998,51.806999
TZA,United Republic of Tanzania,country,1999,52.398998
TZA,United Republic of Tanzania,country,2000,53.243999
TZA,United Republic of Tanzania,country,2001,54.124001
TZA,United Republic of Tanzania,country,2002,54.939999
TZA,United Republic of Tanzania,country,2003,55.929001
TZA,United Republic of Tanzania,country,2004,56.835999
TZA,United Republic of Tanzania,country,2005,57.674999
TZA,United Republic of Tanzania,country,2006,58.512001
TZA,United Republic of Tanzania,country,2007,59.259998
TZA,United Republic of Tanzania,country,2008,59.896
TZA,United Republic of Tanzania,country,2009,60.493999
TZA,United Republic of Tanzania,country,2010,61.126999
TZA,United Republic of Tanzania,country,2011,61.618
TZA,United Republic of Tanzania,country,2012,62.285999
TZA,United Republic of Tanzania,country,2013,62.787998
TZA,United Republic of Tanzania,country,2014,63.363998
TZA,United Republic of Tanzania,country,2015,63.928001
TZA,United Republic of Tanzania,country,2016,64.403999
TZA,United Republic of Tanzania,country,2017,64.962997
TZA,United Republic of Tanzania,country,2018,65.487999
TZA,United Republic of Tanzania,country,2019,66.007004
TZA,United Republic of Tanzania,country,2020,66.771004
TZA,United Republic of Tanzania,country,2021,66.130997
TZA,United Republic of Tanzania,country,2022,66.878998
TZA,United Republic of Tanzania,country,2023,66.995003
UGA,Uganda,country,1990,47.561001
UGA,Uganda,country,1991,47.549
UGA,Uganda,country,1992,47.671001
UGA,Uganda,country,1993,47.681
UGA,Uganda,country,1994,47.674999
UGA,Uganda,country,1995,47.706001
UGA,Uganda,country,1996,47.758999
UGA,Uganda,country,1997,48.026001
UGA,Uganda,country,1998,48.263
UGA,Uganda,country,1999,48.977001
UGA,Uganda,country,2000,49.639999
UGA,Uganda,country,2001,50.576
UGA,Uganda,country,2002,51.443001
UGA,Uganda,country,2003,52.414001
UGA,Uganda,country,2004,53.699001
UGA,Uganda,country,2005,54.925999
UGA,Uganda,country,2006,56.118
UGA,Uganda,country,2007,57.248001
UGA,Uganda,country,2008,58.252998
UGA,Uganda,country,2009,59.157001
UGA,Uganda,country,2010,59.959
UGA,Uganda,country,2011,60.791
UGA,Uganda,country,2012,61.578999
UGA,Uganda,country,2013,62.353001
UGA,Uganda,country,2014,63.056999
UGA,Uganda,country,2015,63.831001
UGA,Uganda,country,2016,64.494003
UGA,Uganda,country,2017,65.174004
UGA,Uganda,country,2018,65.775002
UGA,Uganda,country,2019,66.353996
UGA,Uganda,country,2020,66.410004
UGA,Uganda,country,2021,66.449997
UGA,Uganda,country,2022,67.675003
UGA,Uganda,country,2023,68.251999
UKR,Ukraine,country,1990,70.353996
UKR,Ukraine,country,1991,69.688004
UKR,Ukraine,country,1992,68.946999
UKR,Ukraine,country,1993,68.287003
UKR,Ukraine,country,1994,67.533997
UKR,Ukraine,country,1995,67.113998
UKR,Ukraine,country,1996,67.097
UKR,Ukraine,country,1997,67.657997
UKR,Ukraine,country,1998,67.992996
UKR,Ukraine,country,1999,68.003998
UKR,Ukraine,country,2000,67.786003
UKR,Ukraine,country,2001,67.675003
UKR,Ukraine,country,2002,67.698997
UKR,Ukraine,country,2003,67.638
UKR,Ukraine,country,2004,67.472
UKR,Ukraine,country,2005,67.516998
UKR,Ukraine,country,2006,67.489998
UKR,Ukraine,country,2007,67.714996
UKR,Ukraine,country,2008,68.262001
UKR,Ukraine,country,2009,69.158997
UKR,Ukraine,country,2010,70.188004
UKR,Ukraine,country,2011,70.710999
UKR,Ukraine,country,2012,71.089996
UKR,Ukraine,country,2013,71.473999
UKR,Ukraine,country,2014,71.803001
UKR,Ukraine,country,2015,72.685997
UKR,Ukraine,country,2016,73.389
UKR,Ukraine,country,2017,73.992996
UKR,Ukraine,country,2018,73.569
UKR,Ukraine,country,2019,73.919998
UKR,Ukraine,country,2020,73.282997
UKR,Ukraine,country,2021,71.630997
UKR,Ukraine,country,2022,72.657997
UKR,Ukraine,country,2023,73.421997
URY,Uruguay,country,1990,72.994003
URY,Uruguay,country,1991,73.197998
URY,Uruguay,country,1992,73.184998
URY,Uruguay,country,1993,73.147003
URY,Uruguay,country,1994,73.162003
URY,Uruguay,country,1995,73.492996
URY,Uruguay,country,1996,73.811996
URY,Uruguay,country,1997,73.919998
URY,Uruguay,country,1998,74.028999
URY,Uruguay,country,1999,74.292999
URY,Uruguay,country,2000,74.693001
URY,Uruguay,country,2001,74.987
URY,Uruguay,country,2002,74.978996
URY,Uruguay,country,2003,75.085999
URY,Uruguay,country,2004,75.319
URY,Uruguay,country,2005,75.829002
URY,Uruguay,country,2006,75.888
URY,Uruguay,country,2007,76.150002
URY,Uruguay,country,2008,76.275002
URY,Uruguay,country,2009,76.669998
URY,Uruguay,country,2010,76.691002
URY,Uruguay,country,2011,76.613998
URY,Uruguay,country,2012,76.691002
URY,Uruguay,country,2013,76.953003
URY,Uruguay,country,2014,77.194
URY,Uruguay,country,2015,77.285004
URY,Uruguay,country,2016,77.350998
URY,Uruguay,country,2017,77.617996
URY,Uruguay,country,2018,77.527
URY,Uruguay,country,2019,77.502998
URY,Uruguay,country,2020,78.380997
URY,Uruguay,country,2021,75.433998
URY,Uruguay,country,2022,76.468002
URY,Uruguay,country,2023,78.138
USA,United States of America,country,1990,75.374001
USA,United States of America,country,1991,75.524002
USA,United States of America,country,1992,75.778999
USA,United States of America,country,1993,75.568001
USA,United States of America,country,1994,75.737999
USA,United States of America,country,1995,75.851997
USA,United States of America,country,1996,76.175003
USA,United States of America,country,1997,76.498001
USA,United States of America,country,1998,76.658997
USA,United States of America,country,1999,76.668999
USA,United States of America,country,2000,76.806
USA,United States of America,country,2001,76.918999
USA,United States of America,country,2002,76.987999
USA,United States of America,country,2003,77.137001
USA,United States of America,country,2004,77.535004
USA,United States of America,country,2005,77.526001
USA,United States of America,country,2006,77.797997
USA,United States of America,country,2007,78.046997
USA,United States of America,country,2008,78.126999
USA,United States of America,country,2009,78.475998
USA,United States of America,country,2010,78.667999
USA,United States of America,country,2011,78.702003
USA,United States of America,country,2012,78.817001
USA,United States of America,country,2013,78.817001
USA,United States of America,country,2014,78.878998
USA,United States of America,country,2015,78.722
USA,United States of America,country,2016,78.685997
USA,United States of America,country,2017,78.648003
USA,United States of America,country,2018,78.800003
USA,United States of America,country,2019,78.916
USA,United States of America,country,2020,77.011002
USA,United States of America,country,2021,76.384003
USA,United States of America,country,2022,77.978996
USA,United States of America,country,2023,79.304001
UZB,Uzbekistan,country,1990,65.772003
UZB,Uzbekistan,country,1991,65.528999
UZB,Uzbekistan,country,1992,65.236
UZB,Uzbekistan,country,1993,64.924004
UZB,Uzbekistan,country,1994,64.681
UZB,Uzbekistan,country,1995,64.669998
UZB,Uzbekistan,country,1996,64.779999
UZB,Uzbekistan,country,1997,65.028
UZB,Uzbekistan,country,1998,65.168999
UZB,Uzbekistan,country,1999,65.306999
UZB,Uzbekistan,country,2000,65.456001
UZB,Uzbekistan,country,2001,65.852997
UZB,Uzbekistan,country,2002,66.375999
UZB,Uzbekistan,country,2003,66.851997
UZB,Uzbekistan,country,2004,67.203003
UZB,Uzbekistan,country,2005,67.481003
UZB,Uzbekistan,country,2006,67.904999
UZB,Uzbekistan,country,2007,68.483002
UZB,Uzbekistan,country,2008,69.035004
UZB,Uzbekistan,country,2009,69.516998
UZB,Uzbekistan,country,2010,69.835999
UZB,Uzbekistan,country,2011,70.142998
UZB,Uzbekistan,country,2012,70.411003
UZB,Uzbekistan,country,2013,70.692001
UZB,Uzbekistan,country,2014,70.973
UZB,Uzbekistan,country,2015,71.330002
UZB,Uzbekistan,country,2016,71.580002
UZB,Uzbekistan,country,2017,71.737
UZB,Uzbekistan,country,2018,71.999001
UZB,Uzbekistan,country,2019,72.093002
UZB,Uzbekistan,country,2020,71.460999
UZB,Uzbekistan,country,2021,71.681
UZB,Uzbekistan,country,2022,72.147003
UZB,Uzbekistan,country,2023,72.388
VCT,Saint Vincent and the Grenadines,country,1990,70.647003
VCT,Saint Vincent and the Grenadines,country,1991,70.639999
VCT,Saint Vincent and the Grenadines,country,1992,70.745003
VCT,Saint Vincent and the Grenadines,country,1993,70.621002
VCT,Saint Vincent and the Grenadines,country,1994,70.601997
VCT,Saint Vincent and the Grenadines,country,1995,70.574997
VCT,Saint Vincent and the Grenadines,country,1996,70.466003
VCT,Saint Vincent and the Grenadines,country,1997,70.382004
VCT,Saint Vincent and the Grenadines,country,1998,70.263
VCT,Saint Vincent and the Grenadines,country,1999,70.311996
VCT,Saint Vincent and the Grenadines,country,2000,70.349998
VCT,Saint Vincent and the Grenadines,country,2001,70.382004
VCT,Saint Vincent and the Grenadines,country,2002,70.657997
VCT,Saint Vincent and the Grenadines,country,2003,70.43
VCT,Saint Vincent and the Grenadines,country,2004,70.445
VCT,Saint Vincent and the Grenadines,country,2005,70.454002
VCT,Saint Vincent and the Grenadines,country,2006,70.433998
VCT,Saint Vincent and the Grenadines,country,2007,70.445999
VCT,Saint Vincent and the Grenadines,country,2008,70.611
VCT,Saint Vincent and the Grenadines,country,2009,70.711998
VCT,Saint Vincent and the Grenadines,country,2010,70.660004
VCT,Saint Vincent and the Grenadines,country,2011,70.609001
VCT,Saint Vincent and the Grenadines,country,2012,70.539001
VCT,Saint Vincent and the Grenadines,country,2013,70.091003
VCT,Saint Vincent and the Grenadines,country,2014,70.355003
VCT,Saint Vincent and the Grenadines,country,2015,70.462997
VCT,Saint Vincent and the Grenadines,country,2016,70.699997
VCT,Saint Vincent and the Grenadines,country,2017,71.013
VCT,Saint Vincent and the Grenadines,country,2018,71.016998
VCT,Saint Vincent and the Grenadines,country,2019,70.994003
VCT,Saint Vincent and the Grenadines,country,2020,69.605003
VCT,Saint Vincent and the Grenadines,country,2021,69.132004
VCT,Saint Vincent and the Grenadines,country,2022,71.191002
VCT,Saint Vincent and the Grenadines,country,2023,71.230003
VEN,Venezuela (Bolivarian Republic of),country,1990,70.963997
VEN,Venezuela (Bolivarian Republic of),country,1991,71.171997
VEN,Venezuela (Bolivarian Republic of),country,1992,71.177002
VEN,Venezuela (Bolivarian Republic of),country,1993,71.385002
VEN,Venezuela (Bolivarian Republic of),country,1994,71.282997
VEN,Venezuela (Bolivarian Republic of),country,1995,71.713997
VEN,Venezuela (Bolivarian Republic of),country,1996,71.919998
VEN,Venezuela (Bolivarian Republic of),country,1997,72.559998
VEN,Venezuela (Bolivarian Republic of),country,1998,72.445999
VEN,Venezuela (Bolivarian Republic of),country,1999,72.087997
VEN,Venezuela (Bolivarian Republic of),country,2000,72.388
VEN,Venezuela (Bolivarian Republic of),country,2001,71.018997
VEN,Venezuela (Bolivarian Republic of),country,2002,72.822998
VEN,Venezuela (Bolivarian Republic of),country,2003,72.056
VEN,Venezuela (Bolivarian Republic of),country,2004,72.751999
VEN,Venezuela (Bolivarian Republic of),country,2005,73.074997
VEN,Venezuela (Bolivarian Republic of),country,2006,72.972
VEN,Venezuela (Bolivarian Republic of),country,2007,73.348
VEN,Venezuela (Bolivarian Republic of),country,2008,72.578003
VEN,Venezuela (Bolivarian Republic of),country,2009,72.785004
VEN,Venezuela (Bolivarian Republic of),country,2010,73.092003
VEN,Venezuela (Bolivarian Republic of),country,2011,73.089996
VEN,Venezuela (Bolivarian Republic of),country,2012,73.085999
VEN,Venezuela (Bolivarian Republic of),country,2013,73.075996
VEN,Venezuela (Bolivarian Republic of),country,2014,72.836998
VEN,Venezuela (Bolivarian Republic of),country,2015,73.003998
VEN,Venezuela (Bolivarian Republic of),country,2016,72.001999
VEN,Venezuela (Bolivarian Republic of),country,2017,71.903
VEN,Venezuela (Bolivarian Republic of),country,2018,72.640999
VEN,Venezuela (Bolivarian Republic of),country,2019,72.765999
VEN,Venezuela (Bolivarian Republic of),country,2020,72.369003
VEN,Venezuela (Bolivarian Republic of),country,2021,71.536003
VEN,Venezuela (Bolivarian Republic of),country,2022,72.566002
VEN,Venezuela (Bolivarian Republic of),country,2023,72.514
VNM,Viet Nam,country,1990,69.027
VNM,Viet Nam,country,1991,69.303001
VNM,Viet Nam,country,1992,69.620003
VNM,Viet Nam,country,1993,69.957001
VNM,Viet Nam,country,1994,70.378998
VNM,Viet Nam,country,1995,70.871002
VNM,Viet Nam,country,1996,71.295998
VNM,Viet Nam,country,1997,71.669998
VNM,Viet Nam,country,1998,72.282997
VNM,Viet Nam,country,1999,72.574997
VNM,Viet Nam,country,2000,72.746002
VNM,Viet Nam,country,2001,72.984001
VNM,Viet Nam,country,2002,73.138
VNM,Viet Nam,country,2003,73.236
VNM,Viet Nam,country,2004,73.061996
VNM,Viet Nam,country,2005,73.197998
VNM,Viet Nam,country,2006,73.292999
VNM,Viet Nam,country,2007,73.385002
VNM,Viet Nam,country,2008,73.455002
VNM,Viet Nam,country,2009,73.525002
VNM,Viet Nam,country,2010,73.611
VNM,Viet Nam,country,2011,73.712997
VNM,Viet Nam,country,2012,73.762001
VNM,Viet Nam,country,2013,73.820999
VNM,Viet Nam,country,2014,73.886002
VNM,Viet Nam,country,2015,73.955002
VNM,Viet Nam,country,2016,73.984001
VNM,Viet Nam,country,2017,74.026001
VNM,Viet Nam,country,2018,74.099998
VNM,Viet Nam,country,2019,74.210999
VNM,Viet Nam,country,2020,75.383003
VNM,Viet Nam,country,2021,74.144997
VNM,Viet Nam,country,2022,74.501999
VNM,Viet Nam,country,2023,74.587997
VUT,Vanuatu,country,1990,66.683998
VUT,Vanuatu,country,1991,67.113998
VUT,Vanuatu,country,1992,67.432999
VUT,Vanuatu,country,1993,67.723999
VUT,Vanuatu,country,1994,67.984001
VUT,Vanuatu,country,1995,68.103996
VUT,Vanuatu,country,1996,68.176003
VUT,Vanuatu,country,1997,68.308998
VUT,Vanuatu,country,1998,68.372002
VUT,Vanuatu,country,1999,67.924004
VUT,Vanuatu,country,2000,68.585999
VUT,Vanuatu,country,2001,68.722
VUT,Vanuatu,country,2002,68.835999
VUT,Vanuatu,country,2003,68.932999
VUT,Vanuatu,country,2004,68.985001
VUT,Vanuatu,country,2005,69.166
VUT,Vanuatu,country,2006,69.125999
VUT,Vanuatu,country,2007,69.143997
VUT,Vanuatu,country,2008,69.302002
VUT,Vanuatu,country,2009,69.421997
VUT,Vanuatu,country,2010,69.57
VUT,Vanuatu,country,2011,69.728996
VUT,Vanuatu,country,2012,69.898003
VUT,Vanuatu,country,2013,69.986
VUT,Vanuatu,country,2014,70.042999
VUT,Vanuatu,country,2015,70.163002
VUT,Vanuatu,country,2016,70.397003
VUT,Vanuatu,country,2017,70.5
VUT,Vanuatu,country,2018,70.625999
VUT,Vanuatu,country,2019,70.782997
VUT,Vanuatu,country,2020,70.385002
VUT,Vanuatu,country,2021,69.952003
VUT,Vanuatu,country,2022,71.302002
VUT,Vanuatu,country,2023,71.476997
WSM,Samoa,country,1990,67.807999
WSM,Samoa,country,1991,68.039001
WSM,Samoa,country,1992,68.531998
WSM,Samoa,country,1993,68.818001
WSM,Samoa,country,1994,69.162003
WSM,Samoa,country,1995,69.469002
WSM,Samoa,country,1996,69.766998
WSM,Samoa,country,1997,70.044998
WSM,Samoa,country,1998,70.307999
WSM,Samoa,country,1999,70.555
WSM,Samoa,country,2000,70.791
WSM,Samoa,country,2001,71.028
WSM,Samoa,country,2002,71.233002
WSM,Samoa,country,2003,71.441002
WSM,Samoa,country,2004,71.508003
WSM,Samoa,country,2005,71.487
WSM,Samoa,country,2006,71.620003
WSM,Samoa,country,2007,71.605003
WSM,Samoa,country,2008,71.530998
WSM,Samoa,country,2009,69.486
WSM,Samoa,country,2010,71.450996
WSM,Samoa,country,2011,71.392998
WSM,Samoa,country,2012,71.158997
WSM,Samoa,country,2013,71.228996
WSM,Samoa,country,2014,71.141998
WSM,Samoa,country,2015,71.059998
WSM,Samoa,country,2016,71.002998
WSM,Samoa,country,2017,70.990997
WSM,Samoa,country,2018,71.052002
WSM,Samoa,country,2019,70.268997
WSM,Samoa,country,2020,70.726997
WSM,Samoa,country,2021,71.096001
WSM,Samoa,country,2022,71.550003
WSM,Samoa,country,2023,71.697998
YEM,Yemen,country,1990,58.528
YEM,Yemen,country,1991,58.805
YEM,Yemen,country,1992,59.259998
YEM,Yemen,country,1993,59.654999
YEM,Yemen,country,1994,59.827999
YEM,Yemen,country,1995,60.532001
YEM,Yemen,country,1996,60.883999
YEM,Yemen,country,1997,61.34
YEM,Yemen,country,1998,61.787998
YEM,Yemen,country,1999,62.275002
YEM,Yemen,country,2000,62.761002
YEM,Yemen,country,2001,63.285999
YEM,Yemen,country,2002,63.806999
YEM,Yemen,country,2003,64.406998
YEM,Yemen,country,2004,64.880997
YEM,Yemen,country,2005,65.356003
YEM,Yemen,country,2006,65.800003
YEM,Yemen,country,2007,66.230003
YEM,Yemen,country,2008,66.609001
YEM,Yemen,country,2009,66.904999
YEM,Yemen,country,2010,67.223
YEM,Yemen,country,2011,67.412003
YEM,Yemen,country,2012,67.569
YEM,Yemen,country,2013,67.960999
YEM,Yemen,country,2014,68.002998
YEM,Yemen,country,2015,66.761002
YEM,Yemen,country,2016,67.105003
YEM,Yemen,country,2017,67.120003
YEM,Yemen,country,2018,65.915001
YEM,Yemen,country,2019,66.567001
YEM,Yemen,country,2020,66.434998
YEM,Yemen,country,2021,66.018997
YEM,Yemen,country,2022,67.952003
YEM,Yemen,country,2023,69.294998
ZAF,South Africa,country,1990,62.942001
ZAF,South Africa,country,1991,62.983002
ZAF,South Africa,country,1992,62.839001
ZAF,South Africa,country,1993,62.618
ZAF,South Africa,country,1994,62.069
ZAF,South Africa,country,1995,61.603001
ZAF,South Africa,country,1996,61.078999
ZAF,South Africa,country,1997,60.537998
ZAF,South Africa,country,1998,59.911999
ZAF,South Africa,country,1999,59.189999
ZAF,South Africa,country,2000,58.368
ZAF,South Africa,country,2001,57.160999
ZAF,South Africa,country,2002,55.580002
ZAF,South Africa,country,2003,54.244999
ZAF,South Africa,country,2004,53.963001
ZAF,South Africa,country,2005,53.914001
ZAF,South Africa,country,2006,54.220001
ZAF,South Africa,country,2007,54.948002
ZAF,South Africa,country,2008,55.981998
ZAF,South Africa,country,2009,57.412998
ZAF,South Africa,country,2010,58.886002
ZAF,South Africa,country,2011,60.602001
ZAF,South Africa,country,2012,61.737
ZAF,South Africa,country,2013,62.388
ZAF,South Africa,country,2014,63.183998
ZAF,South Africa,country,2015,64.053001
ZAF,South Africa,country,2016,64.749001
ZAF,South Africa,country,2017,65.421997
ZAF,South Africa,country,2018,65.725998
ZAF,South Africa,country,2019,66.070999
ZAF,South Africa,country,2020,65.150002
ZAF,South Africa,country,2021,62.009998
ZAF,South Africa,country,2022,65.454002
ZAF,South Africa,country,2023,66.139
ZMB,Zambia,country,1990,48.203999
ZMB,Zambia,country,1991,47.443001
ZMB,Zambia,country,1992,46.967999
ZMB,Zambia,country,1993,46.678001
ZMB,Zambia,country,1994,46.344002
ZMB,Zambia,country,1995,46.050999
ZMB,Zambia,country,1996,45.757
ZMB,Zambia,country,1997,45.743
ZMB,Zambia,country,1998,45.709
ZMB,Zambia,country,1999,45.924
ZMB,Zambia,country,2000,46.577
ZMB,Zambia,country,2001,47.408001
ZMB,Zambia,country,2002,48.460999
ZMB,Zambia,country,2003,49.616001
ZMB,Zambia,country,2004,50.540001
ZMB,Zambia,country,2005,51.615002
ZMB,Zambia,country,2006,52.693001
ZMB,Zambia,country,2007,53.73
ZMB,Zambia,country,2008,54.834999
ZMB,Zambia,country,2009,55.886002
ZMB,Zambia,country,2010,56.896
ZMB,Zambia,country,2011,57.842999
ZMB,Zambia,country,2012,58.703999
ZMB,Zambia,country,2013,59.445
ZMB,Zambia,country,2014,60.109001
ZMB,Zambia,country,2015,60.728001
ZMB,Zambia,country,2016,61.129002
ZMB,Zambia,country,2017,61.563999
ZMB,Zambia,country,2018,62.138
ZMB,Zambia,country,2019,62.914001
ZMB,Zambia,country,2020,63.361
ZMB,Zambia,country,2021,62.362999
ZMB,Zambia,country,2022,65.278999
ZMB,Zambia,country,2023,66.348999
ZWE,Zimbabwe,country,1990,58.319
ZWE,Zimbabwe,country,1991,57.036999
ZWE,Zimbabwe,country,1992,55.602001
ZWE,Zimbabwe,country,1993,53.976002
ZWE,Zimbabwe,country,1994,52.536999
ZWE,Zimbabwe,country,1995,51.144001
ZWE,Zimbabwe,country,1996,48.980999
ZWE,Zimbabwe,country,1997,48.535999
ZWE,Zimbabwe,country,1998,47.550999
ZWE,Zimbabwe,country,1999,46.379002
ZWE,Zimbabwe,country,2000,46.034
ZWE,Zimbabwe,country,2001,44.525002
ZWE,Zimbabwe,country,2002,45.938
ZWE,Zimbabwe,country,2003,45.373001
ZWE,Zimbabwe,country,2004,46.042999
ZWE,Zimbabwe,country,2005,46.57
ZWE,Zimbabwe,country,2006,47.056
ZWE,Zimbabwe,country,2007,47.576
ZWE,Zimbabwe,country,2008,48.456001
ZWE,Zimbabwe,country,2009,49.75
ZWE,Zimbabwe,country,2010,51.924999
ZWE,Zimbabwe,country,2011,53.910999
ZWE,Zimbabwe,country,2012,55.386002
ZWE,Zimbabwe,country,2013,56.841999
ZWE,Zimbabwe,country,2014,58.105999
ZWE,Zimbabwe,country,2015,58.988998
ZWE,Zimbabwe,country,2016,59.759998
ZWE,Zimbabwe,country,2017,60.263
ZWE,Zimbabwe,country,2018,60.905998
ZWE,Zimbabwe,country,2019,61.060001
ZWE,Zimbabwe,country,2020,61.529999
ZWE,Zimbabwe,country,2021,60.134998
ZWE,Zimbabwe,country,2022,62.360001
ZWE,Zimbabwe,country,2023,62.775002
ZZA.VHHD,Very high human development,benchmark,1990,73.974335
ZZA.VHHD,Very high human development,benchmark,1991,74.098297
ZZA.VHHD,Very high human development,benchmark,1992,74.117783
ZZA.VHHD,Very high human development,benchmark,1993,73.880768
ZZA.VHHD,Very high human development,benchmark,1994,74.035896
ZZA.VHHD,Very high human development,benchmark,1995,74.176575
ZZA.VHHD,Very high human development,benchmark,1996,74.636406
ZZA.VHHD,Very high human development,benchmark,1997,75.034996
ZZA.VHHD,Very high human development,benchmark,1998,75.261658
ZZA.VHHD,Very high human development,benchmark,1999,75.24028
ZZA.VHHD,Very high human development,benchmark,2000,75.529686
ZZA.VHHD,Very high human development,benchmark,2001,75.787903
ZZA.VHHD,Very high human development,benchmark,2002,75.918045
ZZA.VHHD,Very high human development,benchmark,2003,76.05442
ZZA.VHHD,Very high human development,benchmark,2004,76.506546
ZZA.VHHD,Very high human development,benchmark,2005,76.633049
ZZA.VHHD,Very high human development,benchmark,2006,77.064484
ZZA.VHHD,Very high human development,benchmark,2007,77.335594
ZZA.VHHD,Very high human development,benchmark,2008,77.558197
ZZA.VHHD,Very high human development,benchmark,2009,77.901634
ZZA.VHHD,Very high human development,benchmark,2010,78.045715
ZZA.VHHD,Very high human development,benchmark,2011,78.345161
ZZA.VHHD,Very high human development,benchmark,2012,78.541191
ZZA.VHHD,Very high human development,benchmark,2013,78.787666
ZZA.VHHD,Very high human development,benchmark,2014,79.005295
ZZA.VHHD,Very high human development,benchmark,2015,79.034576
ZZA.VHHD,Very high human development,benchmark,2016,79.225304
ZZA.VHHD,Very high human development,benchmark,2017,79.393929
ZZA.VHHD,Very high human development,benchmark,2018,79.53157
ZZA.VHHD,Very high human development,benchmark,2019,79.704056
ZZA.VHHD,Very high human development,benchmark,2020,78.665054
ZZA.VHHD,Very high human development,benchmark,2021,78.183556
ZZA.VHHD,Very high human development,benchmark,2022,79.044556
ZZA.VHHD,Very high human development,benchmark,2023,80.007339
ZZB.HHD,High human development,benchmark,1990,67.106354
ZZB.HHD,High human development,benchmark,1991,67.515282
ZZB.HHD,High human development,benchmark,1992,67.873016
ZZB.HHD,High human development,benchmark,1993,68.243805
ZZB.HHD,High human development,benchmark,1994,68.511292
ZZB.HHD,High human development,benchmark,1995,68.91098
ZZB.HHD,High human development,benchmark,1996,69.286682
ZZB.HHD,High human development,benchmark,1997,69.654167
ZZB.HHD,High human development,benchmark,1998,69.97319
ZZB.HHD,High human development,benchmark,1999,70.261292
ZZB.HHD,High human development,benchmark,2000,70.550186
ZZB.HHD,High human development,benchmark,2001,70.848335
ZZB.HHD,High human development,benchmark,2002,71.160027
ZZB.HHD,High human development,benchmark,2003,71.403603
ZZB.HHD,High human development,benchmark,2004,71.513634
ZZB.HHD,High human development,benchmark,2005,72.022484
ZZB.HHD,High human development,benchmark,2006,72.278778
ZZB.HHD,High human development,benchmark,2007,72.616135
ZZB.HHD,High human development,benchmark,2008,72.753204
ZZB.HHD,High human development,benchmark,2009,73.104256
ZZB.HHD,High human development,benchmark,2010,73.450226
ZZB.HHD,High human development,benchmark,2011,73.699806
ZZB.HHD,High human development,benchmark,2012,73.993103
ZZB.HHD,High human development,benchmark,2013,74.227608
ZZB.HHD,High human development,benchmark,2014,74.458534
ZZB.HHD,High human development,benchmark,2015,74.704048
ZZB.HHD,High human development,benchmark,2016,74.885841
ZZB.HHD,High human development,benchmark,2017,75.009796
ZZB.HHD,High human development,benchmark,2018,75.309792
ZZB.HHD,High human development,benchmark,2019,75.502991
ZZB.HHD,High human development,benchmark,2020,74.817375
ZZB.HHD,High human development,benchmark,2021,74.206467
ZZB.HHD,High human development,benchmark,2022,75.509949
ZZB.HHD,High human development,benchmark,2023,75.679138
ZZC.MHD,Medium human development,benchmark,1990,56.822197
ZZC.MHD,Medium human development,benchmark,1991,56.956749
ZZC.MHD,Medium human development,benchmark,1992,57.457012
ZZC.MHD,Medium human development,benchmark,1993,57.734638
ZZC.MHD,Medium human development,benchmark,1994,57.931633
ZZC.MHD,Medium human development,benchmark,1995,58.412422
ZZC.MHD,Medium human development,benchmark,1996,58.717834
ZZC.MHD,Medium human development,benchmark,1997,59.048958
ZZC.MHD,Medium human development,benchmark,1998,59.390709
ZZC.MHD,Medium human development,benchmark,1999,59.850094
ZZC.MHD,Medium human development,benchmark,2000,60.331417
ZZC.MHD,Medium human development,benchmark,2001,60.760059
ZZC.MHD,Medium human development,benchmark,2002,61.261452
ZZC.MHD,Medium human development,benchmark,2003,61.731308
ZZC.MHD,Medium human development,benchmark,2004,62.163036
ZZC.MHD,Medium human development,benchmark,2005,62.630947
ZZC.MHD,Medium human development,benchmark,2006,63.056961
ZZC.MHD,Medium human development,benchmark,2007,63.496613
ZZC.MHD,Medium human development,benchmark,2008,63.812134
ZZC.MHD,Medium human development,benchmark,2009,64.418633
ZZC.MHD,Medium human development,benchmark,2010,64.776627
ZZC.MHD,Medium human development,benchmark,2011,65.265709
ZZC.MHD,Medium human development,benchmark,2012,65.623039
ZZC.MHD,Medium human development,benchmark,2013,65.995049
ZZC.MHD,Medium human development,benchmark,2014,66.388855
ZZC.MHD,Medium human development,benchmark,2015,66.70816
ZZC.MHD,Medium human development,benchmark,2016,67.065094
ZZC.MHD,Medium human development,benchmark,2017,67.420624
ZZC.MHD,Medium human development,benchmark,2018,67.778679
ZZC.MHD,Medium human development,benchmark,2019,68.124229
ZZC.MHD,Medium human development,benchmark,2020,67.617882
ZZC.MHD,Medium human development,benchmark,2021,65.820885
ZZC.MHD,Medium human development,benchmark,2022,69.030243
ZZC.MHD,Medium human development,benchmark,2023,69.323662
ZZD.LHD,Low human development,benchmark,1990,51.705898
ZZD.LHD,Low human development,benchmark,1991,51.782425
ZZD.LHD,Low human development,benchmark,1992,52.033115
ZZD.LHD,Low human development,benchmark,1993,52.757408
ZZD.LHD,Low human development,benchmark,1994,53.35437
ZZD.LHD,Low human development,benchmark,1995,53.491997
ZZD.LHD,Low human development,benchmark,1996,53.692547
ZZD.LHD,Low human development,benchmark,1997,54.121071
ZZD.LHD,Low human development,benchmark,1998,54.198067
ZZD.LHD,Low human development,benchmark,1999,54.849037
ZZD.LHD,Low human development,benchmark,2000,55.644737
ZZD.LHD,Low human development,benchmark,2001,56.102715
ZZD.LHD,Low human development,benchmark,2002,56.523689
ZZD.LHD,Low human development,benchmark,2003,56.972702
ZZD.LHD,Low human development,benchmark,2004,57.38216
ZZD.LHD,Low human development,benchmark,2005,57.551537
ZZD.LHD,Low human development,benchmark,2006,58.492306
ZZD.LHD,Low human development,benchmark,2007,59.018051
ZZD.LHD,Low human development,benchmark,2008,59.496872
ZZD.LHD,Low human development,benchmark,2009,59.760696
ZZD.LHD,Low human development,benchmark,2010,60.374466
ZZD.LHD,Low human development,benchmark,2011,60.535686
ZZD.LHD,Low human development,benchmark,2012,61.245792
ZZD.LHD,Low human development,benchmark,2013,61.691681
ZZD.LHD,Low human development,benchmark,2014,61.794224
ZZD.LHD,Low human development,benchmark,2015,62.081177
ZZD.LHD,Low human development,benchmark,2016,62.433075
ZZD.LHD,Low human development,benchmark,2017,62.665493
ZZD.LHD,Low human development,benchmark,2018,63.238708
ZZD.LHD,Low human development,benchmark,2019,63.561714
ZZD.LHD,Low human development,benchmark,2020,63.290592
ZZD.LHD,Low human development,benchmark,2021,62.874725
ZZD.LHD,Low human development,benchmark,2022,64.211357
ZZD.LHD,Low human development,benchmark,2023,65.038368
ZZK.WORLD,World,world,1990,65.109383
ZZK.WORLD,World,world,1991,65.308319
ZZK.WORLD,World,world,1992,65.563622
ZZK.WORLD,World,world,1993,65.732529
ZZK.WORLD,World,world,1994,65.924881
ZZK.WORLD,World,world,1995,66.174576
ZZK.WORLD,World,world,1996,66.487572
ZZK.WORLD,World,world,1997,66.807167
ZZK.WORLD,World,world,1998,67.041008
ZZK.WORLD,World,world,1999,67.283058
ZZK.WORLD,World,world,2000,67.618393
ZZK.WORLD,World,world,2001,67.910172
ZZK.WORLD,World,world,2002,68.19706
ZZK.WORLD,World,world,2003,68.48571
ZZK.WORLD,World,world,2004,68.745728
ZZK.WORLD,World,world,2005,69.085693
ZZK.WORLD,World,world,2006,69.448502
ZZK.WORLD,World,world,2007,69.779541
ZZK.WORLD,World,world,2008,69.982727
ZZK.WORLD,World,world,2009,70.362404
ZZK.WORLD,World,world,2010,70.658134
ZZK.WORLD,World,world,2011,70.946274
ZZK.WORLD,World,world,2012,71.246048
ZZK.WORLD,World,world,2013,71.51548
ZZK.WORLD,World,world,2014,71.752724
ZZK.WORLD,World,world,2015,71.953415
ZZK.WORLD,World,world,2016,72.1791
ZZK.WORLD,World,world,2017,72.36335
ZZK.WORLD,World,world,2018,72.643791
ZZK.WORLD,World,world,2019,72.859299
ZZK.WORLD,World,world,2020,72.167618
ZZK.WORLD,World,world,2021,71.2118
ZZK.WORLD,World,world,2022,72.975052
ZZK.WORLD,World,world,2023,73.3834
