iso3,area_name,area_type,year,hdi
AFG,Afghanistan,country,1990,.285
AFG,Afghanistan,country,1991,.29100001
AFG,Afghanistan,country,1992,.301
AFG,Afghanistan,country,1993,.31099999
AFG,Afghanistan,country,1994,.30500001
AFG,Afghanistan,country,1995,.329
AFG,Afghanistan,country,1996,.33399999
AFG,Afghanistan,country,1997,.338
AFG,Afghanistan,country,1998,.338
AFG,Afghanistan,country,1999,.347
AFG,Afghanistan,country,2000,.35100001
AFG,Afghanistan,country,2001,.35499999
AFG,Afghanistan,country,2002,.38299999
AFG,Afghanistan,country,2003,.39199999
AFG,Afghanistan,country,2004,.40799999
AFG,Afghanistan,country,2005,.417
AFG,Afghanistan,country,2006,.426
AFG,Afghanistan,country,2007,.442
AFG,Afghanistan,country,2008,.44600001
AFG,Afghanistan,country,2009,.458
AFG,Afghanistan,country,2010,.465
AFG,Afghanistan,country,2011,.47400001
AFG,Afghanistan,country,2012,.484
AFG,Afghanistan,country,2013,.49200001
AFG,Afghanistan,country,2014,.49700001
AFG,Afghanistan,country,2015,.49599999
AFG,Afghanistan,country,2016,.495
AFG,Afghanistan,country,2017,.49599999
AFG,Afghanistan,country,2018,.498
AFG,Afghanistan,country,2019,.50700003
AFG,Afghanistan,country,2020,.50099999
AFG,Afghanistan,country,2021,.486
AFG,Afghanistan,country,2022,.495
AFG,Afghanistan,country,2023,.49599999
AGO,Angola,country,1990,
AGO,Angola,country,1991,
AGO,Angola,country,1992,
AGO,Angola,country,1993,
AGO,Angola,country,1994,
AGO,Angola,country,1995,
AGO,Angola,country,1996,
AGO,Angola,country,1997,
AGO,Angola,country,1998,
AGO,Angola,country,1999,.37900001
AGO,Angola,country,2000,.391
AGO,Angola,country,2001,.40099999
AGO,Angola,country,2002,.417
AGO,Angola,country,2003,.435
AGO,Angola,country,2004,.44800001
AGO,Angola,country,2005,.463
AGO,Angola,country,2006,.47499999
AGO,Angola,country,2007,.49200001
AGO,Angola,country,2008,.50400001
AGO,Angola,country,2009,.51700002
AGO,Angola,country,2010,.528
AGO,Angola,country,2011,.54500002
AGO,Angola,country,2012,.55699998
AGO,Angola,country,2013,.56699997
AGO,Angola,country,2014,.57700002
AGO,Angola,country,2015,.60299999
AGO,Angola,country,2016,.60900003
AGO,Angola,country,2017,.61000001
AGO,Angola,country,2018,.611
AGO,Angola,country,2019,.611
AGO,Angola,country,2020,.61000001
AGO,Angola,country,2021,.60900003
AGO,Angola,country,2022,.61500001
AGO,Angola,country,2023,.616
ALB,Albania,country,1990,.65399998
ALB,Albania,country,1991,.63800001
ALB,Albania,country,1992,.62199998
ALB,Albania,country,1993,.62400001
ALB,Albania,country,1994,.62900001
ALB,Albania,country,1995,.63800001
ALB,Albania,country,1996,.64700001
ALB,Albania,country,1997,.64499998
ALB,Albania,country,1998,.65899998
ALB,Albania,country,1999,.671
ALB,Albania,country,2000,.68199998
ALB,Albania,country,2001,.69099998
ALB,Albania,country,2002,.69700003
ALB,Albania,country,2003,.70499998
ALB,Albania,country,2004,.70999998
ALB,Albania,country,2005,.72299999
ALB,Albania,country,2006,.73199999
ALB,Albania,country,2007,.74199998
ALB,Albania,country,2008,.74900001
ALB,Albania,country,2009,.75599998
ALB,Albania,country,2010,.76899999
ALB,Albania,country,2011,.78100002
ALB,Albania,country,2012,.79000002
ALB,Albania,country,2013,.79299998
ALB,Albania,country,2014,.79699999
ALB,Albania,country,2015,.79699999
ALB,Albania,country,2016,.79699999
ALB,Albania,country,2017,.79799998
ALB,Albania,country,2018,.801
ALB,Albania,country,2019,.80500001
ALB,Albania,country,2020,.79400003
ALB,Albania,country,2021,.79400003
ALB,Albania,country,2022,.80599999
ALB,Albania,country,2023,.81
AND,Andorra,country,1990,
AND,Andorra,country,1991,
AND,Andorra,country,1992,
AND,Andorra,country,1993,
AND,Andorra,country,1994,
AND,Andorra,country,1995,
AND,Andorra,country,1996,
AND,Andorra,country,1997,
AND,Andorra,country,1998,
AND,Andorra,country,1999,
AND,Andorra,country,2000,.82499999
AND,Andorra,country,2001,.83200002
AND,Andorra,country,2002,.838
AND,Andorra,country,2003,.83999997
AND,Andorra,country,2004,.84899998
AND,Andorra,country,2005,.84200001
AND,Andorra,country,2006,.85100001
AND,Andorra,country,2007,.85900003
AND,Andorra,country,2008,.86400002
AND,Andorra,country,2009,.866
AND,Andorra,country,2010,.87
AND,Andorra,country,2011,.875
AND,Andorra,country,2012,.87599999
AND,Andorra,country,2013,.86199999
AND,Andorra,country,2014,.866
AND,Andorra,country,2015,.86900002
AND,Andorra,country,2016,.87199998
AND,Andorra,country,2017,.87300003
AND,Andorra,country,2018,.875
AND,Andorra,country,2019,.87599999
AND,Andorra,country,2020,.85100001
AND,Andorra,country,2021,.87099999
AND,Andorra,country,2022,.89300001
AND,Andorra,country,2023,.91299999
ARE,United Arab Emirates,country,1990,.713
ARE,United Arab Emirates,country,1991,.72399998
ARE,United Arab Emirates,country,1992,.72899997
ARE,United Arab Emirates,country,1993,.736
ARE,United Arab Emirates,country,1994,.74199998
ARE,United Arab Emirates,country,1995,.74699998
ARE,United Arab Emirates,country,1996,.75300002
ARE,United Arab Emirates,country,1997,.76099998
ARE,United Arab Emirates,country,1998,.76999998
ARE,United Arab Emirates,country,1999,.77999997
ARE,United Arab Emirates,country,2000,.79000002
ARE,United Arab Emirates,country,2001,.79799998
ARE,United Arab Emirates,country,2002,.80500001
ARE,United Arab Emirates,country,2003,.81
ARE,United Arab Emirates,country,2004,.815
ARE,United Arab Emirates,country,2005,.81900001
ARE,United Arab Emirates,country,2006,.82300001
ARE,United Arab Emirates,country,2007,.82700002
ARE,United Arab Emirates,country,2008,.83099997
ARE,United Arab Emirates,country,2009,.83200002
ARE,United Arab Emirates,country,2010,.83499998
ARE,United Arab Emirates,country,2011,.83899999
ARE,United Arab Emirates,country,2012,.84299999
ARE,United Arab Emirates,country,2013,.84600002
ARE,United Arab Emirates,country,2014,.85299999
ARE,United Arab Emirates,country,2015,.85699999
ARE,United Arab Emirates,country,2016,.861
ARE,United Arab Emirates,country,2017,.884
ARE,United Arab Emirates,country,2018,.90100002
ARE,United Arab Emirates,country,2019,.91500002
ARE,United Arab Emirates,country,2020,.90899998
ARE,United Arab Emirates,country,2021,.903
ARE,United Arab Emirates,country,2022,.921
ARE,United Arab Emirates,country,2023,.94
ARG,Argentina,country,1990,.73299998
ARG,Argentina,country,1991,.73900002
ARG,Argentina,country,1992,.74299997
ARG,Argentina,country,1993,.74800003
ARG,Argentina,country,1994,.75300002
ARG,Argentina,country,1995,.75400001
ARG,Argentina,country,1996,.75999999
ARG,Argentina,country,1997,.76800001
ARG,Argentina,country,1998,.77200001
ARG,Argentina,country,1999,.78299999
ARG,Argentina,country,2000,.78899997
ARG,Argentina,country,2001,.79500002
ARG,Argentina,country,2002,.79500002
ARG,Argentina,country,2003,.80400002
ARG,Argentina,country,2004,.80800003
ARG,Argentina,country,2005,.81199998
ARG,Argentina,country,2006,.82200003
ARG,Argentina,country,2007,.82499999
ARG,Argentina,country,2008,.833
ARG,Argentina,country,2009,.83499998
ARG,Argentina,country,2010,.84399998
ARG,Argentina,country,2011,.852
ARG,Argentina,country,2012,.85000002
ARG,Argentina,country,2013,.852
ARG,Argentina,country,2014,.85500002
ARG,Argentina,country,2015,.85900003
ARG,Argentina,country,2016,.85699999
ARG,Argentina,country,2017,.861
ARG,Argentina,country,2018,.861
ARG,Argentina,country,2019,.861
ARG,Argentina,country,2020,.85100001
ARG,Argentina,country,2021,.847
ARG,Argentina,country,2022,.85799998
ARG,Argentina,country,2023,.86500001
ARM,Armenia,country,1990,.66299999
ARM,Armenia,country,1991,.65200001
ARM,Armenia,country,1992,.61799997
ARM,Armenia,country,1993,.62099999
ARM,Armenia,country,1994,.625
ARM,Armenia,country,1995,.63099998
ARM,Armenia,country,1996,.63499999
ARM,Armenia,country,1997,.64399999
ARM,Armenia,country,1998,.65499997
ARM,Armenia,country,1999,.66100001
ARM,Armenia,country,2000,.667
ARM,Armenia,country,2001,.67199999
ARM,Armenia,country,2002,.68199998
ARM,Armenia,country,2003,.69199997
ARM,Armenia,country,2004,.69999999
ARM,Armenia,country,2005,.71100003
ARM,Armenia,country,2006,.72500002
ARM,Armenia,country,2007,.73900002
ARM,Armenia,country,2008,.74299997
ARM,Armenia,country,2009,.741
ARM,Armenia,country,2010,.74699998
ARM,Armenia,country,2011,.75199997
ARM,Armenia,country,2012,.76099998
ARM,Armenia,country,2013,.76599997
ARM,Armenia,country,2014,.77200001
ARM,Armenia,country,2015,.77700001
ARM,Armenia,country,2016,.78299999
ARM,Armenia,country,2017,.78500003
ARM,Armenia,country,2018,.78899997
ARM,Armenia,country,2019,.796
ARM,Armenia,country,2020,.76099998
ARM,Armenia,country,2021,.78600001
ARM,Armenia,country,2022,.801
ARM,Armenia,country,2023,.81099999
ATG,Antigua and Barbuda,country,1990,
ATG,Antigua and Barbuda,country,1991,
ATG,Antigua and Barbuda,country,1992,
ATG,Antigua and Barbuda,country,1993,
ATG,Antigua and Barbuda,country,1994,
ATG,Antigua and Barbuda,country,1995,
ATG,Antigua and Barbuda,country,1996,
ATG,Antigua and Barbuda,country,1997,
ATG,Antigua and Barbuda,country,1998,
ATG,Antigua and Barbuda,country,1999,
ATG,Antigua and Barbuda,country,2000,
ATG,Antigua and Barbuda,country,2001,
ATG,Antigua and Barbuda,country,2002,
ATG,Antigua and Barbuda,country,2003,
ATG,Antigua and Barbuda,country,2004,
ATG,Antigua and Barbuda,country,2005,
ATG,Antigua and Barbuda,country,2006,
ATG,Antigua and Barbuda,country,2007,.82700002
ATG,Antigua and Barbuda,country,2008,.82999998
ATG,Antigua and Barbuda,country,2009,.82700002
ATG,Antigua and Barbuda,country,2010,.82800001
ATG,Antigua and Barbuda,country,2011,.82800001
ATG,Antigua and Barbuda,country,2012,.833
ATG,Antigua and Barbuda,country,2013,.83499998
ATG,Antigua and Barbuda,country,2014,.83700001
ATG,Antigua and Barbuda,country,2015,.83899999
ATG,Antigua and Barbuda,country,2016,.84200001
ATG,Antigua and Barbuda,country,2017,.84500003
ATG,Antigua and Barbuda,country,2018,.85000002
ATG,Antigua and Barbuda,country,2019,.85100001
ATG,Antigua and Barbuda,country,2020,.83999997
ATG,Antigua and Barbuda,country,2021,.84299999
ATG,Antigua and Barbuda,country,2022,.84799999
ATG,Antigua and Barbuda,country,2023,.85100001
AUS,Australia,country,1990,.86699998
AUS,Australia,country,1991,.86799997
AUS,Australia,country,1992,.86799997
AUS,Australia,country,1993,.87199998
AUS,Australia,country,1994,.87300003
AUS,Australia,country,1995,.88200003
AUS,Australia,country,1996,.884
AUS,Australia,country,1997,.88700002
AUS,Australia,country,1998,.89099997
AUS,Australia,country,1999,.89300001
AUS,Australia,country,2000,.89700001
AUS,Australia,country,2001,.89999998
AUS,Australia,country,2002,.90200001
AUS,Australia,country,2003,.90600002
AUS,Australia,country,2004,.91000003
AUS,Australia,country,2005,.91399997
AUS,Australia,country,2006,.917
AUS,Australia,country,2007,.91900003
AUS,Australia,country,2008,.92400002
AUS,Australia,country,2009,.92699999
AUS,Australia,country,2010,.92900002
AUS,Australia,country,2011,.93300003
AUS,Australia,country,2012,.93800002
AUS,Australia,country,2013,.935
AUS,Australia,country,2014,.93699998
AUS,Australia,country,2015,.93800002
AUS,Australia,country,2016,.93900001
AUS,Australia,country,2017,.94
AUS,Australia,country,2018,.94499999
AUS,Australia,country,2019,.94700003
AUS,Australia,country,2020,.94999999
AUS,Australia,country,2021,.954
AUS,Australia,country,2022,.95200002
AUS,Australia,country,2023,.958
AUT,Austria,country,1990,.83200002
AUT,Austria,country,1991,.83499998
AUT,Austria,country,1992,.84100002
AUT,Austria,country,1993,.84500003
AUT,Austria,country,1994,.85100001
AUT,Austria,country,1995,.85600001
AUT,Austria,country,1996,.861
AUT,Austria,country,1997,.86500001
AUT,Austria,country,1998,.87
AUT,Austria,country,1999,.87400001
AUT,Austria,country,2000,.87900001
AUT,Austria,country,2001,.88300002
AUT,Austria,country,2002,.88700002
AUT,Austria,country,2003,.889
AUT,Austria,country,2004,.89499998
AUT,Austria,country,2005,.898
AUT,Austria,country,2006,.90200001
AUT,Austria,country,2007,.90499997
AUT,Austria,country,2008,.90700001
AUT,Austria,country,2009,.90700001
AUT,Austria,country,2010,.912
AUT,Austria,country,2011,.91500002
AUT,Austria,country,2012,.91600001
AUT,Austria,country,2013,.91500002
AUT,Austria,country,2014,.91900003
AUT,Austria,country,2015,.91900003
AUT,Austria,country,2016,.921
AUT,Austria,country,2017,.92199999
AUT,Austria,country,2018,.92500001
AUT,Austria,country,2019,.92799997
AUT,Austria,country,2020,.92500001
AUT,Austria,country,2021,.93000001
AUT,Austria,country,2022,.92699999
AUT,Austria,country,2023,.93000001
AZE,Azerbaijan,country,1990,
AZE,Azerbaijan,country,1991,
AZE,Azerbaijan,country,1992,
AZE,Azerbaijan,country,1993,
AZE,Azerbaijan,country,1994,
AZE,Azerbaijan,country,1995,.61799997
AZE,Azerbaijan,country,1996,.62199998
AZE,Azerbaijan,country,1997,.62599999
AZE,Azerbaijan,country,1998,.63599998
AZE,Azerbaijan,country,1999,.64600003
AZE,Azerbaijan,country,2000,.65200001
AZE,Azerbaijan,country,2001,.66000003
AZE,Azerbaijan,country,2002,.66900003
AZE,Azerbaijan,country,2003,.676
AZE,Azerbaijan,country,2004,.68199998
AZE,Azerbaijan,country,2005,.69199997
AZE,Azerbaijan,country,2006,.71100003
AZE,Azerbaijan,country,2007,.72000003
AZE,Azerbaijan,country,2008,.73100001
AZE,Azerbaijan,country,2009,.74000001
AZE,Azerbaijan,country,2010,.74400002
AZE,Azerbaijan,country,2011,.74599999
AZE,Azerbaijan,country,2012,.75099999
AZE,Azerbaijan,country,2013,.75700003
AZE,Azerbaijan,country,2014,.76599997
AZE,Azerbaijan,country,2015,.77100003
AZE,Azerbaijan,country,2016,.77200001
AZE,Azerbaijan,country,2017,.77399999
AZE,Azerbaijan,country,2018,.77499998
AZE,Azerbaijan,country,2019,.77999997
AZE,Azerbaijan,country,2020,.75700003
AZE,Azerbaijan,country,2021,.76499999
AZE,Azerbaijan,country,2022,.78399998
AZE,Azerbaijan,country,2023,.78899997
BDI,Burundi,country,1990,.294
BDI,Burundi,country,1991,.296
BDI,Burundi,country,1992,.294
BDI,Burundi,country,1993,.26499999
BDI,Burundi,country,1994,.29800001
BDI,Burundi,country,1995,.294
BDI,Burundi,country,1996,.292
BDI,Burundi,country,1997,.29699999
BDI,Burundi,country,1998,.303
BDI,Burundi,country,1999,.30599999
BDI,Burundi,country,2000,.308
BDI,Burundi,country,2001,.31099999
BDI,Burundi,country,2002,.324
BDI,Burundi,country,2003,.33199999
BDI,Burundi,country,2004,.34400001
BDI,Burundi,country,2005,.352
BDI,Burundi,country,2006,.37599999
BDI,Burundi,country,2007,.389
BDI,Burundi,country,2008,.40099999
BDI,Burundi,country,2009,.40900001
BDI,Burundi,country,2010,.41600001
BDI,Burundi,country,2011,.41999999
BDI,Burundi,country,2012,.42500001
BDI,Burundi,country,2013,.428
BDI,Burundi,country,2014,.43099999
BDI,Burundi,country,2015,.43200001
BDI,Burundi,country,2016,.43599999
BDI,Burundi,country,2017,.43399999
BDI,Burundi,country,2018,.43399999
BDI,Burundi,country,2019,.435
BDI,Burundi,country,2020,.435
BDI,Burundi,country,2021,.435
BDI,Burundi,country,2022,.43700001
BDI,Burundi,country,2023,.43900001
BEL,Belgium,country,1990,.824
BEL,Belgium,country,1991,.829
BEL,Belgium,country,1992,.84500003
BEL,Belgium,country,1993,.86000001
BEL,Belgium,country,1994,.86799997
BEL,Belgium,country,1995,.875
BEL,Belgium,country,1996,.88099998
BEL,Belgium,country,1997,.884
BEL,Belgium,country,1998,.88599998
BEL,Belgium,country,1999,.889
BEL,Belgium,country,2000,.89399999
BEL,Belgium,country,2001,.89899999
BEL,Belgium,country,2002,.90100002
BEL,Belgium,country,2003,.903
BEL,Belgium,country,2004,.90899998
BEL,Belgium,country,2005,.91100001
BEL,Belgium,country,2006,.91299999
BEL,Belgium,country,2007,.91600001
BEL,Belgium,country,2008,.917
BEL,Belgium,country,2009,.91900003
BEL,Belgium,country,2010,.921
BEL,Belgium,country,2011,.92299998
BEL,Belgium,country,2012,.92299998
BEL,Belgium,country,2013,.92500001
BEL,Belgium,country,2014,.93000001
BEL,Belgium,country,2015,.93300003
BEL,Belgium,country,2016,.93599999
BEL,Belgium,country,2017,.94
BEL,Belgium,country,2018,.94199997
BEL,Belgium,country,2019,.94499999
BEL,Belgium,country,2020,.93900001
BEL,Belgium,country,2021,.94800001
BEL,Belgium,country,2022,.94499999
BEL,Belgium,country,2023,.95099998
BEN,Benin,country,1990,.35100001
BEN,Benin,country,1991,.35800001
BEN,Benin,country,1992,.36300001
BEN,Benin,country,1993,.37099999
BEN,Benin,country,1994,.375
BEN,Benin,country,1995,.38299999
BEN,Benin,country,1996,.389
BEN,Benin,country,1997,.396
BEN,Benin,country,1998,.40099999
BEN,Benin,country,1999,.40700001
BEN,Benin,country,2000,.41499999
BEN,Benin,country,2001,.426
BEN,Benin,country,2002,.435
BEN,Benin,country,2003,.442
BEN,Benin,country,2004,.449
BEN,Benin,country,2005,.456
BEN,Benin,country,2006,.46200001
BEN,Benin,country,2007,.46900001
BEN,Benin,country,2008,.47499999
BEN,Benin,country,2009,.47999999
BEN,Benin,country,2010,.48500001
BEN,Benin,country,2011,.49000001
BEN,Benin,country,2012,.49700001
BEN,Benin,country,2013,.50599998
BEN,Benin,country,2014,.509
BEN,Benin,country,2015,.51099998
BEN,Benin,country,2016,.50999999
BEN,Benin,country,2017,.50700003
BEN,Benin,country,2018,.50700003
BEN,Benin,country,2019,.50700003
BEN,Benin,country,2020,.50400001
BEN,Benin,country,2021,.50599998
BEN,Benin,country,2022,.51200002
BEN,Benin,country,2023,.51499999
BFA,Burkina Faso,country,1990,
BFA,Burkina Faso,country,1991,
BFA,Burkina Faso,country,1992,
BFA,Burkina Faso,country,1993,
BFA,Burkina Faso,country,1994,
BFA,Burkina Faso,country,1995,
BFA,Burkina Faso,country,1996,
BFA,Burkina Faso,country,1997,
BFA,Burkina Faso,country,1998,
BFA,Burkina Faso,country,1999,
BFA,Burkina Faso,country,2000,
BFA,Burkina Faso,country,2001,
BFA,Burkina Faso,country,2002,
BFA,Burkina Faso,country,2003,
BFA,Burkina Faso,country,2004,
BFA,Burkina Faso,country,2005,.333
BFA,Burkina Faso,country,2006,.34
BFA,Burkina Faso,country,2007,.34400001
BFA,Burkina Faso,country,2008,.35699999
BFA,Burkina Faso,country,2009,.366
BFA,Burkina Faso,country,2010,.377
BFA,Burkina Faso,country,2011,.389
BFA,Burkina Faso,country,2012,.398
BFA,Burkina Faso,country,2013,.405
BFA,Burkina Faso,country,2014,.40900001
BFA,Burkina Faso,country,2015,.419
BFA,Burkina Faso,country,2016,.42699999
BFA,Burkina Faso,country,2017,.43799999
BFA,Burkina Faso,country,2018,.449
BFA,Burkina Faso,country,2019,.45300001
BFA,Burkina Faso,country,2020,.45300001
BFA,Burkina Faso,country,2021,.454
BFA,Burkina Faso,country,2022,.45699999
BFA,Burkina Faso,country,2023,.45899999
BGD,Bangladesh,country,1990,.39700001
BGD,Bangladesh,country,1991,.39500001
BGD,Bangladesh,country,1992,.41100001
BGD,Bangladesh,country,1993,.419
BGD,Bangladesh,country,1994,.426
BGD,Bangladesh,country,1995,.43399999
BGD,Bangladesh,country,1996,.442
BGD,Bangladesh,country,1997,.45100001
BGD,Bangladesh,country,1998,.45899999
BGD,Bangladesh,country,1999,.46799999
BGD,Bangladesh,country,2000,.477
BGD,Bangladesh,country,2001,.486
BGD,Bangladesh,country,2002,.49399999
BGD,Bangladesh,country,2003,.50300002
BGD,Bangladesh,country,2004,.51099998
BGD,Bangladesh,country,2005,.51999998
BGD,Bangladesh,country,2006,.52700001
BGD,Bangladesh,country,2007,.53399998
BGD,Bangladesh,country,2008,.53799999
BGD,Bangladesh,country,2009,.551
BGD,Bangladesh,country,2010,.56099999
BGD,Bangladesh,country,2011,.57200003
BGD,Bangladesh,country,2012,.583
BGD,Bangladesh,country,2013,.58899999
BGD,Bangladesh,country,2014,.60000002
BGD,Bangladesh,country,2015,.62099999
BGD,Bangladesh,country,2016,.63200003
BGD,Bangladesh,country,2017,.63300002
BGD,Bangladesh,country,2018,.64600003
BGD,Bangladesh,country,2019,.65600002
BGD,Bangladesh,country,2020,.66299999
BGD,Bangladesh,country,2021,.66299999
BGD,Bangladesh,country,2022,.68000001
BGD,Bangladesh,country,2023,.685
BGR,Bulgaria,country,1990,.70599997
BGR,Bulgaria,country,1991,.70599997
BGR,Bulgaria,country,1992,.70899999
BGR,Bulgaria,country,1993,.71100003
BGR,Bulgaria,country,1994,.713
BGR,Bulgaria,country,1995,.70899999
BGR,Bulgaria,country,1996,.71799999
BGR,Bulgaria,country,1997,.713
BGR,Bulgaria,country,1998,.72299999
BGR,Bulgaria,country,1999,.72799999
BGR,Bulgaria,country,2000,.73299998
BGR,Bulgaria,country,2001,.74199998
BGR,Bulgaria,country,2002,.75300002
BGR,Bulgaria,country,2003,.76200002
BGR,Bulgaria,country,2004,.76899999
BGR,Bulgaria,country,2005,.77499998
BGR,Bulgaria,country,2006,.77899998
BGR,Bulgaria,country,2007,.78500003
BGR,Bulgaria,country,2008,.79100001
BGR,Bulgaria,country,2009,.79299998
BGR,Bulgaria,country,2010,.79900002
BGR,Bulgaria,country,2011,.80299997
BGR,Bulgaria,country,2012,.80699998
BGR,Bulgaria,country,2013,.815
BGR,Bulgaria,country,2014,.81900001
BGR,Bulgaria,country,2015,.824
BGR,Bulgaria,country,2016,.82700002
BGR,Bulgaria,country,2017,.829
BGR,Bulgaria,country,2018,.83200002
BGR,Bulgaria,country,2019,.83499998
BGR,Bulgaria,country,2020,.82599998
BGR,Bulgaria,country,2021,.81699997
BGR,Bulgaria,country,2022,.83499998
BGR,Bulgaria,country,2023,.84500003
BHR,Bahrain,country,1990,.73400003
BHR,Bahrain,country,1991,.72799999
BHR,Bahrain,country,1992,.72799999
BHR,Bahrain,country,1993,.73199999
BHR,Bahrain,country,1994,.73199999
BHR,Bahrain,country,1995,.73699999
BHR,Bahrain,country,1996,.741
BHR,Bahrain,country,1997,.74599999
BHR,Bahrain,country,1998,.75400001
BHR,Bahrain,country,1999,.76099998
BHR,Bahrain,country,2000,.77499998
BHR,Bahrain,country,2001,.78500003
BHR,Bahrain,country,2002,.79100001
BHR,Bahrain,country,2003,.79900002
BHR,Bahrain,country,2004,.79500002
BHR,Bahrain,country,2005,.79100001
BHR,Bahrain,country,2006,.79500002
BHR,Bahrain,country,2007,.80000001
BHR,Bahrain,country,2008,.80400002
BHR,Bahrain,country,2009,.80400002
BHR,Bahrain,country,2010,.81
BHR,Bahrain,country,2011,.81699997
BHR,Bahrain,country,2012,.833
BHR,Bahrain,country,2013,.84600002
BHR,Bahrain,country,2014,.847
BHR,Bahrain,country,2015,.86799997
BHR,Bahrain,country,2016,.87099999
BHR,Bahrain,country,2017,.87400001
BHR,Bahrain,country,2018,.88599998
BHR,Bahrain,country,2019,.89399999
BHR,Bahrain,country,2020,.88499999
BHR,Bahrain,country,2021,.88499999
BHR,Bahrain,country,2022,.90200001
BHR,Bahrain,country,2023,.89899999
BHS,Bahamas,country,1990,.76200002
BHS,Bahamas,country,1991,.76200002
BHS,Bahamas,country,1992,.76200002
BHS,Bahamas,country,1993,.76300001
BHS,Bahamas,country,1994,.76499999
BHS,Bahamas,country,1995,.77399999
BHS,Bahamas,country,1996,.77899998
BHS,Bahamas,country,1997,.773
BHS,Bahamas,country,1998,.77700001
BHS,Bahamas,country,1999,.78299999
BHS,Bahamas,country,2000,.787
BHS,Bahamas,country,2001,.79000002
BHS,Bahamas,country,2002,.79299998
BHS,Bahamas,country,2003,.79400003
BHS,Bahamas,country,2004,.79500002
BHS,Bahamas,country,2005,.79799998
BHS,Bahamas,country,2006,.80000001
BHS,Bahamas,country,2007,.801
BHS,Bahamas,country,2008,.801
BHS,Bahamas,country,2009,.80000001
BHS,Bahamas,country,2010,.801
BHS,Bahamas,country,2011,.80199999
BHS,Bahamas,country,2012,.80500001
BHS,Bahamas,country,2013,.80500001
BHS,Bahamas,country,2014,.80699998
BHS,Bahamas,country,2015,.80699998
BHS,Bahamas,country,2016,.80800003
BHS,Bahamas,country,2017,.81
BHS,Bahamas,country,2018,.81199998
BHS,Bahamas,country,2019,.80000001
BHS,Bahamas,country,2020,.79699999
BHS,Bahamas,country,2021,.79400003
BHS,Bahamas,country,2022,.81800002
BHS,Bahamas,country,2023,.81999999
BIH,Bosnia and Herzegovina,country,1990,
BIH,Bosnia and Herzegovina,country,1991,
BIH,Bosnia and Herzegovina,country,1992,
BIH,Bosnia and Herzegovina,country,1993,
BIH,Bosnia and Herzegovina,country,1994,
BIH,Bosnia and Herzegovina,country,1995,
BIH,Bosnia and Herzegovina,country,1996,
BIH,Bosnia and Herzegovina,country,1997,
BIH,Bosnia and Herzegovina,country,1998,
BIH,Bosnia and Herzegovina,country,1999,
BIH,Bosnia and Herzegovina,country,2000,.67400002
BIH,Bosnia and Herzegovina,country,2001,.67699999
BIH,Bosnia and Herzegovina,country,2002,.68300003
BIH,Bosnia and Herzegovina,country,2003,.68900001
BIH,Bosnia and Herzegovina,country,2004,.69400001
BIH,Bosnia and Herzegovina,country,2005,.69800001
BIH,Bosnia and Herzegovina,country,2006,.70099998
BIH,Bosnia and Herzegovina,country,2007,.70899999
BIH,Bosnia and Herzegovina,country,2008,.71899998
BIH,Bosnia and Herzegovina,country,2009,.722
BIH,Bosnia and Herzegovina,country,2010,.72500002
BIH,Bosnia and Herzegovina,country,2011,.73100001
BIH,Bosnia and Herzegovina,country,2012,.74199998
BIH,Bosnia and Herzegovina,country,2013,.75599998
BIH,Bosnia and Herzegovina,country,2014,.76499999
BIH,Bosnia and Herzegovina,country,2015,.76899999
BIH,Bosnia and Herzegovina,country,2016,.77600002
BIH,Bosnia and Herzegovina,country,2017,.77999997
BIH,Bosnia and Herzegovina,country,2018,.78500003
BIH,Bosnia and Herzegovina,country,2019,.78799999
BIH,Bosnia and Herzegovina,country,2020,.78299999
BIH,Bosnia and Herzegovina,country,2021,.78299999
BIH,Bosnia and Herzegovina,country,2022,.79900002
BIH,Bosnia and Herzegovina,country,2023,.80400002
BLR,Belarus,country,1990,
BLR,Belarus,country,1991,
BLR,Belarus,country,1992,
BLR,Belarus,country,1993,
BLR,Belarus,country,1994,
BLR,Belarus,country,1995,.69199997
BLR,Belarus,country,1996,.69700003
BLR,Belarus,country,1997,.704
BLR,Belarus,country,1998,.70899999
BLR,Belarus,country,1999,.71600002
BLR,Belarus,country,2000,.72399998
BLR,Belarus,country,2001,.73100001
BLR,Belarus,country,2002,.73799998
BLR,Belarus,country,2003,.74699998
BLR,Belarus,country,2004,.75800002
BLR,Belarus,country,2005,.76700002
BLR,Belarus,country,2006,.77700001
BLR,Belarus,country,2007,.78600001
BLR,Belarus,country,2008,.796
BLR,Belarus,country,2009,.79799998
BLR,Belarus,country,2010,.80299997
BLR,Belarus,country,2011,.81199998
BLR,Belarus,country,2012,.81800002
BLR,Belarus,country,2013,.82099998
BLR,Belarus,country,2014,.82499999
BLR,Belarus,country,2015,.82499999
BLR,Belarus,country,2016,.82499999
BLR,Belarus,country,2017,.82800001
BLR,Belarus,country,2018,.82700002
BLR,Belarus,country,2019,.82599998
BLR,Belarus,country,2020,.815
BLR,Belarus,country,2021,.81699997
BLR,Belarus,country,2022,.824
BLR,Belarus,country,2023,.824
BLZ,Belize,country,1990,.61699998
BLZ,Belize,country,1991,.62599999
BLZ,Belize,country,1992,.634
BLZ,Belize,country,1993,.63999999
BLZ,Belize,country,1994,.64300001
BLZ,Belize,country,1995,.64700001
BLZ,Belize,country,1996,.64999998
BLZ,Belize,country,1997,.65399998
BLZ,Belize,country,1998,.65700001
BLZ,Belize,country,1999,.66399997
BLZ,Belize,country,2000,.671
BLZ,Belize,country,2001,.676
BLZ,Belize,country,2002,.68599999
BLZ,Belize,country,2003,.69599998
BLZ,Belize,country,2004,.70300001
BLZ,Belize,country,2005,.69999999
BLZ,Belize,country,2006,.713
BLZ,Belize,country,2007,.71799999
BLZ,Belize,country,2008,.72000003
BLZ,Belize,country,2009,.72399998
BLZ,Belize,country,2010,.727
BLZ,Belize,country,2011,.72500002
BLZ,Belize,country,2012,.727
BLZ,Belize,country,2013,.72399998
BLZ,Belize,country,2014,.72100002
BLZ,Belize,country,2015,.72100002
BLZ,Belize,country,2016,.727
BLZ,Belize,country,2017,.722
BLZ,Belize,country,2018,.72299999
BLZ,Belize,country,2019,.72500002
BLZ,Belize,country,2020,.713
BLZ,Belize,country,2021,.713
BLZ,Belize,country,2022,.71700001
BLZ,Belize,country,2023,.72100002
BOL,Bolivia (Plurinational State of),country,1990,.55199999
BOL,Bolivia (Plurinational State of),country,1991,.56099999
BOL,Bolivia (Plurinational State of),country,1992,.56800002
BOL,Bolivia (Plurinational State of),country,1993,.57700002
BOL,Bolivia (Plurinational State of),country,1994,.58600003
BOL,Bolivia (Plurinational State of),country,1995,.59399998
BOL,Bolivia (Plurinational State of),country,1996,.602
BOL,Bolivia (Plurinational State of),country,1997,.61000001
BOL,Bolivia (Plurinational State of),country,1998,.61799997
BOL,Bolivia (Plurinational State of),country,1999,.62400001
BOL,Bolivia (Plurinational State of),country,2000,.63
BOL,Bolivia (Plurinational State of),country,2001,.639
BOL,Bolivia (Plurinational State of),country,2002,.64200002
BOL,Bolivia (Plurinational State of),country,2003,.64499998
BOL,Bolivia (Plurinational State of),country,2004,.648
BOL,Bolivia (Plurinational State of),country,2005,.65799999
BOL,Bolivia (Plurinational State of),country,2006,.65600002
BOL,Bolivia (Plurinational State of),country,2007,.66399997
BOL,Bolivia (Plurinational State of),country,2008,.66799998
BOL,Bolivia (Plurinational State of),country,2009,.671
BOL,Bolivia (Plurinational State of),country,2010,.67699999
BOL,Bolivia (Plurinational State of),country,2011,.68300003
BOL,Bolivia (Plurinational State of),country,2012,.685
BOL,Bolivia (Plurinational State of),country,2013,.699
BOL,Bolivia (Plurinational State of),country,2014,.70099998
BOL,Bolivia (Plurinational State of),country,2015,.704
BOL,Bolivia (Plurinational State of),country,2016,.71399999
BOL,Bolivia (Plurinational State of),country,2017,.71499997
BOL,Bolivia (Plurinational State of),country,2018,.722
BOL,Bolivia (Plurinational State of),country,2019,.72799999
BOL,Bolivia (Plurinational State of),country,2020,.69700003
BOL,Bolivia (Plurinational State of),country,2021,.69300002
BOL,Bolivia (Plurinational State of),country,2022,.727
BOL,Bolivia (Plurinational State of),country,2023,.73299998
BRA,Brazil,country,1990,.64099997
BRA,Brazil,country,1991,.64499998
BRA,Brazil,country,1992,.648
BRA,Brazil,country,1993,.65399998
BRA,Brazil,country,1994,.65899998
BRA,Brazil,country,1995,.66600001
BRA,Brazil,country,1996,.671
BRA,Brazil,country,1997,.676
BRA,Brazil,country,1998,.68000001
BRA,Brazil,country,1999,.68400002
BRA,Brazil,country,2000,.69
BRA,Brazil,country,2001,.69400001
BRA,Brazil,country,2002,.69999999
BRA,Brazil,country,2003,.70499998
BRA,Brazil,country,2004,.71200001
BRA,Brazil,country,2005,.71799999
BRA,Brazil,country,2006,.72500002
BRA,Brazil,country,2007,.73199999
BRA,Brazil,country,2008,.73900002
BRA,Brazil,country,2009,.74199998
BRA,Brazil,country,2010,.74800003
BRA,Brazil,country,2011,.75300002
BRA,Brazil,country,2012,.75800002
BRA,Brazil,country,2013,.76200002
BRA,Brazil,country,2014,.76499999
BRA,Brazil,country,2015,.764
BRA,Brazil,country,2016,.76499999
BRA,Brazil,country,2017,.76999998
BRA,Brazil,country,2018,.77399999
BRA,Brazil,country,2019,.77600002
BRA,Brazil,country,2020,.76999998
BRA,Brazil,country,2021,.76800001
BRA,Brazil,country,2022,.77999997
BRA,Brazil,country,2023,.78600001
BRB,Barbados,country,1990,.73000002
BRB,Barbados,country,1991,.73199999
BRB,Barbados,country,1992,.73199999
BRB,Barbados,country,1993,.73500001
BRB,Barbados,country,1994,.74000001
BRB,Barbados,country,1995,.74400002
BRB,Barbados,country,1996,.74800003
BRB,Barbados,country,1997,.75199997
BRB,Barbados,country,1998,.75400001
BRB,Barbados,country,1999,.75599998
BRB,Barbados,country,2000,.76200002
BRB,Barbados,country,2001,.76300001
BRB,Barbados,country,2002,.76700002
BRB,Barbados,country,2003,.77100003
BRB,Barbados,country,2004,.77499998
BRB,Barbados,country,2005,.77899998
BRB,Barbados,country,2006,.78299999
BRB,Barbados,country,2007,.79000002
BRB,Barbados,country,2008,.79400003
BRB,Barbados,country,2009,.79799998
BRB,Barbados,country,2010,.79699999
BRB,Barbados,country,2011,.79400003
BRB,Barbados,country,2012,.79699999
BRB,Barbados,country,2013,.79799998
BRB,Barbados,country,2014,.79900002
BRB,Barbados,country,2015,.80000001
BRB,Barbados,country,2016,.80299997
BRB,Barbados,country,2017,.80400002
BRB,Barbados,country,2018,.80599999
BRB,Barbados,country,2019,.80800003
BRB,Barbados,country,2020,.80299997
BRB,Barbados,country,2021,.80299997
BRB,Barbados,country,2022,.80699998
BRB,Barbados,country,2023,.81099999
BRN,Brunei Darussalam,country,1990,.78100002
BRN,Brunei Darussalam,country,1991,.78200001
BRN,Brunei Darussalam,country,1992,.78200001
BRN,Brunei Darussalam,country,1993,.78299999
BRN,Brunei Darussalam,country,1994,.78200001
BRN,Brunei Darussalam,country,1995,.78399998
BRN,Brunei Darussalam,country,1996,.78399998
BRN,Brunei Darussalam,country,1997,.78500003
BRN,Brunei Darussalam,country,1998,.78500003
BRN,Brunei Darussalam,country,1999,.79000002
BRN,Brunei Darussalam,country,2000,.792
BRN,Brunei Darussalam,country,2001,.79400003
BRN,Brunei Darussalam,country,2002,.79799998
BRN,Brunei Darussalam,country,2003,.80400002
BRN,Brunei Darussalam,country,2004,.81
BRN,Brunei Darussalam,country,2005,.81400001
BRN,Brunei Darussalam,country,2006,.81900001
BRN,Brunei Darussalam,country,2007,.82200003
BRN,Brunei Darussalam,country,2008,.824
BRN,Brunei Darussalam,country,2009,.82800001
BRN,Brunei Darussalam,country,2010,.82999998
BRN,Brunei Darussalam,country,2011,.83399999
BRN,Brunei Darussalam,country,2012,.84100002
BRN,Brunei Darussalam,country,2013,.84200001
BRN,Brunei Darussalam,country,2014,.84100002
BRN,Brunei Darussalam,country,2015,.83899999
BRN,Brunei Darussalam,country,2016,.838
BRN,Brunei Darussalam,country,2017,.83700001
BRN,Brunei Darussalam,country,2018,.83700001
BRN,Brunei Darussalam,country,2019,.83499998
BRN,Brunei Darussalam,country,2020,.83600003
BRN,Brunei Darussalam,country,2021,.83499998
BRN,Brunei Darussalam,country,2022,.82499999
BRN,Brunei Darussalam,country,2023,.83700001
BTN,Bhutan,country,1990,
BTN,Bhutan,country,1991,
BTN,Bhutan,country,1992,
BTN,Bhutan,country,1993,
BTN,Bhutan,country,1994,
BTN,Bhutan,country,1995,
BTN,Bhutan,country,1996,
BTN,Bhutan,country,1997,
BTN,Bhutan,country,1998,
BTN,Bhutan,country,1999,
BTN,Bhutan,country,2000,
BTN,Bhutan,country,2001,
BTN,Bhutan,country,2002,
BTN,Bhutan,country,2003,
BTN,Bhutan,country,2004,
BTN,Bhutan,country,2005,
BTN,Bhutan,country,2006,
BTN,Bhutan,country,2007,
BTN,Bhutan,country,2008,
BTN,Bhutan,country,2009,
BTN,Bhutan,country,2010,.59299999
BTN,Bhutan,country,2011,.60299999
BTN,Bhutan,country,2012,.60900003
BTN,Bhutan,country,2013,.616
BTN,Bhutan,country,2014,.62599999
BTN,Bhutan,country,2015,.63700002
BTN,Bhutan,country,2016,.64700001
BTN,Bhutan,country,2017,.65600002
BTN,Bhutan,country,2018,.667
BTN,Bhutan,country,2019,.68000001
BTN,Bhutan,country,2020,.68800002
BTN,Bhutan,country,2021,.69099998
BTN,Bhutan,country,2022,.69499999
BTN,Bhutan,country,2023,.69800001
BWA,Botswana,country,1990,.58999997
BWA,Botswana,country,1991,.58999997
BWA,Botswana,country,1992,.58899999
BWA,Botswana,country,1993,.588
BWA,Botswana,country,1994,.57999998
BWA,Botswana,country,1995,.583
BWA,Botswana,country,1996,.58399999
BWA,Botswana,country,1997,.58700001
BWA,Botswana,country,1998,.588
BWA,Botswana,country,1999,.59200001
BWA,Botswana,country,2000,.59399998
BWA,Botswana,country,2001,.59500003
BWA,Botswana,country,2002,.59399998
BWA,Botswana,country,2003,.602
BWA,Botswana,country,2004,.60799998
BWA,Botswana,country,2005,.616
BWA,Botswana,country,2006,.62699997
BWA,Botswana,country,2007,.63999999
BWA,Botswana,country,2008,.64499998
BWA,Botswana,country,2009,.64399999
BWA,Botswana,country,2010,.65200001
BWA,Botswana,country,2011,.66100001
BWA,Botswana,country,2012,.667
BWA,Botswana,country,2013,.676
BWA,Botswana,country,2014,.685
BWA,Botswana,country,2015,.69
BWA,Botswana,country,2016,.69599998
BWA,Botswana,country,2017,.704
BWA,Botswana,country,2018,.70999998
BWA,Botswana,country,2019,.71799999
BWA,Botswana,country,2020,.71799999
BWA,Botswana,country,2021,.69999999
BWA,Botswana,country,2022,.72899997
BWA,Botswana,country,2023,.73100001
CAF,Central African Republic,country,1990,.34200001
CAF,Central African Republic,country,1991,.336
CAF,Central African Republic,country,1992,.32100001
CAF,Central African Republic,country,1993,.32100001
CAF,Central African Republic,country,1994,.32300001
CAF,Central African Republic,country,1995,.32600001
CAF,Central African Republic,country,1996,.32300001
CAF,Central African Republic,country,1997,.32499999
CAF,Central African Republic,country,1998,.32800001
CAF,Central African Republic,country,1999,.33199999
CAF,Central African Republic,country,2000,.333
CAF,Central African Republic,country,2001,.33500001
CAF,Central African Republic,country,2002,.33700001
CAF,Central African Republic,country,2003,.338
CAF,Central African Republic,country,2004,.34200001
CAF,Central African Republic,country,2005,.34599999
CAF,Central African Republic,country,2006,.34999999
CAF,Central African Republic,country,2007,.35600001
CAF,Central African Republic,country,2008,.36199999
CAF,Central African Republic,country,2009,
CAF,Central African Republic,country,2010,.35800001
CAF,Central African Republic,country,2011,.377
CAF,Central African Republic,country,2012,.38499999
CAF,Central African Republic,country,2013,.359
CAF,Central African Republic,country,2014,.31900001
CAF,Central African Republic,country,2015,.377
CAF,Central African Republic,country,2016,.37599999
CAF,Central African Republic,country,2017,.35600001
CAF,Central African Republic,country,2018,.391
CAF,Central African Republic,country,2019,.27900001
CAF,Central African Republic,country,2020,.38600001
CAF,Central African Republic,country,2021,.33899999
CAF,Central African Republic,country,2022,
CAF,Central African Republic,country,2023,.414
CAN,Canada,country,1990,.86500001
CAN,Canada,country,1991,.86799997
CAN,Canada,country,1992,.87300003
CAN,Canada,country,1993,.87099999
CAN,Canada,country,1994,.87699997
CAN,Canada,country,1995,.88099998
CAN,Canada,country,1996,.884
CAN,Canada,country,1997,.884
CAN,Canada,country,1998,.88300002
CAN,Canada,country,1999,.88800001
CAN,Canada,country,2000,.89399999
CAN,Canada,country,2001,.89700001
CAN,Canada,country,2002,.89899999
CAN,Canada,country,2003,.90200001
CAN,Canada,country,2004,.90600002
CAN,Canada,country,2005,.90899998
CAN,Canada,country,2006,.91299999
CAN,Canada,country,2007,.91399997
CAN,Canada,country,2008,.91600001
CAN,Canada,country,2009,.91500002
CAN,Canada,country,2010,.91799998
CAN,Canada,country,2011,.921
CAN,Canada,country,2012,.92699999
CAN,Canada,country,2013,.93000001
CAN,Canada,country,2014,.93199998
CAN,Canada,country,2015,.93199998
CAN,Canada,country,2016,.93300003
CAN,Canada,country,2017,.935
CAN,Canada,country,2018,.935
CAN,Canada,country,2019,.93699998
CAN,Canada,country,2020,.93099999
CAN,Canada,country,2021,.93699998
CAN,Canada,country,2022,.935
CAN,Canada,country,2023,.93900001
CHE,Switzerland,country,1990,.85799998
CHE,Switzerland,country,1991,.86000001
CHE,Switzerland,country,1992,.86299998
CHE,Switzerland,country,1993,.86699998
CHE,Switzerland,country,1994,.87
CHE,Switzerland,country,1995,.87199998
CHE,Switzerland,country,1996,.875
CHE,Switzerland,country,1997,.88
CHE,Switzerland,country,1998,.88599998
CHE,Switzerland,country,1999,.889
CHE,Switzerland,country,2000,.89200002
CHE,Switzerland,country,2001,.89499998
CHE,Switzerland,country,2002,.89600003
CHE,Switzerland,country,2003,.90100002
CHE,Switzerland,country,2004,.90600002
CHE,Switzerland,country,2005,.90899998
CHE,Switzerland,country,2006,.91799998
CHE,Switzerland,country,2007,.926
CHE,Switzerland,country,2008,.93400002
CHE,Switzerland,country,2009,.94199997
CHE,Switzerland,country,2010,.94499999
CHE,Switzerland,country,2011,.94599998
CHE,Switzerland,country,2012,.949
CHE,Switzerland,country,2013,.95200002
CHE,Switzerland,country,2014,.95599997
CHE,Switzerland,country,2015,.95700002
CHE,Switzerland,country,2016,.95899999
CHE,Switzerland,country,2017,.95999998
CHE,Switzerland,country,2018,.96200001
CHE,Switzerland,country,2019,.96499997
CHE,Switzerland,country,2020,.963
CHE,Switzerland,country,2021,.96799999
CHE,Switzerland,country,2022,.96600002
CHE,Switzerland,country,2023,.97000003
CHL,Chile,country,1990,.71799999
CHL,Chile,country,1991,.72299999
CHL,Chile,country,1992,.73000002
CHL,Chile,country,1993,.72500002
CHL,Chile,country,1994,.73000002
CHL,Chile,country,1995,.73900002
CHL,Chile,country,1996,.745
CHL,Chile,country,1997,.75199997
CHL,Chile,country,1998,.759
CHL,Chile,country,1999,.76599997
CHL,Chile,country,2000,.77100003
CHL,Chile,country,2001,.778
CHL,Chile,country,2002,.78399998
CHL,Chile,country,2003,.78899997
CHL,Chile,country,2004,.79699999
CHL,Chile,country,2005,.80400002
CHL,Chile,country,2006,.80400002
CHL,Chile,country,2007,.81199998
CHL,Chile,country,2008,.81999999
CHL,Chile,country,2009,.81900001
CHL,Chile,country,2010,.82300001
CHL,Chile,country,2011,.82300001
CHL,Chile,country,2012,.83200002
CHL,Chile,country,2013,.84500003
CHL,Chile,country,2014,.84899998
CHL,Chile,country,2015,.85500002
CHL,Chile,country,2016,.85900003
CHL,Chile,country,2017,.86199999
CHL,Chile,country,2018,.866
CHL,Chile,country,2019,.86699998
CHL,Chile,country,2020,.85600001
CHL,Chile,country,2021,.86500001
CHL,Chile,country,2022,.86900002
CHL,Chile,country,2023,.87800002
CHN,China,country,1990,.491
CHN,China,country,1991,.49900001
CHN,China,country,1992,.51099998
CHN,China,country,1993,.52200001
CHN,China,country,1994,.53200001
CHN,China,country,1995,.54299998
CHN,China,country,1996,.55500001
CHN,China,country,1997,.56599998
CHN,China,country,1998,.57599998
CHN,China,country,1999,.58700001
CHN,China,country,2000,.59799999
CHN,China,country,2001,.60799998
CHN,China,country,2002,.61900002
CHN,China,country,2003,.63
CHN,China,country,2004,.64200002
CHN,China,country,2005,.65399998
CHN,China,country,2006,.66600001
CHN,China,country,2007,.68000001
CHN,China,country,2008,.68900001
CHN,China,country,2009,.69999999
CHN,China,country,2010,.70999998
CHN,China,country,2011,.71700001
CHN,China,country,2012,.72500002
CHN,China,country,2013,.73299998
CHN,China,country,2014,.74199998
CHN,China,country,2015,.75
CHN,China,country,2016,.75800002
CHN,China,country,2017,.76499999
CHN,China,country,2018,.77399999
CHN,China,country,2019,.78100002
CHN,China,country,2020,.78600001
CHN,China,country,2021,.79400003
CHN,China,country,2022,.796
CHN,China,country,2023,.79699999
CIV,Côte d’Ivoire,country,1990,.389
CIV,Côte d’Ivoire,country,1991,.38999999
CIV,Côte d’Ivoire,country,1992,.39199999
CIV,Côte d’Ivoire,country,1993,.39300001
CIV,Côte d’Ivoire,country,1994,.396
CIV,Côte d’Ivoire,country,1995,.39899999
CIV,Côte d’Ivoire,country,1996,.403
CIV,Côte d’Ivoire,country,1997,.40900001
CIV,Côte d’Ivoire,country,1998,.41299999
CIV,Côte d’Ivoire,country,1999,.41600001
CIV,Côte d’Ivoire,country,2000,.419
CIV,Côte d’Ivoire,country,2001,.42199999
CIV,Côte d’Ivoire,country,2002,.42399999
CIV,Côte d’Ivoire,country,2003,.42500001
CIV,Côte d’Ivoire,country,2004,.43000001
CIV,Côte d’Ivoire,country,2005,.435
CIV,Côte d’Ivoire,country,2006,.44
CIV,Côte d’Ivoire,country,2007,.44499999
CIV,Côte d’Ivoire,country,2008,.45199999
CIV,Côte d’Ivoire,country,2009,.458
CIV,Côte d’Ivoire,country,2010,.465
CIV,Côte d’Ivoire,country,2011,.46900001
CIV,Côte d’Ivoire,country,2012,.47799999
CIV,Côte d’Ivoire,country,2013,.48699999
CIV,Côte d’Ivoire,country,2014,.51099998
CIV,Côte d’Ivoire,country,2015,.51899999
CIV,Côte d’Ivoire,country,2016,.52999997
CIV,Côte d’Ivoire,country,2017,.53899997
CIV,Côte d’Ivoire,country,2018,.54500002
CIV,Côte d’Ivoire,country,2019,.55199999
CIV,Côte d’Ivoire,country,2020,.55299997
CIV,Côte d’Ivoire,country,2021,.55699998
CIV,Côte d’Ivoire,country,2022,.565
CIV,Côte d’Ivoire,country,2023,.58200002
CMR,Cameroon,country,1990,.44800001
CMR,Cameroon,country,1991,.44499999
CMR,Cameroon,country,1992,.442
CMR,Cameroon,country,1993,.43599999
CMR,Cameroon,country,1994,.43399999
CMR,Cameroon,country,1995,.433
CMR,Cameroon,country,1996,.43200001
CMR,Cameroon,country,1997,.43200001
CMR,Cameroon,country,1998,.433
CMR,Cameroon,country,1999,.43399999
CMR,Cameroon,country,2000,.43900001
CMR,Cameroon,country,2001,.458
CMR,Cameroon,country,2002,.458
CMR,Cameroon,country,2003,.465
CMR,Cameroon,country,2004,.47
CMR,Cameroon,country,2005,.472
CMR,Cameroon,country,2006,.47299999
CMR,Cameroon,country,2007,.48500001
CMR,Cameroon,country,2008,.50099999
CMR,Cameroon,country,2009,.51599997
CMR,Cameroon,country,2010,.52899998
CMR,Cameroon,country,2011,.53799999
CMR,Cameroon,country,2012,.54900002
CMR,Cameroon,country,2013,.55800003
CMR,Cameroon,country,2014,.56599998
CMR,Cameroon,country,2015,.57499999
CMR,Cameroon,country,2016,.579
CMR,Cameroon,country,2017,.58099997
CMR,Cameroon,country,2018,.58200002
CMR,Cameroon,country,2019,.58200002
CMR,Cameroon,country,2020,.579
CMR,Cameroon,country,2021,.574
CMR,Cameroon,country,2022,.58099997
CMR,Cameroon,country,2023,.588
COD,Democratic Republic of the Congo,country,1990,.38800001
COD,Democratic Republic of the Congo,country,1991,.389
COD,Democratic Republic of the Congo,country,1992,.38699999
COD,Democratic Republic of the Congo,country,1993,.38499999
COD,Democratic Republic of the Congo,country,1994,.382
COD,Democratic Republic of the Congo,country,1995,.38499999
COD,Democratic Republic of the Congo,country,1996,.38600001
COD,Democratic Republic of the Congo,country,1997,.38800001
COD,Democratic Republic of the Congo,country,1998,.38499999
COD,Democratic Republic of the Congo,country,1999,.38299999
COD,Democratic Republic of the Congo,country,2000,.391
COD,Democratic Republic of the Congo,country,2001,.389
COD,Democratic Republic of the Congo,country,2002,.39199999
COD,Democratic Republic of the Congo,country,2003,.398
COD,Democratic Republic of the Congo,country,2004,.403
COD,Democratic Republic of the Congo,country,2005,.40799999
COD,Democratic Republic of the Congo,country,2006,.41299999
COD,Democratic Republic of the Congo,country,2007,.417
COD,Democratic Republic of the Congo,country,2008,.426
COD,Democratic Republic of the Congo,country,2009,.43099999
COD,Democratic Republic of the Congo,country,2010,.44
COD,Democratic Republic of the Congo,country,2011,.447
COD,Democratic Republic of the Congo,country,2012,.45100001
COD,Democratic Republic of the Congo,country,2013,.456
COD,Democratic Republic of the Congo,country,2014,.46700001
COD,Democratic Republic of the Congo,country,2015,.477
COD,Democratic Republic of the Congo,country,2016,.48699999
COD,Democratic Republic of the Congo,country,2017,.491
COD,Democratic Republic of the Congo,country,2018,.49700001
COD,Democratic Republic of the Congo,country,2019,.50099999
COD,Democratic Republic of the Congo,country,2020,.50599998
COD,Democratic Republic of the Congo,country,2021,.50800002
COD,Democratic Republic of the Congo,country,2022,.514
COD,Democratic Republic of the Congo,country,2023,.52200001
COG,Congo,country,1990,.57300001
COG,Congo,country,1991,.57099998
COG,Congo,country,1992,.57200003
COG,Congo,country,1993,.56599998
COG,Congo,country,1994,.56099999
COG,Congo,country,1995,.551
COG,Congo,country,1996,.55000001
COG,Congo,country,1997,.51599997
COG,Congo,country,1998,.542
COG,Congo,country,1999,.54400003
COG,Congo,country,2000,.54500002
COG,Congo,country,2001,.55000001
COG,Congo,country,2002,.55199999
COG,Congo,country,2003,.55299997
COG,Congo,country,2004,.55699998
COG,Congo,country,2005,.56900001
COG,Congo,country,2006,.58200002
COG,Congo,country,2007,.583
COG,Congo,country,2008,.59100002
COG,Congo,country,2009,.602
COG,Congo,country,2010,.60900003
COG,Congo,country,2011,.61299998
COG,Congo,country,2012,.62400001
COG,Congo,country,2013,.63
COG,Congo,country,2014,.639
COG,Congo,country,2015,.64300001
COG,Congo,country,2016,.63999999
COG,Congo,country,2017,.63499999
COG,Congo,country,2018,.63999999
COG,Congo,country,2019,.634
COG,Congo,country,2020,.64300001
COG,Congo,country,2021,.64300001
COG,Congo,country,2022,.64399999
COG,Congo,country,2023,.64899999
COL,Colombia,country,1990,.62300003
COL,Colombia,country,1991,.63
COL,Colombia,country,1992,.639
COL,Colombia,country,1993,.64499998
COL,Colombia,country,1994,.64999998
COL,Colombia,country,1995,.65499997
COL,Colombia,country,1996,.66299999
COL,Colombia,country,1997,.67000002
COL,Colombia,country,1998,.676
COL,Colombia,country,1999,.67299998
COL,Colombia,country,2000,.67900002
COL,Colombia,country,2001,.68099999
COL,Colombia,country,2002,.68400002
COL,Colombia,country,2003,.69099998
COL,Colombia,country,2004,.699
COL,Colombia,country,2005,.71100003
COL,Colombia,country,2006,.71200001
COL,Colombia,country,2007,.72399998
COL,Colombia,country,2008,.73100001
COL,Colombia,country,2009,.736
COL,Colombia,country,2010,.741
COL,Colombia,country,2011,.74699998
COL,Colombia,country,2012,.74800003
COL,Colombia,country,2013,.75999999
COL,Colombia,country,2014,.76300001
COL,Colombia,country,2015,.76700002
COL,Colombia,country,2016,.77200001
COL,Colombia,country,2017,.77399999
COL,Colombia,country,2018,.77499998
COL,Colombia,country,2019,.77700001
COL,Colombia,country,2020,.764
COL,Colombia,country,2021,.76200002
COL,Colombia,country,2022,.78200001
COL,Colombia,country,2023,.78799999
COM,Comoros,country,1990,
COM,Comoros,country,1991,
COM,Comoros,country,1992,
COM,Comoros,country,1993,
COM,Comoros,country,1994,
COM,Comoros,country,1995,
COM,Comoros,country,1996,
COM,Comoros,country,1997,
COM,Comoros,country,1998,
COM,Comoros,country,1999,
COM,Comoros,country,2000,.461
COM,Comoros,country,2001,.47
COM,Comoros,country,2002,.477
COM,Comoros,country,2003,.48500001
COM,Comoros,country,2004,.49200001
COM,Comoros,country,2005,.49900001
COM,Comoros,country,2006,.50599998
COM,Comoros,country,2007,.51200002
COM,Comoros,country,2008,.51899999
COM,Comoros,country,2009,.52600002
COM,Comoros,country,2010,.53399998
COM,Comoros,country,2011,.54100001
COM,Comoros,country,2012,.54799998
COM,Comoros,country,2013,.55599999
COM,Comoros,country,2014,.56
COM,Comoros,country,2015,.565
COM,Comoros,country,2016,.57099998
COM,Comoros,country,2017,.57700002
COM,Comoros,country,2018,.58399999
COM,Comoros,country,2019,.58899999
COM,Comoros,country,2020,.59200001
COM,Comoros,country,2021,.59399998
COM,Comoros,country,2022,.602
COM,Comoros,country,2023,.60299999
CPV,Cabo Verde,country,1990,
CPV,Cabo Verde,country,1991,
CPV,Cabo Verde,country,1992,
CPV,Cabo Verde,country,1993,
CPV,Cabo Verde,country,1994,
CPV,Cabo Verde,country,1995,
CPV,Cabo Verde,country,1996,
CPV,Cabo Verde,country,1997,
CPV,Cabo Verde,country,1998,
CPV,Cabo Verde,country,1999,
CPV,Cabo Verde,country,2000,.58499998
CPV,Cabo Verde,country,2001,.59100002
CPV,Cabo Verde,country,2002,.60000002
CPV,Cabo Verde,country,2003,.60600001
CPV,Cabo Verde,country,2004,.61000001
CPV,Cabo Verde,country,2005,.616
CPV,Cabo Verde,country,2006,.63099998
CPV,Cabo Verde,country,2007,.63599998
CPV,Cabo Verde,country,2008,.64300001
CPV,Cabo Verde,country,2009,.64399999
CPV,Cabo Verde,country,2010,.648
CPV,Cabo Verde,country,2011,.65399998
CPV,Cabo Verde,country,2012,.65499997
CPV,Cabo Verde,country,2013,.66000003
CPV,Cabo Verde,country,2014,.65899998
CPV,Cabo Verde,country,2015,.65799999
CPV,Cabo Verde,country,2016,.66100001
CPV,Cabo Verde,country,2017,.66299999
CPV,Cabo Verde,country,2018,.66299999
CPV,Cabo Verde,country,2019,.667
CPV,Cabo Verde,country,2020,.64700001
CPV,Cabo Verde,country,2021,.65100002
CPV,Cabo Verde,country,2022,.66399997
CPV,Cabo Verde,country,2023,.66799998
CRI,Costa Rica,country,1990,.67699999
CRI,Costa Rica,country,1991,.68199998
CRI,Costa Rica,country,1992,.69099998
CRI,Costa Rica,country,1993,.69599998
CRI,Costa Rica,country,1994,.70099998
CRI,Costa Rica,country,1995,.70599997
CRI,Costa Rica,country,1996,.70700002
CRI,Costa Rica,country,1997,.71200001
CRI,Costa Rica,country,1998,.71399999
CRI,Costa Rica,country,1999,.71700001
CRI,Costa Rica,country,2000,.72000003
CRI,Costa Rica,country,2001,.72600001
CRI,Costa Rica,country,2002,.73000002
CRI,Costa Rica,country,2003,.736
CRI,Costa Rica,country,2004,.741
CRI,Costa Rica,country,2005,.74800003
CRI,Costa Rica,country,2006,.755
CRI,Costa Rica,country,2007,.75999999
CRI,Costa Rica,country,2008,.76899999
CRI,Costa Rica,country,2009,.773
CRI,Costa Rica,country,2010,.77600002
CRI,Costa Rica,country,2011,.78299999
CRI,Costa Rica,country,2012,.78899997
CRI,Costa Rica,country,2013,.79500002
CRI,Costa Rica,country,2014,.80199999
CRI,Costa Rica,country,2015,.80299997
CRI,Costa Rica,country,2016,.80500001
CRI,Costa Rica,country,2017,.80900002
CRI,Costa Rica,country,2018,.81300002
CRI,Costa Rica,country,2019,.82099998
CRI,Costa Rica,country,2020,.81900001
CRI,Costa Rica,country,2021,.81699997
CRI,Costa Rica,country,2022,.82300001
CRI,Costa Rica,country,2023,.833
CUB,Cuba,country,1990,.68699998
CUB,Cuba,country,1991,.68099999
CUB,Cuba,country,1992,.67400002
CUB,Cuba,country,1993,.66500002
CUB,Cuba,country,1994,.662
CUB,Cuba,country,1995,.66399997
CUB,Cuba,country,1996,.67500001
CUB,Cuba,country,1997,.67900002
CUB,Cuba,country,1998,.68300003
CUB,Cuba,country,1999,.69
CUB,Cuba,country,2000,.69700003
CUB,Cuba,country,2001,.70499998
CUB,Cuba,country,2002,.71100003
CUB,Cuba,country,2003,.72100002
CUB,Cuba,country,2004,.73400003
CUB,Cuba,country,2005,.74699998
CUB,Cuba,country,2006,.76599997
CUB,Cuba,country,2007,.77999997
CUB,Cuba,country,2008,.78799999
CUB,Cuba,country,2009,.78799999
CUB,Cuba,country,2010,.78299999
CUB,Cuba,country,2011,.78100002
CUB,Cuba,country,2012,.77700001
CUB,Cuba,country,2013,.77100003
CUB,Cuba,country,2014,.76999998
CUB,Cuba,country,2015,.76899999
CUB,Cuba,country,2016,.76700002
CUB,Cuba,country,2017,.76700002
CUB,Cuba,country,2018,.76899999
CUB,Cuba,country,2019,.76899999
CUB,Cuba,country,2020,.76200002
CUB,Cuba,country,2021,.745
CUB,Cuba,country,2022,.764
CUB,Cuba,country,2023,.76200002
CYP,Cyprus,country,1990,.74900001
CYP,Cyprus,country,1991,.75400001
CYP,Cyprus,country,1992,.76099998
CYP,Cyprus,country,1993,.764
CYP,Cyprus,country,1994,.77100003
CYP,Cyprus,country,1995,.77700001
CYP,Cyprus,country,1996,.78200001
CYP,Cyprus,country,1997,.78799999
CYP,Cyprus,country,1998,.79799998
CYP,Cyprus,country,1999,.80199999
CYP,Cyprus,country,2000,.80800003
CYP,Cyprus,country,2001,.815
CYP,Cyprus,country,2002,.82700002
CYP,Cyprus,country,2003,.83499998
CYP,Cyprus,country,2004,.83999997
CYP,Cyprus,country,2005,.84399998
CYP,Cyprus,country,2006,.85000002
CYP,Cyprus,country,2007,.85500002
CYP,Cyprus,country,2008,.86199999
CYP,Cyprus,country,2009,.86699998
CYP,Cyprus,country,2010,.86900002
CYP,Cyprus,country,2011,.87199998
CYP,Cyprus,country,2012,.87199998
CYP,Cyprus,country,2013,.87300003
CYP,Cyprus,country,2014,.875
CYP,Cyprus,country,2015,.88200003
CYP,Cyprus,country,2016,.88800001
CYP,Cyprus,country,2017,.89700001
CYP,Cyprus,country,2018,.90200001
CYP,Cyprus,country,2019,.90700001
CYP,Cyprus,country,2020,.90499997
CYP,Cyprus,country,2021,.90700001
CYP,Cyprus,country,2022,.90799999
CYP,Cyprus,country,2023,.91299999
CZE,Czechia,country,1990,.75300002
CZE,Czechia,country,1991,.75099999
CZE,Czechia,country,1992,.75199997
CZE,Czechia,country,1993,.75999999
CZE,Czechia,country,1994,.77100003
CZE,Czechia,country,1995,.78100002
CZE,Czechia,country,1996,.79299998
CZE,Czechia,country,1997,.79699999
CZE,Czechia,country,1998,.80199999
CZE,Czechia,country,1999,.80599999
CZE,Czechia,country,2000,.81699997
CZE,Czechia,country,2001,.82800001
CZE,Czechia,country,2002,.83499998
CZE,Czechia,country,2003,.84200001
CZE,Czechia,country,2004,.84799999
CZE,Czechia,country,2005,.85600001
CZE,Czechia,country,2006,.86400002
CZE,Czechia,country,2007,.87
CZE,Czechia,country,2008,.87300003
CZE,Czechia,country,2009,.875
CZE,Czechia,country,2010,.88
CZE,Czechia,country,2011,.88300002
CZE,Czechia,country,2012,.88499999
CZE,Czechia,country,2013,.89200002
CZE,Czechia,country,2014,.898
CZE,Czechia,country,2015,.89999998
CZE,Czechia,country,2016,.90200001
CZE,Czechia,country,2017,.90399998
CZE,Czechia,country,2018,.90100002
CZE,Czechia,country,2019,.903
CZE,Czechia,country,2020,.898
CZE,Czechia,country,2021,.90100002
CZE,Czechia,country,2022,.91100001
CZE,Czechia,country,2023,.91500002
DEU,Germany,country,1990,.83399999
DEU,Germany,country,1991,.84100002
DEU,Germany,country,1992,.84899998
DEU,Germany,country,1993,.85900003
DEU,Germany,country,1994,.86500001
DEU,Germany,country,1995,.87
DEU,Germany,country,1996,.875
DEU,Germany,country,1997,.88099998
DEU,Germany,country,1998,.88700002
DEU,Germany,country,1999,.89200002
DEU,Germany,country,2000,.89700001
DEU,Germany,country,2001,.90399998
DEU,Germany,country,2002,.90899998
DEU,Germany,country,2003,.91399997
DEU,Germany,country,2004,.92299998
DEU,Germany,country,2005,.92299998
DEU,Germany,country,2006,.92699999
DEU,Germany,country,2007,.93099999
DEU,Germany,country,2008,.93300003
DEU,Germany,country,2009,.93300003
DEU,Germany,country,2010,.93599999
DEU,Germany,country,2011,.94199997
DEU,Germany,country,2012,.94400001
DEU,Germany,country,2013,.94499999
DEU,Germany,country,2014,.949
DEU,Germany,country,2015,.94800001
DEU,Germany,country,2016,.949
DEU,Germany,country,2017,.95099998
DEU,Germany,country,2018,.95200002
DEU,Germany,country,2019,.95700002
DEU,Germany,country,2020,.95499998
DEU,Germany,country,2021,.958
DEU,Germany,country,2022,.95499998
DEU,Germany,country,2023,.95899999
DJI,Djibouti,country,1990,
DJI,Djibouti,country,1991,
DJI,Djibouti,country,1992,
DJI,Djibouti,country,1993,
DJI,Djibouti,country,1994,
DJI,Djibouti,country,1995,.31799999
DJI,Djibouti,country,1996,.31999999
DJI,Djibouti,country,1997,.324
DJI,Djibouti,country,1998,.32699999
DJI,Djibouti,country,1999,.333
DJI,Djibouti,country,2000,.33700001
DJI,Djibouti,country,2001,.34200001
DJI,Djibouti,country,2002,.34900001
DJI,Djibouti,country,2003,.36000001
DJI,Djibouti,country,2004,.368
DJI,Djibouti,country,2005,.375
DJI,Djibouti,country,2006,.38499999
DJI,Djibouti,country,2007,.39199999
DJI,Djibouti,country,2008,.40000001
DJI,Djibouti,country,2009,.41100001
DJI,Djibouti,country,2010,.421
DJI,Djibouti,country,2011,.43200001
DJI,Djibouti,country,2012,.442
DJI,Djibouti,country,2013,.44999999
DJI,Djibouti,country,2014,.45899999
DJI,Djibouti,country,2015,.46900001
DJI,Djibouti,country,2016,.477
DJI,Djibouti,country,2017,.484
DJI,Djibouti,country,2018,.49200001
DJI,Djibouti,country,2019,.49700001
DJI,Djibouti,country,2020,.49900001
DJI,Djibouti,country,2021,.50099999
DJI,Djibouti,country,2022,.50999999
DJI,Djibouti,country,2023,.51300001
DMA,Dominica,country,1990,
DMA,Dominica,country,1991,
DMA,Dominica,country,1992,
DMA,Dominica,country,1993,
DMA,Dominica,country,1994,
DMA,Dominica,country,1995,
DMA,Dominica,country,1996,
DMA,Dominica,country,1997,
DMA,Dominica,country,1998,
DMA,Dominica,country,1999,
DMA,Dominica,country,2000,.72100002
DMA,Dominica,country,2001,.72500002
DMA,Dominica,country,2002,.72399998
DMA,Dominica,country,2003,.72799999
DMA,Dominica,country,2004,.73000002
DMA,Dominica,country,2005,.73199999
DMA,Dominica,country,2006,.73699999
DMA,Dominica,country,2007,.74000001
DMA,Dominica,country,2008,.745
DMA,Dominica,country,2009,.74599999
DMA,Dominica,country,2010,.74699998
DMA,Dominica,country,2011,.745
DMA,Dominica,country,2012,.745
DMA,Dominica,country,2013,.745
DMA,Dominica,country,2014,.74800003
DMA,Dominica,country,2015,.741
DMA,Dominica,country,2016,.75099999
DMA,Dominica,country,2017,.73500001
DMA,Dominica,country,2018,.755
DMA,Dominica,country,2019,.75800002
DMA,Dominica,country,2020,.75300002
DMA,Dominica,country,2021,.74900001
DMA,Dominica,country,2022,.759
DMA,Dominica,country,2023,.76099998
DNK,Denmark,country,1990,.84399998
DNK,Denmark,country,1991,.84799999
DNK,Denmark,country,1992,.85000002
DNK,Denmark,country,1993,.85299999
DNK,Denmark,country,1994,.85900003
DNK,Denmark,country,1995,.86199999
DNK,Denmark,country,1996,.87
DNK,Denmark,country,1997,.87599999
DNK,Denmark,country,1998,.88300002
DNK,Denmark,country,1999,.89399999
DNK,Denmark,country,2000,.89600003
DNK,Denmark,country,2001,.90200001
DNK,Denmark,country,2002,.90200001
DNK,Denmark,country,2003,.90700001
DNK,Denmark,country,2004,.912
DNK,Denmark,country,2005,.917
DNK,Denmark,country,2006,.917
DNK,Denmark,country,2007,.91799998
DNK,Denmark,country,2008,.92199999
DNK,Denmark,country,2009,.91500002
DNK,Denmark,country,2010,.92000002
DNK,Denmark,country,2011,.93400002
DNK,Denmark,country,2012,.93800002
DNK,Denmark,country,2013,.94099998
DNK,Denmark,country,2014,.93900001
DNK,Denmark,country,2015,.94300002
DNK,Denmark,country,2016,.95099998
DNK,Denmark,country,2017,.95099998
DNK,Denmark,country,2018,.94999999
DNK,Denmark,country,2019,.95300001
DNK,Denmark,country,2020,.954
DNK,Denmark,country,2021,.958
DNK,Denmark,country,2022,.95899999
DNK,Denmark,country,2023,.96200001
DOM,Dominican Republic,country,1990,.58899999
DOM,Dominican Republic,country,1991,.59399998
DOM,Dominican Republic,country,1992,.60399997
DOM,Dominican Republic,country,1993,.611
DOM,Dominican Republic,country,1994,.61699998
DOM,Dominican Republic,country,1995,.62400001
DOM,Dominican Republic,country,1996,.63099998
DOM,Dominican Republic,country,1997,.639
DOM,Dominican Republic,country,1998,.64499998
DOM,Dominican Republic,country,1999,.65200001
DOM,Dominican Republic,country,2000,.65799999
DOM,Dominican Republic,country,2001,.66299999
DOM,Dominican Republic,country,2002,.66799998
DOM,Dominican Republic,country,2003,.67000002
DOM,Dominican Republic,country,2004,.67299998
DOM,Dominican Republic,country,2005,.68300003
DOM,Dominican Republic,country,2006,.69099998
DOM,Dominican Republic,country,2007,.69800001
DOM,Dominican Republic,country,2008,.704
DOM,Dominican Republic,country,2009,.70700002
DOM,Dominican Republic,country,2010,.71499997
DOM,Dominican Republic,country,2011,.72100002
DOM,Dominican Republic,country,2012,.727
DOM,Dominican Republic,country,2013,.73100001
DOM,Dominican Republic,country,2014,.73699999
DOM,Dominican Republic,country,2015,.74699998
DOM,Dominican Republic,country,2016,.76599997
DOM,Dominican Republic,country,2017,.76999998
DOM,Dominican Republic,country,2018,.773
DOM,Dominican Republic,country,2019,.77100003
DOM,Dominican Republic,country,2020,.76700002
DOM,Dominican Republic,country,2021,.76200002
DOM,Dominican Republic,country,2022,.778
DOM,Dominican Republic,country,2023,.77600002
DZA,Algeria,country,1990,.59500003
DZA,Algeria,country,1991,.59600002
DZA,Algeria,country,1992,.60100001
DZA,Algeria,country,1993,.60299999
DZA,Algeria,country,1994,.60299999
DZA,Algeria,country,1995,.60799998
DZA,Algeria,country,1996,.61500001
DZA,Algeria,country,1997,.62400001
DZA,Algeria,country,1998,.634
DZA,Algeria,country,1999,.64300001
DZA,Algeria,country,2000,.65100002
DZA,Algeria,country,2001,.65899998
DZA,Algeria,country,2002,.66900003
DZA,Algeria,country,2003,.67699999
DZA,Algeria,country,2004,.685
DZA,Algeria,country,2005,.69199997
DZA,Algeria,country,2006,.69800001
DZA,Algeria,country,2007,.704
DZA,Algeria,country,2008,.71100003
DZA,Algeria,country,2009,.71399999
DZA,Algeria,country,2010,.71799999
DZA,Algeria,country,2011,.71799999
DZA,Algeria,country,2012,.72299999
DZA,Algeria,country,2013,.727
DZA,Algeria,country,2014,.73199999
DZA,Algeria,country,2015,.73699999
DZA,Algeria,country,2016,.74299997
DZA,Algeria,country,2017,.74599999
DZA,Algeria,country,2018,.74900001
DZA,Algeria,country,2019,.75300002
DZA,Algeria,country,2020,.74199998
DZA,Algeria,country,2021,.755
DZA,Algeria,country,2022,.76099998
DZA,Algeria,country,2023,.76300001
ECU,Ecuador,country,1990,.64600003
ECU,Ecuador,country,1991,.64899999
ECU,Ecuador,country,1992,.65399998
ECU,Ecuador,country,1993,.66000003
ECU,Ecuador,country,1994,.667
ECU,Ecuador,country,1995,.67199999
ECU,Ecuador,country,1996,.67699999
ECU,Ecuador,country,1997,.68199998
ECU,Ecuador,country,1998,.68400002
ECU,Ecuador,country,1999,.68199998
ECU,Ecuador,country,2000,.68300003
ECU,Ecuador,country,2001,.69099998
ECU,Ecuador,country,2002,.69800001
ECU,Ecuador,country,2003,.70300001
ECU,Ecuador,country,2004,.70899999
ECU,Ecuador,country,2005,.71399999
ECU,Ecuador,country,2006,.71799999
ECU,Ecuador,country,2007,.722
ECU,Ecuador,country,2008,.72899997
ECU,Ecuador,country,2009,.73100001
ECU,Ecuador,country,2010,.73699999
ECU,Ecuador,country,2011,.74299997
ECU,Ecuador,country,2012,.75
ECU,Ecuador,country,2013,.755
ECU,Ecuador,country,2014,.75999999
ECU,Ecuador,country,2015,.764
ECU,Ecuador,country,2016,.76099998
ECU,Ecuador,country,2017,.764
ECU,Ecuador,country,2018,.76700002
ECU,Ecuador,country,2019,.76499999
ECU,Ecuador,country,2020,.74000001
ECU,Ecuador,country,2021,.75300002
ECU,Ecuador,country,2022,.773
ECU,Ecuador,country,2023,.77700001
EGY,Egypt,country,1990,.57200003
EGY,Egypt,country,1991,.57800001
EGY,Egypt,country,1992,.58600003
EGY,Egypt,country,1993,.59299999
EGY,Egypt,country,1994,.60100001
EGY,Egypt,country,1995,.60900003
EGY,Egypt,country,1996,.61699998
EGY,Egypt,country,1997,.62300003
EGY,Egypt,country,1998,.62900001
EGY,Egypt,country,1999,.634
EGY,Egypt,country,2000,.639
EGY,Egypt,country,2001,.64200002
EGY,Egypt,country,2002,.64300001
EGY,Egypt,country,2003,.64300001
EGY,Egypt,country,2004,.64499998
EGY,Egypt,country,2005,.648
EGY,Egypt,country,2006,.65100002
EGY,Egypt,country,2007,.65799999
EGY,Egypt,country,2008,.66500002
EGY,Egypt,country,2009,.671
EGY,Egypt,country,2010,.67699999
EGY,Egypt,country,2011,.68000001
EGY,Egypt,country,2012,.68900001
EGY,Egypt,country,2013,.69499999
EGY,Egypt,country,2014,.699
EGY,Egypt,country,2015,.70599997
EGY,Egypt,country,2016,.713
EGY,Egypt,country,2017,.72000003
EGY,Egypt,country,2018,.72799999
EGY,Egypt,country,2019,.736
EGY,Egypt,country,2020,.736
EGY,Egypt,country,2021,.73799998
EGY,Egypt,country,2022,.75099999
EGY,Egypt,country,2023,.75400001
ERI,Eritrea,country,1990,
ERI,Eritrea,country,1991,
ERI,Eritrea,country,1992,
ERI,Eritrea,country,1993,
ERI,Eritrea,country,1994,
ERI,Eritrea,country,1995,
ERI,Eritrea,country,1996,
ERI,Eritrea,country,1997,
ERI,Eritrea,country,1998,
ERI,Eritrea,country,1999,
ERI,Eritrea,country,2000,
ERI,Eritrea,country,2001,
ERI,Eritrea,country,2002,
ERI,Eritrea,country,2003,
ERI,Eritrea,country,2004,
ERI,Eritrea,country,2005,.47400001
ERI,Eritrea,country,2006,.47299999
ERI,Eritrea,country,2007,.472
ERI,Eritrea,country,2008,.45699999
ERI,Eritrea,country,2009,.46200001
ERI,Eritrea,country,2010,.465
ERI,Eritrea,country,2011,.47999999
ERI,Eritrea,country,2012,.48300001
ERI,Eritrea,country,2013,.479
ERI,Eritrea,country,2014,.49700001
ERI,Eritrea,country,2015,.47999999
ERI,Eritrea,country,2016,.48500001
ERI,Eritrea,country,2017,.47999999
ERI,Eritrea,country,2018,.49000001
ERI,Eritrea,country,2019,.495
ERI,Eritrea,country,2020,.495
ERI,Eritrea,country,2021,.49599999
ERI,Eritrea,country,2022,.49900001
ERI,Eritrea,country,2023,.50300002
ESP,Spain,country,1990,.76599997
ESP,Spain,country,1991,.77399999
ESP,Spain,country,1992,.78100002
ESP,Spain,country,1993,.78899997
ESP,Spain,country,1994,.79799998
ESP,Spain,country,1995,.80400002
ESP,Spain,country,1996,.81099999
ESP,Spain,country,1997,.81599998
ESP,Spain,country,1998,.82099998
ESP,Spain,country,1999,.82499999
ESP,Spain,country,2000,.833
ESP,Spain,country,2001,.83899999
ESP,Spain,country,2002,.84399998
ESP,Spain,country,2003,.84600002
ESP,Spain,country,2004,.852
ESP,Spain,country,2005,.85699999
ESP,Spain,country,2006,.86199999
ESP,Spain,country,2007,.86400002
ESP,Spain,country,2008,.86500001
ESP,Spain,country,2009,.86699998
ESP,Spain,country,2010,.875
ESP,Spain,country,2011,.87900001
ESP,Spain,country,2012,.88099998
ESP,Spain,country,2013,.88599998
ESP,Spain,country,2014,.88999999
ESP,Spain,country,2015,.89499998
ESP,Spain,country,2016,.89999998
ESP,Spain,country,2017,.90200001
ESP,Spain,country,2018,.90499997
ESP,Spain,country,2019,.91000003
ESP,Spain,country,2020,.90100002
ESP,Spain,country,2021,.912
ESP,Spain,country,2022,.91100001
ESP,Spain,country,2023,.91799998
EST,Estonia,country,1990,.73799998
EST,Estonia,country,1991,.73400003
EST,Estonia,country,1992,.722
EST,Estonia,country,1993,.713
EST,Estonia,country,1994,.71100003
EST,Estonia,country,1995,.72500002
EST,Estonia,country,1996,.74599999
EST,Estonia,country,1997,.759
EST,Estonia,country,1998,.76700002
EST,Estonia,country,1999,.77600002
EST,Estonia,country,2000,.79299998
EST,Estonia,country,2001,.80199999
EST,Estonia,country,2002,.81300002
EST,Estonia,country,2003,.824
EST,Estonia,country,2004,.83399999
EST,Estonia,country,2005,.847
EST,Estonia,country,2006,.85500002
EST,Estonia,country,2007,.85900003
EST,Estonia,country,2008,.86400002
EST,Estonia,country,2009,.86299998
EST,Estonia,country,2010,.86799997
EST,Estonia,country,2011,.87699997
EST,Estonia,country,2012,.88
EST,Estonia,country,2013,.88700002
EST,Estonia,country,2014,.88499999
EST,Estonia,country,2015,.88800001
EST,Estonia,country,2016,.88999999
EST,Estonia,country,2017,.89399999
EST,Estonia,country,2018,.89700001
EST,Estonia,country,2019,.90100002
EST,Estonia,country,2020,.90100002
EST,Estonia,country,2021,.89899999
EST,Estonia,country,2022,.90200001
EST,Estonia,country,2023,.90499997
ETH,Ethiopia,country,1990,
ETH,Ethiopia,country,1991,
ETH,Ethiopia,country,1992,
ETH,Ethiopia,country,1993,
ETH,Ethiopia,country,1994,
ETH,Ethiopia,country,1995,
ETH,Ethiopia,country,1996,
ETH,Ethiopia,country,1997,
ETH,Ethiopia,country,1998,
ETH,Ethiopia,country,1999,
ETH,Ethiopia,country,2000,.29300001
ETH,Ethiopia,country,2001,.30700001
ETH,Ethiopia,country,2002,.31400001
ETH,Ethiopia,country,2003,.317
ETH,Ethiopia,country,2004,.331
ETH,Ethiopia,country,2005,.34999999
ETH,Ethiopia,country,2006,.366
ETH,Ethiopia,country,2007,.38299999
ETH,Ethiopia,country,2008,.398
ETH,Ethiopia,country,2009,.405
ETH,Ethiopia,country,2010,.41499999
ETH,Ethiopia,country,2011,.42500001
ETH,Ethiopia,country,2012,.433
ETH,Ethiopia,country,2013,.44100001
ETH,Ethiopia,country,2014,.449
ETH,Ethiopia,country,2015,.456
ETH,Ethiopia,country,2016,.463
ETH,Ethiopia,country,2017,.47
ETH,Ethiopia,country,2018,.47600001
ETH,Ethiopia,country,2019,.48199999
ETH,Ethiopia,country,2020,.486
ETH,Ethiopia,country,2021,.48699999
ETH,Ethiopia,country,2022,.49399999
ETH,Ethiopia,country,2023,.49700001
FIN,Finland,country,1990,.82300001
FIN,Finland,country,1991,.82700002
FIN,Finland,country,1992,.833
FIN,Finland,country,1993,.838
FIN,Finland,country,1994,.85000002
FIN,Finland,country,1995,.85600001
FIN,Finland,country,1996,.86299998
FIN,Finland,country,1997,.87099999
FIN,Finland,country,1998,.88
FIN,Finland,country,1999,.889
FIN,Finland,country,2000,.898
FIN,Finland,country,2001,.90799999
FIN,Finland,country,2002,.912
FIN,Finland,country,2003,.91500002
FIN,Finland,country,2004,.91100001
FIN,Finland,country,2005,.91399997
FIN,Finland,country,2006,.917
FIN,Finland,country,2007,.92000002
FIN,Finland,country,2008,.921
FIN,Finland,country,2009,.91600001
FIN,Finland,country,2010,.92000002
FIN,Finland,country,2011,.92400002
FIN,Finland,country,2012,.92400002
FIN,Finland,country,2013,.93400002
FIN,Finland,country,2014,.93599999
FIN,Finland,country,2015,.93800002
FIN,Finland,country,2016,.94
FIN,Finland,country,2017,.94199997
FIN,Finland,country,2018,.94499999
FIN,Finland,country,2019,.94700003
FIN,Finland,country,2020,.94700003
FIN,Finland,country,2021,.949
FIN,Finland,country,2022,.94599998
FIN,Finland,country,2023,.94800001
FJI,Fiji,country,1990,.62900001
FJI,Fiji,country,1991,.63300002
FJI,Fiji,country,1992,.63700002
FJI,Fiji,country,1993,.64200002
FJI,Fiji,country,1994,.648
FJI,Fiji,country,1995,.653
FJI,Fiji,country,1996,.65700001
FJI,Fiji,country,1997,.65799999
FJI,Fiji,country,1998,.66000003
FJI,Fiji,country,1999,.667
FJI,Fiji,country,2000,.66799998
FJI,Fiji,country,2001,.67000002
FJI,Fiji,country,2002,.67000002
FJI,Fiji,country,2003,.67299998
FJI,Fiji,country,2004,.67900002
FJI,Fiji,country,2005,.68099999
FJI,Fiji,country,2006,.68400002
FJI,Fiji,country,2007,.68599999
FJI,Fiji,country,2008,.69
FJI,Fiji,country,2009,.69300002
FJI,Fiji,country,2010,.69700003
FJI,Fiji,country,2011,.70099998
FJI,Fiji,country,2012,.69800001
FJI,Fiji,country,2013,.708
FJI,Fiji,country,2014,.71200001
FJI,Fiji,country,2015,.71499997
FJI,Fiji,country,2016,.71899998
FJI,Fiji,country,2017,.72500002
FJI,Fiji,country,2018,.72799999
FJI,Fiji,country,2019,.727
FJI,Fiji,country,2020,.71799999
FJI,Fiji,country,2021,.70499998
FJI,Fiji,country,2022,.72600001
FJI,Fiji,country,2023,.73100001
FRA,France,country,1990,.79799998
FRA,France,country,1991,.80699998
FRA,France,country,1992,.81400001
FRA,France,country,1993,.81800002
FRA,France,country,1994,.83200002
FRA,France,country,1995,.83700001
FRA,France,country,1996,.84200001
FRA,France,country,1997,.847
FRA,France,country,1998,.85100001
FRA,France,country,1999,.85600001
FRA,France,country,2000,.852
FRA,France,country,2001,.85500002
FRA,France,country,2002,.85799998
FRA,France,country,2003,.86199999
FRA,France,country,2004,.86900002
FRA,France,country,2005,.87699997
FRA,France,country,2006,.88099998
FRA,France,country,2007,.884
FRA,France,country,2008,.884
FRA,France,country,2009,.88300002
FRA,France,country,2010,.88800001
FRA,France,country,2011,.89200002
FRA,France,country,2012,.89300001
FRA,France,country,2013,.89600003
FRA,France,country,2014,.89999998
FRA,France,country,2015,.90100002
FRA,France,country,2016,.90499997
FRA,France,country,2017,.90799999
FRA,France,country,2018,.91100001
FRA,France,country,2019,.91399997
FRA,France,country,2020,.90899998
FRA,France,country,2021,.91500002
FRA,France,country,2022,.91600001
FRA,France,country,2023,.92000002
FSM,Micronesia (Federated States of),country,1990,
FSM,Micronesia (Federated States of),country,1991,
FSM,Micronesia (Federated States of),country,1992,
FSM,Micronesia (Federated States of),country,1993,
FSM,Micronesia (Federated States of),country,1994,
FSM,Micronesia (Federated States of),country,1995,
FSM,Micronesia (Federated States of),country,1996,
FSM,Micronesia (Federated States of),country,1997,
FSM,Micronesia (Federated States of),country,1998,
FSM,Micronesia (Federated States of),country,1999,
FSM,Micronesia (Federated States of),country,2000,.59600002
FSM,Micronesia (Federated States of),country,2001,.59899998
FSM,Micronesia (Federated States of),country,2002,.59600002
FSM,Micronesia (Federated States of),country,2003,.60100001
FSM,Micronesia (Federated States of),country,2004,.60000002
FSM,Micronesia (Federated States of),country,2005,.60100001
FSM,Micronesia (Federated States of),country,2006,.602
FSM,Micronesia (Federated States of),country,2007,.60100001
FSM,Micronesia (Federated States of),country,2008,.60000002
FSM,Micronesia (Federated States of),country,2009,.60100001
FSM,Micronesia (Federated States of),country,2010,.60299999
FSM,Micronesia (Federated States of),country,2011,.60500002
FSM,Micronesia (Federated States of),country,2012,.60500002
FSM,Micronesia (Federated States of),country,2013,.60299999
FSM,Micronesia (Federated States of),country,2014,.602
FSM,Micronesia (Federated States of),country,2015,.60399997
FSM,Micronesia (Federated States of),country,2016,.60600001
FSM,Micronesia (Federated States of),country,2017,.60699999
FSM,Micronesia (Federated States of),country,2018,.60799998
FSM,Micronesia (Federated States of),country,2019,.611
FSM,Micronesia (Federated States of),country,2020,.60900003
FSM,Micronesia (Federated States of),country,2021,.611
FSM,Micronesia (Federated States of),country,2022,.61400002
FSM,Micronesia (Federated States of),country,2023,.61500001
GAB,Gabon,country,1990,.62099999
GAB,Gabon,country,1991,.62699997
GAB,Gabon,country,1992,.62800002
GAB,Gabon,country,1993,.63099998
GAB,Gabon,country,1994,.63599998
GAB,Gabon,country,1995,.63999999
GAB,Gabon,country,1996,.64399999
GAB,Gabon,country,1997,.648
GAB,Gabon,country,1998,.65399998
GAB,Gabon,country,1999,.653
GAB,Gabon,country,2000,.65200001
GAB,Gabon,country,2001,.65700001
GAB,Gabon,country,2002,.66100001
GAB,Gabon,country,2003,.66399997
GAB,Gabon,country,2004,.66500002
GAB,Gabon,country,2005,.671
GAB,Gabon,country,2006,.67000002
GAB,Gabon,country,2007,.67400002
GAB,Gabon,country,2008,.67500001
GAB,Gabon,country,2009,.68099999
GAB,Gabon,country,2010,.68400002
GAB,Gabon,country,2011,.69
GAB,Gabon,country,2012,.699
GAB,Gabon,country,2013,.70700002
GAB,Gabon,country,2014,.71600002
GAB,Gabon,country,2015,.72000003
GAB,Gabon,country,2016,.72399998
GAB,Gabon,country,2017,.72600001
GAB,Gabon,country,2018,.727
GAB,Gabon,country,2019,.73000002
GAB,Gabon,country,2020,.73199999
GAB,Gabon,country,2021,.72000003
GAB,Gabon,country,2022,.73000002
GAB,Gabon,country,2023,.73299998
GBR,United Kingdom of Great Britain and Northern Ireland,country,1990,.81199998
GBR,United Kingdom of Great Britain and Northern Ireland,country,1991,.81599998
GBR,United Kingdom of Great Britain and Northern Ireland,country,1992,.824
GBR,United Kingdom of Great Britain and Northern Ireland,country,1993,.82700002
GBR,United Kingdom of Great Britain and Northern Ireland,country,1994,.83600003
GBR,United Kingdom of Great Britain and Northern Ireland,country,1995,.83499998
GBR,United Kingdom of Great Britain and Northern Ireland,country,1996,.84100002
GBR,United Kingdom of Great Britain and Northern Ireland,country,1997,.84899998
GBR,United Kingdom of Great Britain and Northern Ireland,country,1998,.85600001
GBR,United Kingdom of Great Britain and Northern Ireland,country,1999,.86199999
GBR,United Kingdom of Great Britain and Northern Ireland,country,2000,.87
GBR,United Kingdom of Great Britain and Northern Ireland,country,2001,.87599999
GBR,United Kingdom of Great Britain and Northern Ireland,country,2002,.88099998
GBR,United Kingdom of Great Britain and Northern Ireland,country,2003,.88599998
GBR,United Kingdom of Great Britain and Northern Ireland,country,2004,.89700001
GBR,United Kingdom of Great Britain and Northern Ireland,country,2005,.903
GBR,United Kingdom of Great Britain and Northern Ireland,country,2006,.90200001
GBR,United Kingdom of Great Britain and Northern Ireland,country,2007,.90499997
GBR,United Kingdom of Great Britain and Northern Ireland,country,2008,.91000003
GBR,United Kingdom of Great Britain and Northern Ireland,country,2009,.91500002
GBR,United Kingdom of Great Britain and Northern Ireland,country,2010,.921
GBR,United Kingdom of Great Britain and Northern Ireland,country,2011,.91600001
GBR,United Kingdom of Great Britain and Northern Ireland,country,2012,.917
GBR,United Kingdom of Great Britain and Northern Ireland,country,2013,.93099999
GBR,United Kingdom of Great Britain and Northern Ireland,country,2014,.93199998
GBR,United Kingdom of Great Britain and Northern Ireland,country,2015,.93099999
GBR,United Kingdom of Great Britain and Northern Ireland,country,2016,.93400002
GBR,United Kingdom of Great Britain and Northern Ireland,country,2017,.93699998
GBR,United Kingdom of Great Britain and Northern Ireland,country,2018,.93599999
GBR,United Kingdom of Great Britain and Northern Ireland,country,2019,.94099998
GBR,United Kingdom of Great Britain and Northern Ireland,country,2020,.93000001
GBR,United Kingdom of Great Britain and Northern Ireland,country,2021,.94099998
GBR,United Kingdom of Great Britain and Northern Ireland,country,2022,.94599998
GBR,United Kingdom of Great Britain and Northern Ireland,country,2023,.94599998
GEO,Georgia,country,1990,
GEO,Georgia,country,1991,
GEO,Georgia,country,1992,
GEO,Georgia,country,1993,
GEO,Georgia,country,1994,
GEO,Georgia,country,1995,
GEO,Georgia,country,1996,
GEO,Georgia,country,1997,
GEO,Georgia,country,1998,
GEO,Georgia,country,1999,
GEO,Georgia,country,2000,.70499998
GEO,Georgia,country,2001,.71200001
GEO,Georgia,country,2002,.71899998
GEO,Georgia,country,2003,.73299998
GEO,Georgia,country,2004,.73699999
GEO,Georgia,country,2005,.74400002
GEO,Georgia,country,2006,.75
GEO,Georgia,country,2007,.75999999
GEO,Georgia,country,2008,.75700003
GEO,Georgia,country,2009,.75999999
GEO,Georgia,country,2010,.76999998
GEO,Georgia,country,2011,.77999997
GEO,Georgia,country,2012,.78899997
GEO,Georgia,country,2013,.796
GEO,Georgia,country,2014,.80199999
GEO,Georgia,country,2015,.80699998
GEO,Georgia,country,2016,.80900002
GEO,Georgia,country,2017,.81599998
GEO,Georgia,country,2018,.824
GEO,Georgia,country,2019,.82999998
GEO,Georgia,country,2020,.82200003
GEO,Georgia,country,2021,.81900001
GEO,Georgia,country,2022,.838
GEO,Georgia,country,2023,.84399998
GHA,Ghana,country,1990,.43200001
GHA,Ghana,country,1991,.43799999
GHA,Ghana,country,1992,.44400001
GHA,Ghana,country,1993,.44999999
GHA,Ghana,country,1994,.45300001
GHA,Ghana,country,1995,.45899999
GHA,Ghana,country,1996,.465
GHA,Ghana,country,1997,.46900001
GHA,Ghana,country,1998,.47499999
GHA,Ghana,country,1999,.47999999
GHA,Ghana,country,2000,.48699999
GHA,Ghana,country,2001,.486
GHA,Ghana,country,2002,.493
GHA,Ghana,country,2003,.495
GHA,Ghana,country,2004,.50300002
GHA,Ghana,country,2005,.51499999
GHA,Ghana,country,2006,.52399999
GHA,Ghana,country,2007,.53399998
GHA,Ghana,country,2008,.546
GHA,Ghana,country,2009,.551
GHA,Ghana,country,2010,.55800003
GHA,Ghana,country,2011,.56800002
GHA,Ghana,country,2012,.57499999
GHA,Ghana,country,2013,.58200002
GHA,Ghana,country,2014,.57999998
GHA,Ghana,country,2015,.588
GHA,Ghana,country,2016,.58999997
GHA,Ghana,country,2017,.59399998
GHA,Ghana,country,2018,.60000002
GHA,Ghana,country,2019,.60900003
GHA,Ghana,country,2020,.61400002
GHA,Ghana,country,2021,.61799997
GHA,Ghana,country,2022,.625
GHA,Ghana,country,2023,.62800002
GIN,Guinea,country,1990,.28200001
GIN,Guinea,country,1991,.287
GIN,Guinea,country,1992,.29300001
GIN,Guinea,country,1993,.30000001
GIN,Guinea,country,1994,.30700001
GIN,Guinea,country,1995,.31400001
GIN,Guinea,country,1996,.32300001
GIN,Guinea,country,1997,.33199999
GIN,Guinea,country,1998,.34200001
GIN,Guinea,country,1999,.35100001
GIN,Guinea,country,2000,.359
GIN,Guinea,country,2001,.366
GIN,Guinea,country,2002,.377
GIN,Guinea,country,2003,.384
GIN,Guinea,country,2004,.391
GIN,Guinea,country,2005,.40099999
GIN,Guinea,country,2006,.40900001
GIN,Guinea,country,2007,.41600001
GIN,Guinea,country,2008,.42199999
GIN,Guinea,country,2009,.42399999
GIN,Guinea,country,2010,.43000001
GIN,Guinea,country,2011,.43599999
GIN,Guinea,country,2012,.44
GIN,Guinea,country,2013,.44499999
GIN,Guinea,country,2014,.45100001
GIN,Guinea,country,2015,.465
GIN,Guinea,country,2016,.48199999
GIN,Guinea,country,2017,.48199999
GIN,Guinea,country,2018,.479
GIN,Guinea,country,2019,.486
GIN,Guinea,country,2020,.48800001
GIN,Guinea,country,2021,.49000001
GIN,Guinea,country,2022,.498
GIN,Guinea,country,2023,.5
GMB,Gambia,country,1990,.331
GMB,Gambia,country,1991,.33899999
GMB,Gambia,country,1992,.347
GMB,Gambia,country,1993,.35499999
GMB,Gambia,country,1994,.36199999
GMB,Gambia,country,1995,.37
GMB,Gambia,country,1996,.377
GMB,Gambia,country,1997,.38100001
GMB,Gambia,country,1998,.389
GMB,Gambia,country,1999,.396
GMB,Gambia,country,2000,.403
GMB,Gambia,country,2001,.41
GMB,Gambia,country,2002,.41499999
GMB,Gambia,country,2003,.42199999
GMB,Gambia,country,2004,.43200001
GMB,Gambia,country,2005,.43599999
GMB,Gambia,country,2006,.44100001
GMB,Gambia,country,2007,.447
GMB,Gambia,country,2008,.45500001
GMB,Gambia,country,2009,.45899999
GMB,Gambia,country,2010,.463
GMB,Gambia,country,2011,.463
GMB,Gambia,country,2012,.46900001
GMB,Gambia,country,2013,.47400001
GMB,Gambia,country,2014,.477
GMB,Gambia,country,2015,.48199999
GMB,Gambia,country,2016,.48699999
GMB,Gambia,country,2017,.493
GMB,Gambia,country,2018,.5
GMB,Gambia,country,2019,.50800002
GMB,Gambia,country,2020,.51200002
GMB,Gambia,country,2021,.51300001
GMB,Gambia,country,2022,.51899999
GMB,Gambia,country,2023,.52399999
GNB,Guinea-Bissau,country,1990,
GNB,Guinea-Bissau,country,1991,
GNB,Guinea-Bissau,country,1992,
GNB,Guinea-Bissau,country,1993,
GNB,Guinea-Bissau,country,1994,
GNB,Guinea-Bissau,country,1995,
GNB,Guinea-Bissau,country,1996,
GNB,Guinea-Bissau,country,1997,
GNB,Guinea-Bissau,country,1998,
GNB,Guinea-Bissau,country,1999,
GNB,Guinea-Bissau,country,2000,
GNB,Guinea-Bissau,country,2001,
GNB,Guinea-Bissau,country,2002,
GNB,Guinea-Bissau,country,2003,
GNB,Guinea-Bissau,country,2004,
GNB,Guinea-Bissau,country,2005,.412
GNB,Guinea-Bissau,country,2006,.42399999
GNB,Guinea-Bissau,country,2007,.43099999
GNB,Guinea-Bissau,country,2008,.43599999
GNB,Guinea-Bissau,country,2009,.44400001
GNB,Guinea-Bissau,country,2010,.45199999
GNB,Guinea-Bissau,country,2011,.46000001
GNB,Guinea-Bissau,country,2012,.46200001
GNB,Guinea-Bissau,country,2013,.46900001
GNB,Guinea-Bissau,country,2014,.47600001
GNB,Guinea-Bissau,country,2015,.48100001
GNB,Guinea-Bissau,country,2016,.486
GNB,Guinea-Bissau,country,2017,.491
GNB,Guinea-Bissau,country,2018,.493
GNB,Guinea-Bissau,country,2019,.50099999
GNB,Guinea-Bissau,country,2020,.498
GNB,Guinea-Bissau,country,2021,.50199997
GNB,Guinea-Bissau,country,2022,.51099998
GNB,Guinea-Bissau,country,2023,.514
GNQ,Equatorial Guinea,country,1990,
GNQ,Equatorial Guinea,country,1991,
GNQ,Equatorial Guinea,country,1992,
GNQ,Equatorial Guinea,country,1993,
GNQ,Equatorial Guinea,country,1994,
GNQ,Equatorial Guinea,country,1995,
GNQ,Equatorial Guinea,country,1996,
GNQ,Equatorial Guinea,country,1997,
GNQ,Equatorial Guinea,country,1998,
GNQ,Equatorial Guinea,country,1999,
GNQ,Equatorial Guinea,country,2000,.50800002
GNQ,Equatorial Guinea,country,2001,.52100003
GNQ,Equatorial Guinea,country,2002,.53600001
GNQ,Equatorial Guinea,country,2003,.54100001
GNQ,Equatorial Guinea,country,2004,.55199999
GNQ,Equatorial Guinea,country,2005,.56599998
GNQ,Equatorial Guinea,country,2006,.59100002
GNQ,Equatorial Guinea,country,2007,.60299999
GNQ,Equatorial Guinea,country,2008,.61299998
GNQ,Equatorial Guinea,country,2009,.61500001
GNQ,Equatorial Guinea,country,2010,.61199999
GNQ,Equatorial Guinea,country,2011,.62400001
GNQ,Equatorial Guinea,country,2012,.63499999
GNQ,Equatorial Guinea,country,2013,.64399999
GNQ,Equatorial Guinea,country,2014,.65200001
GNQ,Equatorial Guinea,country,2015,.65600002
GNQ,Equatorial Guinea,country,2016,.65899998
GNQ,Equatorial Guinea,country,2017,.66100001
GNQ,Equatorial Guinea,country,2018,.66299999
GNQ,Equatorial Guinea,country,2019,.667
GNQ,Equatorial Guinea,country,2020,.66799998
GNQ,Equatorial Guinea,country,2021,.671
GNQ,Equatorial Guinea,country,2022,.67699999
GNQ,Equatorial Guinea,country,2023,.67400002
GRC,Greece,country,1990,.76999998
GRC,Greece,country,1991,.77999997
GRC,Greece,country,1992,.78200001
GRC,Greece,country,1993,.78399998
GRC,Greece,country,1994,.79000002
GRC,Greece,country,1995,.792
GRC,Greece,country,1996,.796
GRC,Greece,country,1997,.80299997
GRC,Greece,country,1998,.81300002
GRC,Greece,country,1999,.81599998
GRC,Greece,country,2000,.82800001
GRC,Greece,country,2001,.83700001
GRC,Greece,country,2002,.83600003
GRC,Greece,country,2003,.84200001
GRC,Greece,country,2004,.85100001
GRC,Greece,country,2005,.86299998
GRC,Greece,country,2006,.87099999
GRC,Greece,country,2007,.866
GRC,Greece,country,2008,.87099999
GRC,Greece,country,2009,.87400001
GRC,Greece,country,2010,.87599999
GRC,Greece,country,2011,.87400001
GRC,Greece,country,2012,.87400001
GRC,Greece,country,2013,.87900001
GRC,Greece,country,2014,.88599998
GRC,Greece,country,2015,.88800001
GRC,Greece,country,2016,.884
GRC,Greece,country,2017,.88700002
GRC,Greece,country,2018,.89300001
GRC,Greece,country,2019,.89600003
GRC,Greece,country,2020,.89600003
GRC,Greece,country,2021,.89700001
GRC,Greece,country,2022,.89700001
GRC,Greece,country,2023,.90799999
GRD,Grenada,country,1990,
GRD,Grenada,country,1991,
GRD,Grenada,country,1992,
GRD,Grenada,country,1993,
GRD,Grenada,country,1994,
GRD,Grenada,country,1995,
GRD,Grenada,country,1996,
GRD,Grenada,country,1997,
GRD,Grenada,country,1998,
GRD,Grenada,country,1999,
GRD,Grenada,country,2000,
GRD,Grenada,country,2001,
GRD,Grenada,country,2002,.74400002
GRD,Grenada,country,2003,.75099999
GRD,Grenada,country,2004,.74599999
GRD,Grenada,country,2005,.764
GRD,Grenada,country,2006,.764
GRD,Grenada,country,2007,.76800001
GRD,Grenada,country,2008,.77100003
GRD,Grenada,country,2009,.76700002
GRD,Grenada,country,2010,.77100003
GRD,Grenada,country,2011,.773
GRD,Grenada,country,2012,.77399999
GRD,Grenada,country,2013,.77700001
GRD,Grenada,country,2014,.77899998
GRD,Grenada,country,2015,.78200001
GRD,Grenada,country,2016,.78399998
GRD,Grenada,country,2017,.78399998
GRD,Grenada,country,2018,.78799999
GRD,Grenada,country,2019,.78899997
GRD,Grenada,country,2020,.78200001
GRD,Grenada,country,2021,.78200001
GRD,Grenada,country,2022,.78899997
GRD,Grenada,country,2023,.79100001
GTM,Guatemala,country,1990,.49900001
GTM,Guatemala,country,1991,.50300002
GTM,Guatemala,country,1992,.50599998
GTM,Guatemala,country,1993,.50999999
GTM,Guatemala,country,1994,.51499999
GTM,Guatemala,country,1995,.52200001
GTM,Guatemala,country,1996,.52999997
GTM,Guatemala,country,1997,.53899997
GTM,Guatemala,country,1998,.54799998
GTM,Guatemala,country,1999,.55599999
GTM,Guatemala,country,2000,.56300002
GTM,Guatemala,country,2001,.56699997
GTM,Guatemala,country,2002,.57200003
GTM,Guatemala,country,2003,.57700002
GTM,Guatemala,country,2004,.57999998
GTM,Guatemala,country,2005,.583
GTM,Guatemala,country,2006,.58999997
GTM,Guatemala,country,2007,.60100001
GTM,Guatemala,country,2008,.60900003
GTM,Guatemala,country,2009,.616
GTM,Guatemala,country,2010,.62300003
GTM,Guatemala,country,2011,.62800002
GTM,Guatemala,country,2012,.63099998
GTM,Guatemala,country,2013,.63300002
GTM,Guatemala,country,2014,.64999998
GTM,Guatemala,country,2015,.63800001
GTM,Guatemala,country,2016,.64200002
GTM,Guatemala,country,2017,.64700001
GTM,Guatemala,country,2018,.64899999
GTM,Guatemala,country,2019,.653
GTM,Guatemala,country,2020,.64499998
GTM,Guatemala,country,2021,.639
GTM,Guatemala,country,2022,.65499997
GTM,Guatemala,country,2023,.662
GUY,Guyana,country,1990,.49399999
GUY,Guyana,country,1991,.491
GUY,Guyana,country,1992,.50700003
GUY,Guyana,country,1993,.52100003
GUY,Guyana,country,1994,.53100002
GUY,Guyana,country,1995,.53600001
GUY,Guyana,country,1996,.546
GUY,Guyana,country,1997,.55199999
GUY,Guyana,country,1998,.55699998
GUY,Guyana,country,1999,.56199998
GUY,Guyana,country,2000,.56699997
GUY,Guyana,country,2001,.57499999
GUY,Guyana,country,2002,.57999998
GUY,Guyana,country,2003,.58700001
GUY,Guyana,country,2004,.60000002
GUY,Guyana,country,2005,.61000001
GUY,Guyana,country,2006,.61900002
GUY,Guyana,country,2007,.62599999
GUY,Guyana,country,2008,.63200003
GUY,Guyana,country,2009,.63700002
GUY,Guyana,country,2010,.64700001
GUY,Guyana,country,2011,.65899998
GUY,Guyana,country,2012,.66399997
GUY,Guyana,country,2013,.66900003
GUY,Guyana,country,2014,.67799997
GUY,Guyana,country,2015,.68300003
GUY,Guyana,country,2016,.69
GUY,Guyana,country,2017,.69599998
GUY,Guyana,country,2018,.70200002
GUY,Guyana,country,2019,.70899999
GUY,Guyana,country,2020,.722
GUY,Guyana,country,2021,.713
GUY,Guyana,country,2022,.76300001
GUY,Guyana,country,2023,.77600002
HKG,"China, Hong Kong Special Administrative Region",country,1990,.755
HKG,"China, Hong Kong Special Administrative Region",country,1991,.764
HKG,"China, Hong Kong Special Administrative Region",country,1992,.773
HKG,"China, Hong Kong Special Administrative Region",country,1993,.78399998
HKG,"China, Hong Kong Special Administrative Region",country,1994,.79299998
HKG,"China, Hong Kong Special Administrative Region",country,1995,.80000001
HKG,"China, Hong Kong Special Administrative Region",country,1996,.80800003
HKG,"China, Hong Kong Special Administrative Region",country,1997,.81699997
HKG,"China, Hong Kong Special Administrative Region",country,1998,.82300001
HKG,"China, Hong Kong Special Administrative Region",country,1999,.82999998
HKG,"China, Hong Kong Special Administrative Region",country,2000,.83899999
HKG,"China, Hong Kong Special Administrative Region",country,2001,.847
HKG,"China, Hong Kong Special Administrative Region",country,2002,.85399997
HKG,"China, Hong Kong Special Administrative Region",country,2003,.861
HKG,"China, Hong Kong Special Administrative Region",country,2004,.866
HKG,"China, Hong Kong Special Administrative Region",country,2005,.87199998
HKG,"China, Hong Kong Special Administrative Region",country,2006,.87900001
HKG,"China, Hong Kong Special Administrative Region",country,2007,.89099997
HKG,"China, Hong Kong Special Administrative Region",country,2008,.90700001
HKG,"China, Hong Kong Special Administrative Region",country,2009,.90899998
HKG,"China, Hong Kong Special Administrative Region",country,2010,.912
HKG,"China, Hong Kong Special Administrative Region",country,2011,.91799998
HKG,"China, Hong Kong Special Administrative Region",country,2012,.92299998
HKG,"China, Hong Kong Special Administrative Region",country,2013,.92799997
HKG,"China, Hong Kong Special Administrative Region",country,2014,.93199998
HKG,"China, Hong Kong Special Administrative Region",country,2015,.93699998
HKG,"China, Hong Kong Special Administrative Region",country,2016,.94
HKG,"China, Hong Kong Special Administrative Region",country,2017,.94599998
HKG,"China, Hong Kong Special Administrative Region",country,2018,.95200002
HKG,"China, Hong Kong Special Administrative Region",country,2019,.95200002
HKG,"China, Hong Kong Special Administrative Region",country,2020,.94999999
HKG,"China, Hong Kong Special Administrative Region",country,2021,.96100003
HKG,"China, Hong Kong Special Administrative Region",country,2022,.94999999
HKG,"China, Hong Kong Special Administrative Region",country,2023,.95499998
HND,Honduras,country,1990,.51599997
HND,Honduras,country,1991,.51899999
HND,Honduras,country,1992,.523
HND,Honduras,country,1993,.52899998
HND,Honduras,country,1994,.53200001
HND,Honduras,country,1995,.537
HND,Honduras,country,1996,.54100001
HND,Honduras,country,1997,.54699999
HND,Honduras,country,1998,.52899998
HND,Honduras,country,1999,.55199999
HND,Honduras,country,2000,.55800003
HND,Honduras,country,2001,.56099999
HND,Honduras,country,2002,.56400001
HND,Honduras,country,2003,.56800002
HND,Honduras,country,2004,.57300001
HND,Honduras,country,2005,.57800001
HND,Honduras,country,2006,.58200002
HND,Honduras,country,2007,.58700001
HND,Honduras,country,2008,.59200001
HND,Honduras,country,2009,.59399998
HND,Honduras,country,2010,.59600002
HND,Honduras,country,2011,.59799999
HND,Honduras,country,2012,.597
HND,Honduras,country,2013,.60100001
HND,Honduras,country,2014,.60399997
HND,Honduras,country,2015,.61000001
HND,Honduras,country,2016,.616
HND,Honduras,country,2017,.61799997
HND,Honduras,country,2018,.61900002
HND,Honduras,country,2019,.63200003
HND,Honduras,country,2020,.625
HND,Honduras,country,2021,.62800002
HND,Honduras,country,2022,.64300001
HND,Honduras,country,2023,.64499998
HRV,Croatia,country,1990,
HRV,Croatia,country,1991,
HRV,Croatia,country,1992,
HRV,Croatia,country,1993,
HRV,Croatia,country,1994,
HRV,Croatia,country,1995,.713
HRV,Croatia,country,1996,.72500002
HRV,Croatia,country,1997,.73400003
HRV,Croatia,country,1998,.74400002
HRV,Croatia,country,1999,.75300002
HRV,Croatia,country,2000,.76899999
HRV,Croatia,country,2001,.78500003
HRV,Croatia,country,2002,.792
HRV,Croatia,country,2003,.79799998
HRV,Croatia,country,2004,.80699998
HRV,Croatia,country,2005,.81400001
HRV,Croatia,country,2006,.81900001
HRV,Croatia,country,2007,.82499999
HRV,Croatia,country,2008,.82700002
HRV,Croatia,country,2009,.82599998
HRV,Croatia,country,2010,.83099997
HRV,Croatia,country,2011,.83600003
HRV,Croatia,country,2012,.83899999
HRV,Croatia,country,2013,.84600002
HRV,Croatia,country,2014,.84799999
HRV,Croatia,country,2015,.852
HRV,Croatia,country,2016,.85600001
HRV,Croatia,country,2017,.86199999
HRV,Croatia,country,2018,.86699998
HRV,Croatia,country,2019,.87199998
HRV,Croatia,country,2020,.86699998
HRV,Croatia,country,2021,.87599999
HRV,Croatia,country,2022,.88599998
HRV,Croatia,country,2023,.889
HTI,Haiti,country,1990,.461
HTI,Haiti,country,1991,.46399999
HTI,Haiti,country,1992,.46599999
HTI,Haiti,country,1993,.46700001
HTI,Haiti,country,1994,.463
HTI,Haiti,country,1995,.47299999
HTI,Haiti,country,1996,.479
HTI,Haiti,country,1997,.484
HTI,Haiti,country,1998,.48800001
HTI,Haiti,country,1999,.493
HTI,Haiti,country,2000,.49700001
HTI,Haiti,country,2001,.5
HTI,Haiti,country,2002,.50400001
HTI,Haiti,country,2003,.50800002
HTI,Haiti,country,2004,.505
HTI,Haiti,country,2005,.51599997
HTI,Haiti,country,2006,.51999998
HTI,Haiti,country,2007,.52399999
HTI,Haiti,country,2008,.528
HTI,Haiti,country,2009,.53399998
HTI,Haiti,country,2010,.45199999
HTI,Haiti,country,2011,.53600001
HTI,Haiti,country,2012,.54000002
HTI,Haiti,country,2013,.54500002
HTI,Haiti,country,2014,.54900002
HTI,Haiti,country,2015,.55199999
HTI,Haiti,country,2016,.55500001
HTI,Haiti,country,2017,.55900002
HTI,Haiti,country,2018,.56099999
HTI,Haiti,country,2019,.56
HTI,Haiti,country,2020,.55500001
HTI,Haiti,country,2021,.54799998
HTI,Haiti,country,2022,.55199999
HTI,Haiti,country,2023,.55400002
HUN,Hungary,country,1990,.73000002
HUN,Hungary,country,1991,.72399998
HUN,Hungary,country,1992,.722
HUN,Hungary,country,1993,.72899997
HUN,Hungary,country,1994,.73900002
HUN,Hungary,country,1995,.74400002
HUN,Hungary,country,1996,.75199997
HUN,Hungary,country,1997,.75800002
HUN,Hungary,country,1998,.764
HUN,Hungary,country,1999,.77100003
HUN,Hungary,country,2000,.78100002
HUN,Hungary,country,2001,.79100001
HUN,Hungary,country,2002,.80000001
HUN,Hungary,country,2003,.80699998
HUN,Hungary,country,2004,.81099999
HUN,Hungary,country,2005,.81599998
HUN,Hungary,country,2006,.82300001
HUN,Hungary,country,2007,.82599998
HUN,Hungary,country,2008,.833
HUN,Hungary,country,2009,.83399999
HUN,Hungary,country,2010,.838
HUN,Hungary,country,2011,.84100002
HUN,Hungary,country,2012,.84100002
HUN,Hungary,country,2013,.85000002
HUN,Hungary,country,2014,.84799999
HUN,Hungary,country,2015,.847
HUN,Hungary,country,2016,.85100001
HUN,Hungary,country,2017,.85299999
HUN,Hungary,country,2018,.85699999
HUN,Hungary,country,2019,.861
HUN,Hungary,country,2020,.85699999
HUN,Hungary,country,2021,.852
HUN,Hungary,country,2022,.86699998
HUN,Hungary,country,2023,.87
IDN,Indonesia,country,1990,.53100002
IDN,Indonesia,country,1991,.53799999
IDN,Indonesia,country,1992,.54500002
IDN,Indonesia,country,1993,.55500001
IDN,Indonesia,country,1994,.565
IDN,Indonesia,country,1995,.57499999
IDN,Indonesia,country,1996,.58499998
IDN,Indonesia,country,1997,.59500003
IDN,Indonesia,country,1998,.59100002
IDN,Indonesia,country,1999,.59500003
IDN,Indonesia,country,2000,.60000002
IDN,Indonesia,country,2001,.60799998
IDN,Indonesia,country,2002,.61699998
IDN,Indonesia,country,2003,.625
IDN,Indonesia,country,2004,.62400001
IDN,Indonesia,country,2005,.63800001
IDN,Indonesia,country,2006,.64600003
IDN,Indonesia,country,2007,.64899999
IDN,Indonesia,country,2008,.653
IDN,Indonesia,country,2009,.66299999
IDN,Indonesia,country,2010,.67000002
IDN,Indonesia,country,2011,.67799997
IDN,Indonesia,country,2012,.68599999
IDN,Indonesia,country,2013,.69
IDN,Indonesia,country,2014,.69300002
IDN,Indonesia,country,2015,.70099998
IDN,Indonesia,country,2016,.70499998
IDN,Indonesia,country,2017,.71200001
IDN,Indonesia,country,2018,.71499997
IDN,Indonesia,country,2019,.71399999
IDN,Indonesia,country,2020,.70999998
IDN,Indonesia,country,2021,.70700002
IDN,Indonesia,country,2022,.72600001
IDN,Indonesia,country,2023,.72799999
IND,India,country,1990,.44600001
IND,India,country,1991,.44800001
IND,India,country,1992,.45300001
IND,India,country,1993,.458
IND,India,country,1994,.463
IND,India,country,1995,.46900001
IND,India,country,1996,.47600001
IND,India,country,1997,.48199999
IND,India,country,1998,.48800001
IND,India,country,1999,.49599999
IND,India,country,2000,.50099999
IND,India,country,2001,.51099998
IND,India,country,2002,.51599997
IND,India,country,2003,.52899998
IND,India,country,2004,.53799999
IND,India,country,2005,.54699999
IND,India,country,2006,.55699998
IND,India,country,2007,.56599998
IND,India,country,2008,.574
IND,India,country,2009,.579
IND,India,country,2010,.58999997
IND,India,country,2011,.60299999
IND,India,country,2012,.60900003
IND,India,country,2013,.61500001
IND,India,country,2014,.625
IND,India,country,2015,.63300002
IND,India,country,2016,.64399999
IND,India,country,2017,.64899999
IND,India,country,2018,.648
IND,India,country,2019,.65100002
IND,India,country,2020,.65200001
IND,India,country,2021,.64700001
IND,India,country,2022,.676
IND,India,country,2023,.685
IRL,Ireland,country,1990,.77600002
IRL,Ireland,country,1991,.77999997
IRL,Ireland,country,1992,.787
IRL,Ireland,country,1993,.79400003
IRL,Ireland,country,1994,.80500001
IRL,Ireland,country,1995,.80900002
IRL,Ireland,country,1996,.81599998
IRL,Ireland,country,1997,.82300001
IRL,Ireland,country,1998,.85500002
IRL,Ireland,country,1999,.85799998
IRL,Ireland,country,2000,.86900002
IRL,Ireland,country,2001,.87599999
IRL,Ireland,country,2002,.88300002
IRL,Ireland,country,2003,.89099997
IRL,Ireland,country,2004,.89899999
IRL,Ireland,country,2005,.90499997
IRL,Ireland,country,2006,.90799999
IRL,Ireland,country,2007,.91100001
IRL,Ireland,country,2008,.90700001
IRL,Ireland,country,2009,.90700001
IRL,Ireland,country,2010,.91500002
IRL,Ireland,country,2011,.90899998
IRL,Ireland,country,2012,.91100001
IRL,Ireland,country,2013,.91500002
IRL,Ireland,country,2014,.921
IRL,Ireland,country,2015,.93099999
IRL,Ireland,country,2016,.93599999
IRL,Ireland,country,2017,.94099998
IRL,Ireland,country,2018,.94400001
IRL,Ireland,country,2019,.94700003
IRL,Ireland,country,2020,.94800001
IRL,Ireland,country,2021,.94599998
IRL,Ireland,country,2022,.94700003
IRL,Ireland,country,2023,.949
IRN,Iran (Islamic Republic of),country,1990,.62599999
IRN,Iran (Islamic Republic of),country,1991,.64499998
IRN,Iran (Islamic Republic of),country,1992,.65200001
IRN,Iran (Islamic Republic of),country,1993,.65799999
IRN,Iran (Islamic Republic of),country,1994,.66399997
IRN,Iran (Islamic Republic of),country,1995,.67199999
IRN,Iran (Islamic Republic of),country,1996,.68099999
IRN,Iran (Islamic Republic of),country,1997,.68699998
IRN,Iran (Islamic Republic of),country,1998,.69499999
IRN,Iran (Islamic Republic of),country,1999,.70300001
IRN,Iran (Islamic Republic of),country,2000,.70999998
IRN,Iran (Islamic Republic of),country,2001,.71899998
IRN,Iran (Islamic Republic of),country,2002,.727
IRN,Iran (Islamic Republic of),country,2003,.73199999
IRN,Iran (Islamic Republic of),country,2004,.741
IRN,Iran (Islamic Republic of),country,2005,.74599999
IRN,Iran (Islamic Republic of),country,2006,.75700003
IRN,Iran (Islamic Republic of),country,2007,.76099998
IRN,Iran (Islamic Republic of),country,2008,.76499999
IRN,Iran (Islamic Republic of),country,2009,.77100003
IRN,Iran (Islamic Republic of),country,2010,.778
IRN,Iran (Islamic Republic of),country,2011,.787
IRN,Iran (Islamic Republic of),country,2012,.79500002
IRN,Iran (Islamic Republic of),country,2013,.79400003
IRN,Iran (Islamic Republic of),country,2014,.79500002
IRN,Iran (Islamic Republic of),country,2015,.78799999
IRN,Iran (Islamic Republic of),country,2016,.79100001
IRN,Iran (Islamic Republic of),country,2017,.79299998
IRN,Iran (Islamic Republic of),country,2018,.79000002
IRN,Iran (Islamic Republic of),country,2019,.787
IRN,Iran (Islamic Republic of),country,2020,.77499998
IRN,Iran (Islamic Republic of),country,2021,.77700001
IRN,Iran (Islamic Republic of),country,2022,.79299998
IRN,Iran (Islamic Republic of),country,2023,.79900002
IRQ,Iraq,country,1990,.53100002
IRQ,Iraq,country,1991,.50400001
IRQ,Iraq,country,1992,.53200001
IRQ,Iraq,country,1993,.55000001
IRQ,Iraq,country,1994,.54699999
IRQ,Iraq,country,1995,.53799999
IRQ,Iraq,country,1996,.55699998
IRQ,Iraq,country,1997,.565
IRQ,Iraq,country,1998,.57999998
IRQ,Iraq,country,1999,.58899999
IRQ,Iraq,country,2000,.59200001
IRQ,Iraq,country,2001,.59799999
IRQ,Iraq,country,2002,.60000002
IRQ,Iraq,country,2003,.58200002
IRQ,Iraq,country,2004,.60399997
IRQ,Iraq,country,2005,.60900003
IRQ,Iraq,country,2006,.611
IRQ,Iraq,country,2007,.61799997
IRQ,Iraq,country,2008,.634
IRQ,Iraq,country,2009,.64399999
IRQ,Iraq,country,2010,.64999998
IRQ,Iraq,country,2011,.65600002
IRQ,Iraq,country,2012,.66399997
IRQ,Iraq,country,2013,.66799998
IRQ,Iraq,country,2014,.671
IRQ,Iraq,country,2015,.67500001
IRQ,Iraq,country,2016,.676
IRQ,Iraq,country,2017,.68099999
IRQ,Iraq,country,2018,.68900001
IRQ,Iraq,country,2019,.69300002
IRQ,Iraq,country,2020,.68000001
IRQ,Iraq,country,2021,.68699998
IRQ,Iraq,country,2022,.69499999
IRQ,Iraq,country,2023,.69499999
ISL,Iceland,country,1990,.84100002
ISL,Iceland,country,1991,.85299999
ISL,Iceland,country,1992,.86000001
ISL,Iceland,country,1993,.86299998
ISL,Iceland,country,1994,.86799997
ISL,Iceland,country,1995,.86299998
ISL,Iceland,country,1996,.87300003
ISL,Iceland,country,1997,.88099998
ISL,Iceland,country,1998,.89300001
ISL,Iceland,country,1999,.89499998
ISL,Iceland,country,2000,.90200001
ISL,Iceland,country,2001,.91000003
ISL,Iceland,country,2002,.917
ISL,Iceland,country,2003,.92500001
ISL,Iceland,country,2004,.92799997
ISL,Iceland,country,2005,.935
ISL,Iceland,country,2006,.93599999
ISL,Iceland,country,2007,.94099998
ISL,Iceland,country,2008,.935
ISL,Iceland,country,2009,.93400002
ISL,Iceland,country,2010,.935
ISL,Iceland,country,2011,.94099998
ISL,Iceland,country,2012,.94599998
ISL,Iceland,country,2013,.94999999
ISL,Iceland,country,2014,.954
ISL,Iceland,country,2015,.95599997
ISL,Iceland,country,2016,.95899999
ISL,Iceland,country,2017,.96200001
ISL,Iceland,country,2018,.96600002
ISL,Iceland,country,2019,.96899998
ISL,Iceland,country,2020,.96499997
ISL,Iceland,country,2021,.96700001
ISL,Iceland,country,2022,.96399999
ISL,Iceland,country,2023,.972
ISR,Israel,country,1990,.787
ISR,Israel,country,1991,.79100001
ISR,Israel,country,1992,.79400003
ISR,Israel,country,1993,.801
ISR,Israel,country,1994,.80599999
ISR,Israel,country,1995,.81
ISR,Israel,country,1996,.81699997
ISR,Israel,country,1997,.824
ISR,Israel,country,1998,.83099997
ISR,Israel,country,1999,.83899999
ISR,Israel,country,2000,.83899999
ISR,Israel,country,2001,.84100002
ISR,Israel,country,2002,.84600002
ISR,Israel,country,2003,.847
ISR,Israel,country,2004,.85000002
ISR,Israel,country,2005,.85799998
ISR,Israel,country,2006,.86699998
ISR,Israel,country,2007,.87800002
ISR,Israel,country,2008,.87800002
ISR,Israel,country,2009,.884
ISR,Israel,country,2010,.889
ISR,Israel,country,2011,.89200002
ISR,Israel,country,2012,.89300001
ISR,Israel,country,2013,.89899999
ISR,Israel,country,2014,.90200001
ISR,Israel,country,2015,.90200001
ISR,Israel,country,2016,.90499997
ISR,Israel,country,2017,.90799999
ISR,Israel,country,2018,.91100001
ISR,Israel,country,2019,.91299999
ISR,Israel,country,2020,.912
ISR,Israel,country,2021,.91799998
ISR,Israel,country,2022,.921
ISR,Israel,country,2023,.91900003
ITA,Italy,country,1990,.787
ITA,Italy,country,1991,.792
ITA,Italy,country,1992,.80000001
ITA,Italy,country,1993,.80599999
ITA,Italy,country,1994,.81599998
ITA,Italy,country,1995,.82300001
ITA,Italy,country,1996,.829
ITA,Italy,country,1997,.83600003
ITA,Italy,country,1998,.83999997
ITA,Italy,country,1999,.84500003
ITA,Italy,country,2000,.84899998
ITA,Italy,country,2001,.85600001
ITA,Italy,country,2002,.86199999
ITA,Italy,country,2003,.866
ITA,Italy,country,2004,.87400001
ITA,Italy,country,2005,.87599999
ITA,Italy,country,2006,.88099998
ITA,Italy,country,2007,.88499999
ITA,Italy,country,2008,.88499999
ITA,Italy,country,2009,.884
ITA,Italy,country,2010,.88700002
ITA,Italy,country,2011,.88999999
ITA,Italy,country,2012,.88700002
ITA,Italy,country,2013,.88700002
ITA,Italy,country,2014,.88999999
ITA,Italy,country,2015,.889
ITA,Italy,country,2016,.89399999
ITA,Italy,country,2017,.89700001
ITA,Italy,country,2018,.90200001
ITA,Italy,country,2019,.90600002
ITA,Italy,country,2020,.89899999
ITA,Italy,country,2021,.90799999
ITA,Italy,country,2022,.90499997
ITA,Italy,country,2023,.91500002
JAM,Jamaica,country,1990,.662
JAM,Jamaica,country,1991,.662
JAM,Jamaica,country,1992,.66399997
JAM,Jamaica,country,1993,.66399997
JAM,Jamaica,country,1994,.66399997
JAM,Jamaica,country,1995,.66500002
JAM,Jamaica,country,1996,.66399997
JAM,Jamaica,country,1997,.66299999
JAM,Jamaica,country,1998,.662
JAM,Jamaica,country,1999,.662
JAM,Jamaica,country,2000,.65899998
JAM,Jamaica,country,2001,.66799998
JAM,Jamaica,country,2002,.67199999
JAM,Jamaica,country,2003,.66799998
JAM,Jamaica,country,2004,.68400002
JAM,Jamaica,country,2005,.68699998
JAM,Jamaica,country,2006,.69599998
JAM,Jamaica,country,2007,.704
JAM,Jamaica,country,2008,.71100003
JAM,Jamaica,country,2009,.71100003
JAM,Jamaica,country,2010,.708
JAM,Jamaica,country,2011,.71100003
JAM,Jamaica,country,2012,.71100003
JAM,Jamaica,country,2013,.71100003
JAM,Jamaica,country,2014,.71200001
JAM,Jamaica,country,2015,.713
JAM,Jamaica,country,2016,.71399999
JAM,Jamaica,country,2017,.71499997
JAM,Jamaica,country,2018,.71499997
JAM,Jamaica,country,2019,.71600002
JAM,Jamaica,country,2020,.71100003
JAM,Jamaica,country,2021,.70300001
JAM,Jamaica,country,2022,.71799999
JAM,Jamaica,country,2023,.72000003
JOR,Jordan,country,1990,.61900002
JOR,Jordan,country,1991,.625
JOR,Jordan,country,1992,.63800001
JOR,Jordan,country,1993,.64300001
JOR,Jordan,country,1994,.64700001
JOR,Jordan,country,1995,.653
JOR,Jordan,country,1996,.65700001
JOR,Jordan,country,1997,.66100001
JOR,Jordan,country,1998,.66399997
JOR,Jordan,country,1999,.66799998
JOR,Jordan,country,2000,.67199999
JOR,Jordan,country,2001,.67900002
JOR,Jordan,country,2002,.68599999
JOR,Jordan,country,2003,.69300002
JOR,Jordan,country,2004,.70499998
JOR,Jordan,country,2005,.713
JOR,Jordan,country,2006,.71899998
JOR,Jordan,country,2007,.72500002
JOR,Jordan,country,2008,.73299998
JOR,Jordan,country,2009,.73500001
JOR,Jordan,country,2010,.73199999
JOR,Jordan,country,2011,.73400003
JOR,Jordan,country,2012,.74000001
JOR,Jordan,country,2013,.74199998
JOR,Jordan,country,2014,.74199998
JOR,Jordan,country,2015,.74299997
JOR,Jordan,country,2016,.745
JOR,Jordan,country,2017,.74699998
JOR,Jordan,country,2018,.74699998
JOR,Jordan,country,2019,.75
JOR,Jordan,country,2020,.74299997
JOR,Jordan,country,2021,.736
JOR,Jordan,country,2022,.75099999
JOR,Jordan,country,2023,.75400001
JPN,Japan,country,1990,.85299999
JPN,Japan,country,1991,.85699999
JPN,Japan,country,1992,.85900003
JPN,Japan,country,1993,.86500001
JPN,Japan,country,1994,.87199998
JPN,Japan,country,1995,.87400001
JPN,Japan,country,1996,.88
JPN,Japan,country,1997,.88300002
JPN,Japan,country,1998,.884
JPN,Japan,country,1999,.88499999
JPN,Japan,country,2000,.889
JPN,Japan,country,2001,.89200002
JPN,Japan,country,2002,.89399999
JPN,Japan,country,2003,.89600003
JPN,Japan,country,2004,.89899999
JPN,Japan,country,2005,.89999998
JPN,Japan,country,2006,.903
JPN,Japan,country,2007,.90499997
JPN,Japan,country,2008,.90499997
JPN,Japan,country,2009,.90499997
JPN,Japan,country,2010,.90700001
JPN,Japan,country,2011,.90600002
JPN,Japan,country,2012,.90899998
JPN,Japan,country,2013,.912
JPN,Japan,country,2014,.91399997
JPN,Japan,country,2015,.917
JPN,Japan,country,2016,.91799998
JPN,Japan,country,2017,.92000002
JPN,Japan,country,2018,.921
JPN,Japan,country,2019,.92199999
JPN,Japan,country,2020,.92199999
JPN,Japan,country,2021,.92199999
JPN,Japan,country,2022,.921
JPN,Japan,country,2023,.92500001
KAZ,Kazakhstan,country,1990,.68900001
KAZ,Kazakhstan,country,1991,.68300003
KAZ,Kazakhstan,country,1992,.68000001
KAZ,Kazakhstan,country,1993,.67299998
KAZ,Kazakhstan,country,1994,.66600001
KAZ,Kazakhstan,country,1995,.66500002
KAZ,Kazakhstan,country,1996,.66900003
KAZ,Kazakhstan,country,1997,.67299998
KAZ,Kazakhstan,country,1998,.67799997
KAZ,Kazakhstan,country,1999,.68300003
KAZ,Kazakhstan,country,2000,.69199997
KAZ,Kazakhstan,country,2001,.70700002
KAZ,Kazakhstan,country,2002,.72000003
KAZ,Kazakhstan,country,2003,.73199999
KAZ,Kazakhstan,country,2004,.74299997
KAZ,Kazakhstan,country,2005,.75400001
KAZ,Kazakhstan,country,2006,.76499999
KAZ,Kazakhstan,country,2007,.77200001
KAZ,Kazakhstan,country,2008,.77100003
KAZ,Kazakhstan,country,2009,.77399999
KAZ,Kazakhstan,country,2010,.78100002
KAZ,Kazakhstan,country,2011,.79000002
KAZ,Kazakhstan,country,2012,.79900002
KAZ,Kazakhstan,country,2013,.80800003
KAZ,Kazakhstan,country,2014,.81300002
KAZ,Kazakhstan,country,2015,.81900001
KAZ,Kazakhstan,country,2016,.81999999
KAZ,Kazakhstan,country,2017,.824
KAZ,Kazakhstan,country,2018,.82800001
KAZ,Kazakhstan,country,2019,.83399999
KAZ,Kazakhstan,country,2020,.82599998
KAZ,Kazakhstan,country,2021,.81599998
KAZ,Kazakhstan,country,2022,.83099997
KAZ,Kazakhstan,country,2023,.83700001
KEN,Kenya,country,1990,.48500001
KEN,Kenya,country,1991,.48500001
KEN,Kenya,country,1992,.484
KEN,Kenya,country,1993,.48300001
KEN,Kenya,country,1994,.484
KEN,Kenya,country,1995,.48800001
KEN,Kenya,country,1996,.491
KEN,Kenya,country,1997,.493
KEN,Kenya,country,1998,.49599999
KEN,Kenya,country,1999,.49900001
KEN,Kenya,country,2000,.5
KEN,Kenya,country,2001,.505
KEN,Kenya,country,2002,.50400001
KEN,Kenya,country,2003,.51499999
KEN,Kenya,country,2004,.52600002
KEN,Kenya,country,2005,.53200001
KEN,Kenya,country,2006,.54100001
KEN,Kenya,country,2007,.54799998
KEN,Kenya,country,2008,.55299997
KEN,Kenya,country,2009,.55299997
KEN,Kenya,country,2010,.55199999
KEN,Kenya,country,2011,.56
KEN,Kenya,country,2012,.565
KEN,Kenya,country,2013,.56999999
KEN,Kenya,country,2014,.57599998
KEN,Kenya,country,2015,.583
KEN,Kenya,country,2016,.59399998
KEN,Kenya,country,2017,.59899998
KEN,Kenya,country,2018,.60500002
KEN,Kenya,country,2019,.611
KEN,Kenya,country,2020,.60000002
KEN,Kenya,country,2021,.60799998
KEN,Kenya,country,2022,.62599999
KEN,Kenya,country,2023,.62800002
KGZ,Kyrgyzstan,country,1990,.64899999
KGZ,Kyrgyzstan,country,1991,.64300001
KGZ,Kyrgyzstan,country,1992,.63099998
KGZ,Kyrgyzstan,country,1993,.61500001
KGZ,Kyrgyzstan,country,1994,.59500003
KGZ,Kyrgyzstan,country,1995,.58999997
KGZ,Kyrgyzstan,country,1996,.597
KGZ,Kyrgyzstan,country,1997,.60799998
KGZ,Kyrgyzstan,country,1998,.61299998
KGZ,Kyrgyzstan,country,1999,.61900002
KGZ,Kyrgyzstan,country,2000,.62699997
KGZ,Kyrgyzstan,country,2001,.634
KGZ,Kyrgyzstan,country,2002,.63499999
KGZ,Kyrgyzstan,country,2003,.64200002
KGZ,Kyrgyzstan,country,2004,.64600003
KGZ,Kyrgyzstan,country,2005,.648
KGZ,Kyrgyzstan,country,2006,.65200001
KGZ,Kyrgyzstan,country,2007,.65799999
KGZ,Kyrgyzstan,country,2008,.66600001
KGZ,Kyrgyzstan,country,2009,.66900003
KGZ,Kyrgyzstan,country,2010,.66799998
KGZ,Kyrgyzstan,country,2011,.67000002
KGZ,Kyrgyzstan,country,2012,.67900002
KGZ,Kyrgyzstan,country,2013,.68599999
KGZ,Kyrgyzstan,country,2014,.69099998
KGZ,Kyrgyzstan,country,2015,.69499999
KGZ,Kyrgyzstan,country,2016,.69999999
KGZ,Kyrgyzstan,country,2017,.704
KGZ,Kyrgyzstan,country,2018,.708
KGZ,Kyrgyzstan,country,2019,.708
KGZ,Kyrgyzstan,country,2020,.69999999
KGZ,Kyrgyzstan,country,2021,.704
KGZ,Kyrgyzstan,country,2022,.71700001
KGZ,Kyrgyzstan,country,2023,.72000003
KHM,Cambodia,country,1990,.38699999
KHM,Cambodia,country,1991,.39199999
KHM,Cambodia,country,1992,.396
KHM,Cambodia,country,1993,.39899999
KHM,Cambodia,country,1994,.40000001
KHM,Cambodia,country,1995,.40400001
KHM,Cambodia,country,1996,.40799999
KHM,Cambodia,country,1997,.414
KHM,Cambodia,country,1998,.419
KHM,Cambodia,country,1999,.42899999
KHM,Cambodia,country,2000,.43799999
KHM,Cambodia,country,2001,.45300001
KHM,Cambodia,country,2002,.47299999
KHM,Cambodia,country,2003,.48800001
KHM,Cambodia,country,2004,.50199997
KHM,Cambodia,country,2005,.514
KHM,Cambodia,country,2006,.52499998
KHM,Cambodia,country,2007,.53399998
KHM,Cambodia,country,2008,.53899997
KHM,Cambodia,country,2009,.53899997
KHM,Cambodia,country,2010,.54299998
KHM,Cambodia,country,2011,.54699999
KHM,Cambodia,country,2012,.551
KHM,Cambodia,country,2013,.55400002
KHM,Cambodia,country,2014,.55699998
KHM,Cambodia,country,2015,.56199998
KHM,Cambodia,country,2016,.56999999
KHM,Cambodia,country,2017,.57800001
KHM,Cambodia,country,2018,.58600003
KHM,Cambodia,country,2019,.59299999
KHM,Cambodia,country,2020,.59500003
KHM,Cambodia,country,2021,.59399998
KHM,Cambodia,country,2022,.602
KHM,Cambodia,country,2023,.60600001
KIR,Kiribati,country,1990,
KIR,Kiribati,country,1991,
KIR,Kiribati,country,1992,
KIR,Kiribati,country,1993,
KIR,Kiribati,country,1994,
KIR,Kiribati,country,1995,
KIR,Kiribati,country,1996,
KIR,Kiribati,country,1997,
KIR,Kiribati,country,1998,
KIR,Kiribati,country,1999,
KIR,Kiribati,country,2000,
KIR,Kiribati,country,2001,
KIR,Kiribati,country,2002,
KIR,Kiribati,country,2003,
KIR,Kiribati,country,2004,
KIR,Kiribati,country,2005,.588
KIR,Kiribati,country,2006,.59299999
KIR,Kiribati,country,2007,.59600002
KIR,Kiribati,country,2008,.59600002
KIR,Kiribati,country,2009,.59799999
KIR,Kiribati,country,2010,.60000002
KIR,Kiribati,country,2011,.60299999
KIR,Kiribati,country,2012,.60799998
KIR,Kiribati,country,2013,.61299998
KIR,Kiribati,country,2014,.61500001
KIR,Kiribati,country,2015,.62300003
KIR,Kiribati,country,2016,.62699997
KIR,Kiribati,country,2017,.63
KIR,Kiribati,country,2018,.63300002
KIR,Kiribati,country,2019,.63499999
KIR,Kiribati,country,2020,.63200003
KIR,Kiribati,country,2021,.63099998
KIR,Kiribati,country,2022,.64200002
KIR,Kiribati,country,2023,.64399999
KNA,Saint Kitts and Nevis,country,1990,
KNA,Saint Kitts and Nevis,country,1991,
KNA,Saint Kitts and Nevis,country,1992,
KNA,Saint Kitts and Nevis,country,1993,
KNA,Saint Kitts and Nevis,country,1994,
KNA,Saint Kitts and Nevis,country,1995,
KNA,Saint Kitts and Nevis,country,1996,
KNA,Saint Kitts and Nevis,country,1997,
KNA,Saint Kitts and Nevis,country,1998,
KNA,Saint Kitts and Nevis,country,1999,
KNA,Saint Kitts and Nevis,country,2000,
KNA,Saint Kitts and Nevis,country,2001,
KNA,Saint Kitts and Nevis,country,2002,
KNA,Saint Kitts and Nevis,country,2003,
KNA,Saint Kitts and Nevis,country,2004,
KNA,Saint Kitts and Nevis,country,2005,.75800002
KNA,Saint Kitts and Nevis,country,2006,.76499999
KNA,Saint Kitts and Nevis,country,2007,.76899999
KNA,Saint Kitts and Nevis,country,2008,.77600002
KNA,Saint Kitts and Nevis,country,2009,.78299999
KNA,Saint Kitts and Nevis,country,2010,.79100001
KNA,Saint Kitts and Nevis,country,2011,.80000001
KNA,Saint Kitts and Nevis,country,2012,.80800003
KNA,Saint Kitts and Nevis,country,2013,.81800002
KNA,Saint Kitts and Nevis,country,2014,.829
KNA,Saint Kitts and Nevis,country,2015,.82999998
KNA,Saint Kitts and Nevis,country,2016,.83200002
KNA,Saint Kitts and Nevis,country,2017,.83399999
KNA,Saint Kitts and Nevis,country,2018,.83499998
KNA,Saint Kitts and Nevis,country,2019,.83899999
KNA,Saint Kitts and Nevis,country,2020,.82800001
KNA,Saint Kitts and Nevis,country,2021,.81800002
KNA,Saint Kitts and Nevis,country,2022,.829
KNA,Saint Kitts and Nevis,country,2023,.83999997
KOR,Republic of Korea,country,1990,.73799998
KOR,Republic of Korea,country,1991,.74900001
KOR,Republic of Korea,country,1992,.759
KOR,Republic of Korea,country,1993,.76999998
KOR,Republic of Korea,country,1994,.77899998
KOR,Republic of Korea,country,1995,.78899997
KOR,Republic of Korea,country,1996,.801
KOR,Republic of Korea,country,1997,.81199998
KOR,Republic of Korea,country,1998,.80900002
KOR,Republic of Korea,country,1999,.82099998
KOR,Republic of Korea,country,2000,.82999998
KOR,Republic of Korea,country,2001,.838
KOR,Republic of Korea,country,2002,.84600002
KOR,Republic of Korea,country,2003,.852
KOR,Republic of Korea,country,2004,.85900003
KOR,Republic of Korea,country,2005,.866
KOR,Republic of Korea,country,2006,.87099999
KOR,Republic of Korea,country,2007,.87599999
KOR,Republic of Korea,country,2008,.87800002
KOR,Republic of Korea,country,2009,.88099998
KOR,Republic of Korea,country,2010,.89399999
KOR,Republic of Korea,country,2011,.89899999
KOR,Republic of Korea,country,2012,.90100002
KOR,Republic of Korea,country,2013,.90499997
KOR,Republic of Korea,country,2014,.91000003
KOR,Republic of Korea,country,2015,.91399997
KOR,Republic of Korea,country,2016,.91799998
KOR,Republic of Korea,country,2017,.92199999
KOR,Republic of Korea,country,2018,.92400002
KOR,Republic of Korea,country,2019,.92699999
KOR,Republic of Korea,country,2020,.92799997
KOR,Republic of Korea,country,2021,.93300003
KOR,Republic of Korea,country,2022,.92799997
KOR,Republic of Korea,country,2023,.93699998
KWT,Kuwait,country,1990,.69800001
KWT,Kuwait,country,1991,.685
KWT,Kuwait,country,1992,.699
KWT,Kuwait,country,1993,.704
KWT,Kuwait,country,1994,.73400003
KWT,Kuwait,country,1995,.76300001
KWT,Kuwait,country,1996,.76899999
KWT,Kuwait,country,1997,.76499999
KWT,Kuwait,country,1998,.76999998
KWT,Kuwait,country,1999,.773
KWT,Kuwait,country,2000,.778
KWT,Kuwait,country,2001,.77700001
KWT,Kuwait,country,2002,.78299999
KWT,Kuwait,country,2003,.79500002
KWT,Kuwait,country,2004,.79799998
KWT,Kuwait,country,2005,.79799998
KWT,Kuwait,country,2006,.79900002
KWT,Kuwait,country,2007,.801
KWT,Kuwait,country,2008,.80500001
KWT,Kuwait,country,2009,.80900002
KWT,Kuwait,country,2010,.81199998
KWT,Kuwait,country,2011,.81699997
KWT,Kuwait,country,2012,.82200003
KWT,Kuwait,country,2013,.81400001
KWT,Kuwait,country,2014,.81800002
KWT,Kuwait,country,2015,.83200002
KWT,Kuwait,country,2016,.83600003
KWT,Kuwait,country,2017,.838
KWT,Kuwait,country,2018,.83999997
KWT,Kuwait,country,2019,.84299999
KWT,Kuwait,country,2020,.83700001
KWT,Kuwait,country,2021,.83899999
KWT,Kuwait,country,2022,.84500003
KWT,Kuwait,country,2023,.852
LAO,Lao People's Democratic Republic,country,1990,.40900001
LAO,Lao People's Democratic Republic,country,1991,.41499999
LAO,Lao People's Democratic Republic,country,1992,.41999999
LAO,Lao People's Democratic Republic,country,1993,.426
LAO,Lao People's Democratic Republic,country,1994,.43399999
LAO,Lao People's Democratic Republic,country,1995,.43599999
LAO,Lao People's Democratic Republic,country,1996,.449
LAO,Lao People's Democratic Republic,country,1997,.45500001
LAO,Lao People's Democratic Republic,country,1998,.46200001
LAO,Lao People's Democratic Republic,country,1999,.46900001
LAO,Lao People's Democratic Republic,country,2000,.47299999
LAO,Lao People's Democratic Republic,country,2001,.479
LAO,Lao People's Democratic Republic,country,2002,.48800001
LAO,Lao People's Democratic Republic,country,2003,.49599999
LAO,Lao People's Democratic Republic,country,2004,.505
LAO,Lao People's Democratic Republic,country,2005,.514
LAO,Lao People's Democratic Republic,country,2006,.51499999
LAO,Lao People's Democratic Republic,country,2007,.52899998
LAO,Lao People's Democratic Republic,country,2008,.537
LAO,Lao People's Democratic Republic,country,2009,.54799998
LAO,Lao People's Democratic Republic,country,2010,.55599999
LAO,Lao People's Democratic Republic,country,2011,.56699997
LAO,Lao People's Democratic Republic,country,2012,.57700002
LAO,Lao People's Democratic Republic,country,2013,.58700001
LAO,Lao People's Democratic Republic,country,2014,.597
LAO,Lao People's Democratic Republic,country,2015,.60399997
LAO,Lao People's Democratic Republic,country,2016,.60900003
LAO,Lao People's Democratic Republic,country,2017,.61199999
LAO,Lao People's Democratic Republic,country,2018,.61299998
LAO,Lao People's Democratic Republic,country,2019,.61500001
LAO,Lao People's Democratic Republic,country,2020,.616
LAO,Lao People's Democratic Republic,country,2021,.61299998
LAO,Lao People's Democratic Republic,country,2022,.61400002
LAO,Lao People's Democratic Republic,country,2023,.61699998
LBN,Lebanon,country,1990,
LBN,Lebanon,country,1991,
LBN,Lebanon,country,1992,
LBN,Lebanon,country,1993,
LBN,Lebanon,country,1994,
LBN,Lebanon,country,1995,
LBN,Lebanon,country,1996,
LBN,Lebanon,country,1997,
LBN,Lebanon,country,1998,
LBN,Lebanon,country,1999,
LBN,Lebanon,country,2000,
LBN,Lebanon,country,2001,
LBN,Lebanon,country,2002,
LBN,Lebanon,country,2003,
LBN,Lebanon,country,2004,
LBN,Lebanon,country,2005,.70999998
LBN,Lebanon,country,2006,.713
LBN,Lebanon,country,2007,.72600001
LBN,Lebanon,country,2008,.73400003
LBN,Lebanon,country,2009,.74299997
LBN,Lebanon,country,2010,.75
LBN,Lebanon,country,2011,.75800002
LBN,Lebanon,country,2012,.76200002
LBN,Lebanon,country,2013,.76200002
LBN,Lebanon,country,2014,.76099998
LBN,Lebanon,country,2015,.76300001
LBN,Lebanon,country,2016,.76700002
LBN,Lebanon,country,2017,.77200001
LBN,Lebanon,country,2018,.77399999
LBN,Lebanon,country,2019,.77100003
LBN,Lebanon,country,2020,.75
LBN,Lebanon,country,2021,.73299998
LBN,Lebanon,country,2022,.755
LBN,Lebanon,country,2023,.75199997
LBR,Liberia,country,1990,
LBR,Liberia,country,1991,
LBR,Liberia,country,1992,
LBR,Liberia,country,1993,
LBR,Liberia,country,1994,
LBR,Liberia,country,1995,
LBR,Liberia,country,1996,
LBR,Liberia,country,1997,
LBR,Liberia,country,1998,
LBR,Liberia,country,1999,.403
LBR,Liberia,country,2000,.44299999
LBR,Liberia,country,2001,.44800001
LBR,Liberia,country,2002,.45300001
LBR,Liberia,country,2003,.42899999
LBR,Liberia,country,2004,.442
LBR,Liberia,country,2005,.44600001
LBR,Liberia,country,2006,.44999999
LBR,Liberia,country,2007,.45500001
LBR,Liberia,country,2008,.45899999
LBR,Liberia,country,2009,.463
LBR,Liberia,country,2010,.46700001
LBR,Liberia,country,2011,.47099999
LBR,Liberia,country,2012,.47499999
LBR,Liberia,country,2013,.48100001
LBR,Liberia,country,2014,.479
LBR,Liberia,country,2015,.47999999
LBR,Liberia,country,2016,.48500001
LBR,Liberia,country,2017,.491
LBR,Liberia,country,2018,.495
LBR,Liberia,country,2019,.49700001
LBR,Liberia,country,2020,.498
LBR,Liberia,country,2021,.50300002
LBR,Liberia,country,2022,.50800002
LBR,Liberia,country,2023,.50999999
LBY,Libya,country,1990,.69
LBY,Libya,country,1991,.69999999
LBY,Libya,country,1992,.70300001
LBY,Libya,country,1993,.70499998
LBY,Libya,country,1994,.70999998
LBY,Libya,country,1995,.71200001
LBY,Libya,country,1996,.71600002
LBY,Libya,country,1997,.72100002
LBY,Libya,country,1998,.72100002
LBY,Libya,country,1999,.72399998
LBY,Libya,country,2000,.727
LBY,Libya,country,2001,.73000002
LBY,Libya,country,2002,.73299998
LBY,Libya,country,2003,.73900002
LBY,Libya,country,2004,.741
LBY,Libya,country,2005,.74699998
LBY,Libya,country,2006,.75099999
LBY,Libya,country,2007,.75400001
LBY,Libya,country,2008,.75400001
LBY,Libya,country,2009,.75300002
LBY,Libya,country,2010,.755
LBY,Libya,country,2011,.71499997
LBY,Libya,country,2012,.75800002
LBY,Libya,country,2013,.74800003
LBY,Libya,country,2014,.72799999
LBY,Libya,country,2015,.72799999
LBY,Libya,country,2016,.72500002
LBY,Libya,country,2017,.74000001
LBY,Libya,country,2018,.74299997
LBY,Libya,country,2019,.73699999
LBY,Libya,country,2020,.68800002
LBY,Libya,country,2021,.72899997
LBY,Libya,country,2022,.741
LBY,Libya,country,2023,.72100002
LCA,Saint Lucia,country,1990,.68300003
LCA,Saint Lucia,country,1991,.685
LCA,Saint Lucia,country,1992,.69199997
LCA,Saint Lucia,country,1993,.69400001
LCA,Saint Lucia,country,1994,.69599998
LCA,Saint Lucia,country,1995,.69800001
LCA,Saint Lucia,country,1996,.70099998
LCA,Saint Lucia,country,1997,.70099998
LCA,Saint Lucia,country,1998,.70499998
LCA,Saint Lucia,country,1999,.708
LCA,Saint Lucia,country,2000,.70999998
LCA,Saint Lucia,country,2001,.71200001
LCA,Saint Lucia,country,2002,.71600002
LCA,Saint Lucia,country,2003,.72100002
LCA,Saint Lucia,country,2004,.72600001
LCA,Saint Lucia,country,2005,.73000002
LCA,Saint Lucia,country,2006,.741
LCA,Saint Lucia,country,2007,.74000001
LCA,Saint Lucia,country,2008,.74900001
LCA,Saint Lucia,country,2009,.75099999
LCA,Saint Lucia,country,2010,.74900001
LCA,Saint Lucia,country,2011,.755
LCA,Saint Lucia,country,2012,.74800003
LCA,Saint Lucia,country,2013,.741
LCA,Saint Lucia,country,2014,.74599999
LCA,Saint Lucia,country,2015,.75700003
LCA,Saint Lucia,country,2016,.75999999
LCA,Saint Lucia,country,2017,.75700003
LCA,Saint Lucia,country,2018,.759
LCA,Saint Lucia,country,2019,.745
LCA,Saint Lucia,country,2020,.73400003
LCA,Saint Lucia,country,2021,.72399998
LCA,Saint Lucia,country,2022,.74699998
LCA,Saint Lucia,country,2023,.74800003
LIE,Liechtenstein,country,1990,
LIE,Liechtenstein,country,1991,
LIE,Liechtenstein,country,1992,
LIE,Liechtenstein,country,1993,
LIE,Liechtenstein,country,1994,
LIE,Liechtenstein,country,1995,
LIE,Liechtenstein,country,1996,
LIE,Liechtenstein,country,1997,
LIE,Liechtenstein,country,1998,
LIE,Liechtenstein,country,1999,
LIE,Liechtenstein,country,2000,.88200003
LIE,Liechtenstein,country,2001,.88800001
LIE,Liechtenstein,country,2002,.89300001
LIE,Liechtenstein,country,2003,.89700001
LIE,Liechtenstein,country,2004,.90399998
LIE,Liechtenstein,country,2005,.903
LIE,Liechtenstein,country,2006,.90799999
LIE,Liechtenstein,country,2007,.90899998
LIE,Liechtenstein,country,2008,.912
LIE,Liechtenstein,country,2009,.91299999
LIE,Liechtenstein,country,2010,.91399997
LIE,Liechtenstein,country,2011,.91900003
LIE,Liechtenstein,country,2012,.91900003
LIE,Liechtenstein,country,2013,.92000002
LIE,Liechtenstein,country,2014,.92299998
LIE,Liechtenstein,country,2015,.92500001
LIE,Liechtenstein,country,2016,.926
LIE,Liechtenstein,country,2017,.92900002
LIE,Liechtenstein,country,2018,.92799997
LIE,Liechtenstein,country,2019,.935
LIE,Liechtenstein,country,2020,.92900002
LIE,Liechtenstein,country,2021,.93300003
LIE,Liechtenstein,country,2022,.93599999
LIE,Liechtenstein,country,2023,.93800002
LKA,Sri Lanka,country,1990,.63800001
LKA,Sri Lanka,country,1991,.64200002
LKA,Sri Lanka,country,1992,.64999998
LKA,Sri Lanka,country,1993,.65799999
LKA,Sri Lanka,country,1994,.66399997
LKA,Sri Lanka,country,1995,.667
LKA,Sri Lanka,country,1996,.67199999
LKA,Sri Lanka,country,1997,.67900002
LKA,Sri Lanka,country,1998,.685
LKA,Sri Lanka,country,1999,.69199997
LKA,Sri Lanka,country,2000,.70200002
LKA,Sri Lanka,country,2001,.704
LKA,Sri Lanka,country,2002,.70899999
LKA,Sri Lanka,country,2003,.713
LKA,Sri Lanka,country,2004,.69499999
LKA,Sri Lanka,country,2005,.72100002
LKA,Sri Lanka,country,2006,.72399998
LKA,Sri Lanka,country,2007,.72899997
LKA,Sri Lanka,country,2008,.73000002
LKA,Sri Lanka,country,2009,.72299999
LKA,Sri Lanka,country,2010,.74800003
LKA,Sri Lanka,country,2011,.75300002
LKA,Sri Lanka,country,2012,.759
LKA,Sri Lanka,country,2013,.764
LKA,Sri Lanka,country,2014,.76700002
LKA,Sri Lanka,country,2015,.76899999
LKA,Sri Lanka,country,2016,.77200001
LKA,Sri Lanka,country,2017,.77700001
LKA,Sri Lanka,country,2018,.78200001
LKA,Sri Lanka,country,2019,.78100002
LKA,Sri Lanka,country,2020,.77999997
LKA,Sri Lanka,country,2021,.77700001
LKA,Sri Lanka,country,2022,.77700001
LKA,Sri Lanka,country,2023,.77600002
LSO,Lesotho,country,1990,.48300001
LSO,Lesotho,country,1991,.48199999
LSO,Lesotho,country,1992,.48100001
LSO,Lesotho,country,1993,.477
LSO,Lesotho,country,1994,.47799999
LSO,Lesotho,country,1995,.47600001
LSO,Lesotho,country,1996,.47299999
LSO,Lesotho,country,1997,.46900001
LSO,Lesotho,country,1998,.46900001
LSO,Lesotho,country,1999,.46200001
LSO,Lesotho,country,2000,.46200001
LSO,Lesotho,country,2001,.45699999
LSO,Lesotho,country,2002,.45500001
LSO,Lesotho,country,2003,.456
LSO,Lesotho,country,2004,.454
LSO,Lesotho,country,2005,.454
LSO,Lesotho,country,2006,.45100001
LSO,Lesotho,country,2007,.458
LSO,Lesotho,country,2008,.463
LSO,Lesotho,country,2009,.46799999
LSO,Lesotho,country,2010,.47799999
LSO,Lesotho,country,2011,.48500001
LSO,Lesotho,country,2012,.49599999
LSO,Lesotho,country,2013,.50199997
LSO,Lesotho,country,2014,.509
LSO,Lesotho,country,2015,.51700002
LSO,Lesotho,country,2016,.52600002
LSO,Lesotho,country,2017,.53100002
LSO,Lesotho,country,2018,.53799999
LSO,Lesotho,country,2019,.54100001
LSO,Lesotho,country,2020,.537
LSO,Lesotho,country,2021,.53200001
LSO,Lesotho,country,2022,.54699999
LSO,Lesotho,country,2023,.55000001
LTU,Lithuania,country,1990,.745
LTU,Lithuania,country,1991,.73799998
LTU,Lithuania,country,1992,.72299999
LTU,Lithuania,country,1993,.70499998
LTU,Lithuania,country,1994,.699
LTU,Lithuania,country,1995,.70599997
LTU,Lithuania,country,1996,.72299999
LTU,Lithuania,country,1997,.73900002
LTU,Lithuania,country,1998,.75099999
LTU,Lithuania,country,1999,.76200002
LTU,Lithuania,country,2000,.778
LTU,Lithuania,country,2001,.787
LTU,Lithuania,country,2002,.79900002
LTU,Lithuania,country,2003,.81199998
LTU,Lithuania,country,2004,.82099998
LTU,Lithuania,country,2005,.82800001
LTU,Lithuania,country,2006,.83399999
LTU,Lithuania,country,2007,.83899999
LTU,Lithuania,country,2008,.84899998
LTU,Lithuania,country,2009,.85100001
LTU,Lithuania,country,2010,.85399997
LTU,Lithuania,country,2011,.86000001
LTU,Lithuania,country,2012,.86199999
LTU,Lithuania,country,2013,.86500001
LTU,Lithuania,country,2014,.866
LTU,Lithuania,country,2015,.86900002
LTU,Lithuania,country,2016,.875
LTU,Lithuania,country,2017,.88499999
LTU,Lithuania,country,2018,.889
LTU,Lithuania,country,2019,.89399999
LTU,Lithuania,country,2020,.88800001
LTU,Lithuania,country,2021,.88700002
LTU,Lithuania,country,2022,.88800001
LTU,Lithuania,country,2023,.89499998
LUX,Luxembourg,country,1990,.787
LUX,Luxembourg,country,1991,.796
LUX,Luxembourg,country,1992,.801
LUX,Luxembourg,country,1993,.81199998
LUX,Luxembourg,country,1994,.81999999
LUX,Luxembourg,country,1995,.824
LUX,Luxembourg,country,1996,.83200002
LUX,Luxembourg,country,1997,.83700001
LUX,Luxembourg,country,1998,.84500003
LUX,Luxembourg,country,1999,.85799998
LUX,Luxembourg,country,2000,.861
LUX,Luxembourg,country,2001,.86299998
LUX,Luxembourg,country,2002,.86799997
LUX,Luxembourg,country,2003,.87
LUX,Luxembourg,country,2004,.87800002
LUX,Luxembourg,country,2005,.87900001
LUX,Luxembourg,country,2006,.88
LUX,Luxembourg,country,2007,.88300002
LUX,Luxembourg,country,2008,.89600003
LUX,Luxembourg,country,2009,.90499997
LUX,Luxembourg,country,2010,.90899998
LUX,Luxembourg,country,2011,.91100001
LUX,Luxembourg,country,2012,.91399997
LUX,Luxembourg,country,2013,.91900003
LUX,Luxembourg,country,2014,.92400002
LUX,Luxembourg,country,2015,.91299999
LUX,Luxembourg,country,2016,.91600001
LUX,Luxembourg,country,2017,.91299999
LUX,Luxembourg,country,2018,.91500002
LUX,Luxembourg,country,2019,.91600001
LUX,Luxembourg,country,2020,.91600001
LUX,Luxembourg,country,2021,.91799998
LUX,Luxembourg,country,2022,.92199999
LUX,Luxembourg,country,2023,.92199999
LVA,Latvia,country,1990,.736
LVA,Latvia,country,1991,.73299998
LVA,Latvia,country,1992,.70899999
LVA,Latvia,country,1993,.69199997
LVA,Latvia,country,1994,.68599999
LVA,Latvia,country,1995,.69499999
LVA,Latvia,country,1996,.71399999
LVA,Latvia,country,1997,.727
LVA,Latvia,country,1998,.73799998
LVA,Latvia,country,1999,.75300002
LVA,Latvia,country,2000,.764
LVA,Latvia,country,2001,.77499998
LVA,Latvia,country,2002,.78600001
LVA,Latvia,country,2003,.79799998
LVA,Latvia,country,2004,.80900002
LVA,Latvia,country,2005,.81800002
LVA,Latvia,country,2006,.82300001
LVA,Latvia,country,2007,.829
LVA,Latvia,country,2008,.83700001
LVA,Latvia,country,2009,.83600003
LVA,Latvia,country,2010,.833
LVA,Latvia,country,2011,.83999997
LVA,Latvia,country,2012,.84299999
LVA,Latvia,country,2013,.852
LVA,Latvia,country,2014,.85399997
LVA,Latvia,country,2015,.85900003
LVA,Latvia,country,2016,.86400002
LVA,Latvia,country,2017,.87
LVA,Latvia,country,2018,.875
LVA,Latvia,country,2019,.88
LVA,Latvia,country,2020,.87900001
LVA,Latvia,country,2021,.87099999
LVA,Latvia,country,2022,.88099998
LVA,Latvia,country,2023,.889
MAR,Morocco,country,1990,.45100001
MAR,Morocco,country,1991,.45699999
MAR,Morocco,country,1992,.461
MAR,Morocco,country,1993,.46799999
MAR,Morocco,country,1994,.47999999
MAR,Morocco,country,1995,.484
MAR,Morocco,country,1996,.495
MAR,Morocco,country,1997,.5
MAR,Morocco,country,1998,.50700003
MAR,Morocco,country,1999,.51700002
MAR,Morocco,country,2000,.528
MAR,Morocco,country,2001,.53899997
MAR,Morocco,country,2002,.55000001
MAR,Morocco,country,2003,.56
MAR,Morocco,country,2004,.56699997
MAR,Morocco,country,2005,.57300001
MAR,Morocco,country,2006,.579
MAR,Morocco,country,2007,.58600003
MAR,Morocco,country,2008,.59299999
MAR,Morocco,country,2009,.59799999
MAR,Morocco,country,2010,.60699999
MAR,Morocco,country,2011,.61900002
MAR,Morocco,country,2012,.62900001
MAR,Morocco,country,2013,.639
MAR,Morocco,country,2014,.648
MAR,Morocco,country,2015,.65899998
MAR,Morocco,country,2016,.66500002
MAR,Morocco,country,2017,.67400002
MAR,Morocco,country,2018,.68000001
MAR,Morocco,country,2019,.68699998
MAR,Morocco,country,2020,.68300003
MAR,Morocco,country,2021,.69
MAR,Morocco,country,2022,.704
MAR,Morocco,country,2023,.70999998
MCO,Monaco,country,1990,
MCO,Monaco,country,1991,
MCO,Monaco,country,1992,
MCO,Monaco,country,1993,
MCO,Monaco,country,1994,
MCO,Monaco,country,1995,
MCO,Monaco,country,1996,
MCO,Monaco,country,1997,
MCO,Monaco,country,1998,
MCO,Monaco,country,1999,
MCO,Monaco,country,2000,
MCO,Monaco,country,2001,
MCO,Monaco,country,2002,
MCO,Monaco,country,2003,
MCO,Monaco,country,2004,
MCO,Monaco,country,2005,
MCO,Monaco,country,2006,
MCO,Monaco,country,2007,
MCO,Monaco,country,2008,
MCO,Monaco,country,2009,
MCO,Monaco,country,2010,
MCO,Monaco,country,2011,
MCO,Monaco,country,2012,
MCO,Monaco,country,2013,
MCO,Monaco,country,2014,
MCO,Monaco,country,2015,
MCO,Monaco,country,2016,
MCO,Monaco,country,2017,
MCO,Monaco,country,2018,
MCO,Monaco,country,2019,
MCO,Monaco,country,2020,
MCO,Monaco,country,2021,
MCO,Monaco,country,2022,
MCO,Monaco,country,2023,
MDA,Republic of Moldova,country,1990,
MDA,Republic of Moldova,country,1991,
MDA,Republic of Moldova,country,1992,
MDA,Republic of Moldova,country,1993,
MDA,Republic of Moldova,country,1994,
MDA,Republic of Moldova,country,1995,
MDA,Republic of Moldova,country,1996,
MDA,Republic of Moldova,country,1997,
MDA,Republic of Moldova,country,1998,
MDA,Republic of Moldova,country,1999,
MDA,Republic of Moldova,country,2000,
MDA,Republic of Moldova,country,2001,
MDA,Republic of Moldova,country,2002,
MDA,Republic of Moldova,country,2003,
MDA,Republic of Moldova,country,2004,
MDA,Republic of Moldova,country,2005,.70200002
MDA,Republic of Moldova,country,2006,.71100003
MDA,Republic of Moldova,country,2007,.71799999
MDA,Republic of Moldova,country,2008,.72799999
MDA,Republic of Moldova,country,2009,.72899997
MDA,Republic of Moldova,country,2010,.73900002
MDA,Republic of Moldova,country,2011,.74800003
MDA,Republic of Moldova,country,2012,.75400001
MDA,Republic of Moldova,country,2013,.75800002
MDA,Republic of Moldova,country,2014,.76200002
MDA,Republic of Moldova,country,2015,.759
MDA,Republic of Moldova,country,2016,.76300001
MDA,Republic of Moldova,country,2017,.76899999
MDA,Republic of Moldova,country,2018,.77200001
MDA,Republic of Moldova,country,2019,.77499998
MDA,Republic of Moldova,country,2020,.76999998
MDA,Republic of Moldova,country,2021,.773
MDA,Republic of Moldova,country,2022,.78399998
MDA,Republic of Moldova,country,2023,.78500003
MDG,Madagascar,country,1990,
MDG,Madagascar,country,1991,
MDG,Madagascar,country,1992,
MDG,Madagascar,country,1993,
MDG,Madagascar,country,1994,
MDG,Madagascar,country,1995,
MDG,Madagascar,country,1996,
MDG,Madagascar,country,1997,
MDG,Madagascar,country,1998,
MDG,Madagascar,country,1999,.43599999
MDG,Madagascar,country,2000,.44299999
MDG,Madagascar,country,2001,.45100001
MDG,Madagascar,country,2002,.44800001
MDG,Madagascar,country,2003,.458
MDG,Madagascar,country,2004,.465
MDG,Madagascar,country,2005,.47
MDG,Madagascar,country,2006,.47400001
MDG,Madagascar,country,2007,.48199999
MDG,Madagascar,country,2008,.49000001
MDG,Madagascar,country,2009,.493
MDG,Madagascar,country,2010,.493
MDG,Madagascar,country,2011,.49399999
MDG,Madagascar,country,2012,.49599999
MDG,Madagascar,country,2013,.49700001
MDG,Madagascar,country,2014,.5
MDG,Madagascar,country,2015,.50099999
MDG,Madagascar,country,2016,.50099999
MDG,Madagascar,country,2017,.505
MDG,Madagascar,country,2018,.50099999
MDG,Madagascar,country,2019,.495
MDG,Madagascar,country,2020,.48300001
MDG,Madagascar,country,2021,.48100001
MDG,Madagascar,country,2022,.48300001
MDG,Madagascar,country,2023,.48699999
MDV,Maldives,country,1990,
MDV,Maldives,country,1991,
MDV,Maldives,country,1992,
MDV,Maldives,country,1993,
MDV,Maldives,country,1994,
MDV,Maldives,country,1995,
MDV,Maldives,country,1996,
MDV,Maldives,country,1997,
MDV,Maldives,country,1998,
MDV,Maldives,country,1999,
MDV,Maldives,country,2000,.639
MDV,Maldives,country,2001,.639
MDV,Maldives,country,2002,.64499998
MDV,Maldives,country,2003,.65399998
MDV,Maldives,country,2004,.65499997
MDV,Maldives,country,2005,.65700001
MDV,Maldives,country,2006,.67199999
MDV,Maldives,country,2007,.67199999
MDV,Maldives,country,2008,.68099999
MDV,Maldives,country,2009,.68199998
MDV,Maldives,country,2010,.68900001
MDV,Maldives,country,2011,.69800001
MDV,Maldives,country,2012,.704
MDV,Maldives,country,2013,.70999998
MDV,Maldives,country,2014,.71799999
MDV,Maldives,country,2015,.72500002
MDV,Maldives,country,2016,.73199999
MDV,Maldives,country,2017,.73900002
MDV,Maldives,country,2018,.74400002
MDV,Maldives,country,2019,.74900001
MDV,Maldives,country,2020,.73000002
MDV,Maldives,country,2021,.745
MDV,Maldives,country,2022,.764
MDV,Maldives,country,2023,.76599997
MEX,Mexico,country,1990,.66799998
MEX,Mexico,country,1991,.67000002
MEX,Mexico,country,1992,.67199999
MEX,Mexico,country,1993,.67500001
MEX,Mexico,country,1994,.68000001
MEX,Mexico,country,1995,.68000001
MEX,Mexico,country,1996,.68699998
MEX,Mexico,country,1997,.69400001
MEX,Mexico,country,1998,.70099998
MEX,Mexico,country,1999,.70599997
MEX,Mexico,country,2000,.71200001
MEX,Mexico,country,2001,.71499997
MEX,Mexico,country,2002,.722
MEX,Mexico,country,2003,.72799999
MEX,Mexico,country,2004,.73199999
MEX,Mexico,country,2005,.736
MEX,Mexico,country,2006,.745
MEX,Mexico,country,2007,.74699998
MEX,Mexico,country,2008,.75
MEX,Mexico,country,2009,.74900001
MEX,Mexico,country,2010,.75099999
MEX,Mexico,country,2011,.75700003
MEX,Mexico,country,2012,.764
MEX,Mexico,country,2013,.76499999
MEX,Mexico,country,2014,.76899999
MEX,Mexico,country,2015,.773
MEX,Mexico,country,2016,.778
MEX,Mexico,country,2017,.78100002
MEX,Mexico,country,2018,.78500003
MEX,Mexico,country,2019,.78799999
MEX,Mexico,country,2020,.76300001
MEX,Mexico,country,2021,.76099998
MEX,Mexico,country,2022,.78299999
MEX,Mexico,country,2023,.78899997
MHL,Marshall Islands,country,1990,
MHL,Marshall Islands,country,1991,
MHL,Marshall Islands,country,1992,
MHL,Marshall Islands,country,1993,
MHL,Marshall Islands,country,1994,
MHL,Marshall Islands,country,1995,
MHL,Marshall Islands,country,1996,
MHL,Marshall Islands,country,1997,
MHL,Marshall Islands,country,1998,
MHL,Marshall Islands,country,1999,
MHL,Marshall Islands,country,2000,
MHL,Marshall Islands,country,2001,
MHL,Marshall Islands,country,2002,
MHL,Marshall Islands,country,2003,
MHL,Marshall Islands,country,2004,
MHL,Marshall Islands,country,2005,
MHL,Marshall Islands,country,2006,
MHL,Marshall Islands,country,2007,
MHL,Marshall Islands,country,2008,
MHL,Marshall Islands,country,2009,
MHL,Marshall Islands,country,2010,
MHL,Marshall Islands,country,2011,.66600001
MHL,Marshall Islands,country,2012,.66799998
MHL,Marshall Islands,country,2013,.676
MHL,Marshall Islands,country,2014,.68099999
MHL,Marshall Islands,country,2015,.69099998
MHL,Marshall Islands,country,2016,.69599998
MHL,Marshall Islands,country,2017,.70200002
MHL,Marshall Islands,country,2018,.70999998
MHL,Marshall Islands,country,2019,.722
MHL,Marshall Islands,country,2020,.722
MHL,Marshall Islands,country,2021,.72299999
MHL,Marshall Islands,country,2022,.73199999
MHL,Marshall Islands,country,2023,.73299998
MKD,North Macedonia,country,1990,.64399999
MKD,North Macedonia,country,1991,.64700001
MKD,North Macedonia,country,1992,.64200002
MKD,North Macedonia,country,1993,.64700001
MKD,North Macedonia,country,1994,.648
MKD,North Macedonia,country,1995,.653
MKD,North Macedonia,country,1996,.65700001
MKD,North Macedonia,country,1997,.66100001
MKD,North Macedonia,country,1998,.66600001
MKD,North Macedonia,country,1999,.67500001
MKD,North Macedonia,country,2000,.68599999
MKD,North Macedonia,country,2001,.69099998
MKD,North Macedonia,country,2002,.69400001
MKD,North Macedonia,country,2003,.69999999
MKD,North Macedonia,country,2004,.708
MKD,North Macedonia,country,2005,.71700001
MKD,North Macedonia,country,2006,.72600001
MKD,North Macedonia,country,2007,.73199999
MKD,North Macedonia,country,2008,.75300002
MKD,North Macedonia,country,2009,.75700003
MKD,North Macedonia,country,2010,.76499999
MKD,North Macedonia,country,2011,.77100003
MKD,North Macedonia,country,2012,.77499998
MKD,North Macedonia,country,2013,.78200001
MKD,North Macedonia,country,2014,.78799999
MKD,North Macedonia,country,2015,.79500002
MKD,North Macedonia,country,2016,.80000001
MKD,North Macedonia,country,2017,.80699998
MKD,North Macedonia,country,2018,.81400001
MKD,North Macedonia,country,2019,.80500001
MKD,North Macedonia,country,2020,.78299999
MKD,North Macedonia,country,2021,.78100002
MKD,North Macedonia,country,2022,.81099999
MKD,North Macedonia,country,2023,.815
MLI,Mali,country,1990,.23999999
MLI,Mali,country,1991,.24699999
MLI,Mali,country,1992,.25099999
MLI,Mali,country,1993,.259
MLI,Mali,country,1994,.266
MLI,Mali,country,1995,.273
MLI,Mali,country,1996,.28200001
MLI,Mali,country,1997,.29300001
MLI,Mali,country,1998,.303
MLI,Mali,country,1999,.31400001
MLI,Mali,country,2000,.31999999
MLI,Mali,country,2001,.33199999
MLI,Mali,country,2002,.34
MLI,Mali,country,2003,.352
MLI,Mali,country,2004,.359
MLI,Mali,country,2005,.368
MLI,Mali,country,2006,.377
MLI,Mali,country,2007,.38600001
MLI,Mali,country,2008,.39500001
MLI,Mali,country,2009,.403
MLI,Mali,country,2010,.41
MLI,Mali,country,2011,.41499999
MLI,Mali,country,2012,.41100001
MLI,Mali,country,2013,.40900001
MLI,Mali,country,2014,.414
MLI,Mali,country,2015,.41299999
MLI,Mali,country,2016,.41100001
MLI,Mali,country,2017,.41600001
MLI,Mali,country,2018,.421
MLI,Mali,country,2019,.42500001
MLI,Mali,country,2020,.414
MLI,Mali,country,2021,.414
MLI,Mali,country,2022,.417
MLI,Mali,country,2023,.419
MLT,Malta,country,1990,.73500001
MLT,Malta,country,1991,.74199998
MLT,Malta,country,1992,.74800003
MLT,Malta,country,1993,.75400001
MLT,Malta,country,1994,.75800002
MLT,Malta,country,1995,.76300001
MLT,Malta,country,1996,.76300001
MLT,Malta,country,1997,.77200001
MLT,Malta,country,1998,.78100002
MLT,Malta,country,1999,.78399998
MLT,Malta,country,2000,.79000002
MLT,Malta,country,2001,.801
MLT,Malta,country,2002,.80599999
MLT,Malta,country,2003,.81800002
MLT,Malta,country,2004,.83200002
MLT,Malta,country,2005,.83999997
MLT,Malta,country,2006,.838
MLT,Malta,country,2007,.84500003
MLT,Malta,country,2008,.84799999
MLT,Malta,country,2009,.85399997
MLT,Malta,country,2010,.86699998
MLT,Malta,country,2011,.86199999
MLT,Malta,country,2012,.87
MLT,Malta,country,2013,.88
MLT,Malta,country,2014,.88599998
MLT,Malta,country,2015,.89200002
MLT,Malta,country,2016,.89099997
MLT,Malta,country,2017,.90100002
MLT,Malta,country,2018,.90799999
MLT,Malta,country,2019,.91000003
MLT,Malta,country,2020,.903
MLT,Malta,country,2021,.91399997
MLT,Malta,country,2022,.917
MLT,Malta,country,2023,.92400002
MMR,Myanmar,country,1990,.347
MMR,Myanmar,country,1991,.354
MMR,Myanmar,country,1992,.368
MMR,Myanmar,country,1993,.37400001
MMR,Myanmar,country,1994,.38100001
MMR,Myanmar,country,1995,.38499999
MMR,Myanmar,country,1996,.391
MMR,Myanmar,country,1997,.396
MMR,Myanmar,country,1998,.39899999
MMR,Myanmar,country,1999,.40599999
MMR,Myanmar,country,2000,.41499999
MMR,Myanmar,country,2001,.42300001
MMR,Myanmar,country,2002,.433
MMR,Myanmar,country,2003,.44299999
MMR,Myanmar,country,2004,.45300001
MMR,Myanmar,country,2005,.463
MMR,Myanmar,country,2006,.47299999
MMR,Myanmar,country,2007,.48300001
MMR,Myanmar,country,2008,.46799999
MMR,Myanmar,country,2009,.50400001
MMR,Myanmar,country,2010,.51499999
MMR,Myanmar,country,2011,.52499998
MMR,Myanmar,country,2012,.53500003
MMR,Myanmar,country,2013,.546
MMR,Myanmar,country,2014,.55699998
MMR,Myanmar,country,2015,.56599998
MMR,Myanmar,country,2016,.574
MMR,Myanmar,country,2017,.58700001
MMR,Myanmar,country,2018,.60000002
MMR,Myanmar,country,2019,.61000001
MMR,Myanmar,country,2020,.60900003
MMR,Myanmar,country,2021,.60500002
MMR,Myanmar,country,2022,.60600001
MMR,Myanmar,country,2023,.60900003
MNE,Montenegro,country,1990,
MNE,Montenegro,country,1991,
MNE,Montenegro,country,1992,
MNE,Montenegro,country,1993,
MNE,Montenegro,country,1994,
MNE,Montenegro,country,1995,
MNE,Montenegro,country,1996,
MNE,Montenegro,country,1997,
MNE,Montenegro,country,1998,
MNE,Montenegro,country,1999,
MNE,Montenegro,country,2000,
MNE,Montenegro,country,2001,
MNE,Montenegro,country,2002,
MNE,Montenegro,country,2003,.764
MNE,Montenegro,country,2004,.76800001
MNE,Montenegro,country,2005,.773
MNE,Montenegro,country,2006,.78500003
MNE,Montenegro,country,2007,.79500002
MNE,Montenegro,country,2008,.80599999
MNE,Montenegro,country,2009,.80900002
MNE,Montenegro,country,2010,.815
MNE,Montenegro,country,2011,.82200003
MNE,Montenegro,country,2012,.82499999
MNE,Montenegro,country,2013,.82999998
MNE,Montenegro,country,2014,.833
MNE,Montenegro,country,2015,.83899999
MNE,Montenegro,country,2016,.83600003
MNE,Montenegro,country,2017,.84299999
MNE,Montenegro,country,2018,.84899998
MNE,Montenegro,country,2019,.85100001
MNE,Montenegro,country,2020,.84100002
MNE,Montenegro,country,2021,.83999997
MNE,Montenegro,country,2022,.85299999
MNE,Montenegro,country,2023,.86199999
MNG,Mongolia,country,1990,.59299999
MNG,Mongolia,country,1991,.59100002
MNG,Mongolia,country,1992,.58099997
MNG,Mongolia,country,1993,.56699997
MNG,Mongolia,country,1994,.56800002
MNG,Mongolia,country,1995,.57200003
MNG,Mongolia,country,1996,.57800001
MNG,Mongolia,country,1997,.58499998
MNG,Mongolia,country,1998,.59399998
MNG,Mongolia,country,1999,.602
MNG,Mongolia,country,2000,.611
MNG,Mongolia,country,2001,.62199998
MNG,Mongolia,country,2002,.63099998
MNG,Mongolia,country,2003,.64300001
MNG,Mongolia,country,2004,.65799999
MNG,Mongolia,country,2005,.671
MNG,Mongolia,country,2006,.68300003
MNG,Mongolia,country,2007,.69599998
MNG,Mongolia,country,2008,.70700002
MNG,Mongolia,country,2009,.71100003
MNG,Mongolia,country,2010,.71399999
MNG,Mongolia,country,2011,.72500002
MNG,Mongolia,country,2012,.73500001
MNG,Mongolia,country,2013,.74400002
MNG,Mongolia,country,2014,.74800003
MNG,Mongolia,country,2015,.75300002
MNG,Mongolia,country,2016,.759
MNG,Mongolia,country,2017,.759
MNG,Mongolia,country,2018,.76700002
MNG,Mongolia,country,2019,.75800002
MNG,Mongolia,country,2020,.741
MNG,Mongolia,country,2021,.727
MNG,Mongolia,country,2022,.74199998
MNG,Mongolia,country,2023,.74699998
MOZ,Mozambique,country,1990,.24600001
MOZ,Mozambique,country,1991,.25
MOZ,Mozambique,country,1992,.245
MOZ,Mozambique,country,1993,.252
MOZ,Mozambique,country,1994,.255
MOZ,Mozambique,country,1995,.257
MOZ,Mozambique,country,1996,.26899999
MOZ,Mozambique,country,1997,.28099999
MOZ,Mozambique,country,1998,.292
MOZ,Mozambique,country,1999,.30399999
MOZ,Mozambique,country,2000,.31099999
MOZ,Mozambique,country,2001,.32600001
MOZ,Mozambique,country,2002,.33500001
MOZ,Mozambique,country,2003,.34999999
MOZ,Mozambique,country,2004,.36000001
MOZ,Mozambique,country,2005,.37099999
MOZ,Mozambique,country,2006,.37900001
MOZ,Mozambique,country,2007,.39199999
MOZ,Mozambique,country,2008,.403
MOZ,Mozambique,country,2009,.41100001
MOZ,Mozambique,country,2010,.419
MOZ,Mozambique,country,2011,.42399999
MOZ,Mozambique,country,2012,.43099999
MOZ,Mozambique,country,2013,.44299999
MOZ,Mozambique,country,2014,.44999999
MOZ,Mozambique,country,2015,.45699999
MOZ,Mozambique,country,2016,.46000001
MOZ,Mozambique,country,2017,.461
MOZ,Mozambique,country,2018,.46900001
MOZ,Mozambique,country,2019,.47499999
MOZ,Mozambique,country,2020,.477
MOZ,Mozambique,country,2021,.47799999
MOZ,Mozambique,country,2022,.49000001
MOZ,Mozambique,country,2023,.493
MRT,Mauritania,country,1990,.396
MRT,Mauritania,country,1991,.40099999
MRT,Mauritania,country,1992,.40900001
MRT,Mauritania,country,1993,.421
MRT,Mauritania,country,1994,.43200001
MRT,Mauritania,country,1995,.43900001
MRT,Mauritania,country,1996,.44800001
MRT,Mauritania,country,1997,.44999999
MRT,Mauritania,country,1998,.46000001
MRT,Mauritania,country,1999,.46700001
MRT,Mauritania,country,2000,.46799999
MRT,Mauritania,country,2001,.47
MRT,Mauritania,country,2002,.47499999
MRT,Mauritania,country,2003,.48199999
MRT,Mauritania,country,2004,.49399999
MRT,Mauritania,country,2005,.5
MRT,Mauritania,country,2006,.51200002
MRT,Mauritania,country,2007,.51200002
MRT,Mauritania,country,2008,.51200002
MRT,Mauritania,country,2009,.52200001
MRT,Mauritania,country,2010,.52499998
MRT,Mauritania,country,2011,.52999997
MRT,Mauritania,country,2012,.53799999
MRT,Mauritania,country,2013,.54400003
MRT,Mauritania,country,2014,.54699999
MRT,Mauritania,country,2015,.551
MRT,Mauritania,country,2016,.54799998
MRT,Mauritania,country,2017,.551
MRT,Mauritania,country,2018,.56099999
MRT,Mauritania,country,2019,.56599998
MRT,Mauritania,country,2020,.55400002
MRT,Mauritania,country,2021,.55299997
MRT,Mauritania,country,2022,.56199998
MRT,Mauritania,country,2023,.56300002
MUS,Mauritius,country,1990,.62699997
MUS,Mauritius,country,1991,.63200003
MUS,Mauritius,country,1992,.63700002
MUS,Mauritius,country,1993,.64099997
MUS,Mauritius,country,1994,.64499998
MUS,Mauritius,country,1995,.64999998
MUS,Mauritius,country,1996,.653
MUS,Mauritius,country,1997,.65899998
MUS,Mauritius,country,1998,.667
MUS,Mauritius,country,1999,.67500001
MUS,Mauritius,country,2000,.68300003
MUS,Mauritius,country,2001,.69700003
MUS,Mauritius,country,2002,.70099998
MUS,Mauritius,country,2003,.70899999
MUS,Mauritius,country,2004,.71600002
MUS,Mauritius,country,2005,.72299999
MUS,Mauritius,country,2006,.72899997
MUS,Mauritius,country,2007,.736
MUS,Mauritius,country,2008,.74199998
MUS,Mauritius,country,2009,.74800003
MUS,Mauritius,country,2010,.755
MUS,Mauritius,country,2011,.76200002
MUS,Mauritius,country,2012,.778
MUS,Mauritius,country,2013,.78100002
MUS,Mauritius,country,2014,.79000002
MUS,Mauritius,country,2015,.792
MUS,Mauritius,country,2016,.79500002
MUS,Mauritius,country,2017,.79900002
MUS,Mauritius,country,2018,.801
MUS,Mauritius,country,2019,.80299997
MUS,Mauritius,country,2020,.79500002
MUS,Mauritius,country,2021,.78899997
MUS,Mauritius,country,2022,.79400003
MUS,Mauritius,country,2023,.80599999
MWI,Malawi,country,1990,.30599999
MWI,Malawi,country,1991,.31
MWI,Malawi,country,1992,.31799999
MWI,Malawi,country,1993,.324
MWI,Malawi,country,1994,.32499999
MWI,Malawi,country,1995,.37
MWI,Malawi,country,1996,.375
MWI,Malawi,country,1997,.37900001
MWI,Malawi,country,1998,.384
MWI,Malawi,country,1999,.39199999
MWI,Malawi,country,2000,.39399999
MWI,Malawi,country,2001,.40000001
MWI,Malawi,country,2002,.40700001
MWI,Malawi,country,2003,.414
MWI,Malawi,country,2004,.421
MWI,Malawi,country,2005,.42699999
MWI,Malawi,country,2006,.43599999
MWI,Malawi,country,2007,.44400001
MWI,Malawi,country,2008,.45500001
MWI,Malawi,country,2009,.465
MWI,Malawi,country,2010,.47499999
MWI,Malawi,country,2011,.48300001
MWI,Malawi,country,2012,.48800001
MWI,Malawi,country,2013,.49399999
MWI,Malawi,country,2014,.5
MWI,Malawi,country,2015,.50400001
MWI,Malawi,country,2016,.50599998
MWI,Malawi,country,2017,.50800002
MWI,Malawi,country,2018,.50999999
MWI,Malawi,country,2019,.51300001
MWI,Malawi,country,2020,.51200002
MWI,Malawi,country,2021,.509
MWI,Malawi,country,2022,.51300001
MWI,Malawi,country,2023,.51700002
MYS,Malaysia,country,1990,.653
MYS,Malaysia,country,1991,.66100001
MYS,Malaysia,country,1992,.67000002
MYS,Malaysia,country,1993,.67699999
MYS,Malaysia,country,1994,.68400002
MYS,Malaysia,country,1995,.69099998
MYS,Malaysia,country,1996,.70099998
MYS,Malaysia,country,1997,.713
MYS,Malaysia,country,1998,.71799999
MYS,Malaysia,country,1999,.72299999
MYS,Malaysia,country,2000,.73299998
MYS,Malaysia,country,2001,.73100001
MYS,Malaysia,country,2002,.73199999
MYS,Malaysia,country,2003,.73699999
MYS,Malaysia,country,2004,.73900002
MYS,Malaysia,country,2005,.736
MYS,Malaysia,country,2006,.74199998
MYS,Malaysia,country,2007,.75400001
MYS,Malaysia,country,2008,.76499999
MYS,Malaysia,country,2009,.773
MYS,Malaysia,country,2010,.77899998
MYS,Malaysia,country,2011,.78200001
MYS,Malaysia,country,2012,.787
MYS,Malaysia,country,2013,.79100001
MYS,Malaysia,country,2014,.79500002
MYS,Malaysia,country,2015,.80000001
MYS,Malaysia,country,2016,.80500001
MYS,Malaysia,country,2017,.80699998
MYS,Malaysia,country,2018,.80900002
MYS,Malaysia,country,2019,.81199998
MYS,Malaysia,country,2020,.81
MYS,Malaysia,country,2021,.80199999
MYS,Malaysia,country,2022,.81
MYS,Malaysia,country,2023,.81900001
NAM,Namibia,country,1990,.597
NAM,Namibia,country,1991,.602
NAM,Namibia,country,1992,.60299999
NAM,Namibia,country,1993,.60100001
NAM,Namibia,country,1994,.60000002
NAM,Namibia,country,1995,.59500003
NAM,Namibia,country,1996,.58700001
NAM,Namibia,country,1997,.57999998
NAM,Namibia,country,1998,.574
NAM,Namibia,country,1999,.565
NAM,Namibia,country,2000,.56099999
NAM,Namibia,country,2001,.55500001
NAM,Namibia,country,2002,.55500001
NAM,Namibia,country,2003,.55800003
NAM,Namibia,country,2004,.56300002
NAM,Namibia,country,2005,.56400001
NAM,Namibia,country,2006,.56900001
NAM,Namibia,country,2007,.57599998
NAM,Namibia,country,2008,.58099997
NAM,Namibia,country,2009,.58499998
NAM,Namibia,country,2010,.59100002
NAM,Namibia,country,2011,.59799999
NAM,Namibia,country,2012,.60699999
NAM,Namibia,country,2013,.616
NAM,Namibia,country,2014,.62400001
NAM,Namibia,country,2015,.63
NAM,Namibia,country,2016,.634
NAM,Namibia,country,2017,.63800001
NAM,Namibia,country,2018,.64200002
NAM,Namibia,country,2019,.64700001
NAM,Namibia,country,2020,.64700001
NAM,Namibia,country,2021,.63099998
NAM,Namibia,country,2022,.64899999
NAM,Namibia,country,2023,.66500002
NER,Niger,country,1990,.215
NER,Niger,country,1991,.219
NER,Niger,country,1992,.222
NER,Niger,country,1993,.228
NER,Niger,country,1994,.233
NER,Niger,country,1995,.23800001
NER,Niger,country,1996,.245
NER,Niger,country,1997,.25
NER,Niger,country,1998,.25799999
NER,Niger,country,1999,.26300001
NER,Niger,country,2000,.266
NER,Niger,country,2001,.27200001
NER,Niger,country,2002,.278
NER,Niger,country,2003,.28400001
NER,Niger,country,2004,.292
NER,Niger,country,2005,.30199999
NER,Niger,country,2006,.30899999
NER,Niger,country,2007,.31299999
NER,Niger,country,2008,.32300001
NER,Niger,country,2009,.329
NER,Niger,country,2010,.33899999
NER,Niger,country,2011,.34599999
NER,Niger,country,2012,.35600001
NER,Niger,country,2013,.36199999
NER,Niger,country,2014,.36899999
NER,Niger,country,2015,.37400001
NER,Niger,country,2016,.38
NER,Niger,country,2017,.384
NER,Niger,country,2018,.391
NER,Niger,country,2019,.40000001
NER,Niger,country,2020,.40400001
NER,Niger,country,2021,.41299999
NER,Niger,country,2022,.414
NER,Niger,country,2023,.419
NGA,Nigeria,country,1990,.37900001
NGA,Nigeria,country,1991,.38299999
NGA,Nigeria,country,1992,.38800001
NGA,Nigeria,country,1993,.39300001
NGA,Nigeria,country,1994,.39700001
NGA,Nigeria,country,1995,.40200001
NGA,Nigeria,country,1996,.40799999
NGA,Nigeria,country,1997,.41299999
NGA,Nigeria,country,1998,.419
NGA,Nigeria,country,1999,.42500001
NGA,Nigeria,country,2000,.435
NGA,Nigeria,country,2001,.43799999
NGA,Nigeria,country,2002,.45100001
NGA,Nigeria,country,2003,.46399999
NGA,Nigeria,country,2004,.477
NGA,Nigeria,country,2005,.484
NGA,Nigeria,country,2006,.48899999
NGA,Nigeria,country,2007,.49200001
NGA,Nigeria,country,2008,.49700001
NGA,Nigeria,country,2009,.49900001
NGA,Nigeria,country,2010,.50199997
NGA,Nigeria,country,2011,.50800002
NGA,Nigeria,country,2012,.51200002
NGA,Nigeria,country,2013,.51700002
NGA,Nigeria,country,2014,.52399999
NGA,Nigeria,country,2015,.52999997
NGA,Nigeria,country,2016,.53200001
NGA,Nigeria,country,2017,.53399998
NGA,Nigeria,country,2018,.537
NGA,Nigeria,country,2019,.54400003
NGA,Nigeria,country,2020,.54699999
NGA,Nigeria,country,2021,.55400002
NGA,Nigeria,country,2022,.55699998
NGA,Nigeria,country,2023,.56
NIC,Nicaragua,country,1990,.51499999
NIC,Nicaragua,country,1991,.52600002
NIC,Nicaragua,country,1992,.53100002
NIC,Nicaragua,country,1993,.53399998
NIC,Nicaragua,country,1994,.54000002
NIC,Nicaragua,country,1995,.54900002
NIC,Nicaragua,country,1996,.55900002
NIC,Nicaragua,country,1997,.56800002
NIC,Nicaragua,country,1998,.56900001
NIC,Nicaragua,country,1999,.58499998
NIC,Nicaragua,country,2000,.59299999
NIC,Nicaragua,country,2001,.60100001
NIC,Nicaragua,country,2002,.60900003
NIC,Nicaragua,country,2003,.61500001
NIC,Nicaragua,country,2004,.62300003
NIC,Nicaragua,country,2005,.63
NIC,Nicaragua,country,2006,.63599998
NIC,Nicaragua,country,2007,.64200002
NIC,Nicaragua,country,2008,.64600003
NIC,Nicaragua,country,2009,.64600003
NIC,Nicaragua,country,2010,.65100002
NIC,Nicaragua,country,2011,.65700001
NIC,Nicaragua,country,2012,.66399997
NIC,Nicaragua,country,2013,.66799998
NIC,Nicaragua,country,2014,.67400002
NIC,Nicaragua,country,2015,.67900002
NIC,Nicaragua,country,2016,.68400002
NIC,Nicaragua,country,2017,.68800002
NIC,Nicaragua,country,2018,.69
NIC,Nicaragua,country,2019,.69
NIC,Nicaragua,country,2020,.676
NIC,Nicaragua,country,2021,.68199998
NIC,Nicaragua,country,2022,.70099998
NIC,Nicaragua,country,2023,.70599997
NLD,Netherlands (Kingdom of the),country,1990,.85500002
NLD,Netherlands (Kingdom of the),country,1991,.86000001
NLD,Netherlands (Kingdom of the),country,1992,.861
NLD,Netherlands (Kingdom of the),country,1993,.86299998
NLD,Netherlands (Kingdom of the),country,1994,.889
NLD,Netherlands (Kingdom of the),country,1995,.88599998
NLD,Netherlands (Kingdom of the),country,1996,.88999999
NLD,Netherlands (Kingdom of the),country,1997,.89099997
NLD,Netherlands (Kingdom of the),country,1998,.89300001
NLD,Netherlands (Kingdom of the),country,1999,.89399999
NLD,Netherlands (Kingdom of the),country,2000,.89999998
NLD,Netherlands (Kingdom of the),country,2001,.90200001
NLD,Netherlands (Kingdom of the),country,2002,.898
NLD,Netherlands (Kingdom of the),country,2003,.90100002
NLD,Netherlands (Kingdom of the),country,2004,.90399998
NLD,Netherlands (Kingdom of the),country,2005,.90700001
NLD,Netherlands (Kingdom of the),country,2006,.91399997
NLD,Netherlands (Kingdom of the),country,2007,.92000002
NLD,Netherlands (Kingdom of the),country,2008,.92000002
NLD,Netherlands (Kingdom of the),country,2009,.92000002
NLD,Netherlands (Kingdom of the),country,2010,.92500001
NLD,Netherlands (Kingdom of the),country,2011,.935
NLD,Netherlands (Kingdom of the),country,2012,.935
NLD,Netherlands (Kingdom of the),country,2013,.93699998
NLD,Netherlands (Kingdom of the),country,2014,.93900001
NLD,Netherlands (Kingdom of the),country,2015,.94
NLD,Netherlands (Kingdom of the),country,2016,.94099998
NLD,Netherlands (Kingdom of the),country,2017,.94499999
NLD,Netherlands (Kingdom of the),country,2018,.94700003
NLD,Netherlands (Kingdom of the),country,2019,.94999999
NLD,Netherlands (Kingdom of the),country,2020,.94499999
NLD,Netherlands (Kingdom of the),country,2021,.95099998
NLD,Netherlands (Kingdom of the),country,2022,.95300001
NLD,Netherlands (Kingdom of the),country,2023,.95499998
NOR,Norway,country,1990,.85600001
NOR,Norway,country,1991,.86299998
NOR,Norway,country,1992,.86799997
NOR,Norway,country,1993,.875
NOR,Norway,country,1994,.88999999
NOR,Norway,country,1995,.88700002
NOR,Norway,country,1996,.89399999
NOR,Norway,country,1997,.89999998
NOR,Norway,country,1998,.90799999
NOR,Norway,country,1999,.91299999
NOR,Norway,country,2000,.92400002
NOR,Norway,country,2001,.92299998
NOR,Norway,country,2002,.92299998
NOR,Norway,country,2003,.93000001
NOR,Norway,country,2004,.93699998
NOR,Norway,country,2005,.93900001
NOR,Norway,country,2006,.94199997
NOR,Norway,country,2007,.94300002
NOR,Norway,country,2008,.94300002
NOR,Norway,country,2009,.94400001
NOR,Norway,country,2010,.94700003
NOR,Norway,country,2011,.949
NOR,Norway,country,2012,.94999999
NOR,Norway,country,2013,.95300001
NOR,Norway,country,2014,.95599997
NOR,Norway,country,2015,.95899999
NOR,Norway,country,2016,.96200001
NOR,Norway,country,2017,.96499997
NOR,Norway,country,2018,.96600002
NOR,Norway,country,2019,.96700001
NOR,Norway,country,2020,.96899998
NOR,Norway,country,2021,.96899998
NOR,Norway,country,2022,.96700001
NOR,Norway,country,2023,.97000003
NPL,Nepal,country,1990,.40400001
NPL,Nepal,country,1991,.412
NPL,Nepal,country,1992,.41999999
NPL,Nepal,country,1993,.42500001
NPL,Nepal,country,1994,.433
NPL,Nepal,country,1995,.43799999
NPL,Nepal,country,1996,.447
NPL,Nepal,country,1997,.45300001
NPL,Nepal,country,1998,.45899999
NPL,Nepal,country,1999,.46399999
NPL,Nepal,country,2000,.47099999
NPL,Nepal,country,2001,.472
NPL,Nepal,country,2002,.479
NPL,Nepal,country,2003,.486
NPL,Nepal,country,2004,.493
NPL,Nepal,country,2005,.5
NPL,Nepal,country,2006,.51200002
NPL,Nepal,country,2007,.51599997
NPL,Nepal,country,2008,.52600002
NPL,Nepal,country,2009,.53799999
NPL,Nepal,country,2010,.551
NPL,Nepal,country,2011,.55900002
NPL,Nepal,country,2012,.565
NPL,Nepal,country,2013,.56999999
NPL,Nepal,country,2014,.574
NPL,Nepal,country,2015,.57499999
NPL,Nepal,country,2016,.57999998
NPL,Nepal,country,2017,.588
NPL,Nepal,country,2018,.59600002
NPL,Nepal,country,2019,.60399997
NPL,Nepal,country,2020,.59899998
NPL,Nepal,country,2021,.59600002
NPL,Nepal,country,2022,.60500002
NPL,Nepal,country,2023,.62199998
NRU,Nauru,country,1990,
NRU,Nauru,country,1991,
NRU,Nauru,country,1992,
NRU,Nauru,country,1993,
NRU,Nauru,country,1994,
NRU,Nauru,country,1995,
NRU,Nauru,country,1996,
NRU,Nauru,country,1997,
NRU,Nauru,country,1998,
NRU,Nauru,country,1999,
NRU,Nauru,country,2000,
NRU,Nauru,country,2001,
NRU,Nauru,country,2002,
NRU,Nauru,country,2003,
NRU,Nauru,country,2004,
NRU,Nauru,country,2005,.58899999
NRU,Nauru,country,2006,.565
NRU,Nauru,country,2007,.58099997
NRU,Nauru,country,2008,.61400002
NRU,Nauru,country,2009,.60699999
NRU,Nauru,country,2010,.616
NRU,Nauru,country,2011,.62400001
NRU,Nauru,country,2012,.63300002
NRU,Nauru,country,2013,.63999999
NRU,Nauru,country,2014,.65499997
NRU,Nauru,country,2015,.66000003
NRU,Nauru,country,2016,.67000002
NRU,Nauru,country,2017,.67000002
NRU,Nauru,country,2018,.66799998
NRU,Nauru,country,2019,.67799997
NRU,Nauru,country,2020,.68400002
NRU,Nauru,country,2021,.69199997
NRU,Nauru,country,2022,.69999999
NRU,Nauru,country,2023,.70300001
NZL,New Zealand,country,1990,.81099999
NZL,New Zealand,country,1991,.81300002
NZL,New Zealand,country,1992,.82200003
NZL,New Zealand,country,1993,.838
NZL,New Zealand,country,1994,.852
NZL,New Zealand,country,1995,.85799998
NZL,New Zealand,country,1996,.86199999
NZL,New Zealand,country,1997,.87099999
NZL,New Zealand,country,1998,.88099998
NZL,New Zealand,country,1999,.88599998
NZL,New Zealand,country,2000,.89600003
NZL,New Zealand,country,2001,.90200001
NZL,New Zealand,country,2002,.90499997
NZL,New Zealand,country,2003,.91000003
NZL,New Zealand,country,2004,.912
NZL,New Zealand,country,2005,.917
NZL,New Zealand,country,2006,.91799998
NZL,New Zealand,country,2007,.921
NZL,New Zealand,country,2008,.92000002
NZL,New Zealand,country,2009,.92299998
NZL,New Zealand,country,2010,.926
NZL,New Zealand,country,2011,.92699999
NZL,New Zealand,country,2012,.92900002
NZL,New Zealand,country,2013,.93300003
NZL,New Zealand,country,2014,.93199998
NZL,New Zealand,country,2015,.93400002
NZL,New Zealand,country,2016,.93800002
NZL,New Zealand,country,2017,.93599999
NZL,New Zealand,country,2018,.93800002
NZL,New Zealand,country,2019,.93800002
NZL,New Zealand,country,2020,.94
NZL,New Zealand,country,2021,.93900001
NZL,New Zealand,country,2022,.93300003
NZL,New Zealand,country,2023,.93800002
OMN,Oman,country,1990,
OMN,Oman,country,1991,
OMN,Oman,country,1992,
OMN,Oman,country,1993,
OMN,Oman,country,1994,
OMN,Oman,country,1995,
OMN,Oman,country,1996,
OMN,Oman,country,1997,
OMN,Oman,country,1998,
OMN,Oman,country,1999,
OMN,Oman,country,2000,.70700002
OMN,Oman,country,2001,.71899998
OMN,Oman,country,2002,.72899997
OMN,Oman,country,2003,.73900002
OMN,Oman,country,2004,.74299997
OMN,Oman,country,2005,.75599998
OMN,Oman,country,2006,.76599997
OMN,Oman,country,2007,.77399999
OMN,Oman,country,2008,.78200001
OMN,Oman,country,2009,.79900002
OMN,Oman,country,2010,.80400002
OMN,Oman,country,2011,.82200003
OMN,Oman,country,2012,.824
OMN,Oman,country,2013,.82700002
OMN,Oman,country,2014,.83099997
OMN,Oman,country,2015,.838
OMN,Oman,country,2016,.84500003
OMN,Oman,country,2017,.84799999
OMN,Oman,country,2018,.85399997
OMN,Oman,country,2019,.85699999
OMN,Oman,country,2020,.84299999
OMN,Oman,country,2021,.83399999
OMN,Oman,country,2022,.84600002
OMN,Oman,country,2023,.85799998
PAK,Pakistan,country,1990,.396
PAK,Pakistan,country,1991,.40000001
PAK,Pakistan,country,1992,.405
PAK,Pakistan,country,1993,.40799999
PAK,Pakistan,country,1994,.412
PAK,Pakistan,country,1995,.41499999
PAK,Pakistan,country,1996,.41999999
PAK,Pakistan,country,1997,.42199999
PAK,Pakistan,country,1998,.426
PAK,Pakistan,country,1999,.43099999
PAK,Pakistan,country,2000,.43599999
PAK,Pakistan,country,2001,.44299999
PAK,Pakistan,country,2002,.44999999
PAK,Pakistan,country,2003,.458
PAK,Pakistan,country,2004,.472
PAK,Pakistan,country,2005,.47999999
PAK,Pakistan,country,2006,.48899999
PAK,Pakistan,country,2007,.495
PAK,Pakistan,country,2008,.49599999
PAK,Pakistan,country,2009,.49700001
PAK,Pakistan,country,2010,.5
PAK,Pakistan,country,2011,.50400001
PAK,Pakistan,country,2012,.50800002
PAK,Pakistan,country,2013,.51200002
PAK,Pakistan,country,2014,.52200001
PAK,Pakistan,country,2015,.52700001
PAK,Pakistan,country,2016,.53500003
PAK,Pakistan,country,2017,.537
PAK,Pakistan,country,2018,.53799999
PAK,Pakistan,country,2019,.54000002
PAK,Pakistan,country,2020,.53600001
PAK,Pakistan,country,2021,.537
PAK,Pakistan,country,2022,.54400003
PAK,Pakistan,country,2023,.54400003
PAN,Panama,country,1990,.67199999
PAN,Panama,country,1991,.67400002
PAN,Panama,country,1992,.68000001
PAN,Panama,country,1993,.68599999
PAN,Panama,country,1994,.68800002
PAN,Panama,country,1995,.69
PAN,Panama,country,1996,.69400001
PAN,Panama,country,1997,.70099998
PAN,Panama,country,1998,.70700002
PAN,Panama,country,1999,.71200001
PAN,Panama,country,2000,.71799999
PAN,Panama,country,2001,.72299999
PAN,Panama,country,2002,.73000002
PAN,Panama,country,2003,.73500001
PAN,Panama,country,2004,.741
PAN,Panama,country,2005,.74599999
PAN,Panama,country,2006,.75300002
PAN,Panama,country,2007,.76300001
PAN,Panama,country,2008,.76700002
PAN,Panama,country,2009,.76999998
PAN,Panama,country,2010,.77499998
PAN,Panama,country,2011,.78100002
PAN,Panama,country,2012,.79799998
PAN,Panama,country,2013,.79900002
PAN,Panama,country,2014,.79799998
PAN,Panama,country,2015,.80299997
PAN,Panama,country,2016,.81
PAN,Panama,country,2017,.815
PAN,Panama,country,2018,.81999999
PAN,Panama,country,2019,.824
PAN,Panama,country,2020,.80800003
PAN,Panama,country,2021,.81900001
PAN,Panama,country,2022,.83499998
PAN,Panama,country,2023,.83899999
PER,Peru,country,1990,.625
PER,Peru,country,1991,.62800002
PER,Peru,country,1992,.62900001
PER,Peru,country,1993,.63300002
PER,Peru,country,1994,.64399999
PER,Peru,country,1995,.65399998
PER,Peru,country,1996,.65799999
PER,Peru,country,1997,.66299999
PER,Peru,country,1998,.671
PER,Peru,country,1999,.68000001
PER,Peru,country,2000,.68199998
PER,Peru,country,2001,.69
PER,Peru,country,2002,.69
PER,Peru,country,2003,.68900001
PER,Peru,country,2004,.69400001
PER,Peru,country,2005,.69099998
PER,Peru,country,2006,.69700003
PER,Peru,country,2007,.708
PER,Peru,country,2008,.71399999
PER,Peru,country,2009,.71700001
PER,Peru,country,2010,.73100001
PER,Peru,country,2011,.73799998
PER,Peru,country,2012,.74800003
PER,Peru,country,2013,.75700003
PER,Peru,country,2014,.76300001
PER,Peru,country,2015,.76800001
PER,Peru,country,2016,.77499998
PER,Peru,country,2017,.77499998
PER,Peru,country,2018,.77999997
PER,Peru,country,2019,.78399998
PER,Peru,country,2020,.76899999
PER,Peru,country,2021,.764
PER,Peru,country,2022,.79000002
PER,Peru,country,2023,.79400003
PHL,Philippines,country,1990,.59299999
PHL,Philippines,country,1991,.59399998
PHL,Philippines,country,1992,.59899998
PHL,Philippines,country,1993,.602
PHL,Philippines,country,1994,.60600001
PHL,Philippines,country,1995,.60900003
PHL,Philippines,country,1996,.61900002
PHL,Philippines,country,1997,.62300003
PHL,Philippines,country,1998,.62400001
PHL,Philippines,country,1999,.62800002
PHL,Philippines,country,2000,.63200003
PHL,Philippines,country,2001,.63599998
PHL,Philippines,country,2002,.64300001
PHL,Philippines,country,2003,.648
PHL,Philippines,country,2004,.65499997
PHL,Philippines,country,2005,.65600002
PHL,Philippines,country,2006,.65399998
PHL,Philippines,country,2007,.65899998
PHL,Philippines,country,2008,.662
PHL,Philippines,country,2009,.662
PHL,Philippines,country,2010,.66900003
PHL,Philippines,country,2011,.67400002
PHL,Philippines,country,2012,.68099999
PHL,Philippines,country,2013,.68699998
PHL,Philippines,country,2014,.68900001
PHL,Philippines,country,2015,.69
PHL,Philippines,country,2016,.69
PHL,Philippines,country,2017,.69400001
PHL,Philippines,country,2018,.69999999
PHL,Philippines,country,2019,.708
PHL,Philippines,country,2020,.699
PHL,Philippines,country,2021,.69
PHL,Philippines,country,2022,.71399999
PHL,Philippines,country,2023,.72000003
PLW,Palau,country,1990,
PLW,Palau,country,1991,
PLW,Palau,country,1992,
PLW,Palau,country,1993,
PLW,Palau,country,1994,
PLW,Palau,country,1995,
PLW,Palau,country,1996,
PLW,Palau,country,1997,
PLW,Palau,country,1998,
PLW,Palau,country,1999,
PLW,Palau,country,2000,.736
PLW,Palau,country,2001,.741
PLW,Palau,country,2002,.74599999
PLW,Palau,country,2003,.74900001
PLW,Palau,country,2004,.755
PLW,Palau,country,2005,.76099998
PLW,Palau,country,2006,.76499999
PLW,Palau,country,2007,.77100003
PLW,Palau,country,2008,.773
PLW,Palau,country,2009,.77600002
PLW,Palau,country,2010,.77899998
PLW,Palau,country,2011,.78399998
PLW,Palau,country,2012,.787
PLW,Palau,country,2013,.79100001
PLW,Palau,country,2014,.79500002
PLW,Palau,country,2015,.80199999
PLW,Palau,country,2016,.80400002
PLW,Palau,country,2017,.80400002
PLW,Palau,country,2018,.80500001
PLW,Palau,country,2019,.80599999
PLW,Palau,country,2020,.79900002
PLW,Palau,country,2021,.78899997
PLW,Palau,country,2022,.78600001
PLW,Palau,country,2023,.78600001
PNG,Papua New Guinea,country,1990,.403
PNG,Papua New Guinea,country,1991,.41100001
PNG,Papua New Guinea,country,1992,.421
PNG,Papua New Guinea,country,1993,.43200001
PNG,Papua New Guinea,country,1994,.43900001
PNG,Papua New Guinea,country,1995,.442
PNG,Papua New Guinea,country,1996,.44800001
PNG,Papua New Guinea,country,1997,.449
PNG,Papua New Guinea,country,1998,.44600001
PNG,Papua New Guinea,country,1999,.454
PNG,Papua New Guinea,country,2000,.456
PNG,Papua New Guinea,country,2001,.458
PNG,Papua New Guinea,country,2002,.461
PNG,Papua New Guinea,country,2003,.46399999
PNG,Papua New Guinea,country,2004,.46799999
PNG,Papua New Guinea,country,2005,.47299999
PNG,Papua New Guinea,country,2006,.479
PNG,Papua New Guinea,country,2007,.48500001
PNG,Papua New Guinea,country,2008,.48899999
PNG,Papua New Guinea,country,2009,.495
PNG,Papua New Guinea,country,2010,.50300002
PNG,Papua New Guinea,country,2011,.50800002
PNG,Papua New Guinea,country,2012,.514
PNG,Papua New Guinea,country,2013,.52200001
PNG,Papua New Guinea,country,2014,.53399998
PNG,Papua New Guinea,country,2015,.54299998
PNG,Papua New Guinea,country,2016,.55000001
PNG,Papua New Guinea,country,2017,.55500001
PNG,Papua New Guinea,country,2018,.55900002
PNG,Papua New Guinea,country,2019,.56599998
PNG,Papua New Guinea,country,2020,.56699997
PNG,Papua New Guinea,country,2021,.56699997
PNG,Papua New Guinea,country,2022,.57200003
PNG,Papua New Guinea,country,2023,.57599998
POL,Poland,country,1990,.722
POL,Poland,country,1991,.72000003
POL,Poland,country,1992,.72399998
POL,Poland,country,1993,.73699999
POL,Poland,country,1994,.74699998
POL,Poland,country,1995,.75400001
POL,Poland,country,1996,.76300001
POL,Poland,country,1997,.77499998
POL,Poland,country,1998,.78399998
POL,Poland,country,1999,.79299998
POL,Poland,country,2000,.801
POL,Poland,country,2001,.80900002
POL,Poland,country,2002,.81599998
POL,Poland,country,2003,.82200003
POL,Poland,country,2004,.81999999
POL,Poland,country,2005,.82599998
POL,Poland,country,2006,.83099997
POL,Poland,country,2007,.83600003
POL,Poland,country,2008,.84100002
POL,Poland,country,2009,.84600002
POL,Poland,country,2010,.852
POL,Poland,country,2011,.85799998
POL,Poland,country,2012,.86299998
POL,Poland,country,2013,.87300003
POL,Poland,country,2014,.87300003
POL,Poland,country,2015,.87900001
POL,Poland,country,2016,.884
POL,Poland,country,2017,.88200003
POL,Poland,country,2018,.884
POL,Poland,country,2019,.88700002
POL,Poland,country,2020,.88
POL,Poland,country,2021,.884
POL,Poland,country,2022,.90200001
POL,Poland,country,2023,.90600002
PRK,Democratic People's Republic of Korea,country,1990,
PRK,Democratic People's Republic of Korea,country,1991,
PRK,Democratic People's Republic of Korea,country,1992,
PRK,Democratic People's Republic of Korea,country,1993,
PRK,Democratic People's Republic of Korea,country,1994,
PRK,Democratic People's Republic of Korea,country,1995,
PRK,Democratic People's Republic of Korea,country,1996,
PRK,Democratic People's Republic of Korea,country,1997,
PRK,Democratic People's Republic of Korea,country,1998,
PRK,Democratic People's Republic of Korea,country,1999,
PRK,Democratic People's Republic of Korea,country,2000,
PRK,Democratic People's Republic of Korea,country,2001,
PRK,Democratic People's Republic of Korea,country,2002,
PRK,Democratic People's Republic of Korea,country,2003,
PRK,Democratic People's Republic of Korea,country,2004,
PRK,Democratic People's Republic of Korea,country,2005,
PRK,Democratic People's Republic of Korea,country,2006,
PRK,Democratic People's Republic of Korea,country,2007,
PRK,Democratic People's Republic of Korea,country,2008,
PRK,Democratic People's Republic of Korea,country,2009,
PRK,Democratic People's Republic of Korea,country,2010,
PRK,Democratic People's Republic of Korea,country,2011,
PRK,Democratic People's Republic of Korea,country,2012,
PRK,Democratic People's Republic of Korea,country,2013,
PRK,Democratic People's Republic of Korea,country,2014,
PRK,Democratic People's Republic of Korea,country,2015,
PRK,Democratic People's Republic of Korea,country,2016,
PRK,Democratic People's Republic of Korea,country,2017,
PRK,Democratic People's Republic of Korea,country,2018,
PRK,Democratic People's Republic of Korea,country,2019,
PRK,Democratic People's Republic of Korea,country,2020,
PRK,Democratic People's Republic of Korea,country,2021,
PRK,Democratic People's Republic of Korea,country,2022,
PRK,Democratic People's Republic of Korea,country,2023,
PRT,Portugal,country,1990,.70700002
PRT,Portugal,country,1991,.71799999
PRT,Portugal,country,1992,.73500001
PRT,Portugal,country,1993,.75099999
PRT,Portugal,country,1994,.76499999
PRT,Portugal,country,1995,.773
PRT,Portugal,country,1996,.78100002
PRT,Portugal,country,1997,.78899997
PRT,Portugal,country,1998,.79500002
PRT,Portugal,country,1999,.79299998
PRT,Portugal,country,2000,.79699999
PRT,Portugal,country,2001,.801
PRT,Portugal,country,2002,.80400002
PRT,Portugal,country,2003,.80800003
PRT,Portugal,country,2004,.80900002
PRT,Portugal,country,2005,.81
PRT,Portugal,country,2006,.815
PRT,Portugal,country,2007,.82099998
PRT,Portugal,country,2008,.82599998
PRT,Portugal,country,2009,.83099997
PRT,Portugal,country,2010,.83600003
PRT,Portugal,country,2011,.84299999
PRT,Portugal,country,2012,.84399998
PRT,Portugal,country,2013,.84899998
PRT,Portugal,country,2014,.85399997
PRT,Portugal,country,2015,.85699999
PRT,Portugal,country,2016,.85900003
PRT,Portugal,country,2017,.86400002
PRT,Portugal,country,2018,.866
PRT,Portugal,country,2019,.87199998
PRT,Portugal,country,2020,.87
PRT,Portugal,country,2021,.87599999
PRT,Portugal,country,2022,.88300002
PRT,Portugal,country,2023,.88999999
PRY,Paraguay,country,1990,.60699999
PRY,Paraguay,country,1991,.61299998
PRY,Paraguay,country,1992,.61900002
PRY,Paraguay,country,1993,.62599999
PRY,Paraguay,country,1994,.63099998
PRY,Paraguay,country,1995,.63700002
PRY,Paraguay,country,1996,.64600003
PRY,Paraguay,country,1997,.653
PRY,Paraguay,country,1998,.65899998
PRY,Paraguay,country,1999,.66399997
PRY,Paraguay,country,2000,.66399997
PRY,Paraguay,country,2001,.671
PRY,Paraguay,country,2002,.67900002
PRY,Paraguay,country,2003,.67299998
PRY,Paraguay,country,2004,.68099999
PRY,Paraguay,country,2005,.68300003
PRY,Paraguay,country,2006,.68400002
PRY,Paraguay,country,2007,.69
PRY,Paraguay,country,2008,.69999999
PRY,Paraguay,country,2009,.69999999
PRY,Paraguay,country,2010,.70899999
PRY,Paraguay,country,2011,.71499997
PRY,Paraguay,country,2012,.71899998
PRY,Paraguay,country,2013,.73000002
PRY,Paraguay,country,2014,.73299998
PRY,Paraguay,country,2015,.73699999
PRY,Paraguay,country,2016,.73699999
PRY,Paraguay,country,2017,.74000001
PRY,Paraguay,country,2018,.74400002
PRY,Paraguay,country,2019,.74699998
PRY,Paraguay,country,2020,.74199998
PRY,Paraguay,country,2021,.72299999
PRY,Paraguay,country,2022,.74699998
PRY,Paraguay,country,2023,.75599998
PSE,State of Palestine,country,1990,
PSE,State of Palestine,country,1991,
PSE,State of Palestine,country,1992,
PSE,State of Palestine,country,1993,
PSE,State of Palestine,country,1994,
PSE,State of Palestine,country,1995,
PSE,State of Palestine,country,1996,
PSE,State of Palestine,country,1997,
PSE,State of Palestine,country,1998,
PSE,State of Palestine,country,1999,
PSE,State of Palestine,country,2000,
PSE,State of Palestine,country,2001,
PSE,State of Palestine,country,2002,
PSE,State of Palestine,country,2003,
PSE,State of Palestine,country,2004,.65399998
PSE,State of Palestine,country,2005,.66299999
PSE,State of Palestine,country,2006,.66399997
PSE,State of Palestine,country,2007,.67400002
PSE,State of Palestine,country,2008,.67900002
PSE,State of Palestine,country,2009,.685
PSE,State of Palestine,country,2010,.69099998
PSE,State of Palestine,country,2011,.69800001
PSE,State of Palestine,country,2012,.704
PSE,State of Palestine,country,2013,.70599997
PSE,State of Palestine,country,2014,.69999999
PSE,State of Palestine,country,2015,.71200001
PSE,State of Palestine,country,2016,.71700001
PSE,State of Palestine,country,2017,.72100002
PSE,State of Palestine,country,2018,.72500002
PSE,State of Palestine,country,2019,.72899997
PSE,State of Palestine,country,2020,.71799999
PSE,State of Palestine,country,2021,.71799999
PSE,State of Palestine,country,2022,.73299998
PSE,State of Palestine,country,2023,.67400002
QAT,Qatar,country,1990,.76700002
QAT,Qatar,country,1991,.76800001
QAT,Qatar,country,1992,.76999998
QAT,Qatar,country,1993,.778
QAT,Qatar,country,1994,.78399998
QAT,Qatar,country,1995,.78799999
QAT,Qatar,country,1996,.79100001
QAT,Qatar,country,1997,.79400003
QAT,Qatar,country,1998,.796
QAT,Qatar,country,1999,.796
QAT,Qatar,country,2000,.79500002
QAT,Qatar,country,2001,.79500002
QAT,Qatar,country,2002,.79799998
QAT,Qatar,country,2003,.80400002
QAT,Qatar,country,2004,.80699998
QAT,Qatar,country,2005,.815
QAT,Qatar,country,2006,.82200003
QAT,Qatar,country,2007,.83099997
QAT,Qatar,country,2008,.83899999
QAT,Qatar,country,2009,.838
QAT,Qatar,country,2010,.83399999
QAT,Qatar,country,2011,.83499998
QAT,Qatar,country,2012,.84600002
QAT,Qatar,country,2013,.85900003
QAT,Qatar,country,2014,.85699999
QAT,Qatar,country,2015,.86000001
QAT,Qatar,country,2016,.861
QAT,Qatar,country,2017,.87
QAT,Qatar,country,2018,.87599999
QAT,Qatar,country,2019,.88
QAT,Qatar,country,2020,.87199998
QAT,Qatar,country,2021,.866
QAT,Qatar,country,2022,.88300002
QAT,Qatar,country,2023,.88599998
ROU,Romania,country,1990,.71899998
ROU,Romania,country,1991,.70499998
ROU,Romania,country,1992,.69400001
ROU,Romania,country,1993,.69199997
ROU,Romania,country,1994,.69499999
ROU,Romania,country,1995,.70099998
ROU,Romania,country,1996,.70700002
ROU,Romania,country,1997,.70899999
ROU,Romania,country,1998,.71499997
ROU,Romania,country,1999,.72399998
ROU,Romania,country,2000,.73000002
ROU,Romania,country,2001,.73699999
ROU,Romania,country,2002,.745
ROU,Romania,country,2003,.74900001
ROU,Romania,country,2004,.75700003
ROU,Romania,country,2005,.76499999
ROU,Romania,country,2006,.78100002
ROU,Romania,country,2007,.792
ROU,Romania,country,2008,.815
ROU,Romania,country,2009,.82599998
ROU,Romania,country,2010,.82200003
ROU,Romania,country,2011,.82300001
ROU,Romania,country,2012,.81699997
ROU,Romania,country,2013,.82099998
ROU,Romania,country,2014,.81999999
ROU,Romania,country,2015,.82300001
ROU,Romania,country,2016,.82300001
ROU,Romania,country,2017,.82800001
ROU,Romania,country,2018,.833
ROU,Romania,country,2019,.838
ROU,Romania,country,2020,.83200002
ROU,Romania,country,2021,.829
ROU,Romania,country,2022,.83999997
ROU,Romania,country,2023,.84500003
RUS,Russian Federation,country,1990,.76200002
RUS,Russian Federation,country,1991,.75800002
RUS,Russian Federation,country,1992,.74400002
RUS,Russian Federation,country,1993,.72500002
RUS,Russian Federation,country,1994,.71200001
RUS,Russian Federation,country,1995,.713
RUS,Russian Federation,country,1996,.72299999
RUS,Russian Federation,country,1997,.73400003
RUS,Russian Federation,country,1998,.73799998
RUS,Russian Federation,country,1999,.74000001
RUS,Russian Federation,country,2000,.75
RUS,Russian Federation,country,2001,.75800002
RUS,Russian Federation,country,2002,.764
RUS,Russian Federation,country,2003,.77200001
RUS,Russian Federation,country,2004,.77700001
RUS,Russian Federation,country,2005,.77999997
RUS,Russian Federation,country,2006,.79100001
RUS,Russian Federation,country,2007,.80199999
RUS,Russian Federation,country,2008,.80699998
RUS,Russian Federation,country,2009,.80500001
RUS,Russian Federation,country,2010,.80800003
RUS,Russian Federation,country,2011,.82200003
RUS,Russian Federation,country,2012,.82499999
RUS,Russian Federation,country,2013,.82999998
RUS,Russian Federation,country,2014,.83099997
RUS,Russian Federation,country,2015,.833
RUS,Russian Federation,country,2016,.83499998
RUS,Russian Federation,country,2017,.838
RUS,Russian Federation,country,2018,.84500003
RUS,Russian Federation,country,2019,.847
RUS,Russian Federation,country,2020,.81800002
RUS,Russian Federation,country,2021,.81300002
RUS,Russian Federation,country,2022,.82599998
RUS,Russian Federation,country,2023,.83200002
RWA,Rwanda,country,1990,
RWA,Rwanda,country,1991,
RWA,Rwanda,country,1992,
RWA,Rwanda,country,1993,
RWA,Rwanda,country,1994,
RWA,Rwanda,country,1995,.294
RWA,Rwanda,country,1996,.29699999
RWA,Rwanda,country,1997,.29499999
RWA,Rwanda,country,1998,.30399999
RWA,Rwanda,country,1999,.317
RWA,Rwanda,country,2000,.34
RWA,Rwanda,country,2001,.37
RWA,Rwanda,country,2002,.38499999
RWA,Rwanda,country,2003,.398
RWA,Rwanda,country,2004,.417
RWA,Rwanda,country,2005,.433
RWA,Rwanda,country,2006,.45199999
RWA,Rwanda,country,2007,.46700001
RWA,Rwanda,country,2008,.479
RWA,Rwanda,country,2009,.493
RWA,Rwanda,country,2010,.50400001
RWA,Rwanda,country,2011,.51200002
RWA,Rwanda,country,2012,.52100003
RWA,Rwanda,country,2013,.49900001
RWA,Rwanda,country,2014,.52499998
RWA,Rwanda,country,2015,.52499998
RWA,Rwanda,country,2016,.53399998
RWA,Rwanda,country,2017,.53899997
RWA,Rwanda,country,2018,.54000002
RWA,Rwanda,country,2019,.55000001
RWA,Rwanda,country,2020,.55500001
RWA,Rwanda,country,2021,.56199998
RWA,Rwanda,country,2022,.56999999
RWA,Rwanda,country,2023,.57800001
SAU,Saudi Arabia,country,1990,.67000002
SAU,Saudi Arabia,country,1991,.68099999
SAU,Saudi Arabia,country,1992,.68800002
SAU,Saudi Arabia,country,1993,.69300002
SAU,Saudi Arabia,country,1994,.699
SAU,Saudi Arabia,country,1995,.70499998
SAU,Saudi Arabia,country,1996,.71100003
SAU,Saudi Arabia,country,1997,.71799999
SAU,Saudi Arabia,country,1998,.72500002
SAU,Saudi Arabia,country,1999,.72899997
SAU,Saudi Arabia,country,2000,.73699999
SAU,Saudi Arabia,country,2001,.74400002
SAU,Saudi Arabia,country,2002,.75
SAU,Saudi Arabia,country,2003,.76200002
SAU,Saudi Arabia,country,2004,.773
SAU,Saudi Arabia,country,2005,.78200001
SAU,Saudi Arabia,country,2006,.78500003
SAU,Saudi Arabia,country,2007,.78600001
SAU,Saudi Arabia,country,2008,.792
SAU,Saudi Arabia,country,2009,.79400003
SAU,Saudi Arabia,country,2010,.801
SAU,Saudi Arabia,country,2011,.81099999
SAU,Saudi Arabia,country,2012,.81900001
SAU,Saudi Arabia,country,2013,.82700002
SAU,Saudi Arabia,country,2014,.84100002
SAU,Saudi Arabia,country,2015,.85100001
SAU,Saudi Arabia,country,2016,.86000001
SAU,Saudi Arabia,country,2017,.86900002
SAU,Saudi Arabia,country,2018,.875
SAU,Saudi Arabia,country,2019,.87800002
SAU,Saudi Arabia,country,2020,.875
SAU,Saudi Arabia,country,2021,.87800002
SAU,Saudi Arabia,country,2022,.89300001
SAU,Saudi Arabia,country,2023,.89999998
SDN,Sudan,country,1990,
SDN,Sudan,country,1991,
SDN,Sudan,country,1992,
SDN,Sudan,country,1993,
SDN,Sudan,country,1994,
SDN,Sudan,country,1995,
SDN,Sudan,country,1996,
SDN,Sudan,country,1997,
SDN,Sudan,country,1998,
SDN,Sudan,country,1999,
SDN,Sudan,country,2000,
SDN,Sudan,country,2001,
SDN,Sudan,country,2002,
SDN,Sudan,country,2003,
SDN,Sudan,country,2004,
SDN,Sudan,country,2005,
SDN,Sudan,country,2006,
SDN,Sudan,country,2007,
SDN,Sudan,country,2008,.456
SDN,Sudan,country,2009,.46900001
SDN,Sudan,country,2010,.479
SDN,Sudan,country,2011,.47600001
SDN,Sudan,country,2012,.48199999
SDN,Sudan,country,2013,.48800001
SDN,Sudan,country,2014,.49599999
SDN,Sudan,country,2015,.498
SDN,Sudan,country,2016,.50199997
SDN,Sudan,country,2017,.50599998
SDN,Sudan,country,2018,.51499999
SDN,Sudan,country,2019,.51700002
SDN,Sudan,country,2020,.51300001
SDN,Sudan,country,2021,.51200002
SDN,Sudan,country,2022,.51599997
SDN,Sudan,country,2023,.51099998
SEN,Senegal,country,1990,.377
SEN,Senegal,country,1991,.37900001
SEN,Senegal,country,1992,.38100001
SEN,Senegal,country,1993,.382
SEN,Senegal,country,1994,.382
SEN,Senegal,country,1995,.384
SEN,Senegal,country,1996,.38499999
SEN,Senegal,country,1997,.38600001
SEN,Senegal,country,1998,.389
SEN,Senegal,country,1999,.39199999
SEN,Senegal,country,2000,.398
SEN,Senegal,country,2001,.40400001
SEN,Senegal,country,2002,.40900001
SEN,Senegal,country,2003,.41600001
SEN,Senegal,country,2004,.42300001
SEN,Senegal,country,2005,.43000001
SEN,Senegal,country,2006,.43799999
SEN,Senegal,country,2007,.44999999
SEN,Senegal,country,2008,.46200001
SEN,Senegal,country,2009,.47
SEN,Senegal,country,2010,.477
SEN,Senegal,country,2011,.491
SEN,Senegal,country,2012,.49900001
SEN,Senegal,country,2013,.50400001
SEN,Senegal,country,2014,.50800002
SEN,Senegal,country,2015,.509
SEN,Senegal,country,2016,.51599997
SEN,Senegal,country,2017,.51700002
SEN,Senegal,country,2018,.52200001
SEN,Senegal,country,2019,.51999998
SEN,Senegal,country,2020,.52200001
SEN,Senegal,country,2021,.52200001
SEN,Senegal,country,2022,.52600002
SEN,Senegal,country,2023,.52999997
SGP,Singapore,country,1990,.81900001
SGP,Singapore,country,1991,.82599998
SGP,Singapore,country,1992,.833
SGP,Singapore,country,1993,.83999997
SGP,Singapore,country,1994,.84799999
SGP,Singapore,country,1995,.85399997
SGP,Singapore,country,1996,.85900003
SGP,Singapore,country,1997,.866
SGP,Singapore,country,1998,.86900002
SGP,Singapore,country,1999,.875
SGP,Singapore,country,2000,.88200003
SGP,Singapore,country,2001,.88499999
SGP,Singapore,country,2002,.89099997
SGP,Singapore,country,2003,.89700001
SGP,Singapore,country,2004,.90499997
SGP,Singapore,country,2005,.91100001
SGP,Singapore,country,2006,.91100001
SGP,Singapore,country,2007,.91399997
SGP,Singapore,country,2008,.92400002
SGP,Singapore,country,2009,.92799997
SGP,Singapore,country,2010,.93199998
SGP,Singapore,country,2011,.93300003
SGP,Singapore,country,2012,.93300003
SGP,Singapore,country,2013,.93400002
SGP,Singapore,country,2014,.93400002
SGP,Singapore,country,2015,.935
SGP,Singapore,country,2016,.93400002
SGP,Singapore,country,2017,.935
SGP,Singapore,country,2018,.93900001
SGP,Singapore,country,2019,.94199997
SGP,Singapore,country,2020,.94400001
SGP,Singapore,country,2021,.94800001
SGP,Singapore,country,2022,.94199997
SGP,Singapore,country,2023,.94599998
SLB,Solomon Islands,country,1990,
SLB,Solomon Islands,country,1991,
SLB,Solomon Islands,country,1992,
SLB,Solomon Islands,country,1993,
SLB,Solomon Islands,country,1994,
SLB,Solomon Islands,country,1995,
SLB,Solomon Islands,country,1996,
SLB,Solomon Islands,country,1997,
SLB,Solomon Islands,country,1998,
SLB,Solomon Islands,country,1999,.55400002
SLB,Solomon Islands,country,2000,.54699999
SLB,Solomon Islands,country,2001,.542
SLB,Solomon Islands,country,2002,.53899997
SLB,Solomon Islands,country,2003,.54299998
SLB,Solomon Islands,country,2004,.54799998
SLB,Solomon Islands,country,2005,.55299997
SLB,Solomon Islands,country,2006,.55299997
SLB,Solomon Islands,country,2007,.55199999
SLB,Solomon Islands,country,2008,.55599999
SLB,Solomon Islands,country,2009,.55699998
SLB,Solomon Islands,country,2010,.56400001
SLB,Solomon Islands,country,2011,.56699997
SLB,Solomon Islands,country,2012,.56999999
SLB,Solomon Islands,country,2013,.57599998
SLB,Solomon Islands,country,2014,.57499999
SLB,Solomon Islands,country,2015,.57599998
SLB,Solomon Islands,country,2016,.57800001
SLB,Solomon Islands,country,2017,.58099997
SLB,Solomon Islands,country,2018,.58200002
SLB,Solomon Islands,country,2019,.583
SLB,Solomon Islands,country,2020,.579
SLB,Solomon Islands,country,2021,.57700002
SLB,Solomon Islands,country,2022,.583
SLB,Solomon Islands,country,2023,.58399999
SLE,Sierra Leone,country,1990,.31299999
SLE,Sierra Leone,country,1991,.303
SLE,Sierra Leone,country,1992,.30500001
SLE,Sierra Leone,country,1993,.31200001
SLE,Sierra Leone,country,1994,.31200001
SLE,Sierra Leone,country,1995,.31400001
SLE,Sierra Leone,country,1996,.31099999
SLE,Sierra Leone,country,1997,.30700001
SLE,Sierra Leone,country,1998,.30399999
SLE,Sierra Leone,country,1999,.301
SLE,Sierra Leone,country,2000,.31799999
SLE,Sierra Leone,country,2001,.33000001
SLE,Sierra Leone,country,2002,.345
SLE,Sierra Leone,country,2003,.354
SLE,Sierra Leone,country,2004,.36300001
SLE,Sierra Leone,country,2005,.37
SLE,Sierra Leone,country,2006,.37200001
SLE,Sierra Leone,country,2007,.391
SLE,Sierra Leone,country,2008,.40000001
SLE,Sierra Leone,country,2009,.40599999
SLE,Sierra Leone,country,2010,.41
SLE,Sierra Leone,country,2011,.41600001
SLE,Sierra Leone,country,2012,.41800001
SLE,Sierra Leone,country,2013,.43599999
SLE,Sierra Leone,country,2014,.43799999
SLE,Sierra Leone,country,2015,.43200001
SLE,Sierra Leone,country,2016,.44100001
SLE,Sierra Leone,country,2017,.44499999
SLE,Sierra Leone,country,2018,.45100001
SLE,Sierra Leone,country,2019,.45500001
SLE,Sierra Leone,country,2020,.454
SLE,Sierra Leone,country,2021,.458
SLE,Sierra Leone,country,2022,.463
SLE,Sierra Leone,country,2023,.46700001
SLV,El Salvador,country,1990,.523
SLV,El Salvador,country,1991,.52899998
SLV,El Salvador,country,1992,.53799999
SLV,El Salvador,country,1993,.54799998
SLV,El Salvador,country,1994,.55800003
SLV,El Salvador,country,1995,.56699997
SLV,El Salvador,country,1996,.57599998
SLV,El Salvador,country,1997,.58600003
SLV,El Salvador,country,1998,.59399998
SLV,El Salvador,country,1999,.59799999
SLV,El Salvador,country,2000,.60699999
SLV,El Salvador,country,2001,.61199999
SLV,El Salvador,country,2002,.62099999
SLV,El Salvador,country,2003,.62800002
SLV,El Salvador,country,2004,.63599998
SLV,El Salvador,country,2005,.64200002
SLV,El Salvador,country,2006,.64700001
SLV,El Salvador,country,2007,.653
SLV,El Salvador,country,2008,.653
SLV,El Salvador,country,2009,.653
SLV,El Salvador,country,2010,.66000003
SLV,El Salvador,country,2011,.662
SLV,El Salvador,country,2012,.66600001
SLV,El Salvador,country,2013,.66799998
SLV,El Salvador,country,2014,.66799998
SLV,El Salvador,country,2015,.667
SLV,El Salvador,country,2016,.66600001
SLV,El Salvador,country,2017,.66500002
SLV,El Salvador,country,2018,.67000002
SLV,El Salvador,country,2019,.67000002
SLV,El Salvador,country,2020,.66000003
SLV,El Salvador,country,2021,.66299999
SLV,El Salvador,country,2022,.67400002
SLV,El Salvador,country,2023,.67799997
SMR,San Marino,country,1990,
SMR,San Marino,country,1991,
SMR,San Marino,country,1992,
SMR,San Marino,country,1993,
SMR,San Marino,country,1994,
SMR,San Marino,country,1995,
SMR,San Marino,country,1996,
SMR,San Marino,country,1997,
SMR,San Marino,country,1998,
SMR,San Marino,country,1999,
SMR,San Marino,country,2000,.88099998
SMR,San Marino,country,2001,.88300002
SMR,San Marino,country,2002,.88499999
SMR,San Marino,country,2003,.88800001
SMR,San Marino,country,2004,.88999999
SMR,San Marino,country,2005,.89300001
SMR,San Marino,country,2006,.89499998
SMR,San Marino,country,2007,.898
SMR,San Marino,country,2008,.89999998
SMR,San Marino,country,2009,.903
SMR,San Marino,country,2010,.90499997
SMR,San Marino,country,2011,.90200001
SMR,San Marino,country,2012,.89300001
SMR,San Marino,country,2013,.89600003
SMR,San Marino,country,2014,.89700001
SMR,San Marino,country,2015,.89600003
SMR,San Marino,country,2016,.898
SMR,San Marino,country,2017,.903
SMR,San Marino,country,2018,.90399998
SMR,San Marino,country,2019,.90799999
SMR,San Marino,country,2020,.89499998
SMR,San Marino,country,2021,.903
SMR,San Marino,country,2022,.91000003
SMR,San Marino,country,2023,.91500002
SOM,Somalia,country,1990,
SOM,Somalia,country,1991,
SOM,Somalia,country,1992,
SOM,Somalia,country,1993,
SOM,Somalia,country,1994,
SOM,Somalia,country,1995,
SOM,Somalia,country,1996,
SOM,Somalia,country,1997,
SOM,Somalia,country,1998,
SOM,Somalia,country,1999,
SOM,Somalia,country,2000,
SOM,Somalia,country,2001,
SOM,Somalia,country,2002,
SOM,Somalia,country,2003,
SOM,Somalia,country,2004,
SOM,Somalia,country,2005,
SOM,Somalia,country,2006,
SOM,Somalia,country,2007,
SOM,Somalia,country,2008,
SOM,Somalia,country,2009,
SOM,Somalia,country,2010,
SOM,Somalia,country,2011,
SOM,Somalia,country,2012,
SOM,Somalia,country,2013,
SOM,Somalia,country,2014,
SOM,Somalia,country,2015,
SOM,Somalia,country,2016,
SOM,Somalia,country,2017,
SOM,Somalia,country,2018,
SOM,Somalia,country,2019,
SOM,Somalia,country,2020,
SOM,Somalia,country,2021,
SOM,Somalia,country,2022,.38499999
SOM,Somalia,country,2023,.40400001
SRB,Serbia,country,1990,
SRB,Serbia,country,1991,
SRB,Serbia,country,1992,
SRB,Serbia,country,1993,
SRB,Serbia,country,1994,
SRB,Serbia,country,1995,.68599999
SRB,Serbia,country,1996,.69199997
SRB,Serbia,country,1997,.69800001
SRB,Serbia,country,1998,.699
SRB,Serbia,country,1999,.685
SRB,Serbia,country,2000,.70099998
SRB,Serbia,country,2001,.70700002
SRB,Serbia,country,2002,.71100003
SRB,Serbia,country,2003,.72000003
SRB,Serbia,country,2004,.73199999
SRB,Serbia,country,2005,.74299997
SRB,Serbia,country,2006,.75300002
SRB,Serbia,country,2007,.76300001
SRB,Serbia,country,2008,.773
SRB,Serbia,country,2009,.77399999
SRB,Serbia,country,2010,.77499998
SRB,Serbia,country,2011,.78500003
SRB,Serbia,country,2012,.78799999
SRB,Serbia,country,2013,.792
SRB,Serbia,country,2014,.79500002
SRB,Serbia,country,2015,.80199999
SRB,Serbia,country,2016,.80599999
SRB,Serbia,country,2017,.80800003
SRB,Serbia,country,2018,.81400001
SRB,Serbia,country,2019,.81699997
SRB,Serbia,country,2020,.80900002
SRB,Serbia,country,2021,.80699998
SRB,Serbia,country,2022,.82599998
SRB,Serbia,country,2023,.833
SSD,South Sudan,country,1990,
SSD,South Sudan,country,1991,
SSD,South Sudan,country,1992,
SSD,South Sudan,country,1993,
SSD,South Sudan,country,1994,
SSD,South Sudan,country,1995,
SSD,South Sudan,country,1996,
SSD,South Sudan,country,1997,
SSD,South Sudan,country,1998,
SSD,South Sudan,country,1999,
SSD,South Sudan,country,2000,
SSD,South Sudan,country,2001,
SSD,South Sudan,country,2002,
SSD,South Sudan,country,2003,
SSD,South Sudan,country,2004,
SSD,South Sudan,country,2005,
SSD,South Sudan,country,2006,
SSD,South Sudan,country,2007,
SSD,South Sudan,country,2008,
SSD,South Sudan,country,2009,
SSD,South Sudan,country,2010,.41999999
SSD,South Sudan,country,2011,.42199999
SSD,South Sudan,country,2012,.389
SSD,South Sudan,country,2013,.391
SSD,South Sudan,country,2014,.34299999
SSD,South Sudan,country,2015,.317
SSD,South Sudan,country,2016,.29699999
SSD,South Sudan,country,2017,.292
SSD,South Sudan,country,2018,.37099999
SSD,South Sudan,country,2019,.403
SSD,South Sudan,country,2020,.398
SSD,South Sudan,country,2021,.39300001
SSD,South Sudan,country,2022,.38800001
SSD,South Sudan,country,2023,.38800001
STP,Sao Tome and Principe,country,1990,
STP,Sao Tome and Principe,country,1991,
STP,Sao Tome and Principe,country,1992,
STP,Sao Tome and Principe,country,1993,
STP,Sao Tome and Principe,country,1994,
STP,Sao Tome and Principe,country,1995,
STP,Sao Tome and Principe,country,1996,
STP,Sao Tome and Principe,country,1997,
STP,Sao Tome and Principe,country,1998,
STP,Sao Tome and Principe,country,1999,
STP,Sao Tome and Principe,country,2000,
STP,Sao Tome and Principe,country,2001,
STP,Sao Tome and Principe,country,2002,
STP,Sao Tome and Principe,country,2003,
STP,Sao Tome and Principe,country,2004,
STP,Sao Tome and Principe,country,2005,.53500003
STP,Sao Tome and Principe,country,2006,.546
STP,Sao Tome and Principe,country,2007,.55199999
STP,Sao Tome and Principe,country,2008,.55699998
STP,Sao Tome and Principe,country,2009,.56099999
STP,Sao Tome and Principe,country,2010,.56400001
STP,Sao Tome and Principe,country,2011,.56900001
STP,Sao Tome and Principe,country,2012,.574
STP,Sao Tome and Principe,country,2013,.58499998
STP,Sao Tome and Principe,country,2014,.59600002
STP,Sao Tome and Principe,country,2015,.60799998
STP,Sao Tome and Principe,country,2016,.61299998
STP,Sao Tome and Principe,country,2017,.61699998
STP,Sao Tome and Principe,country,2018,.62099999
STP,Sao Tome and Principe,country,2019,.625
STP,Sao Tome and Principe,country,2020,.62800002
STP,Sao Tome and Principe,country,2021,.63099998
STP,Sao Tome and Principe,country,2022,.63599998
STP,Sao Tome and Principe,country,2023,.63700002
SUR,Suriname,country,1990,
SUR,Suriname,country,1991,
SUR,Suriname,country,1992,
SUR,Suriname,country,1993,
SUR,Suriname,country,1994,
SUR,Suriname,country,1995,
SUR,Suriname,country,1996,
SUR,Suriname,country,1997,
SUR,Suriname,country,1998,
SUR,Suriname,country,1999,
SUR,Suriname,country,2000,
SUR,Suriname,country,2001,
SUR,Suriname,country,2002,
SUR,Suriname,country,2003,
SUR,Suriname,country,2004,.67900002
SUR,Suriname,country,2005,.685
SUR,Suriname,country,2006,.69
SUR,Suriname,country,2007,.69700003
SUR,Suriname,country,2008,.70099998
SUR,Suriname,country,2009,.704
SUR,Suriname,country,2010,.70700002
SUR,Suriname,country,2011,.708
SUR,Suriname,country,2012,.71100003
SUR,Suriname,country,2013,.71399999
SUR,Suriname,country,2014,.71499997
SUR,Suriname,country,2015,.71799999
SUR,Suriname,country,2016,.71600002
SUR,Suriname,country,2017,.71499997
SUR,Suriname,country,2018,.71899998
SUR,Suriname,country,2019,.72000003
SUR,Suriname,country,2020,.71399999
SUR,Suriname,country,2021,.69700003
SUR,Suriname,country,2022,.71899998
SUR,Suriname,country,2023,.722
SVK,Slovakia,country,1990,.69800001
SVK,Slovakia,country,1991,.69700003
SVK,Slovakia,country,1992,.70200002
SVK,Slovakia,country,1993,.70999998
SVK,Slovakia,country,1994,.72000003
SVK,Slovakia,country,1995,.72899997
SVK,Slovakia,country,1996,.74000001
SVK,Slovakia,country,1997,.74699998
SVK,Slovakia,country,1998,.75800002
SVK,Slovakia,country,1999,.76499999
SVK,Slovakia,country,2000,.77399999
SVK,Slovakia,country,2001,.78100002
SVK,Slovakia,country,2002,.79000002
SVK,Slovakia,country,2003,.796
SVK,Slovakia,country,2004,.80599999
SVK,Slovakia,country,2005,.815
SVK,Slovakia,country,2006,.824
SVK,Slovakia,country,2007,.83399999
SVK,Slovakia,country,2008,.84200001
SVK,Slovakia,country,2009,.84500003
SVK,Slovakia,country,2010,.85100001
SVK,Slovakia,country,2011,.85600001
SVK,Slovakia,country,2012,.85600001
SVK,Slovakia,country,2013,.85799998
SVK,Slovakia,country,2014,.85900003
SVK,Slovakia,country,2015,.861
SVK,Slovakia,country,2016,.86400002
SVK,Slovakia,country,2017,.86500001
SVK,Slovakia,country,2018,.86799997
SVK,Slovakia,country,2019,.87099999
SVK,Slovakia,country,2020,.86699998
SVK,Slovakia,country,2021,.85900003
SVK,Slovakia,country,2022,.87300003
SVK,Slovakia,country,2023,.88
SVN,Slovenia,country,1990,.73400003
SVN,Slovenia,country,1991,.736
SVN,Slovenia,country,1992,.741
SVN,Slovenia,country,1993,.74599999
SVN,Slovenia,country,1994,.75599998
SVN,Slovenia,country,1995,.76800001
SVN,Slovenia,country,1996,.778
SVN,Slovenia,country,1997,.78899997
SVN,Slovenia,country,1998,.80199999
SVN,Slovenia,country,1999,.81999999
SVN,Slovenia,country,2000,.829
SVN,Slovenia,country,2001,.84500003
SVN,Slovenia,country,2002,.85500002
SVN,Slovenia,country,2003,.86500001
SVN,Slovenia,country,2004,.87
SVN,Slovenia,country,2005,.87599999
SVN,Slovenia,country,2006,.88300002
SVN,Slovenia,country,2007,.88800001
SVN,Slovenia,country,2008,.89399999
SVN,Slovenia,country,2009,.89399999
SVN,Slovenia,country,2010,.89600003
SVN,Slovenia,country,2011,.89700001
SVN,Slovenia,country,2012,.89700001
SVN,Slovenia,country,2013,.90700001
SVN,Slovenia,country,2014,.90700001
SVN,Slovenia,country,2015,.90899998
SVN,Slovenia,country,2016,.91399997
SVN,Slovenia,country,2017,.91799998
SVN,Slovenia,country,2018,.92199999
SVN,Slovenia,country,2019,.92299998
SVN,Slovenia,country,2020,.91799998
SVN,Slovenia,country,2021,.92400002
SVN,Slovenia,country,2022,.926
SVN,Slovenia,country,2023,.93099999
SWE,Sweden,country,1990,.81800002
SWE,Sweden,country,1991,.82099998
SWE,Sweden,country,1992,.829
SWE,Sweden,country,1993,.85000002
SWE,Sweden,country,1994,.86199999
SWE,Sweden,country,1995,.86900002
SWE,Sweden,country,1996,.87699997
SWE,Sweden,country,1997,.88800001
SWE,Sweden,country,1998,.90100002
SWE,Sweden,country,1999,.90600002
SWE,Sweden,country,2000,.912
SWE,Sweden,country,2001,.91500002
SWE,Sweden,country,2002,.91799998
SWE,Sweden,country,2003,.92299998
SWE,Sweden,country,2004,.90799999
SWE,Sweden,country,2005,.91100001
SWE,Sweden,country,2006,.91500002
SWE,Sweden,country,2007,.917
SWE,Sweden,country,2008,.91299999
SWE,Sweden,country,2009,.912
SWE,Sweden,country,2010,.91799998
SWE,Sweden,country,2011,.92000002
SWE,Sweden,country,2012,.92000002
SWE,Sweden,country,2013,.94
SWE,Sweden,country,2014,.94300002
SWE,Sweden,country,2015,.94499999
SWE,Sweden,country,2016,.94700003
SWE,Sweden,country,2017,.949
SWE,Sweden,country,2018,.94999999
SWE,Sweden,country,2019,.95499998
SWE,Sweden,country,2020,.95099998
SWE,Sweden,country,2021,.958
SWE,Sweden,country,2022,.95899999
SWE,Sweden,country,2023,.95899999
SWZ,Eswatini,country,1990,.56999999
SWZ,Eswatini,country,1991,.565
SWZ,Eswatini,country,1992,.55800003
SWZ,Eswatini,country,1993,.55000001
SWZ,Eswatini,country,1994,.54299998
SWZ,Eswatini,country,1995,.54000002
SWZ,Eswatini,country,1996,.53200001
SWZ,Eswatini,country,1997,.523
SWZ,Eswatini,country,1998,.51099998
SWZ,Eswatini,country,1999,.50400001
SWZ,Eswatini,country,2000,.493
SWZ,Eswatini,country,2001,.484
SWZ,Eswatini,country,2002,.47299999
SWZ,Eswatini,country,2003,.46900001
SWZ,Eswatini,country,2004,.46700001
SWZ,Eswatini,country,2005,.472
SWZ,Eswatini,country,2006,.48500001
SWZ,Eswatini,country,2007,.49700001
SWZ,Eswatini,country,2008,.50700003
SWZ,Eswatini,country,2009,.51899999
SWZ,Eswatini,country,2010,.53399998
SWZ,Eswatini,country,2011,.54500002
SWZ,Eswatini,country,2012,.56199998
SWZ,Eswatini,country,2013,.57800001
SWZ,Eswatini,country,2014,.59200001
SWZ,Eswatini,country,2015,.60699999
SWZ,Eswatini,country,2016,.61900002
SWZ,Eswatini,country,2017,.63099998
SWZ,Eswatini,country,2018,.64300001
SWZ,Eswatini,country,2019,.653
SWZ,Eswatini,country,2020,.65700001
SWZ,Eswatini,country,2021,.65799999
SWZ,Eswatini,country,2022,.69499999
SWZ,Eswatini,country,2023,.69499999
SYC,Seychelles,country,1990,
SYC,Seychelles,country,1991,
SYC,Seychelles,country,1992,
SYC,Seychelles,country,1993,
SYC,Seychelles,country,1994,
SYC,Seychelles,country,1995,
SYC,Seychelles,country,1996,
SYC,Seychelles,country,1997,
SYC,Seychelles,country,1998,
SYC,Seychelles,country,1999,
SYC,Seychelles,country,2000,
SYC,Seychelles,country,2001,
SYC,Seychelles,country,2002,
SYC,Seychelles,country,2003,
SYC,Seychelles,country,2004,
SYC,Seychelles,country,2005,
SYC,Seychelles,country,2006,
SYC,Seychelles,country,2007,
SYC,Seychelles,country,2008,
SYC,Seychelles,country,2009,
SYC,Seychelles,country,2010,.75800002
SYC,Seychelles,country,2011,.77200001
SYC,Seychelles,country,2012,.79699999
SYC,Seychelles,country,2013,.79699999
SYC,Seychelles,country,2014,.81400001
SYC,Seychelles,country,2015,.81900001
SYC,Seychelles,country,2016,.83600003
SYC,Seychelles,country,2017,.84399998
SYC,Seychelles,country,2018,.847
SYC,Seychelles,country,2019,.85000002
SYC,Seychelles,country,2020,.85299999
SYC,Seychelles,country,2021,.838
SYC,Seychelles,country,2022,.83600003
SYC,Seychelles,country,2023,.84799999
SYR,Syrian Arab Republic,country,1990,.57200003
SYR,Syrian Arab Republic,country,1991,.57700002
SYR,Syrian Arab Republic,country,1992,.58200002
SYR,Syrian Arab Republic,country,1993,.583
SYR,Syrian Arab Republic,country,1994,.58700001
SYR,Syrian Arab Republic,country,1995,.58700001
SYR,Syrian Arab Republic,country,1996,.58999997
SYR,Syrian Arab Republic,country,1997,.59299999
SYR,Syrian Arab Republic,country,1998,.59500003
SYR,Syrian Arab Republic,country,1999,.59500003
SYR,Syrian Arab Republic,country,2000,.59399998
SYR,Syrian Arab Republic,country,2001,.602
SYR,Syrian Arab Republic,country,2002,.61000001
SYR,Syrian Arab Republic,country,2003,.62099999
SYR,Syrian Arab Republic,country,2004,.63499999
SYR,Syrian Arab Republic,country,2005,.64600003
SYR,Syrian Arab Republic,country,2006,.65799999
SYR,Syrian Arab Republic,country,2007,.66500002
SYR,Syrian Arab Republic,country,2008,.66000003
SYR,Syrian Arab Republic,country,2009,.66799998
SYR,Syrian Arab Republic,country,2010,.66900003
SYR,Syrian Arab Republic,country,2011,.66399997
SYR,Syrian Arab Republic,country,2012,.62599999
SYR,Syrian Arab Republic,country,2013,.56699997
SYR,Syrian Arab Republic,country,2014,.56099999
SYR,Syrian Arab Republic,country,2015,.54900002
SYR,Syrian Arab Republic,country,2016,.55199999
SYR,Syrian Arab Republic,country,2017,.551
SYR,Syrian Arab Republic,country,2018,.55699998
SYR,Syrian Arab Republic,country,2019,.56900001
SYR,Syrian Arab Republic,country,2020,.56999999
SYR,Syrian Arab Republic,country,2021,.57099998
SYR,Syrian Arab Republic,country,2022,.57099998
SYR,Syrian Arab Republic,country,2023,.56400001
TCD,Chad,country,1990,
TCD,Chad,country,1991,
TCD,Chad,country,1992,
TCD,Chad,country,1993,
TCD,Chad,country,1994,
TCD,Chad,country,1995,
TCD,Chad,country,1996,
TCD,Chad,country,1997,
TCD,Chad,country,1998,
TCD,Chad,country,1999,
TCD,Chad,country,2000,.303
TCD,Chad,country,2001,.31299999
TCD,Chad,country,2002,.31999999
TCD,Chad,country,2003,.31999999
TCD,Chad,country,2004,.338
TCD,Chad,country,2005,.33899999
TCD,Chad,country,2006,.33899999
TCD,Chad,country,2007,.34999999
TCD,Chad,country,2008,.354
TCD,Chad,country,2009,.36899999
TCD,Chad,country,2010,.375
TCD,Chad,country,2011,.384
TCD,Chad,country,2012,.391
TCD,Chad,country,2013,.396
TCD,Chad,country,2014,.40099999
TCD,Chad,country,2015,.396
TCD,Chad,country,2016,.396
TCD,Chad,country,2017,.39700001
TCD,Chad,country,2018,.40200001
TCD,Chad,country,2019,.40599999
TCD,Chad,country,2020,.40799999
TCD,Chad,country,2021,.40799999
TCD,Chad,country,2022,.414
TCD,Chad,country,2023,.41600001
TGO,Togo,country,1990,.412
TGO,Togo,country,1991,.41499999
TGO,Togo,country,1992,.40599999
TGO,Togo,country,1993,.40400001
TGO,Togo,country,1994,.41299999
TGO,Togo,country,1995,.42500001
TGO,Togo,country,1996,.433
TGO,Togo,country,1997,.44100001
TGO,Togo,country,1998,.442
TGO,Togo,country,1999,.44600001
TGO,Togo,country,2000,.44800001
TGO,Togo,country,2001,.45199999
TGO,Togo,country,2002,.45500001
TGO,Togo,country,2003,.46000001
TGO,Togo,country,2004,.461
TGO,Togo,country,2005,.46000001
TGO,Togo,country,2006,.465
TGO,Togo,country,2007,.458
TGO,Togo,country,2008,.465
TGO,Togo,country,2009,.47299999
TGO,Togo,country,2010,.48300001
TGO,Togo,country,2011,.495
TGO,Togo,country,2012,.5
TGO,Togo,country,2013,.50700003
TGO,Togo,country,2014,.514
TGO,Togo,country,2015,.523
TGO,Togo,country,2016,.528
TGO,Togo,country,2017,.53399998
TGO,Togo,country,2018,.542
TGO,Togo,country,2019,.54900002
TGO,Togo,country,2020,.55400002
TGO,Togo,country,2021,.56
TGO,Togo,country,2022,.56699997
TGO,Togo,country,2023,.57099998
THA,Thailand,country,1990,.58399999
THA,Thailand,country,1991,.59299999
THA,Thailand,country,1992,.60299999
THA,Thailand,country,1993,.61199999
THA,Thailand,country,1994,.62
THA,Thailand,country,1995,.62800002
THA,Thailand,country,1996,.634
THA,Thailand,country,1997,.639
THA,Thailand,country,1998,.64200002
THA,Thailand,country,1999,.64999998
THA,Thailand,country,2000,.65700001
THA,Thailand,country,2001,.667
THA,Thailand,country,2002,.67799997
THA,Thailand,country,2003,.69
THA,Thailand,country,2004,.699
THA,Thailand,country,2005,.70700002
THA,Thailand,country,2006,.70999998
THA,Thailand,country,2007,.72100002
THA,Thailand,country,2008,.72299999
THA,Thailand,country,2009,.72500002
THA,Thailand,country,2010,.74199998
THA,Thailand,country,2011,.74699998
THA,Thailand,country,2012,.75
THA,Thailand,country,2013,.75199997
THA,Thailand,country,2014,.78399998
THA,Thailand,country,2015,.78799999
THA,Thailand,country,2016,.792
THA,Thailand,country,2017,.79400003
THA,Thailand,country,2018,.796
THA,Thailand,country,2019,.80000001
THA,Thailand,country,2020,.79799998
THA,Thailand,country,2021,.80000001
THA,Thailand,country,2022,.792
THA,Thailand,country,2023,.79799998
TJK,Tajikistan,country,1990,
TJK,Tajikistan,country,1991,
TJK,Tajikistan,country,1992,
TJK,Tajikistan,country,1993,.54900002
TJK,Tajikistan,country,1994,.53799999
TJK,Tajikistan,country,1995,.54699999
TJK,Tajikistan,country,1996,.528
TJK,Tajikistan,country,1997,.53600001
TJK,Tajikistan,country,1998,.54100001
TJK,Tajikistan,country,1999,.546
TJK,Tajikistan,country,2000,.55400002
TJK,Tajikistan,country,2001,.56300002
TJK,Tajikistan,country,2002,.57499999
TJK,Tajikistan,country,2003,.58700001
TJK,Tajikistan,country,2004,.59799999
TJK,Tajikistan,country,2005,.611
TJK,Tajikistan,country,2006,.62
TJK,Tajikistan,country,2007,.625
TJK,Tajikistan,country,2008,.634
TJK,Tajikistan,country,2009,.634
TJK,Tajikistan,country,2010,.639
TJK,Tajikistan,country,2011,.64399999
TJK,Tajikistan,country,2012,.64899999
TJK,Tajikistan,country,2013,.65499997
TJK,Tajikistan,country,2014,.65700001
TJK,Tajikistan,country,2015,.65799999
TJK,Tajikistan,country,2016,.66100001
TJK,Tajikistan,country,2017,.66600001
TJK,Tajikistan,country,2018,.67000002
TJK,Tajikistan,country,2019,.67299998
TJK,Tajikistan,country,2020,.66399997
TJK,Tajikistan,country,2021,.67199999
TJK,Tajikistan,country,2022,.68699998
TJK,Tajikistan,country,2023,.69099998
TKM,Turkmenistan,country,1990,
TKM,Turkmenistan,country,1991,
TKM,Turkmenistan,country,1992,
TKM,Turkmenistan,country,1993,
TKM,Turkmenistan,country,1994,
TKM,Turkmenistan,country,1995,
TKM,Turkmenistan,country,1996,
TKM,Turkmenistan,country,1997,
TKM,Turkmenistan,country,1998,
TKM,Turkmenistan,country,1999,
TKM,Turkmenistan,country,2000,
TKM,Turkmenistan,country,2001,
TKM,Turkmenistan,country,2002,
TKM,Turkmenistan,country,2003,
TKM,Turkmenistan,country,2004,
TKM,Turkmenistan,country,2005,.653
TKM,Turkmenistan,country,2006,.662
TKM,Turkmenistan,country,2007,.67299998
TKM,Turkmenistan,country,2008,.68300003
TKM,Turkmenistan,country,2009,.69
TKM,Turkmenistan,country,2010,.69999999
TKM,Turkmenistan,country,2011,.70899999
TKM,Turkmenistan,country,2012,.71399999
TKM,Turkmenistan,country,2013,.71600002
TKM,Turkmenistan,country,2014,.71899998
TKM,Turkmenistan,country,2015,.72500002
TKM,Turkmenistan,country,2016,.72899997
TKM,Turkmenistan,country,2017,.73199999
TKM,Turkmenistan,country,2018,.73500001
TKM,Turkmenistan,country,2019,.741
TKM,Turkmenistan,country,2020,.74400002
TKM,Turkmenistan,country,2021,.75400001
TKM,Turkmenistan,country,2022,.76099998
TKM,Turkmenistan,country,2023,.764
TLS,Timor-Leste,country,1990,
TLS,Timor-Leste,country,1991,
TLS,Timor-Leste,country,1992,
TLS,Timor-Leste,country,1993,
TLS,Timor-Leste,country,1994,
TLS,Timor-Leste,country,1995,
TLS,Timor-Leste,country,1996,
TLS,Timor-Leste,country,1997,
TLS,Timor-Leste,country,1998,
TLS,Timor-Leste,country,1999,
TLS,Timor-Leste,country,2000,.50700003
TLS,Timor-Leste,country,2001,.52100003
TLS,Timor-Leste,country,2002,.53399998
TLS,Timor-Leste,country,2003,.53399998
TLS,Timor-Leste,country,2004,.54699999
TLS,Timor-Leste,country,2005,.56400001
TLS,Timor-Leste,country,2006,.588
TLS,Timor-Leste,country,2007,.60900003
TLS,Timor-Leste,country,2008,.634
TLS,Timor-Leste,country,2009,.63099998
TLS,Timor-Leste,country,2010,.64499998
TLS,Timor-Leste,country,2011,.65499997
TLS,Timor-Leste,country,2012,.64999998
TLS,Timor-Leste,country,2013,.64600003
TLS,Timor-Leste,country,2014,.63700002
TLS,Timor-Leste,country,2015,.62800002
TLS,Timor-Leste,country,2016,.61799997
TLS,Timor-Leste,country,2017,.62099999
TLS,Timor-Leste,country,2018,.62400001
TLS,Timor-Leste,country,2019,.64200002
TLS,Timor-Leste,country,2020,.64999998
TLS,Timor-Leste,country,2021,.64399999
TLS,Timor-Leste,country,2022,.63300002
TLS,Timor-Leste,country,2023,.634
TON,Tonga,country,1990,.64099997
TON,Tonga,country,1991,.64899999
TON,Tonga,country,1992,.65399998
TON,Tonga,country,1993,.66000003
TON,Tonga,country,1994,.67000002
TON,Tonga,country,1995,.67500001
TON,Tonga,country,1996,.67799997
TON,Tonga,country,1997,.68000001
TON,Tonga,country,1998,.685
TON,Tonga,country,1999,.68800002
TON,Tonga,country,2000,.68800002
TON,Tonga,country,2001,.69300002
TON,Tonga,country,2002,.69999999
TON,Tonga,country,2003,.70300001
TON,Tonga,country,2004,.70499998
TON,Tonga,country,2005,.70599997
TON,Tonga,country,2006,.708
TON,Tonga,country,2007,.70999998
TON,Tonga,country,2008,.71700001
TON,Tonga,country,2009,.71799999
TON,Tonga,country,2010,.72399998
TON,Tonga,country,2011,.73100001
TON,Tonga,country,2012,.73500001
TON,Tonga,country,2013,.73699999
TON,Tonga,country,2014,.74000001
TON,Tonga,country,2015,.74299997
TON,Tonga,country,2016,.74900001
TON,Tonga,country,2017,.755
TON,Tonga,country,2018,.759
TON,Tonga,country,2019,.76300001
TON,Tonga,country,2020,.76499999
TON,Tonga,country,2021,.76300001
TON,Tonga,country,2022,.764
TON,Tonga,country,2023,.76899999
TTO,Trinidad and Tobago,country,1990,.66100001
TTO,Trinidad and Tobago,country,1991,.66500002
TTO,Trinidad and Tobago,country,1992,.66500002
TTO,Trinidad and Tobago,country,1993,.667
TTO,Trinidad and Tobago,country,1994,.67199999
TTO,Trinidad and Tobago,country,1995,.67699999
TTO,Trinidad and Tobago,country,1996,.68400002
TTO,Trinidad and Tobago,country,1997,.69199997
TTO,Trinidad and Tobago,country,1998,.69999999
TTO,Trinidad and Tobago,country,1999,.708
TTO,Trinidad and Tobago,country,2000,.71399999
TTO,Trinidad and Tobago,country,2001,.72100002
TTO,Trinidad and Tobago,country,2002,.73000002
TTO,Trinidad and Tobago,country,2003,.74000001
TTO,Trinidad and Tobago,country,2004,.75
TTO,Trinidad and Tobago,country,2005,.75599998
TTO,Trinidad and Tobago,country,2006,.76599997
TTO,Trinidad and Tobago,country,2007,.77399999
TTO,Trinidad and Tobago,country,2008,.78200001
TTO,Trinidad and Tobago,country,2009,.78200001
TTO,Trinidad and Tobago,country,2010,.78899997
TTO,Trinidad and Tobago,country,2011,.792
TTO,Trinidad and Tobago,country,2012,.796
TTO,Trinidad and Tobago,country,2013,.80199999
TTO,Trinidad and Tobago,country,2014,.80500001
TTO,Trinidad and Tobago,country,2015,.80800003
TTO,Trinidad and Tobago,country,2016,.80599999
TTO,Trinidad and Tobago,country,2017,.80599999
TTO,Trinidad and Tobago,country,2018,.80299997
TTO,Trinidad and Tobago,country,2019,.80500001
TTO,Trinidad and Tobago,country,2020,.80000001
TTO,Trinidad and Tobago,country,2021,.796
TTO,Trinidad and Tobago,country,2022,.80500001
TTO,Trinidad and Tobago,country,2023,.80699998
TUN,Tunisia,country,1990,.56900001
TUN,Tunisia,country,1991,.57499999
TUN,Tunisia,country,1992,.58200002
TUN,Tunisia,country,1993,.58700001
TUN,Tunisia,country,1994,.59799999
TUN,Tunisia,country,1995,.60600001
TUN,Tunisia,country,1996,.616
TUN,Tunisia,country,1997,.62300003
TUN,Tunisia,country,1998,.63599998
TUN,Tunisia,country,1999,.64600003
TUN,Tunisia,country,2000,.65399998
TUN,Tunisia,country,2001,.66100001
TUN,Tunisia,country,2002,.667
TUN,Tunisia,country,2003,.67299998
TUN,Tunisia,country,2004,.68300003
TUN,Tunisia,country,2005,.69
TUN,Tunisia,country,2006,.69700003
TUN,Tunisia,country,2007,.70300001
TUN,Tunisia,country,2008,.70899999
TUN,Tunisia,country,2009,.713
TUN,Tunisia,country,2010,.71700001
TUN,Tunisia,country,2011,.71799999
TUN,Tunisia,country,2012,.72000003
TUN,Tunisia,country,2013,.722
TUN,Tunisia,country,2014,.72500002
TUN,Tunisia,country,2015,.72799999
TUN,Tunisia,country,2016,.73299998
TUN,Tunisia,country,2017,.73699999
TUN,Tunisia,country,2018,.74199998
TUN,Tunisia,country,2019,.74000001
TUN,Tunisia,country,2020,.73299998
TUN,Tunisia,country,2021,.72799999
TUN,Tunisia,country,2022,.745
TUN,Tunisia,country,2023,.74599999
TUR,Türkiye,country,1990,.59799999
TUR,Türkiye,country,1991,.602
TUR,Türkiye,country,1992,.60799998
TUR,Türkiye,country,1993,.61500001
TUR,Türkiye,country,1994,.616
TUR,Türkiye,country,1995,.62300003
TUR,Türkiye,country,1996,.63
TUR,Türkiye,country,1997,.63800001
TUR,Türkiye,country,1998,.64899999
TUR,Türkiye,country,1999,.65200001
TUR,Türkiye,country,2000,.66900003
TUR,Türkiye,country,2001,.67500001
TUR,Türkiye,country,2002,.685
TUR,Türkiye,country,2003,.69099998
TUR,Türkiye,country,2004,.69599998
TUR,Türkiye,country,2005,.70099998
TUR,Türkiye,country,2006,.71100003
TUR,Türkiye,country,2007,.71899998
TUR,Türkiye,country,2008,.72100002
TUR,Türkiye,country,2009,.72799999
TUR,Türkiye,country,2010,.75
TUR,Türkiye,country,2011,.764
TUR,Türkiye,country,2012,.77200001
TUR,Türkiye,country,2013,.80199999
TUR,Türkiye,country,2014,.81300002
TUR,Türkiye,country,2015,.82099998
TUR,Türkiye,country,2016,.82599998
TUR,Türkiye,country,2017,.833
TUR,Türkiye,country,2018,.838
TUR,Türkiye,country,2019,.84100002
TUR,Türkiye,country,2020,.838
TUR,Türkiye,country,2021,.84100002
TUR,Türkiye,country,2022,.85299999
TUR,Türkiye,country,2023,.85299999
TUV,Tuvalu,country,1990,.56599998
TUV,Tuvalu,country,1991,.56999999
TUV,Tuvalu,country,1992,.56599998
TUV,Tuvalu,country,1993,.579
TUV,Tuvalu,country,1994,.58600003
TUV,Tuvalu,country,1995,.58700001
TUV,Tuvalu,country,1996,.58700001
TUV,Tuvalu,country,1997,.59500003
TUV,Tuvalu,country,1998,.60500002
TUV,Tuvalu,country,1999,.60799998
TUV,Tuvalu,country,2000,.61000001
TUV,Tuvalu,country,2001,.61299998
TUV,Tuvalu,country,2002,.62099999
TUV,Tuvalu,country,2003,.62099999
TUV,Tuvalu,country,2004,.62099999
TUV,Tuvalu,country,2005,.62099999
TUV,Tuvalu,country,2006,.625
TUV,Tuvalu,country,2007,.63
TUV,Tuvalu,country,2008,.63599998
TUV,Tuvalu,country,2009,.63499999
TUV,Tuvalu,country,2010,.63599998
TUV,Tuvalu,country,2011,.64099997
TUV,Tuvalu,country,2012,.64200002
TUV,Tuvalu,country,2013,.64700001
TUV,Tuvalu,country,2014,.64999998
TUV,Tuvalu,country,2015,.65799999
TUV,Tuvalu,country,2016,.66399997
TUV,Tuvalu,country,2017,.66799998
TUV,Tuvalu,country,2018,.67199999
TUV,Tuvalu,country,2019,.68099999
TUV,Tuvalu,country,2020,.68099999
TUV,Tuvalu,country,2021,.68099999
TUV,Tuvalu,country,2022,.68599999
TUV,Tuvalu,country,2023,.68900001
TZA,United Republic of Tanzania,country,1990,.38100001
TZA,United Republic of Tanzania,country,1991,.382
TZA,United Republic of Tanzania,country,1992,.38100001
TZA,United Republic of Tanzania,country,1993,.382
TZA,United Republic of Tanzania,country,1994,.38
TZA,United Republic of Tanzania,country,1995,.38
TZA,United Republic of Tanzania,country,1996,.38299999
TZA,United Republic of Tanzania,country,1997,.38800001
TZA,United Republic of Tanzania,country,1998,.396
TZA,United Republic of Tanzania,country,1999,.40400001
TZA,United Republic of Tanzania,country,2000,.414
TZA,United Republic of Tanzania,country,2001,.42199999
TZA,United Republic of Tanzania,country,2002,.433
TZA,United Republic of Tanzania,country,2003,.44400001
TZA,United Republic of Tanzania,country,2004,.45500001
TZA,United Republic of Tanzania,country,2005,.465
TZA,United Republic of Tanzania,country,2006,.477
TZA,United Republic of Tanzania,country,2007,.486
TZA,United Republic of Tanzania,country,2008,.495
TZA,United Republic of Tanzania,country,2009,.50400001
TZA,United Republic of Tanzania,country,2010,.51300001
TZA,United Republic of Tanzania,country,2011,.51599997
TZA,United Republic of Tanzania,country,2012,.51899999
TZA,United Republic of Tanzania,country,2013,.52100003
TZA,United Republic of Tanzania,country,2014,.52100003
TZA,United Republic of Tanzania,country,2015,.51999998
TZA,United Republic of Tanzania,country,2016,.51999998
TZA,United Republic of Tanzania,country,2017,.528
TZA,United Republic of Tanzania,country,2018,.537
TZA,United Republic of Tanzania,country,2019,.546
TZA,United Republic of Tanzania,country,2020,.55400002
TZA,United Republic of Tanzania,country,2021,.54799998
TZA,United Republic of Tanzania,country,2022,.55400002
TZA,United Republic of Tanzania,country,2023,.55500001
UGA,Uganda,country,1990,.34200001
UGA,Uganda,country,1991,.345
UGA,Uganda,country,1992,.33899999
UGA,Uganda,country,1993,.347
UGA,Uganda,country,1994,.34999999
UGA,Uganda,country,1995,.35600001
UGA,Uganda,country,1996,.36700001
UGA,Uganda,country,1997,.37599999
UGA,Uganda,country,1998,.38600001
UGA,Uganda,country,1999,.398
UGA,Uganda,country,2000,.40700001
UGA,Uganda,country,2001,.41800001
UGA,Uganda,country,2002,.43200001
UGA,Uganda,country,2003,.44600001
UGA,Uganda,country,2004,.461
UGA,Uganda,country,2005,.47
UGA,Uganda,country,2006,.48100001
UGA,Uganda,country,2007,.49200001
UGA,Uganda,country,2008,.50199997
UGA,Uganda,country,2009,.509
UGA,Uganda,country,2010,.514
UGA,Uganda,country,2011,.52200001
UGA,Uganda,country,2012,.52600002
UGA,Uganda,country,2013,.53200001
UGA,Uganda,country,2014,.53899997
UGA,Uganda,country,2015,.54699999
UGA,Uganda,country,2016,.55299997
UGA,Uganda,country,2017,.55699998
UGA,Uganda,country,2018,.56300002
UGA,Uganda,country,2019,.56900001
UGA,Uganda,country,2020,.57099998
UGA,Uganda,country,2021,.57300001
UGA,Uganda,country,2022,.57800001
UGA,Uganda,country,2023,.58200002
UKR,Ukraine,country,1990,.75
UKR,Ukraine,country,1991,.74299997
UKR,Ukraine,country,1992,.73299998
UKR,Ukraine,country,1993,.72100002
UKR,Ukraine,country,1994,.70599997
UKR,Ukraine,country,1995,.70200002
UKR,Ukraine,country,1996,.70099998
UKR,Ukraine,country,1997,.70599997
UKR,Ukraine,country,1998,.70999998
UKR,Ukraine,country,1999,.71399999
UKR,Ukraine,country,2000,.71600002
UKR,Ukraine,country,2001,.72799999
UKR,Ukraine,country,2002,.736
UKR,Ukraine,country,2003,.745
UKR,Ukraine,country,2004,.75099999
UKR,Ukraine,country,2005,.75700003
UKR,Ukraine,country,2006,.76200002
UKR,Ukraine,country,2007,.76999998
UKR,Ukraine,country,2008,.77600002
UKR,Ukraine,country,2009,.773
UKR,Ukraine,country,2010,.78200001
UKR,Ukraine,country,2011,.78600001
UKR,Ukraine,country,2012,.78899997
UKR,Ukraine,country,2013,.78899997
UKR,Ukraine,country,2014,.78799999
UKR,Ukraine,country,2015,.778
UKR,Ukraine,country,2016,.77999997
UKR,Ukraine,country,2017,.78500003
UKR,Ukraine,country,2018,.78399998
UKR,Ukraine,country,2019,.78899997
UKR,Ukraine,country,2020,.78299999
UKR,Ukraine,country,2021,.77200001
UKR,Ukraine,country,2022,.77200001
UKR,Ukraine,country,2023,.77899998
URY,Uruguay,country,1990,.713
URY,Uruguay,country,1991,.71700001
URY,Uruguay,country,1992,.71899998
URY,Uruguay,country,1993,.722
URY,Uruguay,country,1994,.727
URY,Uruguay,country,1995,.72899997
URY,Uruguay,country,1996,.736
URY,Uruguay,country,1997,.74699998
URY,Uruguay,country,1998,.75700003
URY,Uruguay,country,1999,.75999999
URY,Uruguay,country,2000,.764
URY,Uruguay,country,2001,.77100003
URY,Uruguay,country,2002,.77499998
URY,Uruguay,country,2003,.77999997
URY,Uruguay,country,2004,.77899998
URY,Uruguay,country,2005,.778
URY,Uruguay,country,2006,.77700001
URY,Uruguay,country,2007,.77999997
URY,Uruguay,country,2008,.78299999
URY,Uruguay,country,2009,.787
URY,Uruguay,country,2010,.796
URY,Uruguay,country,2011,.801
URY,Uruguay,country,2012,.80400002
URY,Uruguay,country,2013,.81199998
URY,Uruguay,country,2014,.81599998
URY,Uruguay,country,2015,.81800002
URY,Uruguay,country,2016,.82099998
URY,Uruguay,country,2017,.82700002
URY,Uruguay,country,2018,.82599998
URY,Uruguay,country,2019,.82999998
URY,Uruguay,country,2020,.83700001
URY,Uruguay,country,2021,.83700001
URY,Uruguay,country,2022,.852
URY,Uruguay,country,2023,.86199999
USA,United States of America,country,1990,.87800002
USA,United States of America,country,1991,.87800002
USA,United States of America,country,1992,.88200003
USA,United States of America,country,1993,.884
USA,United States of America,country,1994,.88700002
USA,United States of America,country,1995,.88800001
USA,United States of America,country,1996,.88999999
USA,United States of America,country,1997,.89300001
USA,United States of America,country,1998,.89499998
USA,United States of America,country,1999,.89499998
USA,United States of America,country,2000,.89499998
USA,United States of America,country,2001,.89700001
USA,United States of America,country,2002,.898
USA,United States of America,country,2003,.89999998
USA,United States of America,country,2004,.90499997
USA,United States of America,country,2005,.90700001
USA,United States of America,country,2006,.91100001
USA,United States of America,country,2007,.91399997
USA,United States of America,country,2008,.91399997
USA,United States of America,country,2009,.91500002
USA,United States of America,country,2010,.91900003
USA,United States of America,country,2011,.92000002
USA,United States of America,country,2012,.92299998
USA,United States of America,country,2013,.92500001
USA,United States of America,country,2014,.926
USA,United States of America,country,2015,.92799997
USA,United States of America,country,2016,.92900002
USA,United States of America,country,2017,.93099999
USA,United States of America,country,2018,.93400002
USA,United States of America,country,2019,.93599999
USA,United States of America,country,2020,.92500001
USA,United States of America,country,2021,.921
USA,United States of America,country,2022,.93000001
USA,United States of America,country,2023,.93800002
UZB,Uzbekistan,country,1990,
UZB,Uzbekistan,country,1991,
UZB,Uzbekistan,country,1992,
UZB,Uzbekistan,country,1993,
UZB,Uzbekistan,country,1994,
UZB,Uzbekistan,country,1995,
UZB,Uzbekistan,country,1996,
UZB,Uzbekistan,country,1997,
UZB,Uzbekistan,country,1998,
UZB,Uzbekistan,country,1999,
UZB,Uzbekistan,country,2000,.60299999
UZB,Uzbekistan,country,2001,.61000001
UZB,Uzbekistan,country,2002,.61799997
UZB,Uzbekistan,country,2003,.625
UZB,Uzbekistan,country,2004,.63200003
UZB,Uzbekistan,country,2005,.63800001
UZB,Uzbekistan,country,2006,.64399999
UZB,Uzbekistan,country,2007,.65799999
UZB,Uzbekistan,country,2008,.66299999
UZB,Uzbekistan,country,2009,.67199999
UZB,Uzbekistan,country,2010,.68099999
UZB,Uzbekistan,country,2011,.68599999
UZB,Uzbekistan,country,2012,.69199997
UZB,Uzbekistan,country,2013,.69800001
UZB,Uzbekistan,country,2014,.70300001
UZB,Uzbekistan,country,2015,.70700002
UZB,Uzbekistan,country,2016,.71399999
UZB,Uzbekistan,country,2017,.71899998
UZB,Uzbekistan,country,2018,.72500002
UZB,Uzbekistan,country,2019,.73000002
UZB,Uzbekistan,country,2020,.72299999
UZB,Uzbekistan,country,2021,.727
UZB,Uzbekistan,country,2022,.73699999
UZB,Uzbekistan,country,2023,.74000001
VCT,Saint Vincent and the Grenadines,country,1990,
VCT,Saint Vincent and the Grenadines,country,1991,
VCT,Saint Vincent and the Grenadines,country,1992,
VCT,Saint Vincent and the Grenadines,country,1993,
VCT,Saint Vincent and the Grenadines,country,1994,
VCT,Saint Vincent and the Grenadines,country,1995,
VCT,Saint Vincent and the Grenadines,country,1996,
VCT,Saint Vincent and the Grenadines,country,1997,
VCT,Saint Vincent and the Grenadines,country,1998,
VCT,Saint Vincent and the Grenadines,country,1999,
VCT,Saint Vincent and the Grenadines,country,2000,.69999999
VCT,Saint Vincent and the Grenadines,country,2001,.704
VCT,Saint Vincent and the Grenadines,country,2002,.70999998
VCT,Saint Vincent and the Grenadines,country,2003,.71499997
VCT,Saint Vincent and the Grenadines,country,2004,.71899998
VCT,Saint Vincent and the Grenadines,country,2005,.72399998
VCT,Saint Vincent and the Grenadines,country,2006,.73100001
VCT,Saint Vincent and the Grenadines,country,2007,.73699999
VCT,Saint Vincent and the Grenadines,country,2008,.741
VCT,Saint Vincent and the Grenadines,country,2009,.745
VCT,Saint Vincent and the Grenadines,country,2010,.74599999
VCT,Saint Vincent and the Grenadines,country,2011,.74900001
VCT,Saint Vincent and the Grenadines,country,2012,.75300002
VCT,Saint Vincent and the Grenadines,country,2013,.755
VCT,Saint Vincent and the Grenadines,country,2014,.759
VCT,Saint Vincent and the Grenadines,country,2015,.76499999
VCT,Saint Vincent and the Grenadines,country,2016,.77100003
VCT,Saint Vincent and the Grenadines,country,2017,.778
VCT,Saint Vincent and the Grenadines,country,2018,.78299999
VCT,Saint Vincent and the Grenadines,country,2019,.787
VCT,Saint Vincent and the Grenadines,country,2020,.78100002
VCT,Saint Vincent and the Grenadines,country,2021,.78100002
VCT,Saint Vincent and the Grenadines,country,2022,.79400003
VCT,Saint Vincent and the Grenadines,country,2023,.79799998
VEN,Venezuela (Bolivarian Republic of),country,1990,.65799999
VEN,Venezuela (Bolivarian Republic of),country,1991,.66900003
VEN,Venezuela (Bolivarian Republic of),country,1992,.676
VEN,Venezuela (Bolivarian Republic of),country,1993,.68000001
VEN,Venezuela (Bolivarian Republic of),country,1994,.68099999
VEN,Venezuela (Bolivarian Republic of),country,1995,.68699998
VEN,Venezuela (Bolivarian Republic of),country,1996,.69
VEN,Venezuela (Bolivarian Republic of),country,1997,.69800001
VEN,Venezuela (Bolivarian Republic of),country,1998,.69999999
VEN,Venezuela (Bolivarian Republic of),country,1999,.69800001
VEN,Venezuela (Bolivarian Republic of),country,2000,.70300001
VEN,Venezuela (Bolivarian Republic of),country,2001,.708
VEN,Venezuela (Bolivarian Republic of),country,2002,.71600002
VEN,Venezuela (Bolivarian Republic of),country,2003,.70700002
VEN,Venezuela (Bolivarian Republic of),country,2004,.71799999
VEN,Venezuela (Bolivarian Republic of),country,2005,.72799999
VEN,Venezuela (Bolivarian Republic of),country,2006,.736
VEN,Venezuela (Bolivarian Republic of),country,2007,.75300002
VEN,Venezuela (Bolivarian Republic of),country,2008,.759
VEN,Venezuela (Bolivarian Republic of),country,2009,.75999999
VEN,Venezuela (Bolivarian Republic of),country,2010,.764
VEN,Venezuela (Bolivarian Republic of),country,2011,.76999998
VEN,Venezuela (Bolivarian Republic of),country,2012,.77200001
VEN,Venezuela (Bolivarian Republic of),country,2013,.773
VEN,Venezuela (Bolivarian Republic of),country,2014,.76999998
VEN,Venezuela (Bolivarian Republic of),country,2015,.76800001
VEN,Venezuela (Bolivarian Republic of),country,2016,.76099998
VEN,Venezuela (Bolivarian Republic of),country,2017,.74900001
VEN,Venezuela (Bolivarian Republic of),country,2018,.741
VEN,Venezuela (Bolivarian Republic of),country,2019,.72399998
VEN,Venezuela (Bolivarian Republic of),country,2020,.699
VEN,Venezuela (Bolivarian Republic of),country,2021,.69599998
VEN,Venezuela (Bolivarian Republic of),country,2022,.70599997
VEN,Venezuela (Bolivarian Republic of),country,2023,.70899999
VNM,Viet Nam,country,1990,.49900001
VNM,Viet Nam,country,1991,.509
VNM,Viet Nam,country,1992,.52100003
VNM,Viet Nam,country,1993,.53100002
VNM,Viet Nam,country,1994,.54299998
VNM,Viet Nam,country,1995,.55599999
VNM,Viet Nam,country,1996,.56699997
VNM,Viet Nam,country,1997,.57800001
VNM,Viet Nam,country,1998,.588
VNM,Viet Nam,country,1999,.59600002
VNM,Viet Nam,country,2000,.60399997
VNM,Viet Nam,country,2001,.61199999
VNM,Viet Nam,country,2002,.62099999
VNM,Viet Nam,country,2003,.63
VNM,Viet Nam,country,2004,.63800001
VNM,Viet Nam,country,2005,.64700001
VNM,Viet Nam,country,2006,.65600002
VNM,Viet Nam,country,2007,.66399997
VNM,Viet Nam,country,2008,.67199999
VNM,Viet Nam,country,2009,.67900002
VNM,Viet Nam,country,2010,.68599999
VNM,Viet Nam,country,2011,.69300002
VNM,Viet Nam,country,2012,.69800001
VNM,Viet Nam,country,2013,.704
VNM,Viet Nam,country,2014,.71100003
VNM,Viet Nam,country,2015,.71700001
VNM,Viet Nam,country,2016,.72299999
VNM,Viet Nam,country,2017,.72899997
VNM,Viet Nam,country,2018,.73699999
VNM,Viet Nam,country,2019,.74400002
VNM,Viet Nam,country,2020,.755
VNM,Viet Nam,country,2021,.75400001
VNM,Viet Nam,country,2022,.764
VNM,Viet Nam,country,2023,.76599997
VUT,Vanuatu,country,1990,
VUT,Vanuatu,country,1991,
VUT,Vanuatu,country,1992,
VUT,Vanuatu,country,1993,
VUT,Vanuatu,country,1994,
VUT,Vanuatu,country,1995,
VUT,Vanuatu,country,1996,
VUT,Vanuatu,country,1997,
VUT,Vanuatu,country,1998,
VUT,Vanuatu,country,1999,
VUT,Vanuatu,country,2000,
VUT,Vanuatu,country,2001,
VUT,Vanuatu,country,2002,
VUT,Vanuatu,country,2003,
VUT,Vanuatu,country,2004,
VUT,Vanuatu,country,2005,.56099999
VUT,Vanuatu,country,2006,.56699997
VUT,Vanuatu,country,2007,.56999999
VUT,Vanuatu,country,2008,.57800001
VUT,Vanuatu,country,2009,.579
VUT,Vanuatu,country,2010,.58200002
VUT,Vanuatu,country,2011,.58700001
VUT,Vanuatu,country,2012,.58700001
VUT,Vanuatu,country,2013,.59200001
VUT,Vanuatu,country,2014,.597
VUT,Vanuatu,country,2015,.59899998
VUT,Vanuatu,country,2016,.60299999
VUT,Vanuatu,country,2017,.60699999
VUT,Vanuatu,country,2018,.61199999
VUT,Vanuatu,country,2019,.62199998
VUT,Vanuatu,country,2020,.61699998
VUT,Vanuatu,country,2021,.61500001
VUT,Vanuatu,country,2022,.62099999
VUT,Vanuatu,country,2023,.62099999
WSM,Samoa,country,1990,
WSM,Samoa,country,1991,
WSM,Samoa,country,1992,
WSM,Samoa,country,1993,
WSM,Samoa,country,1994,
WSM,Samoa,country,1995,.65499997
WSM,Samoa,country,1996,.66299999
WSM,Samoa,country,1997,.66500002
WSM,Samoa,country,1998,.66900003
WSM,Samoa,country,1999,.67199999
WSM,Samoa,country,2000,.676
WSM,Samoa,country,2001,.68300003
WSM,Samoa,country,2002,.68199998
WSM,Samoa,country,2003,.68699998
WSM,Samoa,country,2004,.69099998
WSM,Samoa,country,2005,.69400001
WSM,Samoa,country,2006,.69700003
WSM,Samoa,country,2007,.70099998
WSM,Samoa,country,2008,.70200002
WSM,Samoa,country,2009,.69400001
WSM,Samoa,country,2010,.708
WSM,Samoa,country,2011,.71100003
WSM,Samoa,country,2012,.70700002
WSM,Samoa,country,2013,.70599997
WSM,Samoa,country,2014,.70599997
WSM,Samoa,country,2015,.708
WSM,Samoa,country,2016,.71200001
WSM,Samoa,country,2017,.71200001
WSM,Samoa,country,2018,.71100003
WSM,Samoa,country,2019,.708
WSM,Samoa,country,2020,.708
WSM,Samoa,country,2021,.70599997
WSM,Samoa,country,2022,.70300001
WSM,Samoa,country,2023,.708
YEM,Yemen,country,1990,.359
YEM,Yemen,country,1991,.36399999
YEM,Yemen,country,1992,.37
YEM,Yemen,country,1993,.377
YEM,Yemen,country,1994,.382
YEM,Yemen,country,1995,.39300001
YEM,Yemen,country,1996,.405
YEM,Yemen,country,1997,.41299999
YEM,Yemen,country,1998,.42300001
YEM,Yemen,country,1999,.42899999
YEM,Yemen,country,2000,.43900001
YEM,Yemen,country,2001,.449
YEM,Yemen,country,2002,.458
YEM,Yemen,country,2003,.46700001
YEM,Yemen,country,2004,.47499999
YEM,Yemen,country,2005,.48100001
YEM,Yemen,country,2006,.486
YEM,Yemen,country,2007,.48899999
YEM,Yemen,country,2008,.49200001
YEM,Yemen,country,2009,.49700001
YEM,Yemen,country,2010,.50199997
YEM,Yemen,country,2011,.50099999
YEM,Yemen,country,2012,.50300002
YEM,Yemen,country,2013,.50700003
YEM,Yemen,country,2014,.50199997
YEM,Yemen,country,2015,.47499999
YEM,Yemen,country,2016,.46700001
YEM,Yemen,country,2017,.45899999
YEM,Yemen,country,2018,.454
YEM,Yemen,country,2019,.458
YEM,Yemen,country,2020,.45899999
YEM,Yemen,country,2021,.458
YEM,Yemen,country,2022,.46599999
YEM,Yemen,country,2023,.47
ZAF,South Africa,country,1990,.63300002
ZAF,South Africa,country,1991,.64099997
ZAF,South Africa,country,1992,.64499998
ZAF,South Africa,country,1993,.64999998
ZAF,South Africa,country,1994,.65399998
ZAF,South Africa,country,1995,.65399998
ZAF,South Africa,country,1996,.64899999
ZAF,South Africa,country,1997,.64200002
ZAF,South Africa,country,1998,.634
ZAF,South Africa,country,1999,.62599999
ZAF,South Africa,country,2000,.61799997
ZAF,South Africa,country,2001,.61299998
ZAF,South Africa,country,2002,.61400002
ZAF,South Africa,country,2003,.61000001
ZAF,South Africa,country,2004,.61299998
ZAF,South Africa,country,2005,.616
ZAF,South Africa,country,2006,.62199998
ZAF,South Africa,country,2007,.63200003
ZAF,South Africa,country,2008,.64300001
ZAF,South Africa,country,2009,.65700001
ZAF,South Africa,country,2010,.66900003
ZAF,South Africa,country,2011,.68300003
ZAF,South Africa,country,2012,.69599998
ZAF,South Africa,country,2013,.70499998
ZAF,South Africa,country,2014,.713
ZAF,South Africa,country,2015,.722
ZAF,South Africa,country,2016,.722
ZAF,South Africa,country,2017,.72600001
ZAF,South Africa,country,2018,.73199999
ZAF,South Africa,country,2019,.74199998
ZAF,South Africa,country,2020,.72399998
ZAF,South Africa,country,2021,.72100002
ZAF,South Africa,country,2022,.73699999
ZAF,South Africa,country,2023,.741
ZMB,Zambia,country,1990,.42199999
ZMB,Zambia,country,1991,.41600001
ZMB,Zambia,country,1992,.414
ZMB,Zambia,country,1993,.417
ZMB,Zambia,country,1994,.41299999
ZMB,Zambia,country,1995,.41299999
ZMB,Zambia,country,1996,.41499999
ZMB,Zambia,country,1997,.41800001
ZMB,Zambia,country,1998,.41800001
ZMB,Zambia,country,1999,.42300001
ZMB,Zambia,country,2000,.42899999
ZMB,Zambia,country,2001,.43700001
ZMB,Zambia,country,2002,.44499999
ZMB,Zambia,country,2003,.458
ZMB,Zambia,country,2004,.46799999
ZMB,Zambia,country,2005,.47999999
ZMB,Zambia,country,2006,.49200001
ZMB,Zambia,country,2007,.50400001
ZMB,Zambia,country,2008,.514
ZMB,Zambia,country,2009,.52600002
ZMB,Zambia,country,2010,.53299999
ZMB,Zambia,country,2011,.53799999
ZMB,Zambia,country,2012,.551
ZMB,Zambia,country,2013,.55699998
ZMB,Zambia,country,2014,.55900002
ZMB,Zambia,country,2015,.565
ZMB,Zambia,country,2016,.565
ZMB,Zambia,country,2017,.56999999
ZMB,Zambia,country,2018,.57499999
ZMB,Zambia,country,2019,.57800001
ZMB,Zambia,country,2020,.57800001
ZMB,Zambia,country,2021,.574
ZMB,Zambia,country,2022,.58899999
ZMB,Zambia,country,2023,.59500003
ZWE,Zimbabwe,country,1990,.5
ZWE,Zimbabwe,country,1991,.50199997
ZWE,Zimbabwe,country,1992,.48699999
ZWE,Zimbabwe,country,1993,.48300001
ZWE,Zimbabwe,country,1994,.48199999
ZWE,Zimbabwe,country,1995,.477
ZWE,Zimbabwe,country,1996,.472
ZWE,Zimbabwe,country,1997,.472
ZWE,Zimbabwe,country,1998,.46700001
ZWE,Zimbabwe,country,1999,.46200001
ZWE,Zimbabwe,country,2000,.458
ZWE,Zimbabwe,country,2001,.456
ZWE,Zimbabwe,country,2002,.45899999
ZWE,Zimbabwe,country,2003,.44999999
ZWE,Zimbabwe,country,2004,.45300001
ZWE,Zimbabwe,country,2005,.45500001
ZWE,Zimbabwe,country,2006,.45699999
ZWE,Zimbabwe,country,2007,.45899999
ZWE,Zimbabwe,country,2008,.456
ZWE,Zimbabwe,country,2009,.48800001
ZWE,Zimbabwe,country,2010,.51200002
ZWE,Zimbabwe,country,2011,.52899998
ZWE,Zimbabwe,country,2012,.54500002
ZWE,Zimbabwe,country,2013,.55400002
ZWE,Zimbabwe,country,2014,.56
ZWE,Zimbabwe,country,2015,.56699997
ZWE,Zimbabwe,country,2016,.56999999
ZWE,Zimbabwe,country,2017,.57499999
ZWE,Zimbabwe,country,2018,.58600003
ZWE,Zimbabwe,country,2019,.58399999
ZWE,Zimbabwe,country,2020,.58200002
ZWE,Zimbabwe,country,2021,.58099997
ZWE,Zimbabwe,country,2022,.59399998
ZWE,Zimbabwe,country,2023,.59799999
ZZA.VHHD,Very high human development,benchmark,1990,.79699999
ZZA.VHHD,Very high human development,benchmark,1991,.80000001
ZZA.VHHD,Very high human development,benchmark,1992,.80199999
ZZA.VHHD,Very high human development,benchmark,1993,.80400002
ZZA.VHHD,Very high human development,benchmark,1994,.80900002
ZZA.VHHD,Very high human development,benchmark,1995,.81199998
ZZA.VHHD,Very high human development,benchmark,1996,.81800002
ZZA.VHHD,Very high human development,benchmark,1997,.824
ZZA.VHHD,Very high human development,benchmark,1998,.829
ZZA.VHHD,Very high human development,benchmark,1999,.83200002
ZZA.VHHD,Very high human development,benchmark,2000,.838
ZZA.VHHD,Very high human development,benchmark,2001,.84299999
ZZA.VHHD,Very high human development,benchmark,2002,.847
ZZA.VHHD,Very high human development,benchmark,2003,.852
ZZA.VHHD,Very high human development,benchmark,2004,.85699999
ZZA.VHHD,Very high human development,benchmark,2005,.861
ZZA.VHHD,Very high human development,benchmark,2006,.866
ZZA.VHHD,Very high human development,benchmark,2007,.87
ZZA.VHHD,Very high human development,benchmark,2008,.87199998
ZZA.VHHD,Very high human development,benchmark,2009,.87400001
ZZA.VHHD,Very high human development,benchmark,2010,.87900001
ZZA.VHHD,Very high human development,benchmark,2011,.88300002
ZZA.VHHD,Very high human development,benchmark,2012,.88599998
ZZA.VHHD,Very high human development,benchmark,2013,.89200002
ZZA.VHHD,Very high human development,benchmark,2014,.89499998
ZZA.VHHD,Very high human development,benchmark,2015,.898
ZZA.VHHD,Very high human development,benchmark,2016,.89999998
ZZA.VHHD,Very high human development,benchmark,2017,.903
ZZA.VHHD,Very high human development,benchmark,2018,.90600002
ZZA.VHHD,Very high human development,benchmark,2019,.90899998
ZZA.VHHD,Very high human development,benchmark,2020,.90100002
ZZA.VHHD,Very high human development,benchmark,2021,.903
ZZA.VHHD,Very high human development,benchmark,2022,.90799999
ZZA.VHHD,Very high human development,benchmark,2023,.91399997
ZZB.HHD,High human development,benchmark,1990,.56900001
ZZB.HHD,High human development,benchmark,1991,.574
ZZB.HHD,High human development,benchmark,1992,.57999998
ZZB.HHD,High human development,benchmark,1993,.58600003
ZZB.HHD,High human development,benchmark,1994,.59100002
ZZB.HHD,High human development,benchmark,1995,.59899998
ZZB.HHD,High human development,benchmark,1996,.60699999
ZZB.HHD,High human development,benchmark,1997,.61500001
ZZB.HHD,High human development,benchmark,1998,.62199998
ZZB.HHD,High human development,benchmark,1999,.62800002
ZZB.HHD,High human development,benchmark,2000,.63599998
ZZB.HHD,High human development,benchmark,2001,.64300001
ZZB.HHD,High human development,benchmark,2002,.65100002
ZZB.HHD,High human development,benchmark,2003,.65899998
ZZB.HHD,High human development,benchmark,2004,.66600001
ZZB.HHD,High human development,benchmark,2005,.67500001
ZZB.HHD,High human development,benchmark,2006,.68300003
ZZB.HHD,High human development,benchmark,2007,.69199997
ZZB.HHD,High human development,benchmark,2008,.699
ZZB.HHD,High human development,benchmark,2009,.70599997
ZZB.HHD,High human development,benchmark,2010,.71399999
ZZB.HHD,High human development,benchmark,2011,.72000003
ZZB.HHD,High human development,benchmark,2012,.727
ZZB.HHD,High human development,benchmark,2013,.73299998
ZZB.HHD,High human development,benchmark,2014,.73900002
ZZB.HHD,High human development,benchmark,2015,.74400002
ZZB.HHD,High human development,benchmark,2016,.74900001
ZZB.HHD,High human development,benchmark,2017,.75400001
ZZB.HHD,High human development,benchmark,2018,.75999999
ZZB.HHD,High human development,benchmark,2019,.76499999
ZZB.HHD,High human development,benchmark,2020,.76300001
ZZB.HHD,High human development,benchmark,2021,.76599997
ZZB.HHD,High human development,benchmark,2022,.77399999
ZZB.HHD,High human development,benchmark,2023,.77700001
ZZC.MHD,Medium human development,benchmark,1990,.43900001
ZZC.MHD,Medium human development,benchmark,1991,.44
ZZC.MHD,Medium human development,benchmark,1992,.44499999
ZZC.MHD,Medium human development,benchmark,1993,.449
ZZC.MHD,Medium human development,benchmark,1994,.45300001
ZZC.MHD,Medium human development,benchmark,1995,.45899999
ZZC.MHD,Medium human development,benchmark,1996,.46599999
ZZC.MHD,Medium human development,benchmark,1997,.472
ZZC.MHD,Medium human development,benchmark,1998,.47799999
ZZC.MHD,Medium human development,benchmark,1999,.48500001
ZZC.MHD,Medium human development,benchmark,2000,.491
ZZC.MHD,Medium human development,benchmark,2001,.5
ZZC.MHD,Medium human development,benchmark,2002,.50599998
ZZC.MHD,Medium human development,benchmark,2003,.51599997
ZZC.MHD,Medium human development,benchmark,2004,.52600002
ZZC.MHD,Medium human development,benchmark,2005,.53500003
ZZC.MHD,Medium human development,benchmark,2006,.54299998
ZZC.MHD,Medium human development,benchmark,2007,.551
ZZC.MHD,Medium human development,benchmark,2008,.55800003
ZZC.MHD,Medium human development,benchmark,2009,.565
ZZC.MHD,Medium human development,benchmark,2010,.57300001
ZZC.MHD,Medium human development,benchmark,2011,.58399999
ZZC.MHD,Medium human development,benchmark,2012,.58999997
ZZC.MHD,Medium human development,benchmark,2013,.59500003
ZZC.MHD,Medium human development,benchmark,2014,.60399997
ZZC.MHD,Medium human development,benchmark,2015,.611
ZZC.MHD,Medium human development,benchmark,2016,.62
ZZC.MHD,Medium human development,benchmark,2017,.62400001
ZZC.MHD,Medium human development,benchmark,2018,.62699997
ZZC.MHD,Medium human development,benchmark,2019,.63099998
ZZC.MHD,Medium human development,benchmark,2020,.63099998
ZZC.MHD,Medium human development,benchmark,2021,.62900001
ZZC.MHD,Medium human development,benchmark,2022,.64899999
ZZC.MHD,Medium human development,benchmark,2023,.65600002
ZZD.LHD,Low human development,benchmark,1990,.34599999
ZZD.LHD,Low human development,benchmark,1991,.34799999
ZZD.LHD,Low human development,benchmark,1992,.352
ZZD.LHD,Low human development,benchmark,1993,.35600001
ZZD.LHD,Low human development,benchmark,1994,.361
ZZD.LHD,Low human development,benchmark,1995,.368
ZZD.LHD,Low human development,benchmark,1996,.373
ZZD.LHD,Low human development,benchmark,1997,.37799999
ZZD.LHD,Low human development,benchmark,1998,.382
ZZD.LHD,Low human development,benchmark,1999,.38999999
ZZD.LHD,Low human development,benchmark,2000,.39300001
ZZD.LHD,Low human development,benchmark,2001,.40099999
ZZD.LHD,Low human development,benchmark,2002,.40700001
ZZD.LHD,Low human development,benchmark,2003,.414
ZZD.LHD,Low human development,benchmark,2004,.42399999
ZZD.LHD,Low human development,benchmark,2005,.433
ZZD.LHD,Low human development,benchmark,2006,.442
ZZD.LHD,Low human development,benchmark,2007,.44999999
ZZD.LHD,Low human development,benchmark,2008,.45699999
ZZD.LHD,Low human development,benchmark,2009,.461
ZZD.LHD,Low human development,benchmark,2010,.46700001
ZZD.LHD,Low human development,benchmark,2011,.47099999
ZZD.LHD,Low human development,benchmark,2012,.477
ZZD.LHD,Low human development,benchmark,2013,.48199999
ZZD.LHD,Low human development,benchmark,2014,.48800001
ZZD.LHD,Low human development,benchmark,2015,.491
ZZD.LHD,Low human development,benchmark,2016,.49700001
ZZD.LHD,Low human development,benchmark,2017,.5
ZZD.LHD,Low human development,benchmark,2018,.50400001
ZZD.LHD,Low human development,benchmark,2019,.50700003
ZZD.LHD,Low human development,benchmark,2020,.50700003
ZZD.LHD,Low human development,benchmark,2021,.50700003
ZZD.LHD,Low human development,benchmark,2022,.51200002
ZZD.LHD,Low human development,benchmark,2023,.51499999
ZZK.WORLD,World,world,1990,.60799998
ZZK.WORLD,World,world,1991,.611
ZZK.WORLD,World,world,1992,.61400002
ZZK.WORLD,World,world,1993,.61699998
ZZK.WORLD,World,world,1994,.62
ZZK.WORLD,World,world,1995,.625
ZZK.WORLD,World,world,1996,.63099998
ZZK.WORLD,World,world,1997,.63599998
ZZK.WORLD,World,world,1998,.64099997
ZZK.WORLD,World,world,1999,.64600003
ZZK.WORLD,World,world,2000,.65100002
ZZK.WORLD,World,world,2001,.65700001
ZZK.WORLD,World,world,2002,.662
ZZK.WORLD,World,world,2003,.66900003
ZZK.WORLD,World,world,2004,.67500001
ZZK.WORLD,World,world,2005,.68099999
ZZK.WORLD,World,world,2006,.68800002
ZZK.WORLD,World,world,2007,.69400001
ZZK.WORLD,World,world,2008,.69800001
ZZK.WORLD,World,world,2009,.70099998
ZZK.WORLD,World,world,2010,.70700002
ZZK.WORLD,World,world,2011,.713
ZZK.WORLD,World,world,2012,.71700001
ZZK.WORLD,World,world,2013,.72100002
ZZK.WORLD,World,world,2014,.72600001
ZZK.WORLD,World,world,2015,.73100001
ZZK.WORLD,World,world,2016,.73500001
ZZK.WORLD,World,world,2017,.73900002
ZZK.WORLD,World,world,2018,.741
ZZK.WORLD,World,world,2019,.745
ZZK.WORLD,World,world,2020,.74199998
ZZK.WORLD,World,world,2021,.74199998
ZZK.WORLD,World,world,2022,.75199997
ZZK.WORLD,World,world,2023,.75599998
