iso3,area_name,area_type,year,gnipc
AFG,Afghanistan,country,1990,3642.0496
AFG,Afghanistan,country,1991,3192.8137
AFG,Afghanistan,country,1992,2990.1565
AFG,Afghanistan,country,1993,1993.698
AFG,Afghanistan,country,1994,1425.204
AFG,Afghanistan,country,1995,2034.991
AFG,Afghanistan,country,1996,1852.2079
AFG,Afghanistan,country,1997,1690.9052
AFG,Afghanistan,country,1998,1554.304
AFG,Afghanistan,country,1999,1425.3145
AFG,Afghanistan,country,2000,1331.14
AFG,Afghanistan,country,2001,1246.1584
AFG,Afghanistan,country,2002,1946.6959
AFG,Afghanistan,country,2003,1982.5399
AFG,Afghanistan,country,2004,1963.7349
AFG,Afghanistan,country,2005,2084.0581
AFG,Afghanistan,country,2006,2193.2568
AFG,Afghanistan,country,2007,2729.9446
AFG,Afghanistan,country,2008,2496.7183
AFG,Afghanistan,country,2009,2802.1069
AFG,Afghanistan,country,2010,2822.1213
AFG,Afghanistan,country,2011,2947.5334
AFG,Afghanistan,country,2012,3148.3848
AFG,Afghanistan,country,2013,3245.7878
AFG,Afghanistan,country,2014,3214.324
AFG,Afghanistan,country,2015,3087.8003
AFG,Afghanistan,country,2016,2818.6111
AFG,Afghanistan,country,2017,2783.8735
AFG,Afghanistan,country,2018,2758.8203
AFG,Afghanistan,country,2019,2969.9878
AFG,Afghanistan,country,2020,2797.7036
AFG,Afghanistan,country,2021,2151.7834
AFG,Afghanistan,country,2022,1960.9459
AFG,Afghanistan,country,2023,1971.5494
AGO,Angola,country,1990,6558.7202
AGO,Angola,country,1991,7317.377
AGO,Angola,country,1992,2808.2754
AGO,Angola,country,1993,2755.353
AGO,Angola,country,1994,2108.9014
AGO,Angola,country,1995,4615.0361
AGO,Angola,country,1996,4554.7715
AGO,Angola,country,1997,5365.9541
AGO,Angola,country,1998,5254.332
AGO,Angola,country,1999,4742.6895
AGO,Angola,country,2000,4964.9004
AGO,Angola,country,2001,5009.126
AGO,Angola,country,2002,5902.874
AGO,Angola,country,2003,5932.5205
AGO,Angola,country,2004,6240.3677
AGO,Angola,country,2005,6823.3105
AGO,Angola,country,2006,7180.0474
AGO,Angola,country,2007,8052.4302
AGO,Angola,country,2008,8222.3203
AGO,Angola,country,2009,8870.6426
AGO,Angola,country,2010,8754.5596
AGO,Angola,country,2011,8707.8818
AGO,Angola,country,2012,9194.2305
AGO,Angola,country,2013,9423.7715
AGO,Angola,country,2014,9694.499
AGO,Angola,country,2015,9611.6729
AGO,Angola,country,2016,9011.1357
AGO,Angola,country,2017,8581.2236
AGO,Angola,country,2018,8000.9258
AGO,Angola,country,2019,7462.8906
AGO,Angola,country,2020,6980.7153
AGO,Angola,country,2021,6806.2612
AGO,Angola,country,2022,6836.1064
AGO,Angola,country,2023,6631.2764
ALB,Albania,country,1990,5622.3247
ALB,Albania,country,1991,3968.824
ALB,Albania,country,1992,3602.8506
ALB,Albania,country,1993,4079.8157
ALB,Albania,country,1994,4484.9072
ALB,Albania,country,1995,5177.9771
ALB,Albania,country,1996,5593.8145
ALB,Albania,country,1997,5006.8711
ALB,Albania,country,1998,5515.1494
ALB,Albania,country,1999,6231.2036
ALB,Albania,country,2000,6754.1245
ALB,Albania,country,2001,7400.1758
ALB,Albania,country,2002,7706.6426
ALB,Albania,country,2003,8175.4727
ALB,Albania,country,2004,8637.7051
ALB,Albania,country,2005,9129.1816
ALB,Albania,country,2006,9815.7178
ALB,Albania,country,2007,10467.13
ALB,Albania,country,2008,11094.05
ALB,Albania,country,2009,11306.359
ALB,Albania,country,2010,11851.975
ALB,Albania,country,2011,12312.54
ALB,Albania,country,2012,12412.337
ALB,Albania,country,2013,12865.255
ALB,Albania,country,2014,13019.672
ALB,Albania,country,2015,13381.197
ALB,Albania,country,2016,13902.72
ALB,Albania,country,2017,14256.361
ALB,Albania,country,2018,14813.776
ALB,Albania,country,2019,15013.374
ALB,Albania,country,2020,14553.636
ALB,Albania,country,2021,16035.436
ALB,Albania,country,2022,16945.17
ALB,Albania,country,2023,17627.395
AND,Andorra,country,1990,52196.918
AND,Andorra,country,1991,49681.461
AND,Andorra,country,1992,47200.324
AND,Andorra,country,1993,44445.41
AND,Andorra,country,1994,44560.902
AND,Andorra,country,1995,46291.18
AND,Andorra,country,1996,47469.293
AND,Andorra,country,1997,51200.703
AND,Andorra,country,1998,52285.32
AND,Andorra,country,1999,54156.852
AND,Andorra,country,2000,54809.059
AND,Andorra,country,2001,59108.867
AND,Andorra,country,2002,61188.543
AND,Andorra,country,2003,63656.023
AND,Andorra,country,2004,64353.273
AND,Andorra,country,2005,65114.523
AND,Andorra,country,2006,66390.086
AND,Andorra,country,2007,65533.957
AND,Andorra,country,2008,60691.395
AND,Andorra,country,2009,57203.859
AND,Andorra,country,2010,58284.902
AND,Andorra,country,2011,60470.184
AND,Andorra,country,2012,58172
AND,Andorra,country,2013,57331.949
AND,Andorra,country,2014,59928.969
AND,Andorra,country,2015,62104.961
AND,Andorra,country,2016,64402.586
AND,Andorra,country,2017,63239.422
AND,Andorra,country,2018,63048.441
AND,Andorra,country,2019,63215.617
AND,Andorra,country,2020,55488.387
AND,Andorra,country,2021,59332.102
AND,Andorra,country,2022,63913.164
AND,Andorra,country,2023,64631.074
ARE,United Arab Emirates,country,1990,100116.04
ARE,United Arab Emirates,country,1991,94282.367
ARE,United Arab Emirates,country,1992,91649.023
ARE,United Arab Emirates,country,1993,91795.836
ARE,United Arab Emirates,country,1994,96779.789
ARE,United Arab Emirates,country,1995,101964.52
ARE,United Arab Emirates,country,1996,100663.77
ARE,United Arab Emirates,country,1997,99640.328
ARE,United Arab Emirates,country,1998,93806.734
ARE,United Arab Emirates,country,1999,90830.328
ARE,United Arab Emirates,country,2000,95250.516
ARE,United Arab Emirates,country,2001,93166.758
ARE,United Arab Emirates,country,2002,86329.664
ARE,United Arab Emirates,country,2003,87872.211
ARE,United Arab Emirates,country,2004,91614.188
ARE,United Arab Emirates,country,2005,92221.75
ARE,United Arab Emirates,country,2006,94828.008
ARE,United Arab Emirates,country,2007,88089.539
ARE,United Arab Emirates,country,2008,80459.383
ARE,United Arab Emirates,country,2009,72535.523
ARE,United Arab Emirates,country,2010,71183.758
ARE,United Arab Emirates,country,2011,72914.664
ARE,United Arab Emirates,country,2012,71325.641
ARE,United Arab Emirates,country,2013,71756.094
ARE,United Arab Emirates,country,2014,71100.68
ARE,United Arab Emirates,country,2015,72318.797
ARE,United Arab Emirates,country,2016,73400.313
ARE,United Arab Emirates,country,2017,72413.891
ARE,United Arab Emirates,country,2018,72210.117
ARE,United Arab Emirates,country,2019,72885.141
ARE,United Arab Emirates,country,2020,68048.758
ARE,United Arab Emirates,country,2021,68790.328
ARE,United Arab Emirates,country,2022,70818.031
ARE,United Arab Emirates,country,2023,71142.305
ARG,Argentina,country,1990,16405.537
ARG,Argentina,country,1991,17856.91
ARG,Argentina,country,1992,19221.273
ARG,Argentina,country,1993,20647.811
ARG,Argentina,country,1994,21524.65
ARG,Argentina,country,1995,20563.514
ARG,Argentina,country,1996,21380.678
ARG,Argentina,country,1997,22816.73
ARG,Argentina,country,1998,23342.465
ARG,Argentina,country,1999,22262.918
ARG,Argentina,country,2000,21829.006
ARG,Argentina,country,2001,20594.248
ARG,Argentina,country,2002,17684.029
ARG,Argentina,country,2003,19287.863
ARG,Argentina,country,2004,19297.191
ARG,Argentina,country,2005,20754.83
ARG,Argentina,country,2006,24187.482
ARG,Argentina,country,2007,26278.012
ARG,Argentina,country,2008,27101.623
ARG,Argentina,country,2009,25086.764
ARG,Argentina,country,2010,27445.604
ARG,Argentina,country,2011,28905.574
ARG,Argentina,country,2012,28438.58
ARG,Argentina,country,2013,28870.645
ARG,Argentina,country,2014,27871.627
ARG,Argentina,country,2015,28379.734
ARG,Argentina,country,2016,27396.492
ARG,Argentina,country,2017,27761.533
ARG,Argentina,country,2018,26467.488
ARG,Argentina,country,2019,25601.254
ARG,Argentina,country,2020,23151.584
ARG,Argentina,country,2021,25560.641
ARG,Argentina,country,2022,26607.297
ARG,Argentina,country,2023,25876.053
ARM,Armenia,country,1990,6140.8252
ARM,Armenia,country,1991,5318.2266
ARM,Armenia,country,1992,3126.948
ARM,Armenia,country,1993,2951.009
ARM,Armenia,country,1994,3178.7578
ARM,Armenia,country,1995,3558.5132
ARM,Armenia,country,1996,3799.7446
ARM,Armenia,country,1997,4086.6868
ARM,Armenia,country,1998,4300.8638
ARM,Armenia,country,1999,4485.5005
ARM,Armenia,country,2000,4802.7402
ARM,Armenia,country,2001,5316.9521
ARM,Armenia,country,2002,6103.5474
ARM,Armenia,country,2003,7003.0713
ARM,Armenia,country,2004,7843.1211
ARM,Armenia,country,2005,8993.0205
ARM,Armenia,country,2006,10300.312
ARM,Armenia,country,2007,11884.734
ARM,Armenia,country,2008,12864.935
ARM,Armenia,country,2009,10899.382
ARM,Armenia,country,2010,11291.925
ARM,Armenia,country,2011,11737.189
ARM,Armenia,country,2012,12717.021
ARM,Armenia,country,2013,13450.627
ARM,Armenia,country,2014,13772.723
ARM,Armenia,country,2015,14197.798
ARM,Armenia,country,2016,14064.681
ARM,Armenia,country,2017,15364.442
ARM,Armenia,country,2018,15968.672
ARM,Armenia,country,2019,17229.672
ARM,Armenia,country,2020,15639.592
ARM,Armenia,country,2021,16404.287
ARM,Armenia,country,2022,18272.83
ARM,Armenia,country,2023,20220.723
ATG,Antigua and Barbuda,country,1990,16710.586
ATG,Antigua and Barbuda,country,1991,17587.238
ATG,Antigua and Barbuda,country,1992,17649.434
ATG,Antigua and Barbuda,country,1993,18567.354
ATG,Antigua and Barbuda,country,1994,19390.234
ATG,Antigua and Barbuda,country,1995,18150.871
ATG,Antigua and Barbuda,country,1996,19056.637
ATG,Antigua and Barbuda,country,1997,19872.807
ATG,Antigua and Barbuda,country,1998,20499.525
ATG,Antigua and Barbuda,country,1999,20861.09
ATG,Antigua and Barbuda,country,2000,20262.814
ATG,Antigua and Barbuda,country,2001,19779.973
ATG,Antigua and Barbuda,country,2002,19690.52
ATG,Antigua and Barbuda,country,2003,20749.707
ATG,Antigua and Barbuda,country,2004,21528.797
ATG,Antigua and Barbuda,country,2005,23165.404
ATG,Antigua and Barbuda,country,2006,25829.346
ATG,Antigua and Barbuda,country,2007,28526.959
ATG,Antigua and Barbuda,country,2008,28872.521
ATG,Antigua and Barbuda,country,2009,25725.07
ATG,Antigua and Barbuda,country,2010,24307.547
ATG,Antigua and Barbuda,country,2011,23940.166
ATG,Antigua and Barbuda,country,2012,24291.477
ATG,Antigua and Barbuda,country,2013,24331.211
ATG,Antigua and Barbuda,country,2014,24609.547
ATG,Antigua and Barbuda,country,2015,24920.908
ATG,Antigua and Barbuda,country,2016,25730.27
ATG,Antigua and Barbuda,country,2017,26149.271
ATG,Antigua and Barbuda,country,2018,27784.139
ATG,Antigua and Barbuda,country,2019,28447.895
ATG,Antigua and Barbuda,country,2020,22900.018
ATG,Antigua and Barbuda,country,2021,24617.256
ATG,Antigua and Barbuda,country,2022,26433.711
ATG,Antigua and Barbuda,country,2023,27386.518
AUS,Australia,country,1990,30554.248
AUS,Australia,country,1991,29765.465
AUS,Australia,country,1992,29602.996
AUS,Australia,country,1993,30461.598
AUS,Australia,country,1994,31222.561
AUS,Australia,country,1995,32067.461
AUS,Australia,country,1996,33071.992
AUS,Australia,country,1997,34262.211
AUS,Australia,country,1998,35542.707
AUS,Australia,country,1999,36591.172
AUS,Australia,country,2000,37976.605
AUS,Australia,country,2001,38416.242
AUS,Australia,country,2002,39652.277
AUS,Australia,country,2003,40488.254
AUS,Australia,country,2004,42308.523
AUS,Australia,country,2005,43428.918
AUS,Australia,country,2006,44800.988
AUS,Australia,country,2007,46023.914
AUS,Australia,country,2008,47441.484
AUS,Australia,country,2009,48331.836
AUS,Australia,country,2010,48044.945
AUS,Australia,country,2011,50384.496
AUS,Australia,country,2012,52028.953
AUS,Australia,country,2013,51662.832
AUS,Australia,country,2014,51752.215
AUS,Australia,country,2015,51244.18
AUS,Australia,country,2016,50602.688
AUS,Australia,country,2017,52180.363
AUS,Australia,country,2018,52892.504
AUS,Australia,country,2019,53812.516
AUS,Australia,country,2020,53837.414
AUS,Australia,country,2021,56782.457
AUS,Australia,country,2022,58256.355
AUS,Australia,country,2023,58276.875
AUT,Austria,country,1990,46156.051
AUT,Austria,country,1991,47018.336
AUT,Austria,country,1992,47632.109
AUT,Austria,country,1993,47504.84
AUT,Austria,country,1994,48398.934
AUT,Austria,country,1995,49347.008
AUT,Austria,country,1996,50378.137
AUT,Austria,country,1997,51144.871
AUT,Austria,country,1998,52821.07
AUT,Austria,country,1999,53884.086
AUT,Austria,country,2000,55758.359
AUT,Austria,country,2001,55923.852
AUT,Austria,country,2002,57135.398
AUT,Austria,country,2003,57498.559
AUT,Austria,country,2004,58750.73
AUT,Austria,country,2005,59419.488
AUT,Austria,country,2006,61359.254
AUT,Austria,country,2007,63102.75
AUT,Austria,country,2008,64043.758
AUT,Austria,country,2009,61363.418
AUT,Austria,country,2010,62287.371
AUT,Austria,country,2011,62981.656
AUT,Austria,country,2012,62700.863
AUT,Austria,country,2013,62391.004
AUT,Austria,country,2014,62502.996
AUT,Austria,country,2015,62182.824
AUT,Austria,country,2016,63620.121
AUT,Austria,country,2017,63623.027
AUT,Austria,country,2018,64705.125
AUT,Austria,country,2019,65534.688
AUT,Austria,country,2020,62011.504
AUT,Austria,country,2021,64408.387
AUT,Austria,country,2022,64374.355
AUT,Austria,country,2023,63479.207
AZE,Azerbaijan,country,1990,10332.301
AZE,Azerbaijan,country,1991,10143.225
AZE,Azerbaijan,country,1992,7753.8862
AZE,Azerbaijan,country,1993,5886.9316
AZE,Azerbaijan,country,1994,4665.4385
AZE,Azerbaijan,country,1995,4046.4937
AZE,Azerbaijan,country,1996,4033.4539
AZE,Azerbaijan,country,1997,4213.707
AZE,Azerbaijan,country,1998,4609.2739
AZE,Azerbaijan,country,1999,5087.2646
AZE,Azerbaijan,country,2000,5284.4082
AZE,Azerbaijan,country,2001,5709.9824
AZE,Azerbaijan,country,2002,6220.2046
AZE,Azerbaijan,country,2003,6828.2007
AZE,Azerbaijan,country,2004,7252.8877
AZE,Azerbaijan,country,2005,8526.1582
AZE,Azerbaijan,country,2006,11241.537
AZE,Azerbaijan,country,2007,13454.769
AZE,Azerbaijan,country,2008,15459.313
AZE,Azerbaijan,country,2009,17241.674
AZE,Azerbaijan,country,2010,18174.016
AZE,Azerbaijan,country,2011,17809.125
AZE,Azerbaijan,country,2012,18189.314
AZE,Azerbaijan,country,2013,19124.799
AZE,Azerbaijan,country,2014,19822.186
AZE,Azerbaijan,country,2015,19730.865
AZE,Azerbaijan,country,2016,18339.656
AZE,Azerbaijan,country,2017,18601.123
AZE,Azerbaijan,country,2018,18557.254
AZE,Azerbaijan,country,2019,19072.482
AZE,Azerbaijan,country,2020,18743.012
AZE,Azerbaijan,country,2021,19693.906
AZE,Azerbaijan,country,2022,20490.982
AZE,Azerbaijan,country,2023,20667.957
BDI,Burundi,country,1990,1356.3314
BDI,Burundi,country,1991,1413.8743
BDI,Burundi,country,1992,1397.2787
BDI,Burundi,country,1993,1343.4863
BDI,Burundi,country,1994,1291.2037
BDI,Burundi,country,1995,1130.6703
BDI,Burundi,country,1996,1028.8683
BDI,Burundi,country,1997,1036.1656
BDI,Burundi,country,1998,1069.3408
BDI,Burundi,country,1999,1028.8701
BDI,Burundi,country,2000,1028.4851
BDI,Burundi,country,2001,995.29425
BDI,Burundi,country,2002,1008.4458
BDI,Burundi,country,2003,959.69421
BDI,Burundi,country,2004,962.54608
BDI,Burundi,country,2005,947.7204
BDI,Burundi,country,2006,972.6499
BDI,Burundi,country,2007,972.49738
BDI,Burundi,country,2008,980.33435
BDI,Burundi,country,2009,960.62341
BDI,Burundi,country,2010,967.69635
BDI,Burundi,country,2011,969.38556
BDI,Burundi,country,2012,982.32159
BDI,Burundi,country,2013,998.27136
BDI,Burundi,country,2014,1002.8067
BDI,Burundi,country,2015,945.60559
BDI,Burundi,country,2016,924.11816
BDI,Burundi,country,2017,908.79169
BDI,Burundi,country,2018,897.88574
BDI,Burundi,country,2019,885.62244
BDI,Burundi,country,2020,866.19287
BDI,Burundi,country,2021,866.80792
BDI,Burundi,country,2022,861.03125
BDI,Burundi,country,2023,858.91559
BEL,Belgium,country,1990,44655.656
BEL,Belgium,country,1991,45473.348
BEL,Belgium,country,1992,45941.957
BEL,Belgium,country,1993,45770.344
BEL,Belgium,country,1994,47466.938
BEL,Belgium,country,1995,48376.875
BEL,Belgium,country,1996,48727.816
BEL,Belgium,country,1997,50415.824
BEL,Belgium,country,1998,51411.078
BEL,Belgium,country,1999,52732.016
BEL,Belgium,country,2000,54094.055
BEL,Belgium,country,2001,54136.941
BEL,Belgium,country,2002,54894.145
BEL,Belgium,country,2003,55124.5
BEL,Belgium,country,2004,56241.234
BEL,Belgium,country,2005,56903.012
BEL,Belgium,country,2006,57776.73
BEL,Belgium,country,2007,59512.551
BEL,Belgium,country,2008,58684.445
BEL,Belgium,country,2009,57870.949
BEL,Belgium,country,2010,58078.922
BEL,Belgium,country,2011,56863.238
BEL,Belgium,country,2012,58163.211
BEL,Belgium,country,2013,58402.41
BEL,Belgium,country,2014,58998.648
BEL,Belgium,country,2015,59892.57
BEL,Belgium,country,2016,60468.602
BEL,Belgium,country,2017,60942.137
BEL,Belgium,country,2018,61339.086
BEL,Belgium,country,2019,62802.871
BEL,Belgium,country,2020,59543.684
BEL,Belgium,country,2021,62768.176
BEL,Belgium,country,2022,62228.066
BEL,Belgium,country,2023,63582.477
BEN,Benin,country,1990,2226.9299
BEN,Benin,country,1991,2260.3394
BEN,Benin,country,1992,2211.5574
BEN,Benin,country,1993,2280.6597
BEN,Benin,country,1994,2232.9143
BEN,Benin,country,1995,2322.7991
BEN,Benin,country,1996,2362.7864
BEN,Benin,country,1997,2441.9941
BEN,Benin,country,1998,2481.5291
BEN,Benin,country,1999,2540.646
BEN,Benin,country,2000,2608.4919
BEN,Benin,country,2001,2664.8752
BEN,Benin,country,2002,2698.7583
BEN,Benin,country,2003,2707.6289
BEN,Benin,country,2004,2746.1208
BEN,Benin,country,2005,2714.7979
BEN,Benin,country,2006,2732.5864
BEN,Benin,country,2007,2809.6787
BEN,Benin,country,2008,2874.9033
BEN,Benin,country,2009,2849.9841
BEN,Benin,country,2010,2819.9116
BEN,Benin,country,2011,2831.2065
BEN,Benin,country,2012,2869.2253
BEN,Benin,country,2013,2988.908
BEN,Benin,country,2014,3090.1455
BEN,Benin,country,2015,3042.7141
BEN,Benin,country,2016,3050.8977
BEN,Benin,country,2017,3123.176
BEN,Benin,country,2018,3239.3354
BEN,Benin,country,2019,3363.4827
BEN,Benin,country,2020,3394.2114
BEN,Benin,country,2021,3557.0793
BEN,Benin,country,2022,3666.3623
BEN,Benin,country,2023,3805.5276
BFA,Burkina Faso,country,1990,1108.3328
BFA,Burkina Faso,country,1991,1178.0414
BFA,Burkina Faso,country,1992,1151.2966
BFA,Burkina Faso,country,1993,1159.1906
BFA,Burkina Faso,country,1994,1143.8467
BFA,Burkina Faso,country,1995,1182.3269
BFA,Burkina Faso,country,1996,1288.0099
BFA,Burkina Faso,country,1997,1330.1163
BFA,Burkina Faso,country,1998,1388.4559
BFA,Burkina Faso,country,1999,1451.1206
BFA,Burkina Faso,country,2000,1431.8252
BFA,Burkina Faso,country,2001,1477.3044
BFA,Burkina Faso,country,2002,1486.8873
BFA,Burkina Faso,country,2003,1550.8981
BFA,Burkina Faso,country,2004,1574.9877
BFA,Burkina Faso,country,2005,1655.2152
BFA,Burkina Faso,country,2006,1716.876
BFA,Burkina Faso,country,2007,1733.9083
BFA,Burkina Faso,country,2008,1779.7092
BFA,Burkina Faso,country,2009,1765.062
BFA,Burkina Faso,country,2010,1825.9263
BFA,Burkina Faso,country,2011,1867.6639
BFA,Burkina Faso,country,2012,1958.3716
BFA,Burkina Faso,country,2013,2008.2826
BFA,Burkina Faso,country,2014,1999.6853
BFA,Burkina Faso,country,2015,2012.0621
BFA,Burkina Faso,country,2016,2070.6033
BFA,Burkina Faso,country,2017,2152.666
BFA,Burkina Faso,country,2018,2246.0164
BFA,Burkina Faso,country,2019,2280.7305
BFA,Burkina Faso,country,2020,2286.2959
BFA,Burkina Faso,country,2021,2351.6804
BFA,Burkina Faso,country,2022,2373.4065
BFA,Burkina Faso,country,2023,2390.5278
BGD,Bangladesh,country,1990,1732.8129
BGD,Bangladesh,country,1991,1760.5251
BGD,Bangladesh,country,1992,1810.4014
BGD,Bangladesh,country,1993,1863.6149
BGD,Bangladesh,country,1994,1911.6141
BGD,Bangladesh,country,1995,1967.3571
BGD,Bangladesh,country,1996,2019.6135
BGD,Bangladesh,country,1997,2094.5442
BGD,Bangladesh,country,1998,2163.0342
BGD,Bangladesh,country,1999,2229.8191
BGD,Bangladesh,country,2000,2324.9187
BGD,Bangladesh,country,2001,2402.7073
BGD,Bangladesh,country,2002,2496.7209
BGD,Bangladesh,country,2003,2612.9136
BGD,Bangladesh,country,2004,2732.8335
BGD,Bangladesh,country,2005,2854.8142
BGD,Bangladesh,country,2006,3024.2383
BGD,Bangladesh,country,2007,3282.0159
BGD,Bangladesh,country,2008,3546.1899
BGD,Bangladesh,country,2009,3762.0286
BGD,Bangladesh,country,2010,4011.0073
BGD,Bangladesh,country,2011,4297.1152
BGD,Bangladesh,country,2012,4634.8906
BGD,Bangladesh,country,2013,4932.1865
BGD,Bangladesh,country,2014,5205.4795
BGD,Bangladesh,country,2015,5582.6196
BGD,Bangladesh,country,2016,5987.0156
BGD,Bangladesh,country,2017,6228.1226
BGD,Bangladesh,country,2018,6641.6992
BGD,Bangladesh,country,2019,7092.4922
BGD,Bangladesh,country,2020,7256.5703
BGD,Bangladesh,country,2021,7754.2261
BGD,Bangladesh,country,2022,8114.3667
BGD,Bangladesh,country,2023,8497.6582
BGR,Bulgaria,country,1990,17729.385
BGR,Bulgaria,country,1991,16482.971
BGR,Bulgaria,country,1992,17003.059
BGR,Bulgaria,country,1993,16910.52
BGR,Bulgaria,country,1994,17270.469
BGR,Bulgaria,country,1995,13431.527
BGR,Bulgaria,country,1996,14092.015
BGR,Bulgaria,country,1997,12223.312
BGR,Bulgaria,country,1998,12907.477
BGR,Bulgaria,country,1999,11942.472
BGR,Bulgaria,country,2000,12426.405
BGR,Bulgaria,country,2001,13475.566
BGR,Bulgaria,country,2002,14831.676
BGR,Bulgaria,country,2003,15670.355
BGR,Bulgaria,country,2004,16750.152
BGR,Bulgaria,country,2005,17920.5
BGR,Bulgaria,country,2006,18789.539
BGR,Bulgaria,country,2007,19226.611
BGR,Bulgaria,country,2008,21086.17
BGR,Bulgaria,country,2009,20815.174
BGR,Bulgaria,country,2010,21515.07
BGR,Bulgaria,country,2011,21861.742
BGR,Bulgaria,country,2012,22570.934
BGR,Bulgaria,country,2013,22375.816
BGR,Bulgaria,country,2014,23025.012
BGR,Bulgaria,country,2015,23420.523
BGR,Bulgaria,country,2016,24287.984
BGR,Bulgaria,country,2017,25367.07
BGR,Bulgaria,country,2018,25946.482
BGR,Bulgaria,country,2019,27291.967
BGR,Bulgaria,country,2020,26169.451
BGR,Bulgaria,country,2021,28236.896
BGR,Bulgaria,country,2022,31461.854
BGR,Bulgaria,country,2023,32174.93
BHR,Bahrain,country,1990,40299.09
BHR,Bahrain,country,1991,39806.742
BHR,Bahrain,country,1992,43987.617
BHR,Bahrain,country,1993,46203.121
BHR,Bahrain,country,1994,43781.91
BHR,Bahrain,country,1995,44792.676
BHR,Bahrain,country,1996,45318.953
BHR,Bahrain,country,1997,43918.508
BHR,Bahrain,country,1998,45379.348
BHR,Bahrain,country,1999,46362.898
BHR,Bahrain,country,2000,49059.355
BHR,Bahrain,country,2001,48544.711
BHR,Bahrain,country,2002,48389.945
BHR,Bahrain,country,2003,49759.48
BHR,Bahrain,country,2004,49759.535
BHR,Bahrain,country,2005,49706.707
BHR,Bahrain,country,2006,49310.773
BHR,Bahrain,country,2007,50110.949
BHR,Bahrain,country,2008,48703.547
BHR,Bahrain,country,2009,44079.48
BHR,Bahrain,country,2010,44894.184
BHR,Bahrain,country,2011,43338.637
BHR,Bahrain,country,2012,50102.238
BHR,Bahrain,country,2013,50982.113
BHR,Bahrain,country,2014,50597.961
BHR,Bahrain,country,2015,50009.93
BHR,Bahrain,country,2016,50059.953
BHR,Bahrain,country,2017,50180.902
BHR,Bahrain,country,2018,50316.25
BHR,Bahrain,country,2019,51004.957
BHR,Bahrain,country,2020,48744.539
BHR,Bahrain,country,2021,50854.609
BHR,Bahrain,country,2022,53494.086
BHR,Bahrain,country,2023,52818.797
BHS,Bahamas,country,1990,32133.285
BHS,Bahamas,country,1991,30157.574
BHS,Bahamas,country,1992,29124.26
BHS,Bahamas,country,1993,28241.074
BHS,Bahamas,country,1994,28542.436
BHS,Bahamas,country,1995,33402.461
BHS,Bahamas,country,1996,36415.266
BHS,Bahamas,country,1997,30049.59
BHS,Bahamas,country,1998,30745.154
BHS,Bahamas,country,1999,32889.391
BHS,Bahamas,country,2000,33714.852
BHS,Bahamas,country,2001,33897.449
BHS,Bahamas,country,2002,34419.512
BHS,Bahamas,country,2003,33686.102
BHS,Bahamas,country,2004,33614.336
BHS,Bahamas,country,2005,34160.699
BHS,Bahamas,country,2006,34460.461
BHS,Bahamas,country,2007,34433.121
BHS,Bahamas,country,2008,33709.672
BHS,Bahamas,country,2009,31589.781
BHS,Bahamas,country,2010,31385.504
BHS,Bahamas,country,2011,31201.215
BHS,Bahamas,country,2012,31735.029
BHS,Bahamas,country,2013,30466.172
BHS,Bahamas,country,2014,30394.844
BHS,Bahamas,country,2015,30301.789
BHS,Bahamas,country,2016,29583.752
BHS,Bahamas,country,2017,30262.861
BHS,Bahamas,country,2018,30155.635
BHS,Bahamas,country,2019,30118.029
BHS,Bahamas,country,2020,23454.16
BHS,Bahamas,country,2021,27241.111
BHS,Bahamas,country,2022,29827.373
BHS,Bahamas,country,2023,30974.682
BIH,Bosnia and Herzegovina,country,1990,2043.6737
BIH,Bosnia and Herzegovina,country,1991,1848.6045
BIH,Bosnia and Herzegovina,country,1992,1820.991
BIH,Bosnia and Herzegovina,country,1993,1931.8798
BIH,Bosnia and Herzegovina,country,1994,2250.1331
BIH,Bosnia and Herzegovina,country,1995,2621.6006
BIH,Bosnia and Herzegovina,country,1996,4098.4312
BIH,Bosnia and Herzegovina,country,1997,5504.0889
BIH,Bosnia and Herzegovina,country,1998,8046.1816
BIH,Bosnia and Herzegovina,country,1999,8424.7129
BIH,Bosnia and Herzegovina,country,2000,8624.3418
BIH,Bosnia and Herzegovina,country,2001,8712.0322
BIH,Bosnia and Herzegovina,country,2002,9037.0195
BIH,Bosnia and Herzegovina,country,2003,9326.4551
BIH,Bosnia and Herzegovina,country,2004,9904.0117
BIH,Bosnia and Herzegovina,country,2005,10349.991
BIH,Bosnia and Herzegovina,country,2006,10908.001
BIH,Bosnia and Herzegovina,country,2007,11689.171
BIH,Bosnia and Herzegovina,country,2008,12612.52
BIH,Bosnia and Herzegovina,country,2009,12461.132
BIH,Bosnia and Herzegovina,country,2010,12520.983
BIH,Bosnia and Herzegovina,country,2011,12766.494
BIH,Bosnia and Herzegovina,country,2012,12895.15
BIH,Bosnia and Herzegovina,country,2013,13475.728
BIH,Bosnia and Herzegovina,country,2014,13742.354
BIH,Bosnia and Herzegovina,country,2015,14506.789
BIH,Bosnia and Herzegovina,country,2016,15082.709
BIH,Bosnia and Herzegovina,country,2017,15602.164
BIH,Bosnia and Herzegovina,country,2018,16431.422
BIH,Bosnia and Herzegovina,country,2019,17176.32
BIH,Bosnia and Herzegovina,country,2020,16802.744
BIH,Bosnia and Herzegovina,country,2021,18162.504
BIH,Bosnia and Herzegovina,country,2022,19178.354
BIH,Bosnia and Herzegovina,country,2023,19827.486
BLR,Belarus,country,1990,12383.924
BLR,Belarus,country,1991,12229.674
BLR,Belarus,country,1992,11031.363
BLR,Belarus,country,1993,10170.501
BLR,Belarus,country,1994,8958.2617
BLR,Belarus,country,1995,8057.5376
BLR,Belarus,country,1996,8325.2061
BLR,Belarus,country,1997,9289.6182
BLR,Belarus,country,1998,10114.187
BLR,Belarus,country,1999,10553.745
BLR,Belarus,country,2000,11180.378
BLR,Belarus,country,2001,11772.663
BLR,Belarus,country,2002,12457.895
BLR,Belarus,country,2003,13462.959
BLR,Belarus,country,2004,15082.36
BLR,Belarus,country,2005,16647.133
BLR,Belarus,country,2006,18351.008
BLR,Belarus,country,2007,19918.906
BLR,Belarus,country,2008,21938.891
BLR,Belarus,country,2009,21877.168
BLR,Belarus,country,2010,23663.75
BLR,Belarus,country,2011,25171.318
BLR,Belarus,country,2012,25334.979
BLR,Belarus,country,2013,25264.604
BLR,Belarus,country,2014,25819.629
BLR,Belarus,country,2015,24473.809
BLR,Belarus,country,2016,23747.896
BLR,Belarus,country,2017,24608.693
BLR,Belarus,country,2018,25461.875
BLR,Belarus,country,2019,26050.92
BLR,Belarus,country,2020,25673.266
BLR,Belarus,country,2021,26597.539
BLR,Belarus,country,2022,25478.918
BLR,Belarus,country,2023,26724.871
BLZ,Belize,country,1990,8083.417
BLZ,Belize,country,1991,8843.2617
BLZ,Belize,country,1992,9711.0352
BLZ,Belize,country,1993,10063.777
BLZ,Belize,country,1994,9738.1279
BLZ,Belize,country,1995,9624.4141
BLZ,Belize,country,1996,9403.0039
BLZ,Belize,country,1997,9551.1543
BLZ,Belize,country,1998,9487.6963
BLZ,Belize,country,1999,9968.5215
BLZ,Belize,country,2000,10752.097
BLZ,Belize,country,2001,10808.377
BLZ,Belize,country,2002,11088.427
BLZ,Belize,country,2003,11655.196
BLZ,Belize,country,2004,11671.986
BLZ,Belize,country,2005,11657.77
BLZ,Belize,country,2006,11821.875
BLZ,Belize,country,2007,11671.647
BLZ,Belize,country,2008,11149.396
BLZ,Belize,country,2009,11307.506
BLZ,Belize,country,2010,10869.209
BLZ,Belize,country,2011,10868.16
BLZ,Belize,country,2012,10898.543
BLZ,Belize,country,2013,11189.502
BLZ,Belize,country,2014,11311.918
BLZ,Belize,country,2015,11683.941
BLZ,Belize,country,2016,11363.17
BLZ,Belize,country,2017,10855.85
BLZ,Belize,country,2018,10611.499
BLZ,Belize,country,2019,10856.684
BLZ,Belize,country,2020,9642.416
BLZ,Belize,country,2021,11188.336
BLZ,Belize,country,2022,11827.146
BLZ,Belize,country,2023,12343.078
BOL,Bolivia (Plurinational State of),country,1990,4886.1919
BOL,Bolivia (Plurinational State of),country,1991,5070.9238
BOL,Bolivia (Plurinational State of),country,1992,5109.7212
BOL,Bolivia (Plurinational State of),country,1993,5220.6045
BOL,Bolivia (Plurinational State of),country,1994,5386.6318
BOL,Bolivia (Plurinational State of),country,1995,5529.7349
BOL,Bolivia (Plurinational State of),country,1996,5677.147
BOL,Bolivia (Plurinational State of),country,1997,5868.3501
BOL,Bolivia (Plurinational State of),country,1998,6086.5244
BOL,Bolivia (Plurinational State of),country,1999,5975.5713
BOL,Bolivia (Plurinational State of),country,2000,5998.334
BOL,Bolivia (Plurinational State of),country,2001,5997.6011
BOL,Bolivia (Plurinational State of),country,2002,6038.4473
BOL,Bolivia (Plurinational State of),country,2003,6020.7251
BOL,Bolivia (Plurinational State of),country,2004,6115.8701
BOL,Bolivia (Plurinational State of),country,2005,6305.249
BOL,Bolivia (Plurinational State of),country,2006,6516.3877
BOL,Bolivia (Plurinational State of),country,2007,6679.5239
BOL,Bolivia (Plurinational State of),country,2008,7003.0962
BOL,Bolivia (Plurinational State of),country,2009,7074.8247
BOL,Bolivia (Plurinational State of),country,2010,7177.6978
BOL,Bolivia (Plurinational State of),country,2011,7451.563
BOL,Bolivia (Plurinational State of),country,2012,7530.1069
BOL,Bolivia (Plurinational State of),country,2013,7900.3706
BOL,Bolivia (Plurinational State of),country,2014,8324.1572
BOL,Bolivia (Plurinational State of),country,2015,8779.5908
BOL,Bolivia (Plurinational State of),country,2016,9158.209
BOL,Bolivia (Plurinational State of),country,2017,9285.8105
BOL,Bolivia (Plurinational State of),country,2018,9585.5371
BOL,Bolivia (Plurinational State of),country,2019,9694.5938
BOL,Bolivia (Plurinational State of),country,2020,8811.1777
BOL,Bolivia (Plurinational State of),country,2021,9105.04
BOL,Bolivia (Plurinational State of),country,2022,9289.5547
BOL,Bolivia (Plurinational State of),country,2023,9445.2451
BRA,Brazil,country,1990,12177.599
BRA,Brazil,country,1991,12141.591
BRA,Brazil,country,1992,11917.311
BRA,Brazil,country,1993,12236.7
BRA,Brazil,country,1994,12566.512
BRA,Brazil,country,1995,13216.466
BRA,Brazil,country,1996,13310.532
BRA,Brazil,country,1997,13514.076
BRA,Brazil,country,1998,13306.283
BRA,Brazil,country,1999,13050.639
BRA,Brazil,country,2000,13467.053
BRA,Brazil,country,2001,13427.601
BRA,Brazil,country,2002,13648.422
BRA,Brazil,country,2003,13667.458
BRA,Brazil,country,2004,14319.797
BRA,Brazil,country,2005,14625.909
BRA,Brazil,country,2006,15097.842
BRA,Brazil,country,2007,15909.409
BRA,Brazil,country,2008,16499.576
BRA,Brazil,country,2009,16361.899
BRA,Brazil,country,2010,17266.859
BRA,Brazil,country,2011,17878.729
BRA,Brazil,country,2012,18075.398
BRA,Brazil,country,2013,18668.242
BRA,Brazil,country,2014,18514.502
BRA,Brazil,country,2015,17708.305
BRA,Brazil,country,2016,16949.15
BRA,Brazil,country,2017,17079.211
BRA,Brazil,country,2018,17087.873
BRA,Brazil,country,2019,17183.424
BRA,Brazil,country,2020,16609.428
BRA,Brazil,country,2021,17121.543
BRA,Brazil,country,2022,17593.547
BRA,Brazil,country,2023,18011.285
BRB,Barbados,country,1990,13562.516
BRB,Barbados,country,1991,13029.815
BRB,Barbados,country,1992,12115.854
BRB,Barbados,country,1993,12088.743
BRB,Barbados,country,1994,12523.7
BRB,Barbados,country,1995,12696.808
BRB,Barbados,country,1996,13171.833
BRB,Barbados,country,1997,13866.819
BRB,Barbados,country,1998,13421.968
BRB,Barbados,country,1999,13440.594
BRB,Barbados,country,2000,14974.232
BRB,Barbados,country,2001,14533.427
BRB,Barbados,country,2002,14497.115
BRB,Barbados,country,2003,14778.308
BRB,Barbados,country,2004,14840.973
BRB,Barbados,country,2005,15313.007
BRB,Barbados,country,2006,15850.585
BRB,Barbados,country,2007,17046.564
BRB,Barbados,country,2008,17454.377
BRB,Barbados,country,2009,17219.678
BRB,Barbados,country,2010,17662.816
BRB,Barbados,country,2011,16765.527
BRB,Barbados,country,2012,17147.143
BRB,Barbados,country,2013,16856.174
BRB,Barbados,country,2014,16820.92
BRB,Barbados,country,2015,16587.521
BRB,Barbados,country,2016,16835.051
BRB,Barbados,country,2017,16838.566
BRB,Barbados,country,2018,16573.156
BRB,Barbados,country,2019,16600.379
BRB,Barbados,country,2020,14606.008
BRB,Barbados,country,2021,14465.994
BRB,Barbados,country,2022,16878.861
BRB,Barbados,country,2023,17327.52
BRN,Brunei Darussalam,country,1990,92864.727
BRN,Brunei Darussalam,country,1991,92970.758
BRN,Brunei Darussalam,country,1992,94742.094
BRN,Brunei Darussalam,country,1993,92595.078
BRN,Brunei Darussalam,country,1994,93144.859
BRN,Brunei Darussalam,country,1995,94986.266
BRN,Brunei Darussalam,country,1996,95454.672
BRN,Brunei Darussalam,country,1997,91942.75
BRN,Brunei Darussalam,country,1998,89448.164
BRN,Brunei Darussalam,country,1999,90235.461
BRN,Brunei Darussalam,country,2000,90894.242
BRN,Brunei Darussalam,country,2001,91518.719
BRN,Brunei Darussalam,country,2002,93225.25
BRN,Brunei Darussalam,country,2003,94149.008
BRN,Brunei Darussalam,country,2004,92939.57
BRN,Brunei Darussalam,country,2005,91708.07
BRN,Brunei Darussalam,country,2006,94176.898
BRN,Brunei Darussalam,country,2007,93310.719
BRN,Brunei Darussalam,country,2008,90079.383
BRN,Brunei Darussalam,country,2009,87186.938
BRN,Brunei Darussalam,country,2010,87107.695
BRN,Brunei Darussalam,country,2011,86919.656
BRN,Brunei Darussalam,country,2012,86892.148
BRN,Brunei Darussalam,country,2013,85387.969
BRN,Brunei Darussalam,country,2014,83238.484
BRN,Brunei Darussalam,country,2015,86007.93
BRN,Brunei Darussalam,country,2016,84318.961
BRN,Brunei Darussalam,country,2017,83858.375
BRN,Brunei Darussalam,country,2018,79230.727
BRN,Brunei Darussalam,country,2019,83229.969
BRN,Brunei Darussalam,country,2020,83430.852
BRN,Brunei Darussalam,country,2021,79872.07
BRN,Brunei Darussalam,country,2022,75362.438
BRN,Brunei Darussalam,country,2023,75826.875
BTN,Bhutan,country,1990,3360.4773
BTN,Bhutan,country,1991,3213.8774
BTN,Bhutan,country,1992,3401.886
BTN,Bhutan,country,1993,3691.0647
BTN,Bhutan,country,1994,3970.2336
BTN,Bhutan,country,1995,3992.1584
BTN,Bhutan,country,1996,4194.7378
BTN,Bhutan,country,1997,4454.7793
BTN,Bhutan,country,1998,4334.7314
BTN,Bhutan,country,1999,4440.5483
BTN,Bhutan,country,2000,5323.1523
BTN,Bhutan,country,2001,5564.7471
BTN,Bhutan,country,2002,5905.6401
BTN,Bhutan,country,2003,6166.2065
BTN,Bhutan,country,2004,6327.2646
BTN,Bhutan,country,2005,6686.1934
BTN,Bhutan,country,2006,7028.021
BTN,Bhutan,country,2007,7981.5083
BTN,Bhutan,country,2008,8143.522
BTN,Bhutan,country,2009,8560.1221
BTN,Bhutan,country,2010,9329.5498
BTN,Bhutan,country,2011,9929.7051
BTN,Bhutan,country,2012,10166.598
BTN,Bhutan,country,2013,10324.265
BTN,Bhutan,country,2014,10781.651
BTN,Bhutan,country,2015,11365.186
BTN,Bhutan,country,2016,12043.989
BTN,Bhutan,country,2017,12334.453
BTN,Bhutan,country,2018,12637.896
BTN,Bhutan,country,2019,13305.301
BTN,Bhutan,country,2020,12182.505
BTN,Bhutan,country,2021,12664.171
BTN,Bhutan,country,2022,13334.547
BTN,Bhutan,country,2023,13842.804
BWA,Botswana,country,1990,10046.384
BWA,Botswana,country,1991,10799.72
BWA,Botswana,country,1992,10878.04
BWA,Botswana,country,1993,11081.855
BWA,Botswana,country,1994,10298.695
BWA,Botswana,country,1995,11070.398
BWA,Botswana,country,1996,11044.497
BWA,Botswana,country,1997,11897.617
BWA,Botswana,country,1998,12134.292
BWA,Botswana,country,1999,12375.155
BWA,Botswana,country,2000,12252.631
BWA,Botswana,country,2001,12365.521
BWA,Botswana,country,2002,11993.313
BWA,Botswana,country,2003,12654.09
BWA,Botswana,country,2004,12641.858
BWA,Botswana,country,2005,13136.112
BWA,Botswana,country,2006,14249.381
BWA,Botswana,country,2007,15004.872
BWA,Botswana,country,2008,14958.163
BWA,Botswana,country,2009,13003.992
BWA,Botswana,country,2010,13660.625
BWA,Botswana,country,2011,14714.85
BWA,Botswana,country,2012,14732.399
BWA,Botswana,country,2013,15163.894
BWA,Botswana,country,2014,15917.341
BWA,Botswana,country,2015,14807.527
BWA,Botswana,country,2016,14679.793
BWA,Botswana,country,2017,15063.293
BWA,Botswana,country,2018,15305.088
BWA,Botswana,country,2019,16091.624
BWA,Botswana,country,2020,15141.158
BWA,Botswana,country,2021,16503.717
BWA,Botswana,country,2022,16805.705
BWA,Botswana,country,2023,16983.771
CAF,Central African Republic,country,1990,1583.5626
CAF,Central African Republic,country,1991,1558.9968
CAF,Central African Republic,country,1992,1491.2567
CAF,Central African Republic,country,1993,1434.1332
CAF,Central African Republic,country,1994,1447.4844
CAF,Central African Republic,country,1995,1489.6276
CAF,Central African Republic,country,1996,1339.0919
CAF,Central African Republic,country,1997,1388.3687
CAF,Central African Republic,country,1998,1409.0176
CAF,Central African Republic,country,1999,1469.0238
CAF,Central African Republic,country,2000,1447.6351
CAF,Central African Republic,country,2001,1433.2858
CAF,Central African Republic,country,2002,1392.4451
CAF,Central African Republic,country,2003,1271.9348
CAF,Central African Republic,country,2004,1267.7091
CAF,Central African Republic,country,2005,1275.8896
CAF,Central African Republic,country,2006,1254.5886
CAF,Central African Republic,country,2007,1289.0973
CAF,Central African Republic,country,2008,1335.6929
CAF,Central African Republic,country,2009,1394.4907
CAF,Central African Republic,country,2010,1439.621
CAF,Central African Republic,country,2011,1476.1421
CAF,Central African Republic,country,2012,1537.6633
CAF,Central African Republic,country,2013,975.68152
CAF,Central African Republic,country,2014,978.25311
CAF,Central African Republic,country,2015,1018.0819
CAF,Central African Republic,country,2016,1049.005
CAF,Central African Republic,country,2017,1107.7423
CAF,Central African Republic,country,2018,1160.1588
CAF,Central African Republic,country,2019,1168.3357
CAF,Central African Republic,country,2020,1130.8743
CAF,Central African Republic,country,2021,1129.3281
CAF,Central African Republic,country,2022,1095.8428
CAF,Central African Republic,country,2023,1099.8607
CAN,Canada,country,1990,36257.637
CAN,Canada,country,1991,35007.039
CAN,Canada,country,1992,34679.742
CAN,Canada,country,1993,35125.016
CAN,Canada,country,1994,36179.273
CAN,Canada,country,1995,37178.594
CAN,Canada,country,1996,37647.816
CAN,Canada,country,1997,38819.547
CAN,Canada,country,1998,39279.289
CAN,Canada,country,1999,41196.781
CAN,Canada,country,2000,44038
CAN,Canada,country,2001,44068.477
CAN,Canada,country,2002,44561.48
CAN,Canada,country,2003,45790.238
CAN,Canada,country,2004,47592.434
CAN,Canada,country,2005,49282.246
CAN,Canada,country,2006,50443.754
CAN,Canada,country,2007,51513.598
CAN,Canada,country,2008,52210.766
CAN,Canada,country,2009,48443.746
CAN,Canada,country,2010,50038.238
CAN,Canada,country,2011,51658.699
CAN,Canada,country,2012,51826.078
CAN,Canada,country,2013,52718.773
CAN,Canada,country,2014,53385.93
CAN,Canada,country,2015,52138.855
CAN,Canada,country,2016,52051.684
CAN,Canada,country,2017,53597.172
CAN,Canada,country,2018,54157.621
CAN,Canada,country,2019,54499.34
CAN,Canada,country,2020,50924.734
CAN,Canada,country,2021,55302.16
CAN,Canada,country,2022,56952.035
CAN,Canada,country,2023,54688.418
CHE,Switzerland,country,1990,68591.563
CHE,Switzerland,country,1991,67185.125
CHE,Switzerland,country,1992,66206.391
CHE,Switzerland,country,1993,65820.586
CHE,Switzerland,country,1994,65583.711
CHE,Switzerland,country,1995,66015.313
CHE,Switzerland,country,1996,66027.445
CHE,Switzerland,country,1997,67889.5
CHE,Switzerland,country,1998,70277.914
CHE,Switzerland,country,1999,71756.266
CHE,Switzerland,country,2000,74302.984
CHE,Switzerland,country,2001,73206.672
CHE,Switzerland,country,2002,72444.273
CHE,Switzerland,country,2003,75080.039
CHE,Switzerland,country,2004,75988.945
CHE,Switzerland,country,2005,78661.008
CHE,Switzerland,country,2006,80425.102
CHE,Switzerland,country,2007,77405.797
CHE,Switzerland,country,2008,72847.797
CHE,Switzerland,country,2009,76884.516
CHE,Switzerland,country,2010,81900.203
CHE,Switzerland,country,2011,78996.102
CHE,Switzerland,country,2012,80093.93
CHE,Switzerland,country,2013,79770.578
CHE,Switzerland,country,2014,79041.547
CHE,Switzerland,country,2015,80606.211
CHE,Switzerland,country,2016,79016
CHE,Switzerland,country,2017,77993.266
CHE,Switzerland,country,2018,77788.625
CHE,Switzerland,country,2019,78234.453
CHE,Switzerland,country,2020,74518.438
CHE,Switzerland,country,2021,80307.727
CHE,Switzerland,country,2022,82399.828
CHE,Switzerland,country,2023,81948.898
CHL,Chile,country,1990,10717.591
CHL,Chile,country,1991,11378.974
CHL,Chile,country,1992,12552.251
CHL,Chile,country,1993,13253.027
CHL,Chile,country,1994,13579.006
CHL,Chile,country,1995,14641.234
CHL,Chile,country,1996,15508.569
CHL,Chile,country,1997,16458.063
CHL,Chile,country,1998,17051.635
CHL,Chile,country,1999,16711.424
CHL,Chile,country,2000,17241.984
CHL,Chile,country,2001,17625.332
CHL,Chile,country,2002,17905.725
CHL,Chile,country,2003,18339.805
CHL,Chile,country,2004,18885.172
CHL,Chile,country,2005,19638.834
CHL,Chile,country,2006,19829.02
CHL,Chile,country,2007,20830.588
CHL,Chile,country,2008,22040.596
CHL,Chile,country,2009,21794.541
CHL,Chile,country,2010,22840.438
CHL,Chile,country,2011,23433.396
CHL,Chile,country,2012,25559.926
CHL,Chile,country,2013,26447.629
CHL,Chile,country,2014,26668.785
CHL,Chile,country,2015,27519.172
CHL,Chile,country,2016,27572.939
CHL,Chile,country,2017,27180.74
CHL,Chile,country,2018,27709.633
CHL,Chile,country,2019,27495.492
CHL,Chile,country,2020,24752.842
CHL,Chile,country,2021,27407.059
CHL,Chile,country,2022,28130.707
CHL,Chile,country,2023,28047.17
CHN,China,country,1990,1647.2273
CHN,China,country,1991,1772.2213
CHN,China,country,1992,1997.7083
CHN,China,country,1993,2245.0659
CHN,China,country,1994,2513.7991
CHN,China,country,1995,2724.4136
CHN,China,country,1996,2967.3914
CHN,China,country,1997,3217.2942
CHN,China,country,1998,3421.5728
CHN,China,country,1999,3661.5879
CHN,China,country,2000,3945.0342
CHN,China,country,2001,4233.2964
CHN,China,country,2002,4606.5635
CHN,China,country,2003,5056.3711
CHN,China,country,2004,5553.126
CHN,China,country,2005,6122.4692
CHN,China,country,2006,6897.8818
CHN,China,country,2007,7871.0586
CHN,China,country,2008,8620.6523
CHN,China,country,2009,9309.8105
CHN,China,country,2010,10222.514
CHN,China,country,2011,11080.472
CHN,China,country,2012,11957.041
CHN,China,country,2013,12724.805
CHN,China,country,2014,13714.126
CHN,China,country,2015,14505.205
CHN,China,country,2016,15406.84
CHN,China,country,2017,16439.189
CHN,China,country,2018,17412.539
CHN,China,country,2019,18413.619
CHN,China,country,2020,18683.02
CHN,China,country,2021,20264.566
CHN,China,country,2022,20888.854
CHN,China,country,2023,22029.223
CIV,Côte d’Ivoire,country,1990,3672.9004
CIV,Côte d’Ivoire,country,1991,3488.4954
CIV,Côte d’Ivoire,country,1992,3391.4775
CIV,Côte d’Ivoire,country,1993,3297.1331
CIV,Côte d’Ivoire,country,1994,3299.822
CIV,Côte d’Ivoire,country,1995,3413.2053
CIV,Côte d’Ivoire,country,1996,3451.2666
CIV,Côte d’Ivoire,country,1997,3633.5935
CIV,Côte d’Ivoire,country,1998,3684.4512
CIV,Côte d’Ivoire,country,1999,3551.9392
CIV,Côte d’Ivoire,country,2000,3463.5229
CIV,Côte d’Ivoire,country,2001,3392.2781
CIV,Côte d’Ivoire,country,2002,3255.1472
CIV,Côte d’Ivoire,country,2003,3158.0186
CIV,Côte d’Ivoire,country,2004,3132.4424
CIV,Côte d’Ivoire,country,2005,3111.6091
CIV,Côte d’Ivoire,country,2006,3083.1157
CIV,Côte d’Ivoire,country,2007,3065.9912
CIV,Côte d’Ivoire,country,2008,3081.4075
CIV,Côte d’Ivoire,country,2009,3167.3621
CIV,Côte d’Ivoire,country,2010,3301.2813
CIV,Côte d’Ivoire,country,2011,3070.5835
CIV,Côte d’Ivoire,country,2012,3282.1636
CIV,Côte d’Ivoire,country,2013,3512.7078
CIV,Côte d’Ivoire,country,2014,5137.6279
CIV,Côte d’Ivoire,country,2015,5347.0093
CIV,Côte d’Ivoire,country,2016,5582.248
CIV,Côte d’Ivoire,country,2017,5804.9458
CIV,Côte d’Ivoire,country,2018,5941.9907
CIV,Côte d’Ivoire,country,2019,6182.8374
CIV,Côte d’Ivoire,country,2020,6057.4565
CIV,Côte d’Ivoire,country,2021,6320.3125
CIV,Côte d’Ivoire,country,2022,6540.4922
CIV,Côte d’Ivoire,country,2023,6735.4165
CMR,Cameroon,country,1990,4321.9619
CMR,Cameroon,country,1991,3958.7373
CMR,Cameroon,country,1992,3766.9128
CMR,Cameroon,country,1993,3380.4751
CMR,Cameroon,country,1994,3323.8542
CMR,Cameroon,country,1995,3321.0984
CMR,Cameroon,country,1996,3365.969
CMR,Cameroon,country,1997,3417.5364
CMR,Cameroon,country,1998,3524.4097
CMR,Cameroon,country,1999,3598.9983
CMR,Cameroon,country,2000,3572.0911
CMR,Cameroon,country,2001,3607.0588
CMR,Cameroon,country,2002,3706.2769
CMR,Cameroon,country,2003,3882.6082
CMR,Cameroon,country,2004,4088.2903
CMR,Cameroon,country,2005,4050.1682
CMR,Cameroon,country,2006,4143.7339
CMR,Cameroon,country,2007,4168.5908
CMR,Cameroon,country,2008,4191.8853
CMR,Cameroon,country,2009,4223.2803
CMR,Cameroon,country,2010,4200.5054
CMR,Cameroon,country,2011,4219.9985
CMR,Cameroon,country,2012,4271.3286
CMR,Cameroon,country,2013,4343.4194
CMR,Cameroon,country,2014,4452.1519
CMR,Cameroon,country,2015,4583.9463
CMR,Cameroon,country,2016,4636.54
CMR,Cameroon,country,2017,4657.6768
CMR,Cameroon,country,2018,4708.6411
CMR,Cameroon,country,2019,4724.4424
CMR,Cameroon,country,2020,4609.7627
CMR,Cameroon,country,2021,4664.7544
CMR,Cameroon,country,2022,4662.564
CMR,Cameroon,country,2023,4746.2656
COD,Democratic Republic of the Congo,country,1990,2104.5352
COD,Democratic Republic of the Congo,country,1991,1865.3575
COD,Democratic Republic of the Congo,country,1992,1608.6631
COD,Democratic Republic of the Congo,country,1993,1381.562
COD,Democratic Republic of the Congo,country,1994,1187.0454
COD,Democratic Republic of the Congo,country,1995,1122.0863
COD,Democratic Republic of the Congo,country,1996,1179.5884
COD,Democratic Republic of the Congo,country,1997,1090.0847
COD,Democratic Republic of the Congo,country,1998,1053.2627
COD,Democratic Republic of the Congo,country,1999,945.76947
COD,Democratic Republic of the Congo,country,2000,919.55133
COD,Democratic Republic of the Congo,country,2001,846.63562
COD,Democratic Republic of the Congo,country,2002,860.3291
COD,Democratic Republic of the Congo,country,2003,888.62787
COD,Democratic Republic of the Congo,country,2004,916.18304
COD,Democratic Republic of the Congo,country,2005,930.37585
COD,Democratic Republic of the Congo,country,2006,958.87634
COD,Democratic Republic of the Congo,country,2007,979.51813
COD,Democratic Republic of the Congo,country,2008,980.44604
COD,Democratic Republic of the Congo,country,2009,1001.194
COD,Democratic Republic of the Congo,country,2010,1035.5166
COD,Democratic Republic of the Congo,country,2011,1057.4103
COD,Democratic Republic of the Congo,country,2012,1085.6587
COD,Democratic Republic of the Congo,country,2013,1090.9459
COD,Democratic Republic of the Congo,country,2014,1159.7931
COD,Democratic Republic of the Congo,country,2015,1219.7664
COD,Democratic Republic of the Congo,country,2016,1285.2533
COD,Democratic Republic of the Congo,country,2017,1271.9779
COD,Democratic Republic of the Congo,country,2018,1287.6251
COD,Democratic Republic of the Congo,country,2019,1276.4357
COD,Democratic Republic of the Congo,country,2020,1300.496
COD,Democratic Republic of the Congo,country,2021,1309.3541
COD,Democratic Republic of the Congo,country,2022,1340.8362
COD,Democratic Republic of the Congo,country,2023,1431.048
COG,Congo,country,1990,7640.2417
COG,Congo,country,1991,7695.978
COG,Congo,country,1992,7878.4414
COG,Congo,country,1993,7209.8682
COG,Congo,country,1994,6807.3735
COG,Congo,country,1995,5534.5278
COG,Congo,country,1996,5587.4424
COG,Congo,country,1997,6137.0757
COG,Congo,country,1998,6758.5054
COG,Congo,country,1999,5659.896
COG,Congo,country,2000,5252.2954
COG,Congo,country,2001,5649.5381
COG,Congo,country,2002,5781.9707
COG,Congo,country,2003,5614.5688
COG,Congo,country,2004,5338.501
COG,Congo,country,2005,5990.5142
COG,Congo,country,2006,6980.6792
COG,Congo,country,2007,6293.9961
COG,Congo,country,2008,6588.3877
COG,Congo,country,2009,7644.1987
COG,Congo,country,2010,7894.7256
COG,Congo,country,2011,7587.3916
COG,Congo,country,2012,8550.1572
COG,Congo,country,2013,8596.6826
COG,Congo,country,2014,9322.6211
COG,Congo,country,2015,8963.5889
COG,Congo,country,2016,7797.0029
COG,Congo,country,2017,6574.9053
COG,Congo,country,2018,6668.3853
COG,Congo,country,2019,6305.4805
COG,Congo,country,2020,6357.6006
COG,Congo,country,2021,6074.6079
COG,Congo,country,2022,5806.8555
COG,Congo,country,2023,5902.5991
COL,Colombia,country,1990,9675.6992
COL,Colombia,country,1991,9723.3486
COL,Colombia,country,1992,9959.2549
COL,Colombia,country,1993,10382.782
COL,Colombia,country,1994,10880.789
COL,Colombia,country,1995,11242.923
COL,Colombia,country,1996,11221.792
COL,Colombia,country,1997,11393.887
COL,Colombia,country,1998,11316.954
COL,Colombia,country,1999,10675.72
COL,Colombia,country,2000,10752.343
COL,Colombia,country,2001,10733.055
COL,Colombia,country,2002,10811.613
COL,Colombia,country,2003,10991.904
COL,Colombia,country,2004,11403.588
COL,Colombia,country,2005,11899.379
COL,Colombia,country,2006,12520.517
COL,Colombia,country,2007,13140.196
COL,Colombia,country,2008,13350.11
COL,Colombia,country,2009,13416.902
COL,Colombia,country,2010,13780.656
COL,Colombia,country,2011,14448.389
COL,Colombia,country,2012,14921.177
COL,Colombia,country,2013,15593.754
COL,Colombia,country,2014,16253.912
COL,Colombia,country,2015,16856.34
COL,Colombia,country,2016,17060.404
COL,Colombia,country,2017,16924.748
COL,Colombia,country,2018,16894.49
COL,Colombia,country,2019,17170.045
COL,Colombia,country,2020,15910.609
COL,Colombia,country,2021,17310.307
COL,Colombia,country,2022,18321.469
COL,Colombia,country,2023,18665.949
COM,Comoros,country,1990,3096.6038
COM,Comoros,country,1991,2856.8608
COM,Comoros,country,1992,3056.3862
COM,Comoros,country,1993,3064.6172
COM,Comoros,country,1994,2833.2681
COM,Comoros,country,1995,2876.415
COM,Comoros,country,1996,2774.3015
COM,Comoros,country,1997,2823.8955
COM,Comoros,country,1998,2794.9963
COM,Comoros,country,1999,2796.2825
COM,Comoros,country,2000,3041.406
COM,Comoros,country,2001,3052.7139
COM,Comoros,country,2002,3049.386
COM,Comoros,country,2003,3050.8962
COM,Comoros,country,2004,3047.6082
COM,Comoros,country,2005,3075.7571
COM,Comoros,country,2006,3096.179
COM,Comoros,country,2007,3071.2847
COM,Comoros,country,2008,3117.2029
COM,Comoros,country,2009,3154.6875
COM,Comoros,country,2010,3207.8584
COM,Comoros,country,2011,3271.2776
COM,Comoros,country,2012,3300.583
COM,Comoros,country,2013,3381.0039
COM,Comoros,country,2014,3391.2749
COM,Comoros,country,2015,3362.0884
COM,Comoros,country,2016,3400.1716
COM,Comoros,country,2017,3455.7844
COM,Comoros,country,2018,3516.4844
COM,Comoros,country,2019,3509.9043
COM,Comoros,country,2020,3436.6438
COM,Comoros,country,2021,3443.4368
COM,Comoros,country,2022,3461.3457
COM,Comoros,country,2023,3481.1213
CPV,Cabo Verde,country,1990,2720.635
CPV,Cabo Verde,country,1991,2683.3091
CPV,Cabo Verde,country,1992,2702.5039
CPV,Cabo Verde,country,1993,2833.8755
CPV,Cabo Verde,country,1994,2960.8489
CPV,Cabo Verde,country,1995,3108.7842
CPV,Cabo Verde,country,1996,3247.2759
CPV,Cabo Verde,country,1997,3442.0803
CPV,Cabo Verde,country,1998,3660.2368
CPV,Cabo Verde,country,1999,4014.7976
CPV,Cabo Verde,country,2000,4194.2017
CPV,Cabo Verde,country,2001,4508.3169
CPV,Cabo Verde,country,2002,4673.9326
CPV,Cabo Verde,country,2003,4916.6855
CPV,Cabo Verde,country,2004,5116.4023
CPV,Cabo Verde,country,2005,5369.2773
CPV,Cabo Verde,country,2006,5882.2856
CPV,Cabo Verde,country,2007,6531.5581
CPV,Cabo Verde,country,2008,6880.5381
CPV,Cabo Verde,country,2009,6710.0518
CPV,Cabo Verde,country,2010,6645.1909
CPV,Cabo Verde,country,2011,6856.8931
CPV,Cabo Verde,country,2012,6827.1802
CPV,Cabo Verde,country,2013,6840.8447
CPV,Cabo Verde,country,2014,6715.7725
CPV,Cabo Verde,country,2015,6782.7295
CPV,Cabo Verde,country,2016,7000.8184
CPV,Cabo Verde,country,2017,7248.5601
CPV,Cabo Verde,country,2018,7504.0913
CPV,Cabo Verde,country,2019,7963.25
CPV,Cabo Verde,country,2020,6230.2158
CPV,Cabo Verde,country,2021,6660.3521
CPV,Cabo Verde,country,2022,7769.2368
CPV,Cabo Verde,country,2023,8165.3794
CRI,Costa Rica,country,1990,11946.281
CRI,Costa Rica,country,1991,12027.143
CRI,Costa Rica,country,1992,12925.836
CRI,Costa Rica,country,1993,13681.301
CRI,Costa Rica,country,1994,14182.581
CRI,Costa Rica,country,1995,14366.861
CRI,Costa Rica,country,1996,13920.793
CRI,Costa Rica,country,1997,14436.88
CRI,Costa Rica,country,1998,13999.653
CRI,Costa Rica,country,1999,13780.604
CRI,Costa Rica,country,2000,13741.868
CRI,Costa Rica,country,2001,13947.745
CRI,Costa Rica,country,2002,14059.842
CRI,Costa Rica,country,2003,14398.995
CRI,Costa Rica,country,2004,14714.045
CRI,Costa Rica,country,2005,15015.191
CRI,Costa Rica,country,2006,15875.741
CRI,Costa Rica,country,2007,16776.465
CRI,Costa Rica,country,2008,17122.902
CRI,Costa Rica,country,2009,17024.818
CRI,Costa Rica,country,2010,17835.951
CRI,Costa Rica,country,2011,18252.225
CRI,Costa Rica,country,2012,19039.295
CRI,Costa Rica,country,2013,19191.289
CRI,Costa Rica,country,2014,19649.135
CRI,Costa Rica,country,2015,20472.318
CRI,Costa Rica,country,2016,21317.615
CRI,Costa Rica,country,2017,21685.688
CRI,Costa Rica,country,2018,21898.105
CRI,Costa Rica,country,2019,22149.994
CRI,Costa Rica,country,2020,21172.109
CRI,Costa Rica,country,2021,22149.389
CRI,Costa Rica,country,2022,22327.965
CRI,Costa Rica,country,2023,23417.213
CUB,Cuba,country,1990,5591.6558
CUB,Cuba,country,1991,4967.1475
CUB,Cuba,country,1992,4381.7676
CUB,Cuba,country,1993,3708.1523
CUB,Cuba,country,1994,3717.7832
CUB,Cuba,country,1995,3770.6235
CUB,Cuba,country,1996,4063.196
CUB,Cuba,country,1997,4165.2524
CUB,Cuba,country,1998,4164.6958
CUB,Cuba,country,1999,4404.3779
CUB,Cuba,country,2000,4638.8857
CUB,Cuba,country,2001,4793.522
CUB,Cuba,country,2002,4851.1064
CUB,Cuba,country,2003,5018.2324
CUB,Cuba,country,2004,5286.3931
CUB,Cuba,country,2005,5878.9966
CUB,Cuba,country,2006,6599.9199
CUB,Cuba,country,2007,7040.2866
CUB,Cuba,country,2008,7320.0142
CUB,Cuba,country,2009,7355.438
CUB,Cuba,country,2010,7561.9873
CUB,Cuba,country,2011,7825.3853
CUB,Cuba,country,2012,8075.0571
CUB,Cuba,country,2013,8314.5137
CUB,Cuba,country,2014,8401.333
CUB,Cuba,country,2015,8784.5361
CUB,Cuba,country,2016,8826.2422
CUB,Cuba,country,2017,9000.7822
CUB,Cuba,country,2018,9213.0117
CUB,Cuba,country,2019,9182.6016
CUB,Cuba,country,2020,8210.333
CUB,Cuba,country,2021,8353.7998
CUB,Cuba,country,2022,8549.9971
CUB,Cuba,country,2023,8415.4121
CYP,Cyprus,country,1990,28036.719
CYP,Cyprus,country,1991,27540.693
CYP,Cyprus,country,1992,29301.445
CYP,Cyprus,country,1993,28837.445
CYP,Cyprus,country,1994,29878.348
CYP,Cyprus,country,1995,30413.34
CYP,Cyprus,country,1996,30375.072
CYP,Cyprus,country,1997,30536.633
CYP,Cyprus,country,1998,34855.172
CYP,Cyprus,country,1999,33120.938
CYP,Cyprus,country,2000,33675.176
CYP,Cyprus,country,2001,35145.813
CYP,Cyprus,country,2002,36848.332
CYP,Cyprus,country,2003,37753.203
CYP,Cyprus,country,2004,38465.313
CYP,Cyprus,country,2005,39974.48
CYP,Cyprus,country,2006,41030.73
CYP,Cyprus,country,2007,41814.234
CYP,Cyprus,country,2008,44434.246
CYP,Cyprus,country,2009,42971.32
CYP,Cyprus,country,2010,42324.379
CYP,Cyprus,country,2011,43127.617
CYP,Cyprus,country,2012,39690.445
CYP,Cyprus,country,2013,36933.34
CYP,Cyprus,country,2014,36153.316
CYP,Cyprus,country,2015,38391.301
CYP,Cyprus,country,2016,39348.938
CYP,Cyprus,country,2017,41626.707
CYP,Cyprus,country,2018,43168.121
CYP,Cyprus,country,2019,44112.516
CYP,Cyprus,country,2020,41443.703
CYP,Cyprus,country,2021,44214.285
CYP,Cyprus,country,2022,46470.25
CYP,Cyprus,country,2023,45394.156
CZE,Czechia,country,1990,26566.367
CZE,Czechia,country,1991,23475.145
CZE,Czechia,country,1992,23338.063
CZE,Czechia,country,1993,23499.596
CZE,Czechia,country,1994,24179.139
CZE,Czechia,country,1995,25486.387
CZE,Czechia,country,1996,26926.051
CZE,Czechia,country,1997,26897.682
CZE,Czechia,country,1998,27483.568
CZE,Czechia,country,1999,27741.205
CZE,Czechia,country,2000,28476.668
CZE,Czechia,country,2001,29656.092
CZE,Czechia,country,2002,30519.662
CZE,Czechia,country,2003,31750.596
CZE,Czechia,country,2004,33000.359
CZE,Czechia,country,2005,34678.945
CZE,Czechia,country,2006,35806.848
CZE,Czechia,country,2007,37743.277
CZE,Czechia,country,2008,38209.23
CZE,Czechia,country,2009,36303.457
CZE,Czechia,country,2010,36382.926
CZE,Czechia,country,2011,36331.852
CZE,Czechia,country,2012,36514.754
CZE,Czechia,country,2013,36816.766
CZE,Czechia,country,2014,37873.914
CZE,Czechia,country,2015,39904.473
CZE,Czechia,country,2016,41100.355
CZE,Czechia,country,2017,43188.113
CZE,Czechia,country,2018,44425.859
CZE,Czechia,country,2019,45413.832
CZE,Czechia,country,2020,43664.957
CZE,Czechia,country,2021,46442.066
CZE,Czechia,country,2022,45265.109
CZE,Czechia,country,2023,45889.016
DEU,Germany,country,1990,42722.191
DEU,Germany,country,1991,44027.867
DEU,Germany,country,1992,45003.285
DEU,Germany,country,1993,44452.355
DEU,Germany,country,1994,45264.059
DEU,Germany,country,1995,46054.098
DEU,Germany,country,1996,46322.969
DEU,Germany,country,1997,46806.621
DEU,Germany,country,1998,47806.117
DEU,Germany,country,1999,48700.867
DEU,Germany,country,2000,49503.535
DEU,Germany,country,2001,50179.484
DEU,Germany,country,2002,50067.238
DEU,Germany,country,2003,49959.086
DEU,Germany,country,2004,51376.707
DEU,Germany,country,2005,51604.078
DEU,Germany,country,2006,53766.434
DEU,Germany,country,2007,55376.297
DEU,Germany,country,2008,55364.059
DEU,Germany,country,2009,53760.387
DEU,Germany,country,2010,55528.008
DEU,Germany,country,2011,58510.047
DEU,Germany,country,2012,58528.125
DEU,Germany,country,2013,58751.164
DEU,Germany,country,2014,59865.516
DEU,Germany,country,2015,60953.504
DEU,Germany,country,2016,62295.395
DEU,Germany,country,2017,63446.891
DEU,Germany,country,2018,64234.637
DEU,Germany,country,2019,65152.988
DEU,Germany,country,2020,62477.824
DEU,Germany,country,2021,64325.582
DEU,Germany,country,2022,63618.547
DEU,Germany,country,2023,64053.223
DJI,Djibouti,country,1990,2526.1992
DJI,Djibouti,country,1991,2259.2678
DJI,Djibouti,country,1992,2383.0435
DJI,Djibouti,country,1993,2562.6956
DJI,Djibouti,country,1994,2412.8845
DJI,Djibouti,country,1995,2533.177
DJI,Djibouti,country,1996,2339.7974
DJI,Djibouti,country,1997,2361.2732
DJI,Djibouti,country,1998,2264.2488
DJI,Djibouti,country,1999,2311.8813
DJI,Djibouti,country,2000,2276.499
DJI,Djibouti,country,2001,2238.0986
DJI,Djibouti,country,2002,2256.6873
DJI,Djibouti,country,2003,2410.0898
DJI,Djibouti,country,2004,2488.3503
DJI,Djibouti,country,2005,2530.4167
DJI,Djibouti,country,2006,2795.1177
DJI,Djibouti,country,2007,2870.5125
DJI,Djibouti,country,2008,2951.1421
DJI,Djibouti,country,2009,3290.4802
DJI,Djibouti,country,2010,3601.0833
DJI,Djibouti,country,2011,3982.4456
DJI,Djibouti,country,2012,4419.0239
DJI,Djibouti,country,2013,4525.9819
DJI,Djibouti,country,2014,4843.9443
DJI,Djibouti,country,2015,5166.7627
DJI,Djibouti,country,2016,5350.8491
DJI,Djibouti,country,2017,5457.3916
DJI,Djibouti,country,2018,5604.7148
DJI,Djibouti,country,2019,5685.2852
DJI,Djibouti,country,2020,5671.2012
DJI,Djibouti,country,2021,5927.1621
DJI,Djibouti,country,2022,6278.7021
DJI,Djibouti,country,2023,6367.606
DMA,Dominica,country,1990,10302.172
DMA,Dominica,country,1991,10192.556
DMA,Dominica,country,1992,10354.551
DMA,Dominica,country,1993,10506.241
DMA,Dominica,country,1994,9821.8398
DMA,Dominica,country,1995,9954.4678
DMA,Dominica,country,1996,10119.535
DMA,Dominica,country,1997,10482.714
DMA,Dominica,country,1998,10971.893
DMA,Dominica,country,1999,10647.602
DMA,Dominica,country,2000,10587.609
DMA,Dominica,country,2001,11146.188
DMA,Dominica,country,2002,10701.265
DMA,Dominica,country,2003,11417.661
DMA,Dominica,country,2004,11591.645
DMA,Dominica,country,2005,11796.96
DMA,Dominica,country,2006,12884.555
DMA,Dominica,country,2007,13579.667
DMA,Dominica,country,2008,14644.929
DMA,Dominica,country,2009,14653.814
DMA,Dominica,country,2010,14886.954
DMA,Dominica,country,2011,14781.713
DMA,Dominica,country,2012,14631.244
DMA,Dominica,country,2013,14375.9
DMA,Dominica,country,2014,14892.105
DMA,Dominica,country,2015,14186.705
DMA,Dominica,country,2016,14896.515
DMA,Dominica,country,2017,13573.773
DMA,Dominica,country,2018,15191.173
DMA,Dominica,country,2019,15791.94
DMA,Dominica,country,2020,13786.488
DMA,Dominica,country,2021,14485.414
DMA,Dominica,country,2022,15467.521
DMA,Dominica,country,2023,16001.126
DNK,Denmark,country,1990,42092.82
DNK,Denmark,country,1991,42357.934
DNK,Denmark,country,1992,43610.465
DNK,Denmark,country,1993,43649.457
DNK,Denmark,country,1994,45814.836
DNK,Denmark,country,1995,47247.57
DNK,Denmark,country,1996,48471.625
DNK,Denmark,country,1997,49954.488
DNK,Denmark,country,1998,50958.227
DNK,Denmark,country,1999,52362.836
DNK,Denmark,country,2000,53790.09
DNK,Denmark,country,2001,54422.711
DNK,Denmark,country,2002,54751.457
DNK,Denmark,country,2003,55080.645
DNK,Denmark,country,2004,57176.91
DNK,Denmark,country,2005,59304.809
DNK,Denmark,country,2006,61485.535
DNK,Denmark,country,2007,61148.992
DNK,Denmark,country,2008,61439.574
DNK,Denmark,country,2009,57854.477
DNK,Denmark,country,2010,59933.035
DNK,Denmark,country,2011,60216.961
DNK,Denmark,country,2012,60405.449
DNK,Denmark,country,2013,61569.191
DNK,Denmark,country,2014,62951.496
DNK,Denmark,country,2015,63758.465
DNK,Denmark,country,2016,64668.871
DNK,Denmark,country,2017,65947.766
DNK,Denmark,country,2018,67091.102
DNK,Denmark,country,2019,67926.477
DNK,Denmark,country,2020,67365.664
DNK,Denmark,country,2021,72638.242
DNK,Denmark,country,2022,74965.945
DNK,Denmark,country,2023,76007.859
DOM,Dominican Republic,country,1990,6962.5503
DOM,Dominican Republic,country,1991,6919.936
DOM,Dominican Republic,country,1992,7535.6304
DOM,Dominican Republic,country,1993,7801.4531
DOM,Dominican Republic,country,1994,7903.3579
DOM,Dominican Republic,country,1995,8198.3887
DOM,Dominican Republic,country,1996,8596.2178
DOM,Dominican Republic,country,1997,9197.7549
DOM,Dominican Republic,country,1998,9635.915
DOM,Dominican Republic,country,1999,10024.408
DOM,Dominican Republic,country,2000,10353.184
DOM,Dominican Republic,country,2001,10448.341
DOM,Dominican Republic,country,2002,10767.659
DOM,Dominican Republic,country,2003,10216.297
DOM,Dominican Republic,country,2004,10150.525
DOM,Dominican Republic,country,2005,11325.452
DOM,Dominican Republic,country,2006,12264.656
DOM,Dominican Republic,country,2007,13001.009
DOM,Dominican Republic,country,2008,13444.364
DOM,Dominican Republic,country,2009,13390.446
DOM,Dominican Republic,country,2010,14320.529
DOM,Dominican Republic,country,2011,14541.649
DOM,Dominican Republic,country,2012,14735.184
DOM,Dominican Republic,country,2013,15141.739
DOM,Dominican Republic,country,2014,15996.437
DOM,Dominican Republic,country,2015,17005.646
DOM,Dominican Republic,country,2016,17886.717
DOM,Dominican Republic,country,2017,18432.453
DOM,Dominican Republic,country,2018,19597.955
DOM,Dominican Republic,country,2019,20306.197
DOM,Dominican Republic,country,2020,18728.545
DOM,Dominican Republic,country,2021,20827.525
DOM,Dominican Republic,country,2022,21878.211
DOM,Dominican Republic,country,2023,22023.51
DZA,Algeria,country,1990,11297.324
DZA,Algeria,country,1991,10715.848
DZA,Algeria,country,1992,10793.851
DZA,Algeria,country,1993,10433.937
DZA,Algeria,country,1994,10069.738
DZA,Algeria,country,1995,10168.716
DZA,Algeria,country,1996,10389.716
DZA,Algeria,country,1997,10406.582
DZA,Algeria,country,1998,10820.015
DZA,Algeria,country,1999,10962.557
DZA,Algeria,country,2000,11116.298
DZA,Algeria,country,2001,11523.3
DZA,Algeria,country,2002,11895.047
DZA,Algeria,country,2003,12508.358
DZA,Algeria,country,2004,12811.309
DZA,Algeria,country,2005,13215.843
DZA,Algeria,country,2006,13470.014
DZA,Algeria,country,2007,14026.571
DZA,Algeria,country,2008,14208.606
DZA,Algeria,country,2009,14125.04
DZA,Algeria,country,2010,14631.284
DZA,Algeria,country,2011,14667.53
DZA,Algeria,country,2012,14699.572
DZA,Algeria,country,2013,14678.75
DZA,Algeria,country,2014,14946.761
DZA,Algeria,country,2015,15117
DZA,Algeria,country,2016,15618.63
DZA,Algeria,country,2017,15465.521
DZA,Algeria,country,2018,15227.342
DZA,Algeria,country,2019,15105.291
DZA,Algeria,country,2020,14166.821
DZA,Algeria,country,2021,14403.612
DZA,Algeria,country,2022,14581.903
DZA,Algeria,country,2023,15114.172
ECU,Ecuador,country,1990,8236.3242
ECU,Ecuador,country,1991,8552.5195
ECU,Ecuador,country,1992,8698.4492
ECU,Ecuador,country,1993,8812.2324
ECU,Ecuador,country,1994,9056.9824
ECU,Ecuador,country,1995,9129.1094
ECU,Ecuador,country,1996,9083.668
ECU,Ecuador,country,1997,9353.251
ECU,Ecuador,country,1998,9441.5303
ECU,Ecuador,country,1999,8581.4443
ECU,Ecuador,country,2000,8323.2139
ECU,Ecuador,country,2001,8886.1406
ECU,Ecuador,country,2002,9274.7412
ECU,Ecuador,country,2003,9365.832
ECU,Ecuador,country,2004,9819.9268
ECU,Ecuador,country,2005,10230.049
ECU,Ecuador,country,2006,10529.695
ECU,Ecuador,country,2007,10539.343
ECU,Ecuador,country,2008,11221.625
ECU,Ecuador,country,2009,11199.378
ECU,Ecuador,country,2010,11527.806
ECU,Ecuador,country,2011,12289.461
ECU,Ecuador,country,2012,12818.233
ECU,Ecuador,country,2013,13540.754
ECU,Ecuador,country,2014,13890.612
ECU,Ecuador,country,2015,13673.711
ECU,Ecuador,country,2016,13395.757
ECU,Ecuador,country,2017,13899.598
ECU,Ecuador,country,2018,13722.368
ECU,Ecuador,country,2019,13459.632
ECU,Ecuador,country,2020,11975.104
ECU,Ecuador,country,2021,13242.997
ECU,Ecuador,country,2022,13896.854
ECU,Ecuador,country,2023,13986.397
EGY,Egypt,country,1990,7964.0776
EGY,Egypt,country,1991,8121.7886
EGY,Egypt,country,1992,8279.7207
EGY,Egypt,country,1993,8322.085
EGY,Egypt,country,1994,8455.2031
EGY,Egypt,country,1995,8667.6016
EGY,Egypt,country,1996,8916.5879
EGY,Egypt,country,1997,9206.9092
EGY,Egypt,country,1998,9541.5439
EGY,Egypt,country,1999,9864.8027
EGY,Egypt,country,2000,10268.636
EGY,Egypt,country,2001,10483.342
EGY,Egypt,country,2002,10406.759
EGY,Egypt,country,2003,10490.75
EGY,Egypt,country,2004,10686.361
EGY,Egypt,country,2005,10942.633
EGY,Egypt,country,2006,11557.923
EGY,Egypt,country,2007,12187.599
EGY,Egypt,country,2008,12796.836
EGY,Egypt,country,2009,13035.852
EGY,Egypt,country,2010,13155.331
EGY,Egypt,country,2011,13008.116
EGY,Egypt,country,2012,13032.924
EGY,Egypt,country,2013,12976.905
EGY,Egypt,country,2014,13074.596
EGY,Egypt,country,2015,13440.021
EGY,Egypt,country,2016,13789.564
EGY,Egypt,country,2017,14015.751
EGY,Egypt,country,2018,14403.967
EGY,Egypt,country,2019,14770.054
EGY,Egypt,country,2020,15111.981
EGY,Egypt,country,2021,15358.753
EGY,Egypt,country,2022,16050.962
EGY,Egypt,country,2023,16218.135
ERI,Eritrea,country,1990,1042.9966
ERI,Eritrea,country,1991,1234.1951
ERI,Eritrea,country,1992,1465.9366
ERI,Eritrea,country,1993,1603.7297
ERI,Eritrea,country,1994,1756.2094
ERI,Eritrea,country,1995,2032.2661
ERI,Eritrea,country,1996,1931.4871
ERI,Eritrea,country,1997,2098.4146
ERI,Eritrea,country,1998,2258.175
ERI,Eritrea,country,1999,2275.8198
ERI,Eritrea,country,2000,2227.1157
ERI,Eritrea,country,2001,1889.8302
ERI,Eritrea,country,2002,1975.3838
ERI,Eritrea,country,2003,1947.0182
ERI,Eritrea,country,2004,1814.2351
ERI,Eritrea,country,2005,1806.5461
ERI,Eritrea,country,2006,1763.5273
ERI,Eritrea,country,2007,1765.8114
ERI,Eritrea,country,2008,1381.4585
ERI,Eritrea,country,2009,1511.0232
ERI,Eritrea,country,2010,1636.382
ERI,Eritrea,country,2011,2022.4623
ERI,Eritrea,country,2012,2034.4819
ERI,Eritrea,country,2013,1799.6067
ERI,Eritrea,country,2014,2340.46
ERI,Eritrea,country,2015,1851.6198
ERI,Eritrea,country,2016,1976.2861
ERI,Eritrea,country,2017,1763.8877
ERI,Eritrea,country,2018,1967.2754
ERI,Eritrea,country,2019,2012.8341
ERI,Eritrea,country,2020,1971.0701
ERI,Eritrea,country,2021,1992.4669
ERI,Eritrea,country,2022,2009.0848
ERI,Eritrea,country,2023,2029.0701
ESP,Spain,country,1990,30217.459
ESP,Spain,country,1991,31129.865
ESP,Spain,country,1992,31367.342
ESP,Spain,country,1993,30926.176
ESP,Spain,country,1994,31017.801
ESP,Spain,country,1995,32243.918
ESP,Spain,country,1996,32906.918
ESP,Spain,country,1997,34072.652
ESP,Spain,country,1998,35672.547
ESP,Spain,country,1999,37250.316
ESP,Spain,country,2000,38665.063
ESP,Spain,country,2001,39869.59
ESP,Spain,country,2002,40850.094
ESP,Spain,country,2003,41639.207
ESP,Spain,country,2004,42148.758
ESP,Spain,country,2005,42866.82
ESP,Spain,country,2006,43724.711
ESP,Spain,country,2007,44333.09
ESP,Spain,country,2008,43660.105
ESP,Spain,country,2009,42499.066
ESP,Spain,country,2010,42249.875
ESP,Spain,country,2011,41214.059
ESP,Spain,country,2012,40252.398
ESP,Spain,country,2013,40025.328
ESP,Spain,country,2014,40702.543
ESP,Spain,country,2015,42509.012
ESP,Spain,country,2016,43913.313
ESP,Spain,country,2017,44968.832
ESP,Spain,country,2018,45752.816
ESP,Spain,country,2019,46305.77
ESP,Spain,country,2020,41219.566
ESP,Spain,country,2021,43959.527
ESP,Spain,country,2022,44887.438
ESP,Spain,country,2023,46008.441
EST,Estonia,country,1990,15782.829
EST,Estonia,country,1991,14560.389
EST,Estonia,country,1992,11964.435
EST,Estonia,country,1993,11044.581
EST,Estonia,country,1994,11099.516
EST,Estonia,country,1995,11914.531
EST,Estonia,country,1996,12653.751
EST,Estonia,country,1997,14026.508
EST,Estonia,country,1998,14951.909
EST,Estonia,country,1999,14919.677
EST,Estonia,country,2000,16193.998
EST,Estonia,country,2001,17329.033
EST,Estonia,country,2002,18894.752
EST,Estonia,country,2003,20693.482
EST,Estonia,country,2004,22471.822
EST,Estonia,country,2005,25292.871
EST,Estonia,country,2006,28192.572
EST,Estonia,country,2007,30618.066
EST,Estonia,country,2008,30143.697
EST,Estonia,country,2009,26692.326
EST,Estonia,country,2010,26664.799
EST,Estonia,country,2011,29030.648
EST,Estonia,country,2012,30442.445
EST,Estonia,country,2013,31874.158
EST,Estonia,country,2014,33164.082
EST,Estonia,country,2015,34075.125
EST,Estonia,country,2016,35422.785
EST,Estonia,country,2017,37299.789
EST,Estonia,country,2018,39030.156
EST,Estonia,country,2019,40702.008
EST,Estonia,country,2020,40417.285
EST,Estonia,country,2021,43938.48
EST,Estonia,country,2022,43028.082
EST,Estonia,country,2023,40880.93
ETH,Ethiopia,country,1990,882.17596
ETH,Ethiopia,country,1991,784.04602
ETH,Ethiopia,country,1992,683.96234
ETH,Ethiopia,country,1993,743.39313
ETH,Ethiopia,country,1994,742.42047
ETH,Ethiopia,country,1995,765.42841
ETH,Ethiopia,country,1996,844.10364
ETH,Ethiopia,country,1997,842.2746
ETH,Ethiopia,country,1998,783.13007
ETH,Ethiopia,country,1999,798.23517
ETH,Ethiopia,country,2000,819.59546
ETH,Ethiopia,country,2001,860.1814
ETH,Ethiopia,country,2002,847.87769
ETH,Ethiopia,country,2003,804.86163
ETH,Ethiopia,country,2004,886.49347
ETH,Ethiopia,country,2005,967.04382
ETH,Ethiopia,country,2006,1039.6602
ETH,Ethiopia,country,2007,1127.1272
ETH,Ethiopia,country,2008,1212.7886
ETH,Ethiopia,country,2009,1279.6827
ETH,Ethiopia,country,2010,1398.7805
ETH,Ethiopia,country,2011,1511.0377
ETH,Ethiopia,country,2012,1595.8679
ETH,Ethiopia,country,2013,1716.8291
ETH,Ethiopia,country,2014,1841.4637
ETH,Ethiopia,country,2015,1976.217
ETH,Ethiopia,country,2016,2106.1577
ETH,Ethiopia,country,2017,2239.7419
ETH,Ethiopia,country,2018,2332.8616
ETH,Ethiopia,country,2019,2457.5962
ETH,Ethiopia,country,2020,2539.167
ETH,Ethiopia,country,2021,2614.7925
ETH,Ethiopia,country,2022,2686.679
ETH,Ethiopia,country,2023,2795.5071
FIN,Finland,country,1990,41407.883
FIN,Finland,country,1991,38352.402
FIN,Finland,country,1992,36389.301
FIN,Finland,country,1993,35734.645
FIN,Finland,country,1994,37267.098
FIN,Finland,country,1995,39109.941
FIN,Finland,country,1996,40186.371
FIN,Finland,country,1997,43073.844
FIN,Finland,country,1998,45606.781
FIN,Finland,country,1999,47578.367
FIN,Finland,country,2000,49646.484
FIN,Finland,country,2001,51175.699
FIN,Finland,country,2002,51745.359
FIN,Finland,country,2003,51589.063
FIN,Finland,country,2004,53749.652
FIN,Finland,country,2005,54307.508
FIN,Finland,country,2006,55883.531
FIN,Finland,country,2007,58086.895
FIN,Finland,country,2008,57576.027
FIN,Finland,country,2009,53337.477
FIN,Finland,country,2010,54531.426
FIN,Finland,country,2011,54767.656
FIN,Finland,country,2012,53588.016
FIN,Finland,country,2013,53033.98
FIN,Finland,country,2014,53205.336
FIN,Finland,country,2015,53928.238
FIN,Finland,country,2016,54961.633
FIN,Finland,country,2017,56251.59
FIN,Finland,country,2018,57166.758
FIN,Finland,country,2019,57744.738
FIN,Finland,country,2020,57260.996
FIN,Finland,country,2021,58691.941
FIN,Finland,country,2022,58411.523
FIN,Finland,country,2023,57067.637
FJI,Fiji,country,1990,7968.6069
FJI,Fiji,country,1991,7747.29
FJI,Fiji,country,1992,7958.7329
FJI,Fiji,country,1993,8040.6899
FJI,Fiji,country,1994,8281.9961
FJI,Fiji,country,1995,8541.1807
FJI,Fiji,country,1996,8966.4326
FJI,Fiji,country,1997,8627.9951
FJI,Fiji,country,1998,8500.3252
FJI,Fiji,country,1999,9165.918
FJI,Fiji,country,2000,9450.1221
FJI,Fiji,country,2001,9345.2842
FJI,Fiji,country,2002,9671.9727
FJI,Fiji,country,2003,9606.2236
FJI,Fiji,country,2004,10028.525
FJI,Fiji,country,2005,9835.2539
FJI,Fiji,country,2006,9778.3604
FJI,Fiji,country,2007,9690.6992
FJI,Fiji,country,2008,9755.6074
FJI,Fiji,country,2009,9781.9424
FJI,Fiji,country,2010,9766.9307
FJI,Fiji,country,2011,10006.956
FJI,Fiji,country,2012,10061.92
FJI,Fiji,country,2013,10711.463
FJI,Fiji,country,2014,10987.688
FJI,Fiji,country,2015,11297.065
FJI,Fiji,country,2016,11634.5
FJI,Fiji,country,2017,11953.035
FJI,Fiji,country,2018,12626.652
FJI,Fiji,country,2019,12338.289
FJI,Fiji,country,2020,10451.306
FJI,Fiji,country,2021,9977.9443
FJI,Fiji,country,2022,12005.783
FJI,Fiji,country,2023,12843.159
FRA,France,country,1990,40765.07
FRA,France,country,1991,40713.543
FRA,France,country,1992,41255.551
FRA,France,country,1993,40952.316
FRA,France,country,1994,41633.039
FRA,France,country,1995,42249.539
FRA,France,country,1996,42808.805
FRA,France,country,1997,43807.051
FRA,France,country,1998,45367.5
FRA,France,country,1999,47004.531
FRA,France,country,2000,47970.938
FRA,France,country,2001,48695.934
FRA,France,country,2002,48719.012
FRA,France,country,2003,48880.652
FRA,France,country,2004,49800.156
FRA,France,country,2005,50229.414
FRA,France,country,2006,51031.035
FRA,France,country,2007,52112.68
FRA,France,country,2008,51950.262
FRA,France,country,2009,50626.262
FRA,France,country,2010,51165.215
FRA,France,country,2011,51826.715
FRA,France,country,2012,51449.91
FRA,France,country,2013,51693.25
FRA,France,country,2014,52113.48
FRA,France,country,2015,53024.777
FRA,France,country,2016,53611.488
FRA,France,country,2017,54532.828
FRA,France,country,2018,55178
FRA,France,country,2019,56066.129
FRA,France,country,2020,51177.98
FRA,France,country,2021,55020.164
FRA,France,country,2022,55176.227
FRA,France,country,2023,55060.16
FSM,Micronesia (Federated States of),country,1990,3587.0129
FSM,Micronesia (Federated States of),country,1991,3783.4448
FSM,Micronesia (Federated States of),country,1992,3840.7751
FSM,Micronesia (Federated States of),country,1993,4030.5559
FSM,Micronesia (Federated States of),country,1994,3905.3647
FSM,Micronesia (Federated States of),country,1995,4123.0898
FSM,Micronesia (Federated States of),country,1996,3975.4111
FSM,Micronesia (Federated States of),country,1997,3722.7698
FSM,Micronesia (Federated States of),country,1998,3819.5054
FSM,Micronesia (Federated States of),country,1999,3867.385
FSM,Micronesia (Federated States of),country,2000,4048.1609
FSM,Micronesia (Federated States of),country,2001,4127.0791
FSM,Micronesia (Federated States of),country,2002,4148.0239
FSM,Micronesia (Federated States of),country,2003,4220.2822
FSM,Micronesia (Federated States of),country,2004,4103.7617
FSM,Micronesia (Federated States of),country,2005,4206.3525
FSM,Micronesia (Federated States of),country,2006,4227.292
FSM,Micronesia (Federated States of),country,2007,4178.8047
FSM,Micronesia (Federated States of),country,2008,4109.2222
FSM,Micronesia (Federated States of),country,2009,4186.3354
FSM,Micronesia (Federated States of),country,2010,4292.062
FSM,Micronesia (Federated States of),country,2011,4416.6436
FSM,Micronesia (Federated States of),country,2012,4320.377
FSM,Micronesia (Federated States of),country,2013,4146.9521
FSM,Micronesia (Federated States of),country,2014,4035.9114
FSM,Micronesia (Federated States of),country,2015,4205.5508
FSM,Micronesia (Federated States of),country,2016,4208.1108
FSM,Micronesia (Federated States of),country,2017,4223.3433
FSM,Micronesia (Federated States of),country,2018,4204.3452
FSM,Micronesia (Federated States of),country,2019,4358.271
FSM,Micronesia (Federated States of),country,2020,4245.106
FSM,Micronesia (Federated States of),country,2021,4324.4297
FSM,Micronesia (Federated States of),country,2022,4251.9521
FSM,Micronesia (Federated States of),country,2023,4245.8784
GAB,Gabon,country,1990,27452.789
GAB,Gabon,country,1991,28430.479
GAB,Gabon,country,1992,26219.83
GAB,Gabon,country,1993,26258.457
GAB,Gabon,country,1994,27124.219
GAB,Gabon,country,1995,27402.961
GAB,Gabon,country,1996,27614.715
GAB,Gabon,country,1997,28268.996
GAB,Gabon,country,1998,29625.877
GAB,Gabon,country,1999,25760.477
GAB,Gabon,country,2000,22833.643
GAB,Gabon,country,2001,24052.201
GAB,Gabon,country,2002,24227.17
GAB,Gabon,country,2003,23706.146
GAB,Gabon,country,2004,21801.82
GAB,Gabon,country,2005,22856.701
GAB,Gabon,country,2006,20428.602
GAB,Gabon,country,2007,20517.494
GAB,Gabon,country,2008,18862.975
GAB,Gabon,country,2009,19771.947
GAB,Gabon,country,2010,19444.828
GAB,Gabon,country,2011,19266.525
GAB,Gabon,country,2012,20975.523
GAB,Gabon,country,2013,21754.66
GAB,Gabon,country,2014,23760.793
GAB,Gabon,country,2015,23016.951
GAB,Gabon,country,2016,23076.555
GAB,Gabon,country,2017,22948.738
GAB,Gabon,country,2018,21855.172
GAB,Gabon,country,2019,21409.18
GAB,Gabon,country,2020,22035.365
GAB,Gabon,country,2021,16490.961
GAB,Gabon,country,2022,18924.676
GAB,Gabon,country,2023,18854.061
GBR,United Kingdom of Great Britain and Northern Ireland,country,1990,36612.715
GBR,United Kingdom of Great Britain and Northern Ireland,country,1991,36184.297
GBR,United Kingdom of Great Britain and Northern Ireland,country,1992,36647.695
GBR,United Kingdom of Great Britain and Northern Ireland,country,1993,37440.082
GBR,United Kingdom of Great Britain and Northern Ireland,country,1994,39426.191
GBR,United Kingdom of Great Britain and Northern Ireland,country,1995,37194.43
GBR,United Kingdom of Great Britain and Northern Ireland,country,1996,37956.887
GBR,United Kingdom of Great Britain and Northern Ireland,country,1997,40402.73
GBR,United Kingdom of Great Britain and Northern Ireland,country,1998,42490.762
GBR,United Kingdom of Great Britain and Northern Ireland,country,1999,43251.016
GBR,United Kingdom of Great Britain and Northern Ireland,country,2000,45239.879
GBR,United Kingdom of Great Britain and Northern Ireland,country,2001,46344.844
GBR,United Kingdom of Great Britain and Northern Ireland,country,2002,47265.332
GBR,United Kingdom of Great Britain and Northern Ireland,country,2003,48521.141
GBR,United Kingdom of Great Britain and Northern Ireland,country,2004,49267.973
GBR,United Kingdom of Great Britain and Northern Ireland,country,2005,50365.5
GBR,United Kingdom of Great Britain and Northern Ireland,country,2006,50455.637
GBR,United Kingdom of Great Britain and Northern Ireland,country,2007,51103.645
GBR,United Kingdom of Great Britain and Northern Ireland,country,2008,50365.039
GBR,United Kingdom of Great Britain and Northern Ireland,country,2009,47901.504
GBR,United Kingdom of Great Britain and Northern Ireland,country,2010,49015.625
GBR,United Kingdom of Great Britain and Northern Ireland,country,2011,49364.871
GBR,United Kingdom of Great Britain and Northern Ireland,country,2012,49087.77
GBR,United Kingdom of Great Britain and Northern Ireland,country,2013,49217.188
GBR,United Kingdom of Great Britain and Northern Ireland,country,2014,50409.109
GBR,United Kingdom of Great Britain and Northern Ireland,country,2015,50918.203
GBR,United Kingdom of Great Britain and Northern Ireland,country,2016,51406.164
GBR,United Kingdom of Great Britain and Northern Ireland,country,2017,53086.84
GBR,United Kingdom of Great Britain and Northern Ireland,country,2018,53358.66
GBR,United Kingdom of Great Britain and Northern Ireland,country,2019,54623.805
GBR,United Kingdom of Great Britain and Northern Ireland,country,2020,47828.598
GBR,United Kingdom of Great Britain and Northern Ireland,country,2021,53131.582
GBR,United Kingdom of Great Britain and Northern Ireland,country,2022,55257.707
GBR,United Kingdom of Great Britain and Northern Ireland,country,2023,54371.586
GEO,Georgia,country,1990,11650.671
GEO,Georgia,country,1991,9283.9814
GEO,Georgia,country,1992,5574.7148
GEO,Georgia,country,1993,3728.8606
GEO,Georgia,country,1994,3455.3193
GEO,Georgia,country,1995,3580.936
GEO,Georgia,country,1996,4070.3113
GEO,Georgia,country,1997,4890.7563
GEO,Georgia,country,1998,5257.1904
GEO,Georgia,country,1999,5548.5586
GEO,Georgia,country,2000,5741.9741
GEO,Georgia,country,2001,6019.0908
GEO,Georgia,country,2002,6472.5703
GEO,Georgia,country,2003,7248.7261
GEO,Georgia,country,2004,7805.1904
GEO,Georgia,country,2005,8586.0596
GEO,Georgia,country,2006,9538.6699
GEO,Georgia,country,2007,10618.77
GEO,Georgia,country,2008,10758.738
GEO,Georgia,country,2009,10451.743
GEO,Georgia,country,2010,11096.662
GEO,Georgia,country,2011,11955.984
GEO,Georgia,country,2012,13056.307
GEO,Georgia,country,2013,13663.274
GEO,Georgia,country,2014,14286.738
GEO,Georgia,country,2015,14595.626
GEO,Georgia,country,2016,14742.255
GEO,Georgia,country,2017,15443.003
GEO,Georgia,country,2018,16565.807
GEO,Georgia,country,2019,17354.578
GEO,Georgia,country,2020,16207.726
GEO,Georgia,country,2021,17737.217
GEO,Georgia,country,2022,19525.309
GEO,Georgia,country,2023,20752.57
GHA,Ghana,country,1990,2740.77
GHA,Ghana,country,1991,2816.6355
GHA,Ghana,country,1992,2858.7983
GHA,Ghana,country,1993,2914.2246
GHA,Ghana,country,1994,2933.3401
GHA,Ghana,country,1995,2981.3374
GHA,Ghana,country,1996,3048.2463
GHA,Ghana,country,1997,3101.511
GHA,Ghana,country,1998,3166.2114
GHA,Ghana,country,1999,3223.6062
GHA,Ghana,country,2000,3248.1853
GHA,Ghana,country,2001,3337.5835
GHA,Ghana,country,2002,3400.4202
GHA,Ghana,country,2003,3480.5308
GHA,Ghana,country,2004,3568.4473
GHA,Ghana,country,2005,3729.6084
GHA,Ghana,country,2006,3822.1794
GHA,Ghana,country,2007,3887.2742
GHA,Ghana,country,2008,4142.105
GHA,Ghana,country,2009,4237.04
GHA,Ghana,country,2010,4405.0762
GHA,Ghana,country,2011,4830.3271
GHA,Ghana,country,2012,5039.7959
GHA,Ghana,country,2013,5408.0444
GHA,Ghana,country,2014,5300.6782
GHA,Ghana,country,2015,5412.7568
GHA,Ghana,country,2016,5413.1289
GHA,Ghana,country,2017,5670.9717
GHA,Ghana,country,2018,5917.6553
GHA,Ghana,country,2019,6196.9248
GHA,Ghana,country,2020,6415.3955
GHA,Ghana,country,2021,6343.7651
GHA,Ghana,country,2022,6545.6548
GHA,Ghana,country,2023,6846.3521
GIN,Guinea,country,1990,1993.0057
GIN,Guinea,country,1991,1964.2926
GIN,Guinea,country,1992,1990.0092
GIN,Guinea,country,1993,2064.8982
GIN,Guinea,country,1994,2092.1396
GIN,Guinea,country,1995,2129.2871
GIN,Guinea,country,1996,2174.0569
GIN,Guinea,country,1997,2225.6604
GIN,Guinea,country,1998,2274.8721
GIN,Guinea,country,1999,2350.1018
GIN,Guinea,country,2000,2367.0557
GIN,Guinea,country,2001,2406.9028
GIN,Guinea,country,2002,2543.613
GIN,Guinea,country,2003,2573.908
GIN,Guinea,country,2004,2566.863
GIN,Guinea,country,2005,2588.8311
GIN,Guinea,country,2006,2496.9177
GIN,Guinea,country,2007,2606.2324
GIN,Guinea,country,2008,2641.6404
GIN,Guinea,country,2009,2521.8735
GIN,Guinea,country,2010,2609.5432
GIN,Guinea,country,2011,2666.0464
GIN,Guinea,country,2012,2763.9463
GIN,Guinea,country,2013,2706.2104
GIN,Guinea,country,2014,2786.6484
GIN,Guinea,country,2015,2869.0657
GIN,Guinea,country,2016,3094.9888
GIN,Guinea,country,2017,3371.1941
GIN,Guinea,country,2018,3387.6279
GIN,Guinea,country,2019,3462.8665
GIN,Guinea,country,2020,3361.1743
GIN,Guinea,country,2021,3209.7056
GIN,Guinea,country,2022,3412.4951
GIN,Guinea,country,2023,3494.3477
GMB,Gambia,country,1990,2615.8188
GMB,Gambia,country,1991,2595.0156
GMB,Gambia,country,1992,2581.0125
GMB,Gambia,country,1993,2534.6304
GMB,Gambia,country,1994,2460.4595
GMB,Gambia,country,1995,2420.7251
GMB,Gambia,country,1996,2453.0408
GMB,Gambia,country,1997,2368.5767
GMB,Gambia,country,1998,2385.8523
GMB,Gambia,country,1999,2465.6973
GMB,Gambia,country,2000,2537.8994
GMB,Gambia,country,2001,2594.4985
GMB,Gambia,country,2002,2506.6013
GMB,Gambia,country,2003,2523.5508
GMB,Gambia,country,2004,2752.552
GMB,Gambia,country,2005,2608.4558
GMB,Gambia,country,2006,2509.0107
GMB,Gambia,country,2007,2514.8777
GMB,Gambia,country,2008,2602.7803
GMB,Gambia,country,2009,2682.9934
GMB,Gambia,country,2010,2755.7878
GMB,Gambia,country,2011,2444.6848
GMB,Gambia,country,2012,2499.5632
GMB,Gambia,country,2013,2491.9775
GMB,Gambia,country,2014,2380.9192
GMB,Gambia,country,2015,2403.9773
GMB,Gambia,country,2016,2394.7568
GMB,Gambia,country,2017,2443.9814
GMB,Gambia,country,2018,2555.5134
GMB,Gambia,country,2019,2649.0039
GMB,Gambia,country,2020,2602.7932
GMB,Gambia,country,2021,2642.7532
GMB,Gambia,country,2022,2732.6597
GMB,Gambia,country,2023,2812.0176
GNB,Guinea-Bissau,country,1990,1946.3496
GNB,Guinea-Bissau,country,1991,1916.317
GNB,Guinea-Bissau,country,1992,1931.5841
GNB,Guinea-Bissau,country,1993,1901.3431
GNB,Guinea-Bissau,country,1994,1907.7229
GNB,Guinea-Bissau,country,1995,1911.9073
GNB,Guinea-Bissau,country,1996,1947.173
GNB,Guinea-Bissau,country,1997,2055.4451
GNB,Guinea-Bissau,country,1998,1558.6024
GNB,Guinea-Bissau,country,1999,1785.3013
GNB,Guinea-Bissau,country,2000,1755.7368
GNB,Guinea-Bissau,country,2001,1805.7653
GNB,Guinea-Bissau,country,2002,1845.9553
GNB,Guinea-Bissau,country,2003,1803.8811
GNB,Guinea-Bissau,country,2004,1780.236
GNB,Guinea-Bissau,country,2005,1858.5109
GNB,Guinea-Bissau,country,2006,1861.8234
GNB,Guinea-Bissau,country,2007,1862.1621
GNB,Guinea-Bissau,country,2008,1891.7225
GNB,Guinea-Bissau,country,2009,1895.575
GNB,Guinea-Bissau,country,2010,1967.7777
GNB,Guinea-Bissau,country,2011,2045.5897
GNB,Guinea-Bissau,country,2012,1930.7357
GNB,Guinea-Bissau,country,2013,1984.3176
GNB,Guinea-Bissau,country,2014,2021.9441
GNB,Guinea-Bissau,country,2015,2076.0364
GNB,Guinea-Bissau,country,2016,2115.0503
GNB,Guinea-Bissau,country,2017,2154.541
GNB,Guinea-Bissau,country,2018,2089.2371
GNB,Guinea-Bissau,country,2019,2245.6082
GNB,Guinea-Bissau,country,2020,2225.2722
GNB,Guinea-Bissau,country,2021,2300.4524
GNB,Guinea-Bissau,country,2022,2357.1157
GNB,Guinea-Bissau,country,2023,2403.0593
GNQ,Equatorial Guinea,country,1990,2954.1182
GNQ,Equatorial Guinea,country,1991,2926.0364
GNQ,Equatorial Guinea,country,1992,2808.0769
GNQ,Equatorial Guinea,country,1993,3040.6665
GNQ,Equatorial Guinea,country,1994,2988.8008
GNQ,Equatorial Guinea,country,1995,3260.832
GNQ,Equatorial Guinea,country,1996,3992.2578
GNQ,Equatorial Guinea,country,1997,7163.8291
GNQ,Equatorial Guinea,country,1998,8590.3301
GNQ,Equatorial Guinea,country,1999,11094.12
GNQ,Equatorial Guinea,country,2000,8388.1875
GNQ,Equatorial Guinea,country,2001,9634.3838
GNQ,Equatorial Guinea,country,2002,11765.837
GNQ,Equatorial Guinea,country,2003,10960.508
GNQ,Equatorial Guinea,country,2004,11985.675
GNQ,Equatorial Guinea,country,2005,14274.946
GNQ,Equatorial Guinea,country,2006,22274.695
GNQ,Equatorial Guinea,country,2007,24967.998
GNQ,Equatorial Guinea,country,2008,26021.184
GNQ,Equatorial Guinea,country,2009,22475.555
GNQ,Equatorial Guinea,country,2010,17288.906
GNQ,Equatorial Guinea,country,2011,19144.934
GNQ,Equatorial Guinea,country,2012,21449.34
GNQ,Equatorial Guinea,country,2013,21815.633
GNQ,Equatorial Guinea,country,2014,22553.93
GNQ,Equatorial Guinea,country,2015,21037.17
GNQ,Equatorial Guinea,country,2016,18787.459
GNQ,Equatorial Guinea,country,2017,17055.537
GNQ,Equatorial Guinea,country,2018,15351.192
GNQ,Equatorial Guinea,country,2019,14931.179
GNQ,Equatorial Guinea,country,2020,14178.458
GNQ,Equatorial Guinea,country,2021,13554.725
GNQ,Equatorial Guinea,country,2022,13996.805
GNQ,Equatorial Guinea,country,2023,12762.469
GRC,Greece,country,1990,27322.461
GRC,Greece,country,1991,28154.15
GRC,Greece,country,1992,28293.139
GRC,Greece,country,1993,27608.916
GRC,Greece,country,1994,28027.029
GRC,Greece,country,1995,28478.92
GRC,Greece,country,1996,28687.209
GRC,Greece,country,1997,29637.281
GRC,Greece,country,1998,30443.777
GRC,Greece,country,1999,30761.68
GRC,Greece,country,2000,32380.166
GRC,Greece,country,2001,33557.438
GRC,Greece,country,2002,34584.277
GRC,Greece,country,2003,36360.863
GRC,Greece,country,2004,37795.672
GRC,Greece,country,2005,38542.824
GRC,Greece,country,2006,39826.98
GRC,Greece,country,2007,40813.402
GRC,Greece,country,2008,40264.633
GRC,Greece,country,2009,38813.871
GRC,Greece,country,2010,36882.219
GRC,Greece,country,2011,32813.57
GRC,Greece,country,2012,31614.152
GRC,Greece,country,2013,30937.49
GRC,Greece,country,2014,31677.082
GRC,Greece,country,2015,32084.617
GRC,Greece,country,2016,32068.471
GRC,Greece,country,2017,32372.08
GRC,Greece,country,2018,32491.234
GRC,Greece,country,2019,33130.125
GRC,Greece,country,2020,30333.291
GRC,Greece,country,2021,32763.773
GRC,Greece,country,2022,34502.32
GRC,Greece,country,2023,35760.75
GRD,Grenada,country,1990,7748.3804
GRD,Grenada,country,1991,8023.2295
GRD,Grenada,country,1992,7981.9268
GRD,Grenada,country,1993,7632.4175
GRD,Grenada,country,1994,7786.9971
GRD,Grenada,country,1995,7797.9995
GRD,Grenada,country,1996,8065.8467
GRD,Grenada,country,1997,8402.5283
GRD,Grenada,country,1998,9239.7051
GRD,Grenada,country,1999,9785.4492
GRD,Grenada,country,2000,10083.217
GRD,Grenada,country,2001,9675.2021
GRD,Grenada,country,2002,9877.3633
GRD,Grenada,country,2003,10796.115
GRD,Grenada,country,2004,10410.055
GRD,Grenada,country,2005,12645.578
GRD,Grenada,country,2006,12088.359
GRD,Grenada,country,2007,12612.57
GRD,Grenada,country,2008,12722.241
GRD,Grenada,country,2009,11462.481
GRD,Grenada,country,2010,11746.817
GRD,Grenada,country,2011,11920.226
GRD,Grenada,country,2012,11684.758
GRD,Grenada,country,2013,11979.793
GRD,Grenada,country,2014,12096.392
GRD,Grenada,country,2015,12469.035
GRD,Grenada,country,2016,13152.379
GRD,Grenada,country,2017,13711.854
GRD,Grenada,country,2018,14183.283
GRD,Grenada,country,2019,14253.097
GRD,Grenada,country,2020,12615.468
GRD,Grenada,country,2021,13064.987
GRD,Grenada,country,2022,13884.079
GRD,Grenada,country,2023,14349.028
GTM,Guatemala,country,1990,7346.4546
GTM,Guatemala,country,1991,7525.9258
GTM,Guatemala,country,1992,7666.8623
GTM,Guatemala,country,1993,7791.48
GTM,Guatemala,country,1994,7908.8936
GTM,Guatemala,country,1995,8091.1992
GTM,Guatemala,country,1996,8100.873
GTM,Guatemala,country,1997,8266.5439
GTM,Guatemala,country,1998,8511.6572
GTM,Guatemala,country,1999,8616.8682
GTM,Guatemala,country,2000,8717.29
GTM,Guatemala,country,2001,8768.6025
GTM,Guatemala,country,2002,8799.4102
GTM,Guatemala,country,2003,8838.8184
GTM,Guatemala,country,2004,8901.7373
GTM,Guatemala,country,2005,8999.2695
GTM,Guatemala,country,2006,9247.124
GTM,Guatemala,country,2007,9619.6299
GTM,Guatemala,country,2008,9832.7881
GTM,Guatemala,country,2009,9660.4268
GTM,Guatemala,country,2010,9700.7021
GTM,Guatemala,country,2011,9895.3896
GTM,Guatemala,country,2012,10084.46
GTM,Guatemala,country,2013,10247.597
GTM,Guatemala,country,2014,10487.766
GTM,Guatemala,country,2015,10755.921
GTM,Guatemala,country,2016,10886.475
GTM,Guatemala,country,2017,11047.855
GTM,Guatemala,country,2018,11250.02
GTM,Guatemala,country,2019,11545.77
GTM,Guatemala,country,2020,11165.965
GTM,Guatemala,country,2021,11805.841
GTM,Guatemala,country,2022,12170.956
GTM,Guatemala,country,2023,12458.604
GUY,Guyana,country,1990,1978.2314
GUY,Guyana,country,1991,1765.8599
GUY,Guyana,country,1992,2184.2544
GUY,Guyana,country,1993,2667.4604
GUY,Guyana,country,1994,3062.1514
GUY,Guyana,country,1995,3256.3599
GUY,Guyana,country,1996,3764.7678
GUY,Guyana,country,1997,3886.1216
GUY,Guyana,country,1998,3896.6191
GUY,Guyana,country,1999,3918.4736
GUY,Guyana,country,2000,3947.439
GUY,Guyana,country,2001,4333.1982
GUY,Guyana,country,2002,4737.3135
GUY,Guyana,country,2003,5190.999
GUY,Guyana,country,2004,5930.2515
GUY,Guyana,country,2005,6424.21
GUY,Guyana,country,2006,7306.7666
GUY,Guyana,country,2007,7931.6416
GUY,Guyana,country,2008,8201.6152
GUY,Guyana,country,2009,8520.5996
GUY,Guyana,country,2010,9031.9121
GUY,Guyana,country,2011,9452.8965
GUY,Guyana,country,2012,9981.6426
GUY,Guyana,country,2013,10200.672
GUY,Guyana,country,2014,10904.596
GUY,Guyana,country,2015,10822.723
GUY,Guyana,country,2016,11538.61
GUY,Guyana,country,2017,11766.617
GUY,Guyana,country,2018,12053.139
GUY,Guyana,country,2019,12837.592
GUY,Guyana,country,2020,18423.512
GUY,Guyana,country,2021,21902.238
GUY,Guyana,country,2022,35505.992
GUY,Guyana,country,2023,46959.25
HKG,"China, Hong Kong Special Administrative Region",country,1990,35008.215
HKG,"China, Hong Kong Special Administrative Region",country,1991,36368.16
HKG,"China, Hong Kong Special Administrative Region",country,1992,37697.578
HKG,"China, Hong Kong Special Administrative Region",country,1993,40684.902
HKG,"China, Hong Kong Special Administrative Region",country,1994,41456.188
HKG,"China, Hong Kong Special Administrative Region",country,1995,40785.094
HKG,"China, Hong Kong Special Administrative Region",country,1996,40477.945
HKG,"China, Hong Kong Special Administrative Region",country,1997,42819.246
HKG,"China, Hong Kong Special Administrative Region",country,1998,41628.477
HKG,"China, Hong Kong Special Administrative Region",country,1999,41702.277
HKG,"China, Hong Kong Special Administrative Region",country,2000,43438.574
HKG,"China, Hong Kong Special Administrative Region",country,2001,44249.266
HKG,"China, Hong Kong Special Administrative Region",country,2002,44677.051
HKG,"China, Hong Kong Special Administrative Region",country,2003,45902.602
HKG,"China, Hong Kong Special Administrative Region",country,2004,47420.82
HKG,"China, Hong Kong Special Administrative Region",country,2005,49248.453
HKG,"China, Hong Kong Special Administrative Region",country,2006,52201.395
HKG,"China, Hong Kong Special Administrative Region",country,2007,56021.41
HKG,"China, Hong Kong Special Administrative Region",country,2008,57524.723
HKG,"China, Hong Kong Special Administrative Region",country,2009,54775.598
HKG,"China, Hong Kong Special Administrative Region",country,2010,56363.988
HKG,"China, Hong Kong Special Administrative Region",country,2011,58651.227
HKG,"China, Hong Kong Special Administrative Region",country,2012,57895.289
HKG,"China, Hong Kong Special Administrative Region",country,2013,59980.938
HKG,"China, Hong Kong Special Administrative Region",country,2014,61142.371
HKG,"China, Hong Kong Special Administrative Region",country,2015,62900.523
HKG,"China, Hong Kong Special Administrative Region",country,2016,64518.395
HKG,"China, Hong Kong Special Administrative Region",country,2017,67681.992
HKG,"China, Hong Kong Special Administrative Region",country,2018,69519.039
HKG,"China, Hong Kong Special Administrative Region",country,2019,67818.445
HKG,"China, Hong Kong Special Administrative Region",country,2020,64125.199
HKG,"China, Hong Kong Special Administrative Region",country,2021,70450.336
HKG,"China, Hong Kong Special Administrative Region",country,2022,67927.258
HKG,"China, Hong Kong Special Administrative Region",country,2023,69435.758
HND,Honduras,country,1990,3925.46
HND,Honduras,country,1991,3934.2454
HND,Honduras,country,1992,4008.0049
HND,Honduras,country,1993,4289.4287
HND,Honduras,country,1994,4124.7095
HND,Honduras,country,1995,4156.7134
HND,Honduras,country,1996,4200.2446
HND,Honduras,country,1997,4372.6709
HND,Honduras,country,1998,4407.0469
HND,Honduras,country,1999,4255.9033
HND,Honduras,country,2000,4408.6743
HND,Honduras,country,2001,4392.332
HND,Honduras,country,2002,4417.9951
HND,Honduras,country,2003,4472.7822
HND,Honduras,country,2004,4610.6274
HND,Honduras,country,2005,4805.0508
HND,Honduras,country,2006,5000.0381
HND,Honduras,country,2007,5280.9521
HND,Honduras,country,2008,5402.8345
HND,Honduras,country,2009,5188.7314
HND,Honduras,country,2010,5128.2832
HND,Honduras,country,2011,5186.314
HND,Honduras,country,2012,5200.0601
HND,Honduras,country,2013,5253.959
HND,Honduras,country,2014,5239.0337
HND,Honduras,country,2015,5373.0459
HND,Honduras,country,2016,5459.5811
HND,Honduras,country,2017,5690.23
HND,Honduras,country,2018,5716.5576
HND,Honduras,country,2019,5754.9521
HND,Honduras,country,2020,5191.7749
HND,Honduras,country,2021,5686.3711
HND,Honduras,country,2022,5906.584
HND,Honduras,country,2023,6064.7856
HRV,Croatia,country,1990,
HRV,Croatia,country,1991,
HRV,Croatia,country,1992,
HRV,Croatia,country,1993,
HRV,Croatia,country,1994,
HRV,Croatia,country,1995,17526.963
HRV,Croatia,country,1996,18843.549
HRV,Croatia,country,1997,20103.914
HRV,Croatia,country,1998,20568.275
HRV,Croatia,country,1999,20073.688
HRV,Croatia,country,2000,20929.109
HRV,Croatia,country,2001,22370.438
HRV,Croatia,country,2002,23741.42
HRV,Croatia,country,2003,24671.256
HRV,Croatia,country,2004,26090.689
HRV,Croatia,country,2005,26991.646
HRV,Croatia,country,2006,28295.807
HRV,Croatia,country,2007,29819.389
HRV,Croatia,country,2008,30115.766
HRV,Croatia,country,2009,27842.145
HRV,Croatia,country,2010,27646.174
HRV,Croatia,country,2011,27785.125
HRV,Croatia,country,2012,27206.451
HRV,Croatia,country,2013,27607.033
HRV,Croatia,country,2014,27747.85
HRV,Croatia,country,2015,29268.059
HRV,Croatia,country,2016,29849.693
HRV,Croatia,country,2017,31681.795
HRV,Croatia,country,2018,32839.164
HRV,Croatia,country,2019,34258.844
HRV,Croatia,country,2020,32197.816
HRV,Croatia,country,2021,37240.016
HRV,Croatia,country,2022,40187.844
HRV,Croatia,country,2023,41379.891
HTI,Haiti,country,1990,3891.5869
HTI,Haiti,country,1991,3887.5557
HTI,Haiti,country,1992,3609.3015
HTI,Haiti,country,1993,3347.2778
HTI,Haiti,country,1994,2900.8435
HTI,Haiti,country,1995,3137.2671
HTI,Haiti,country,1996,3212.238
HTI,Haiti,country,1997,3235.9128
HTI,Haiti,country,1998,3243.6155
HTI,Haiti,country,1999,3267.7925
HTI,Haiti,country,2000,3229.3826
HTI,Haiti,country,2001,3160.5977
HTI,Haiti,country,2002,3136.1902
HTI,Haiti,country,2003,3188.2813
HTI,Haiti,country,2004,3096.2249
HTI,Haiti,country,2005,3129.3789
HTI,Haiti,country,2006,3150.4539
HTI,Haiti,country,2007,3242.4724
HTI,Haiti,country,2008,3275.9719
HTI,Haiti,country,2009,3415.6597
HTI,Haiti,country,2010,3188.332
HTI,Haiti,country,2011,3316.5242
HTI,Haiti,country,2012,3285.8801
HTI,Haiti,country,2013,3370.9124
HTI,Haiti,country,2014,3421.5217
HTI,Haiti,country,2015,3418.3843
HTI,Haiti,country,2016,3434.4358
HTI,Haiti,country,2017,3474.0803
HTI,Haiti,country,2018,3481.001
HTI,Haiti,country,2019,3376.8655
HTI,Haiti,country,2020,3217.7964
HTI,Haiti,country,2021,3118.4568
HTI,Haiti,country,2022,3029.8943
HTI,Haiti,country,2023,2934.9258
HUN,Hungary,country,1990,21433.262
HUN,Hungary,country,1991,18521.049
HUN,Hungary,country,1992,18090.871
HUN,Hungary,country,1993,18570.67
HUN,Hungary,country,1994,19071.326
HUN,Hungary,country,1995,19080.867
HUN,Hungary,country,1996,19085.918
HUN,Hungary,country,1997,19405.457
HUN,Hungary,country,1998,20192.498
HUN,Hungary,country,1999,20814.619
HUN,Hungary,country,2000,21657.629
HUN,Hungary,country,2001,22714.857
HUN,Hungary,country,2002,24147.084
HUN,Hungary,country,2003,25224.451
HUN,Hungary,country,2004,26443.141
HUN,Hungary,country,2005,27299.463
HUN,Hungary,country,2006,28162.566
HUN,Hungary,country,2007,27960.902
HUN,Hungary,country,2008,28389.871
HUN,Hungary,country,2009,27325.768
HUN,Hungary,country,2010,27578.939
HUN,Hungary,country,2011,27833.963
HUN,Hungary,country,2012,27581.453
HUN,Hungary,country,2013,28618.09
HUN,Hungary,country,2014,29527.332
HUN,Hungary,country,2015,30723.367
HUN,Hungary,country,2016,32285.918
HUN,Hungary,country,2017,33095.996
HUN,Hungary,country,2018,34652.602
HUN,Hungary,country,2019,36892.285
HUN,Hungary,country,2020,35967.773
HUN,Hungary,country,2021,37419.477
HUN,Hungary,country,2022,37600.148
HUN,Hungary,country,2023,37236.074
IDN,Indonesia,country,1990,4581.1738
IDN,Indonesia,country,1991,4912.5952
IDN,Indonesia,country,1992,5172.75
IDN,Indonesia,country,1993,5490.5708
IDN,Indonesia,country,1994,5873.7349
IDN,Indonesia,country,1995,6235.1157
IDN,Indonesia,country,1996,6630.6377
IDN,Indonesia,country,1997,6813.1025
IDN,Indonesia,country,1998,5663.0337
IDN,Indonesia,country,1999,5504.8359
IDN,Indonesia,country,2000,5713.9165
IDN,Indonesia,country,2001,6023.3179
IDN,Indonesia,country,2002,6255.7588
IDN,Indonesia,country,2003,6411.7817
IDN,Indonesia,country,2004,6597.8242
IDN,Indonesia,country,2005,6864.4429
IDN,Indonesia,country,2006,7192.2041
IDN,Indonesia,country,2007,7559.8521
IDN,Indonesia,country,2008,7957.2813
IDN,Indonesia,country,2009,8225.375
IDN,Indonesia,country,2010,8689.8193
IDN,Indonesia,country,2011,9099.459
IDN,Indonesia,country,2012,9528.2568
IDN,Indonesia,country,2013,9920.7607
IDN,Indonesia,country,2014,10262.767
IDN,Indonesia,country,2015,10650.628
IDN,Indonesia,country,2016,11083.031
IDN,Indonesia,country,2017,11528.331
IDN,Indonesia,country,2018,12028.829
IDN,Indonesia,country,2019,12510.591
IDN,Indonesia,country,2020,12192.413
IDN,Indonesia,country,2021,12546.964
IDN,Indonesia,country,2022,13106.564
IDN,Indonesia,country,2023,13700.13
IND,India,country,1990,2167.2222
IND,India,country,1991,2143.7119
IND,India,country,1992,2215.9138
IND,India,country,1993,2277.4985
IND,India,country,1994,2381.7051
IND,India,country,1995,2511.5818
IND,India,country,1996,2651.6489
IND,India,country,1997,2711.4158
IND,India,country,1998,2825.2556
IND,India,country,1999,3018.3489
IND,India,country,2000,3069.5454
IND,India,country,2001,3164.1624
IND,India,country,2002,3230.4102
IND,India,country,2003,3424.4927
IND,India,country,2004,3634.4558
IND,India,country,2005,3859.1763
IND,India,country,2006,4104.6133
IND,India,country,2007,4370.3398
IND,India,country,2008,4434.0205
IND,India,country,2009,4716.353
IND,India,country,2010,5022.1323
IND,India,country,2011,5224.3066
IND,India,country,2012,5420.1816
IND,India,country,2013,5687.8286
IND,India,country,2014,6037.9019
IND,India,country,2015,6443.561
IND,India,country,2016,6894.228
IND,India,country,2017,7282.8906
IND,India,country,2018,7670.646
IND,India,country,2019,7895.4414
IND,India,country,2020,7331.9512
IND,India,country,2021,7992.7749
IND,India,country,2022,8475.6797
IND,India,country,2023,9046.7559
IRL,Ireland,country,1990,26778.508
IRL,Ireland,country,1991,27250.432
IRL,Ireland,country,1992,27615.104
IRL,Ireland,country,1993,28343.002
IRL,Ireland,country,1994,29994.43
IRL,Ireland,country,1995,32148.861
IRL,Ireland,country,1996,34165.223
IRL,Ireland,country,1997,36932.801
IRL,Ireland,country,1998,39930.809
IRL,Ireland,country,1999,42336.051
IRL,Ireland,country,2000,46011.273
IRL,Ireland,country,2001,47273.605
IRL,Ireland,country,2002,48294.484
IRL,Ireland,country,2003,50097.102
IRL,Ireland,country,2004,50931.434
IRL,Ireland,country,2005,53199.293
IRL,Ireland,country,2006,54868.66
IRL,Ireland,country,2007,55024.621
IRL,Ireland,country,2008,51527.289
IRL,Ireland,country,2009,47076.32
IRL,Ireland,country,2010,47569.691
IRL,Ireland,country,2011,46788.641
IRL,Ireland,country,2012,46591.625
IRL,Ireland,country,2013,49243.016
IRL,Ireland,country,2014,52799.082
IRL,Ireland,country,2015,63168.945
IRL,Ireland,country,2016,67035.125
IRL,Ireland,country,2017,70271.859
IRL,Ireland,country,2018,72748.492
IRL,Ireland,country,2019,75920.352
IRL,Ireland,country,2020,77740.953
IRL,Ireland,country,2021,85210.273
IRL,Ireland,country,2022,87921.891
IRL,Ireland,country,2023,90884.633
IRN,Iran (Islamic Republic of),country,1990,13115.075
IRN,Iran (Islamic Republic of),country,1991,14222.692
IRN,Iran (Islamic Republic of),country,1992,14349.989
IRN,Iran (Islamic Republic of),country,1993,14048.179
IRN,Iran (Islamic Republic of),country,1994,13756.577
IRN,Iran (Islamic Republic of),country,1995,13899.41
IRN,Iran (Islamic Republic of),country,1996,14589.259
IRN,Iran (Islamic Republic of),country,1997,14577.507
IRN,Iran (Islamic Republic of),country,1998,14650.718
IRN,Iran (Islamic Republic of),country,1999,14709.256
IRN,Iran (Islamic Republic of),country,2000,15315.013
IRN,Iran (Islamic Republic of),country,2001,15415.498
IRN,Iran (Islamic Republic of),country,2002,16499.479
IRN,Iran (Islamic Republic of),country,2003,17759.377
IRN,Iran (Islamic Republic of),country,2004,18232.535
IRN,Iran (Islamic Republic of),country,2005,18513.627
IRN,Iran (Islamic Republic of),country,2006,19141.129
IRN,Iran (Islamic Republic of),country,2007,20403.477
IRN,Iran (Islamic Republic of),country,2008,20175.961
IRN,Iran (Islamic Republic of),country,2009,20103.836
IRN,Iran (Islamic Republic of),country,2010,20972.818
IRN,Iran (Islamic Republic of),country,2011,21254.422
IRN,Iran (Islamic Republic of),country,2012,18068.764
IRN,Iran (Islamic Republic of),country,2013,17066.844
IRN,Iran (Islamic Republic of),country,2014,16883.131
IRN,Iran (Islamic Republic of),country,2015,14835.42
IRN,Iran (Islamic Republic of),country,2016,15888.556
IRN,Iran (Islamic Republic of),country,2017,16089.138
IRN,Iran (Islamic Republic of),country,2018,14992.339
IRN,Iran (Islamic Republic of),country,2019,13613.376
IRN,Iran (Islamic Republic of),country,2020,13783.592
IRN,Iran (Islamic Republic of),country,2021,15037.395
IRN,Iran (Islamic Republic of),country,2022,15444.054
IRN,Iran (Islamic Republic of),country,2023,16095.771
IRQ,Iraq,country,1990,10766.436
IRQ,Iraq,country,1991,3611.7056
IRQ,Iraq,country,1992,4475.8911
IRQ,Iraq,country,1993,6338.6558
IRQ,Iraq,country,1994,5760.6421
IRQ,Iraq,country,1995,4558.3809
IRQ,Iraq,country,1996,6615.0464
IRQ,Iraq,country,1997,7774.5234
IRQ,Iraq,country,1998,10196.888
IRQ,Iraq,country,1999,11560.473
IRQ,Iraq,country,2000,11493.584
IRQ,Iraq,country,2001,11388.101
IRQ,Iraq,country,2002,10148.51
IRQ,Iraq,country,2003,6736.9033
IRQ,Iraq,country,2004,10097.74
IRQ,Iraq,country,2005,10150.071
IRQ,Iraq,country,2006,10601.618
IRQ,Iraq,country,2007,10926.44
IRQ,Iraq,country,2008,11747.385
IRQ,Iraq,country,2009,11653.812
IRQ,Iraq,country,2010,11861.118
IRQ,Iraq,country,2011,12162.663
IRQ,Iraq,country,2012,13338.987
IRQ,Iraq,country,2013,13563.735
IRQ,Iraq,country,2014,13108.096
IRQ,Iraq,country,2015,13340.267
IRQ,Iraq,country,2016,14823.348
IRQ,Iraq,country,2017,14222.172
IRQ,Iraq,country,2018,14235.915
IRQ,Iraq,country,2019,14705.625
IRQ,Iraq,country,2020,12595.004
IRQ,Iraq,country,2021,12472.526
IRQ,Iraq,country,2022,13212.974
IRQ,Iraq,country,2023,12653.524
ISL,Iceland,country,1990,38975.094
ISL,Iceland,country,1991,38720.809
ISL,Iceland,country,1992,37093.258
ISL,Iceland,country,1993,37132.676
ISL,Iceland,country,1994,37880.469
ISL,Iceland,country,1995,37676.82
ISL,Iceland,country,1996,39334.059
ISL,Iceland,country,1997,41293.168
ISL,Iceland,country,1998,43904.242
ISL,Iceland,country,1999,45248.875
ISL,Iceland,country,2000,46484.379
ISL,Iceland,country,2001,47707.637
ISL,Iceland,country,2002,48893.27
ISL,Iceland,country,2003,48958.727
ISL,Iceland,country,2004,50891.188
ISL,Iceland,country,2005,53389.75
ISL,Iceland,country,2006,54268.969
ISL,Iceland,country,2007,58244.988
ISL,Iceland,country,2008,49949.246
ISL,Iceland,country,2009,47116.695
ISL,Iceland,country,2010,46487.074
ISL,Iceland,country,2011,49206.219
ISL,Iceland,country,2012,51086.191
ISL,Iceland,country,2013,57565.938
ISL,Iceland,country,2014,57564.293
ISL,Iceland,country,2015,60150.594
ISL,Iceland,country,2016,64410.379
ISL,Iceland,country,2017,64613.059
ISL,Iceland,country,2018,66761.914
ISL,Iceland,country,2019,67265.773
ISL,Iceland,country,2020,61884.742
ISL,Iceland,country,2021,62050.961
ISL,Iceland,country,2022,65820.938
ISL,Iceland,country,2023,69116.938
ISR,Israel,country,1990,22847.686
ISR,Israel,country,1991,23790.178
ISR,Israel,country,1992,24730.135
ISR,Israel,country,1993,25118.031
ISR,Israel,country,1994,26215.418
ISR,Israel,country,1995,27142.666
ISR,Israel,country,1996,28128.41
ISR,Israel,country,1997,28670.396
ISR,Israel,country,1998,29412.316
ISR,Israel,country,1999,29528.268
ISR,Israel,country,2000,30349.359
ISR,Israel,country,2001,30306.619
ISR,Israel,country,2002,29744.48
ISR,Israel,country,2003,29427.119
ISR,Israel,country,2004,30181.549
ISR,Israel,country,2005,31342.549
ISR,Israel,country,2006,32550.094
ISR,Israel,country,2007,33747.93
ISR,Israel,country,2008,33328.609
ISR,Israel,country,2009,33538.961
ISR,Israel,country,2010,34699.305
ISR,Israel,country,2011,35728.293
ISR,Israel,country,2012,35851.676
ISR,Israel,country,2013,37084.805
ISR,Israel,country,2014,38429.68
ISR,Israel,country,2015,39308.414
ISR,Israel,country,2016,40581.941
ISR,Israel,country,2017,41657.801
ISR,Israel,country,2018,42435.438
ISR,Israel,country,2019,43591.801
ISR,Israel,country,2020,42328.773
ISR,Israel,country,2021,45526.477
ISR,Israel,country,2022,47910.691
ISR,Israel,country,2023,48050.113
ITA,Italy,country,1990,42767.633
ITA,Italy,country,1991,43303.676
ITA,Italy,country,1992,43541.855
ITA,Italy,country,1993,43225.992
ITA,Italy,country,1994,43902.094
ITA,Italy,country,1995,45338.121
ITA,Italy,country,1996,46166.242
ITA,Italy,country,1997,47250.82
ITA,Italy,country,1998,48327.047
ITA,Italy,country,1999,49258.535
ITA,Italy,country,2000,50336.836
ITA,Italy,country,2001,51523.73
ITA,Italy,country,2002,51687.66
ITA,Italy,country,2003,51609.809
ITA,Italy,country,2004,52047.453
ITA,Italy,country,2005,52044.332
ITA,Italy,country,2006,52522.805
ITA,Italy,country,2007,53036.387
ITA,Italy,country,2008,51316.664
ITA,Italy,country,2009,49487.957
ITA,Italy,country,2010,49572.914
ITA,Italy,country,2011,49446.66
ITA,Italy,country,2012,47721.367
ITA,Italy,country,2013,46476.195
ITA,Italy,country,2014,46444.02
ITA,Italy,country,2015,46804.418
ITA,Italy,country,2016,48355.453
ITA,Italy,country,2017,49175.832
ITA,Italy,country,2018,49926.211
ITA,Italy,country,2019,50720.309
ITA,Italy,country,2020,47034.066
ITA,Italy,country,2021,50538.594
ITA,Italy,country,2022,50899.816
ITA,Italy,country,2023,52388.883
JAM,Jamaica,country,1990,9117.8857
JAM,Jamaica,country,1991,9133.7109
JAM,Jamaica,country,1992,9317.5342
JAM,Jamaica,country,1993,9445.2285
JAM,Jamaica,country,1994,9538.3262
JAM,Jamaica,country,1995,9690.6016
JAM,Jamaica,country,1996,9622.8477
JAM,Jamaica,country,1997,9373.624
JAM,Jamaica,country,1998,9170.0029
JAM,Jamaica,country,1999,9171.4434
JAM,Jamaica,country,2000,9158.0283
JAM,Jamaica,country,2001,9194.3955
JAM,Jamaica,country,2002,9203.3389
JAM,Jamaica,country,2003,9506.5439
JAM,Jamaica,country,2004,9597.8623
JAM,Jamaica,country,2005,9649.085
JAM,Jamaica,country,2006,9893.5732
JAM,Jamaica,country,2007,10000.924
JAM,Jamaica,country,2008,9884.0361
JAM,Jamaica,country,2009,9513.3789
JAM,Jamaica,country,2010,9343.9971
JAM,Jamaica,country,2011,9451.4141
JAM,Jamaica,country,2012,9379.4326
JAM,Jamaica,country,2013,9388.7334
JAM,Jamaica,country,2014,9434.7793
JAM,Jamaica,country,2015,9503.4375
JAM,Jamaica,country,2016,9638.0518
JAM,Jamaica,country,2017,9688.502
JAM,Jamaica,country,2018,9847.1328
JAM,Jamaica,country,2019,9931.3613
JAM,Jamaica,country,2020,8935.9648
JAM,Jamaica,country,2021,9336.5127
JAM,Jamaica,country,2022,9812.8457
JAM,Jamaica,country,2023,10056.985
JOR,Jordan,country,1990,6768.4478
JOR,Jordan,country,1991,6448.3071
JOR,Jordan,country,1992,7191.0649
JOR,Jordan,country,1993,7230.8428
JOR,Jordan,country,1994,7264.2388
JOR,Jordan,country,1995,7479.5283
JOR,Jordan,country,1996,7401.2505
JOR,Jordan,country,1997,7547.2363
JOR,Jordan,country,1998,7659.7705
JOR,Jordan,country,1999,7747.334
JOR,Jordan,country,2000,8016.542
JOR,Jordan,country,2001,8317.3857
JOR,Jordan,country,2002,8530.4844
JOR,Jordan,country,2003,8732.8457
JOR,Jordan,country,2004,9356.7158
JOR,Jordan,country,2005,9897.2598
JOR,Jordan,country,2006,10069.043
JOR,Jordan,country,2007,10352.496
JOR,Jordan,country,2008,10755.479
JOR,Jordan,country,2009,11024.532
JOR,Jordan,country,2010,10786.679
JOR,Jordan,country,2011,10798.545
JOR,Jordan,country,2012,10869.342
JOR,Jordan,country,2013,10614.833
JOR,Jordan,country,2014,9960.0391
JOR,Jordan,country,2015,9404.6895
JOR,Jordan,country,2016,9182.5049
JOR,Jordan,country,2017,9225.3506
JOR,Jordan,country,2018,9200.4756
JOR,Jordan,country,2019,9221.832
JOR,Jordan,country,2020,8930.9551
JOR,Jordan,country,2021,9069.4033
JOR,Jordan,country,2022,9132.8877
JOR,Jordan,country,2023,9221.8721
JPN,Japan,country,1990,38205.07
JPN,Japan,country,1991,39215.801
JPN,Japan,country,1992,39414.117
JPN,Japan,country,1993,39313.66
JPN,Japan,country,1994,39452.031
JPN,Japan,country,1995,40379.109
JPN,Japan,country,1996,41538.652
JPN,Japan,country,1997,41735.461
JPN,Japan,country,1998,41210.672
JPN,Japan,country,1999,40932.109
JPN,Japan,country,2000,41849.836
JPN,Japan,country,2001,41968.387
JPN,Japan,country,2002,41828.035
JPN,Japan,country,2003,42294.586
JPN,Japan,country,2004,43137.555
JPN,Japan,country,2005,43708.539
JPN,Japan,country,2006,44065.922
JPN,Japan,country,2007,44593.164
JPN,Japan,country,2008,43158.258
JPN,Japan,country,2009,41282.32
JPN,Japan,country,2010,42697.707
JPN,Japan,country,2011,42381.809
JPN,Japan,country,2012,42888.816
JPN,Japan,country,2013,43921.645
JPN,Japan,country,2014,44147.977
JPN,Japan,country,2015,45665.371
JPN,Japan,country,2016,46232.078
JPN,Japan,country,2017,46868.465
JPN,Japan,country,2018,46930.164
JPN,Japan,country,2019,46914.563
JPN,Japan,country,2020,45394.734
JPN,Japan,country,2021,46678.918
JPN,Japan,country,2022,46656.391
JPN,Japan,country,2023,47774.609
KAZ,Kazakhstan,country,1990,18539.242
KAZ,Kazakhstan,country,1991,16389.281
KAZ,Kazakhstan,country,1992,15469.159
KAZ,Kazakhstan,country,1993,14053.383
KAZ,Kazakhstan,country,1994,12427.735
KAZ,Kazakhstan,country,1995,11627.619
KAZ,Kazakhstan,country,1996,11830.708
KAZ,Kazakhstan,country,1997,12184.896
KAZ,Kazakhstan,country,1998,12168.979
KAZ,Kazakhstan,country,1999,12405.854
KAZ,Kazakhstan,country,2000,13260.085
KAZ,Kazakhstan,country,2001,15288.085
KAZ,Kazakhstan,country,2002,16937.537
KAZ,Kazakhstan,country,2003,18224.107
KAZ,Kazakhstan,country,2004,19582.779
KAZ,Kazakhstan,country,2005,20428.643
KAZ,Kazakhstan,country,2006,21650.711
KAZ,Kazakhstan,country,2007,22921.107
KAZ,Kazakhstan,country,2008,22263.744
KAZ,Kazakhstan,country,2009,23577.285
KAZ,Kazakhstan,country,2010,23852.09
KAZ,Kazakhstan,country,2011,24233.992
KAZ,Kazakhstan,country,2012,25498.604
KAZ,Kazakhstan,country,2013,27955.686
KAZ,Kazakhstan,country,2014,28863.195
KAZ,Kazakhstan,country,2015,30699.529
KAZ,Kazakhstan,country,2016,29197.777
KAZ,Kazakhstan,country,2017,29400.506
KAZ,Kazakhstan,country,2018,29419.037
KAZ,Kazakhstan,country,2019,30234.682
KAZ,Kazakhstan,country,2020,30920.898
KAZ,Kazakhstan,country,2021,29734.553
KAZ,Kazakhstan,country,2022,30149.258
KAZ,Kazakhstan,country,2023,30988.529
KEN,Kenya,country,1990,3988.7668
KEN,Kenya,country,1991,3901.5481
KEN,Kenya,country,1992,3761.2534
KEN,Kenya,country,1993,3589.9163
KEN,Kenya,country,1994,3613.4138
KEN,Kenya,country,1995,3725.1682
KEN,Kenya,country,1996,3836.5315
KEN,Kenya,country,1997,3771.8579
KEN,Kenya,country,1998,3806.425
KEN,Kenya,country,1999,3771.7942
KEN,Kenya,country,2000,3696.7075
KEN,Kenya,country,2001,3718.8767
KEN,Kenya,country,2002,3634.1384
KEN,Kenya,country,2003,3625.1333
KEN,Kenya,country,2004,3706.186
KEN,Kenya,country,2005,3839.0327
KEN,Kenya,country,2006,3958.7529
KEN,Kenya,country,2007,4099.6274
KEN,Kenya,country,2008,4001.9985
KEN,Kenya,country,2009,3499.8547
KEN,Kenya,country,2010,3712.2444
KEN,Kenya,country,2011,3892.1973
KEN,Kenya,country,2012,3931.8479
KEN,Kenya,country,2013,3954.7412
KEN,Kenya,country,2014,4076.2351
KEN,Kenya,country,2015,4242.1538
KEN,Kenya,country,2016,4730.4868
KEN,Kenya,country,2017,4779.3633
KEN,Kenya,country,2018,4967.6074
KEN,Kenya,country,2019,5114.7393
KEN,Kenya,country,2020,4992.6611
KEN,Kenya,country,2021,5270.7144
KEN,Kenya,country,2022,5431.0313
KEN,Kenya,country,2023,5608.2959
KGZ,Kyrgyzstan,country,1990,6155.6777
KGZ,Kyrgyzstan,country,1991,5569.9063
KGZ,Kyrgyzstan,country,1992,4706.9492
KGZ,Kyrgyzstan,country,1993,3927.759
KGZ,Kyrgyzstan,country,1994,3114.1968
KGZ,Kyrgyzstan,country,1995,2914.978
KGZ,Kyrgyzstan,country,1996,3050.3315
KGZ,Kyrgyzstan,country,1997,3267.2847
KGZ,Kyrgyzstan,country,1998,3233.1404
KGZ,Kyrgyzstan,country,1999,3278.3286
KGZ,Kyrgyzstan,country,2000,3423.1658
KGZ,Kyrgyzstan,country,2001,3634.407
KGZ,Kyrgyzstan,country,2002,3621.1506
KGZ,Kyrgyzstan,country,2003,3868.3999
KGZ,Kyrgyzstan,country,2004,4048.6301
KGZ,Kyrgyzstan,country,2005,4057.3286
KGZ,Kyrgyzstan,country,2006,4243.3779
KGZ,Kyrgyzstan,country,2007,4570.9854
KGZ,Kyrgyzstan,country,2008,4899.2764
KGZ,Kyrgyzstan,country,2009,4882.2373
KGZ,Kyrgyzstan,country,2010,4624.0972
KGZ,Kyrgyzstan,country,2011,4619.6387
KGZ,Kyrgyzstan,country,2012,4929.9453
KGZ,Kyrgyzstan,country,2013,5208.4912
KGZ,Kyrgyzstan,country,2014,5390.5669
KGZ,Kyrgyzstan,country,2015,5496.937
KGZ,Kyrgyzstan,country,2016,5539.0947
KGZ,Kyrgyzstan,country,2017,5707.479
KGZ,Kyrgyzstan,country,2018,5908.043
KGZ,Kyrgyzstan,country,2019,5715.0322
KGZ,Kyrgyzstan,country,2020,5500.5322
KGZ,Kyrgyzstan,country,2021,5412.2295
KGZ,Kyrgyzstan,country,2022,5822.8071
KGZ,Kyrgyzstan,country,2023,6078.1177
KHM,Cambodia,country,1990,1209.6027
KHM,Cambodia,country,1991,1241.3265
KHM,Cambodia,country,1992,1263.4716
KHM,Cambodia,country,1993,1250.6611
KHM,Cambodia,country,1994,1217.3287
KHM,Cambodia,country,1995,1228.1897
KHM,Cambodia,country,1996,1261.1525
KHM,Cambodia,country,1997,1299.8281
KHM,Cambodia,country,1998,1324.9785
KHM,Cambodia,country,1999,1449.3044
KHM,Cambodia,country,2000,1557.6619
KHM,Cambodia,country,2001,1650.3242
KHM,Cambodia,country,2002,1712.6239
KHM,Cambodia,country,2003,1836.3887
KHM,Cambodia,country,2004,1986.0854
KHM,Cambodia,country,2005,2196.7346
KHM,Cambodia,country,2006,2395.4937
KHM,Cambodia,country,2007,2611.4204
KHM,Cambodia,country,2008,2721.5991
KHM,Cambodia,country,2009,2674.1396
KHM,Cambodia,country,2010,2820.3193
KHM,Cambodia,country,2011,2953.1531
KHM,Cambodia,country,2012,3096.6794
KHM,Cambodia,country,2013,3253.885
KHM,Cambodia,country,2014,3437.2083
KHM,Cambodia,country,2015,3629.0623
KHM,Cambodia,country,2016,3839.1953
KHM,Cambodia,country,2017,4057.3499
KHM,Cambodia,country,2018,4284.3672
KHM,Cambodia,country,2019,4508.7856
KHM,Cambodia,country,2020,4415.4297
KHM,Cambodia,country,2021,4425.3667
KHM,Cambodia,country,2022,4612.2583
KHM,Cambodia,country,2023,4931.0166
KIR,Kiribati,country,1990,3444.7766
KIR,Kiribati,country,1991,3188.8984
KIR,Kiribati,country,1992,3879.5125
KIR,Kiribati,country,1993,3821.0449
KIR,Kiribati,country,1994,3832.9385
KIR,Kiribati,country,1995,3886.7395
KIR,Kiribati,country,1996,3823.3462
KIR,Kiribati,country,1997,3799.3403
KIR,Kiribati,country,1998,3880.6899
KIR,Kiribati,country,1999,3669.5894
KIR,Kiribati,country,2000,3850.5735
KIR,Kiribati,country,2001,3658.1162
KIR,Kiribati,country,2002,3642.8787
KIR,Kiribati,country,2003,3511.8335
KIR,Kiribati,country,2004,3422.8801
KIR,Kiribati,country,2005,3392.105
KIR,Kiribati,country,2006,3525.9651
KIR,Kiribati,country,2007,3566.22
KIR,Kiribati,country,2008,3394.2749
KIR,Kiribati,country,2009,3346.342
KIR,Kiribati,country,2010,3317.915
KIR,Kiribati,country,2011,3376.5603
KIR,Kiribati,country,2012,3518.2705
KIR,Kiribati,country,2013,3721.239
KIR,Kiribati,country,2014,3714.2791
KIR,Kiribati,country,2015,4078.144
KIR,Kiribati,country,2016,4306.127
KIR,Kiribati,country,2017,4390.3301
KIR,Kiribati,country,2018,4470.1563
KIR,Kiribati,country,2019,4544.5762
KIR,Kiribati,country,2020,4436.1064
KIR,Kiribati,country,2021,4732.2568
KIR,Kiribati,country,2022,4826.4966
KIR,Kiribati,country,2023,4947.2803
KNA,Saint Kitts and Nevis,country,1990,14057.582
KNA,Saint Kitts and Nevis,country,1991,13613.766
KNA,Saint Kitts and Nevis,country,1992,13860.796
KNA,Saint Kitts and Nevis,country,1993,14563.104
KNA,Saint Kitts and Nevis,country,1994,15158.821
KNA,Saint Kitts and Nevis,country,1995,15956.088
KNA,Saint Kitts and Nevis,country,1996,16392.439
KNA,Saint Kitts and Nevis,country,1997,17151.244
KNA,Saint Kitts and Nevis,country,1998,16515.701
KNA,Saint Kitts and Nevis,country,1999,16742.455
KNA,Saint Kitts and Nevis,country,2000,18703.152
KNA,Saint Kitts and Nevis,country,2001,19354.635
KNA,Saint Kitts and Nevis,country,2002,19463.611
KNA,Saint Kitts and Nevis,country,2003,18377.85
KNA,Saint Kitts and Nevis,country,2004,19397.082
KNA,Saint Kitts and Nevis,country,2005,21608.742
KNA,Saint Kitts and Nevis,country,2006,22655.684
KNA,Saint Kitts and Nevis,country,2007,22889.801
KNA,Saint Kitts and Nevis,country,2008,24278.08
KNA,Saint Kitts and Nevis,country,2009,23394.365
KNA,Saint Kitts and Nevis,country,2010,23552.926
KNA,Saint Kitts and Nevis,country,2011,23962.414
KNA,Saint Kitts and Nevis,country,2012,23885.15
KNA,Saint Kitts and Nevis,country,2013,25330.813
KNA,Saint Kitts and Nevis,country,2014,27126.473
KNA,Saint Kitts and Nevis,country,2015,26377.822
KNA,Saint Kitts and Nevis,country,2016,27703.936
KNA,Saint Kitts and Nevis,country,2017,28170.32
KNA,Saint Kitts and Nevis,country,2018,28831.313
KNA,Saint Kitts and Nevis,country,2019,30489.234
KNA,Saint Kitts and Nevis,country,2020,25542.654
KNA,Saint Kitts and Nevis,country,2021,25460.293
KNA,Saint Kitts and Nevis,country,2022,28394.262
KNA,Saint Kitts and Nevis,country,2023,29105.438
KOR,Republic of Korea,country,1990,16012.908
KOR,Republic of Korea,country,1991,17586.295
KOR,Republic of Korea,country,1992,18471.307
KOR,Republic of Korea,country,1993,19603.822
KOR,Republic of Korea,country,1994,21228.809
KOR,Republic of Korea,country,1995,22858.363
KOR,Republic of Korea,country,1996,24147.775
KOR,Republic of Korea,country,1997,24890.943
KOR,Republic of Korea,country,1998,22815.592
KOR,Republic of Korea,country,1999,25080.949
KOR,Republic of Korea,country,2000,26481.787
KOR,Republic of Korea,country,2001,27320.957
KOR,Republic of Korea,country,2002,29508.063
KOR,Republic of Korea,country,2003,30139.438
KOR,Republic of Korea,country,2004,31310.596
KOR,Republic of Korea,country,2005,32001.785
KOR,Republic of Korea,country,2006,33102.637
KOR,Republic of Korea,country,2007,34808.961
KOR,Republic of Korea,country,2008,34677.094
KOR,Republic of Korea,country,2009,35353.926
KOR,Republic of Korea,country,2010,37713.754
KOR,Republic of Korea,country,2011,38034.063
KOR,Republic of Korea,country,2012,38941.738
KOR,Republic of Korea,country,2013,40255.332
KOR,Republic of Korea,country,2014,41400.043
KOR,Republic of Korea,country,2015,43783.188
KOR,Republic of Korea,country,2016,45534.891
KOR,Republic of Korea,country,2017,46902.492
KOR,Republic of Korea,country,2018,47437.266
KOR,Republic of Korea,country,2019,47438.391
KOR,Republic of Korea,country,2020,47399.805
KOR,Republic of Korea,country,2021,49118.125
KOR,Republic of Korea,country,2022,48871.145
KOR,Republic of Korea,country,2023,49726.453
KWT,Kuwait,country,1990,57782.992
KWT,Kuwait,country,1991,44934.336
KWT,Kuwait,country,1992,57477.469
KWT,Kuwait,country,1993,68375.875
KWT,Kuwait,country,1994,72176.844
KWT,Kuwait,country,1995,77098.352
KWT,Kuwait,country,1996,75905.867
KWT,Kuwait,country,1997,78039.102
KWT,Kuwait,country,1998,79666.031
KWT,Kuwait,country,1999,72444.273
KWT,Kuwait,country,2000,74223.422
KWT,Kuwait,country,2001,70121.352
KWT,Kuwait,country,2002,67159.102
KWT,Kuwait,country,2003,75690.297
KWT,Kuwait,country,2004,84122.469
KWT,Kuwait,country,2005,90265.727
KWT,Kuwait,country,2006,93457.109
KWT,Kuwait,country,2007,91622.555
KWT,Kuwait,country,2008,85987.516
KWT,Kuwait,country,2009,75254.961
KWT,Kuwait,country,2010,70842.945
KWT,Kuwait,country,2011,71396.742
KWT,Kuwait,country,2012,71079.258
KWT,Kuwait,country,2013,69926.648
KWT,Kuwait,country,2014,68500.648
KWT,Kuwait,country,2015,66753.75
KWT,Kuwait,country,2016,66155.117
KWT,Kuwait,country,2017,62860.641
KWT,Kuwait,country,2018,60640.461
KWT,Kuwait,country,2019,58620.859
KWT,Kuwait,country,2020,56330.063
KWT,Kuwait,country,2021,58124.063
KWT,Kuwait,country,2022,58462.66
KWT,Kuwait,country,2023,56612.047
LAO,Lao People's Democratic Republic,country,1990,1917.4952
LAO,Lao People's Democratic Republic,country,1991,1944.3451
LAO,Lao People's Democratic Republic,country,1992,1996.3937
LAO,Lao People's Democratic Republic,country,1993,2057.0701
LAO,Lao People's Democratic Republic,country,1994,2156.5569
LAO,Lao People's Democratic Republic,country,1995,2255.7537
LAO,Lao People's Democratic Republic,country,1996,2354.791
LAO,Lao People's Democratic Republic,country,1997,2414.7664
LAO,Lao People's Democratic Republic,country,1998,2453.5105
LAO,Lao People's Democratic Republic,country,1999,2621.7305
LAO,Lao People's Democratic Republic,country,2000,2657.9771
LAO,Lao People's Democratic Republic,country,2001,2770.6233
LAO,Lao People's Democratic Republic,country,2002,2921.0549
LAO,Lao People's Democratic Republic,country,2003,2993.3301
LAO,Lao People's Democratic Republic,country,2004,3207.4368
LAO,Lao People's Democratic Republic,country,2005,3432.8447
LAO,Lao People's Democratic Republic,country,2006,3241.4812
LAO,Lao People's Democratic Republic,country,2007,3854.4985
LAO,Lao People's Democratic Republic,country,2008,4041.0671
LAO,Lao People's Democratic Republic,country,2009,4363.4175
LAO,Lao People's Democratic Republic,country,2010,4481.3042
LAO,Lao People's Democratic Republic,country,2011,4660.3823
LAO,Lao People's Democratic Republic,country,2012,5096.063
LAO,Lao People's Democratic Republic,country,2013,5462.146
LAO,Lao People's Democratic Republic,country,2014,5856.7583
LAO,Lao People's Democratic Republic,country,2015,6189.3115
LAO,Lao People's Democratic Republic,country,2016,6531.3247
LAO,Lao People's Democratic Republic,country,2017,6802.3008
LAO,Lao People's Democratic Republic,country,2018,7186.8965
LAO,Lao People's Democratic Republic,country,2019,7350.5337
LAO,Lao People's Democratic Republic,country,2020,7517.8833
LAO,Lao People's Democratic Republic,country,2021,7649.125
LAO,Lao People's Democratic Republic,country,2022,7839.1143
LAO,Lao People's Democratic Republic,country,2023,8106.1533
LBN,Lebanon,country,1990,6510.999
LBN,Lebanon,country,1991,7955.2002
LBN,Lebanon,country,1992,9246.4707
LBN,Lebanon,country,1993,9893.8135
LBN,Lebanon,country,1994,10632.414
LBN,Lebanon,country,1995,11197.756
LBN,Lebanon,country,1996,12091.921
LBN,Lebanon,country,1997,11906.412
LBN,Lebanon,country,1998,11999.109
LBN,Lebanon,country,1999,11778.264
LBN,Lebanon,country,2000,11819.615
LBN,Lebanon,country,2001,11805.355
LBN,Lebanon,country,2002,11523.38
LBN,Lebanon,country,2003,10211.241
LBN,Lebanon,country,2004,12442.299
LBN,Lebanon,country,2005,12987.375
LBN,Lebanon,country,2006,13182.385
LBN,Lebanon,country,2007,14452.028
LBN,Lebanon,country,2008,15286.099
LBN,Lebanon,country,2009,16300.719
LBN,Lebanon,country,2010,17321.811
LBN,Lebanon,country,2011,17434.725
LBN,Lebanon,country,2012,17441.582
LBN,Lebanon,country,2013,16512.24
LBN,Lebanon,country,2014,15202.598
LBN,Lebanon,country,2015,14992.346
LBN,Lebanon,country,2016,15459.491
LBN,Lebanon,country,2017,16197.165
LBN,Lebanon,country,2018,16019.201
LBN,Lebanon,country,2019,15271.78
LBN,Lebanon,country,2020,12157.803
LBN,Lebanon,country,2021,11088.229
LBN,Lebanon,country,2022,11718.962
LBN,Lebanon,country,2023,11298.888
LBR,Liberia,country,1990,1761.6008
LBR,Liberia,country,1991,1721.7729
LBR,Liberia,country,1992,1055.9352
LBR,Liberia,country,1993,681.14117
LBR,Liberia,country,1994,534.8078
LBR,Liberia,country,1995,507.87564
LBR,Liberia,country,1996,553.53528
LBR,Liberia,country,1997,1055.9131
LBR,Liberia,country,1998,1241.563
LBR,Liberia,country,1999,1429.9448
LBR,Liberia,country,2000,1772.132
LBR,Liberia,country,2001,1771.0173
LBR,Liberia,country,2002,1790.2568
LBR,Liberia,country,2003,1240.6204
LBR,Liberia,country,2004,1257.9249
LBR,Liberia,country,2005,1266.0248
LBR,Liberia,country,2006,1293.0134
LBR,Liberia,country,2007,1347.1646
LBR,Liberia,country,2008,1385.7712
LBR,Liberia,country,2009,1413.943
LBR,Liberia,country,2010,1457.3158
LBR,Liberia,country,2011,1516.0361
LBR,Liberia,country,2012,1580.3082
LBR,Liberia,country,2013,1680.5162
LBR,Liberia,country,2014,1657.8217
LBR,Liberia,country,2015,1624.1177
LBR,Liberia,country,2016,1567.0063
LBR,Liberia,country,2017,1575.1761
LBR,Liberia,country,2018,1563.1803
LBR,Liberia,country,2019,1495.2843
LBR,Liberia,country,2020,1421.5189
LBR,Liberia,country,2021,1461.9935
LBR,Liberia,country,2022,1500.714
LBR,Liberia,country,2023,1537.8594
LBY,Libya,country,1990,18614.498
LBY,Libya,country,1991,21057.002
LBY,Libya,country,1992,20063.516
LBY,Libya,country,1993,18937.398
LBY,Libya,country,1994,18943.918
LBY,Libya,country,1995,18193.287
LBY,Libya,country,1996,18278.846
LBY,Libya,country,1997,18953.721
LBY,Libya,country,1998,18044.627
LBY,Libya,country,1999,17856.674
LBY,Libya,country,2000,17933.357
LBY,Libya,country,2001,17729.066
LBY,Libya,country,2002,17584.811
LBY,Libya,country,2003,19975.934
LBY,Libya,country,2004,20236.9
LBY,Libya,country,2005,22281.152
LBY,Libya,country,2006,23793.307
LBY,Libya,country,2007,24656.117
LBY,Libya,country,2008,23997.984
LBY,Libya,country,2009,22495.969
LBY,Libya,country,2010,23161.252
LBY,Libya,country,2011,12087.021
LBY,Libya,country,2012,23263.676
LBY,Libya,country,2013,19021.266
LBY,Libya,country,2014,14581.442
LBY,Libya,country,2015,14404.626
LBY,Libya,country,2016,13857.953
LBY,Libya,country,2017,18094.115
LBY,Libya,country,2018,19146.264
LBY,Libya,country,2019,17866.135
LBY,Libya,country,2020,7326.3779
LBY,Libya,country,2021,17927.947
LBY,Libya,country,2022,18269.387
LBY,Libya,country,2023,19831.432
LCA,Saint Lucia,country,1990,15104.58
LCA,Saint Lucia,country,1991,14939.573
LCA,Saint Lucia,country,1992,15955.502
LCA,Saint Lucia,country,1993,15587.329
LCA,Saint Lucia,country,1994,15680.645
LCA,Saint Lucia,country,1995,15497.967
LCA,Saint Lucia,country,1996,16345.704
LCA,Saint Lucia,country,1997,16018.479
LCA,Saint Lucia,country,1998,16881.275
LCA,Saint Lucia,country,1999,17314.971
LCA,Saint Lucia,country,2000,17083.879
LCA,Saint Lucia,country,2001,16225.727
LCA,Saint Lucia,country,2002,16404.039
LCA,Saint Lucia,country,2003,16728.637
LCA,Saint Lucia,country,2004,17511.561
LCA,Saint Lucia,country,2005,17331.076
LCA,Saint Lucia,country,2006,18766.98
LCA,Saint Lucia,country,2007,18843.398
LCA,Saint Lucia,country,2008,19617.59
LCA,Saint Lucia,country,2009,19647.973
LCA,Saint Lucia,country,2010,19747.512
LCA,Saint Lucia,country,2011,20839.199
LCA,Saint Lucia,country,2012,20505.395
LCA,Saint Lucia,country,2013,20178.201
LCA,Saint Lucia,country,2014,20376.299
LCA,Saint Lucia,country,2015,20328.963
LCA,Saint Lucia,country,2016,20003.594
LCA,Saint Lucia,country,2017,20611.16
LCA,Saint Lucia,country,2018,21327.42
LCA,Saint Lucia,country,2019,20875.709
LCA,Saint Lucia,country,2020,16343.224
LCA,Saint Lucia,country,2021,17888.434
LCA,Saint Lucia,country,2022,20539.389
LCA,Saint Lucia,country,2023,20899.781
LIE,Liechtenstein,country,1990,106861.01
LIE,Liechtenstein,country,1991,111166.78
LIE,Liechtenstein,country,1992,110530.59
LIE,Liechtenstein,country,1993,109550.99
LIE,Liechtenstein,country,1994,110703.02
LIE,Liechtenstein,country,1995,111279.28
LIE,Liechtenstein,country,1996,114727.98
LIE,Liechtenstein,country,1997,124709.89
LIE,Liechtenstein,country,1998,138342.27
LIE,Liechtenstein,country,1999,148366.91
LIE,Liechtenstein,country,2000,153445.05
LIE,Liechtenstein,country,2001,138373.09
LIE,Liechtenstein,country,2002,133252.09
LIE,Liechtenstein,country,2003,125492.55
LIE,Liechtenstein,country,2004,123850.64
LIE,Liechtenstein,country,2005,132908.27
LIE,Liechtenstein,country,2006,147365.25
LIE,Liechtenstein,country,2007,163376.31
LIE,Liechtenstein,country,2008,158634.94
LIE,Liechtenstein,country,2009,134565.17
LIE,Liechtenstein,country,2010,140777.05
LIE,Liechtenstein,country,2011,125515.26
LIE,Liechtenstein,country,2012,111131.98
LIE,Liechtenstein,country,2013,125943.36
LIE,Liechtenstein,country,2014,130047.67
LIE,Liechtenstein,country,2015,131894.17
LIE,Liechtenstein,country,2016,156382.39
LIE,Liechtenstein,country,2017,174156.19
LIE,Liechtenstein,country,2018,173028.58
LIE,Liechtenstein,country,2019,162346.64
LIE,Liechtenstein,country,2020,175851.48
LIE,Liechtenstein,country,2021,146993.98
LIE,Liechtenstein,country,2022,165066
LIE,Liechtenstein,country,2023,166811.67
LKA,Sri Lanka,country,1990,4305.4448
LKA,Sri Lanka,country,1991,4444.0703
LKA,Sri Lanka,country,1992,4610.8491
LKA,Sri Lanka,country,1993,4884.1567
LKA,Sri Lanka,country,1994,5074.8037
LKA,Sri Lanka,country,1995,5273.21
LKA,Sri Lanka,country,1996,5424.1128
LKA,Sri Lanka,country,1997,5745.5225
LKA,Sri Lanka,country,1998,5952.6221
LKA,Sri Lanka,country,1999,6158.4985
LKA,Sri Lanka,country,2000,6486.1641
LKA,Sri Lanka,country,2001,6342.1479
LKA,Sri Lanka,country,2002,6544.9565
LKA,Sri Lanka,country,2003,6902.8457
LKA,Sri Lanka,country,2004,7204.8647
LKA,Sri Lanka,country,2005,7567.9321
LKA,Sri Lanka,country,2006,8056.9834
LKA,Sri Lanka,country,2007,8539.3555
LKA,Sri Lanka,country,2008,8852.5215
LKA,Sri Lanka,country,2009,9174.4482
LKA,Sri Lanka,country,2010,9851.7715
LKA,Sri Lanka,country,2011,10667.916
LKA,Sri Lanka,country,2012,11567.3
LKA,Sri Lanka,country,2013,11848.211
LKA,Sri Lanka,country,2014,12527.148
LKA,Sri Lanka,country,2015,12785.984
LKA,Sri Lanka,country,2016,13357.406
LKA,Sri Lanka,country,2017,14172.87
LKA,Sri Lanka,country,2018,14380.405
LKA,Sri Lanka,country,2019,14227.176
LKA,Sri Lanka,country,2020,13504.511
LKA,Sri Lanka,country,2021,13994.623
LKA,Sri Lanka,country,2022,12910.506
LKA,Sri Lanka,country,2023,12615.601
LSO,Lesotho,country,1990,2454.6641
LSO,Lesotho,country,1991,2360.0879
LSO,Lesotho,country,1992,2358.6433
LSO,Lesotho,country,1993,2372.3694
LSO,Lesotho,country,1994,2348.6035
LSO,Lesotho,country,1995,2362.2776
LSO,Lesotho,country,1996,2451.8611
LSO,Lesotho,country,1997,2581.269
LSO,Lesotho,country,1998,2994.3721
LSO,Lesotho,country,1999,3019.0476
LSO,Lesotho,country,2000,2962.4041
LSO,Lesotho,country,2001,2935.5034
LSO,Lesotho,country,2002,2974.5386
LSO,Lesotho,country,2003,3095.6606
LSO,Lesotho,country,2004,3086.7871
LSO,Lesotho,country,2005,2975.3877
LSO,Lesotho,country,2006,2996.1533
LSO,Lesotho,country,2007,3300.3579
LSO,Lesotho,country,2008,3390.4941
LSO,Lesotho,country,2009,3197.6692
LSO,Lesotho,country,2010,3281.0642
LSO,Lesotho,country,2011,3197.4761
LSO,Lesotho,country,2012,3261.3269
LSO,Lesotho,country,2013,3246.3574
LSO,Lesotho,country,2014,3187.0276
LSO,Lesotho,country,2015,3277.2507
LSO,Lesotho,country,2016,3394.3774
LSO,Lesotho,country,2017,3233.4873
LSO,Lesotho,country,2018,3326.0793
LSO,Lesotho,country,2019,3221.8125
LSO,Lesotho,country,2020,2996.8918
LSO,Lesotho,country,2021,2868.1963
LSO,Lesotho,country,2022,2968.9829
LSO,Lesotho,country,2023,3029.3857
LTU,Lithuania,country,1990,18981.588
LTU,Lithuania,country,1991,17899.602
LTU,Lithuania,country,1992,14126.031
LTU,Lithuania,country,1993,11880.354
LTU,Lithuania,country,1994,10783.913
LTU,Lithuania,country,1995,11102.971
LTU,Lithuania,country,1996,12204.5
LTU,Lithuania,country,1997,13567.351
LTU,Lithuania,country,1998,14593.813
LTU,Lithuania,country,1999,14716.053
LTU,Lithuania,country,2000,15710.298
LTU,Lithuania,country,2001,16935.793
LTU,Lithuania,country,2002,18356.641
LTU,Lithuania,country,2003,20180.127
LTU,Lithuania,country,2004,22641.854
LTU,Lithuania,country,2005,25089.648
LTU,Lithuania,country,2006,26837.135
LTU,Lithuania,country,2007,29838.391
LTU,Lithuania,country,2008,31776.939
LTU,Lithuania,country,2009,28278.402
LTU,Lithuania,country,2010,28585.932
LTU,Lithuania,country,2011,30080.354
LTU,Lithuania,country,2012,31383.773
LTU,Lithuania,country,2013,33047.598
LTU,Lithuania,country,2014,35072.387
LTU,Lithuania,country,2015,35918.672
LTU,Lithuania,country,2016,37739.23
LTU,Lithuania,country,2017,39890.5
LTU,Lithuania,country,2018,41633.48
LTU,Lithuania,country,2019,43775.766
LTU,Lithuania,country,2020,44353.332
LTU,Lithuania,country,2021,44640.555
LTU,Lithuania,country,2022,42324.852
LTU,Lithuania,country,2023,41916.465
LUX,Luxembourg,country,1990,68166.273
LUX,Luxembourg,country,1991,72605.648
LUX,Luxembourg,country,1992,71802.102
LUX,Luxembourg,country,1993,74201.797
LUX,Luxembourg,country,1994,73981.531
LUX,Luxembourg,country,1995,76441.117
LUX,Luxembourg,country,1996,77668.406
LUX,Luxembourg,country,1997,80925.82
LUX,Luxembourg,country,1998,80341.688
LUX,Luxembourg,country,1999,86093.32
LUX,Luxembourg,country,2000,88150.672
LUX,Luxembourg,country,2001,88680.891
LUX,Luxembourg,country,2002,85154.109
LUX,Luxembourg,country,2003,82446.078
LUX,Luxembourg,country,2004,94890.047
LUX,Luxembourg,country,2005,97636.602
LUX,Luxembourg,country,2006,93052.453
LUX,Luxembourg,country,2007,104550.95
LUX,Luxembourg,country,2008,97787.289
LUX,Luxembourg,country,2009,76062.289
LUX,Luxembourg,country,2010,85004.523
LUX,Luxembourg,country,2011,86326.352
LUX,Luxembourg,country,2012,95714.758
LUX,Luxembourg,country,2013,90852.25
LUX,Luxembourg,country,2014,93690.273
LUX,Luxembourg,country,2015,83321.258
LUX,Luxembourg,country,2016,86487.359
LUX,Luxembourg,country,2017,92345.82
LUX,Luxembourg,country,2018,91959.281
LUX,Luxembourg,country,2019,87899.633
LUX,Luxembourg,country,2020,89601.727
LUX,Luxembourg,country,2021,94502.531
LUX,Luxembourg,country,2022,91143.906
LUX,Luxembourg,country,2023,85461.25
LVA,Latvia,country,1990,19785.074
LVA,Latvia,country,1991,17782.92
LVA,Latvia,country,1992,11571.503
LVA,Latvia,country,1993,10027.412
LVA,Latvia,country,1994,10251.392
LVA,Latvia,country,1995,10531.242
LVA,Latvia,country,1996,10875.278
LVA,Latvia,country,1997,11590.1
LVA,Latvia,country,1998,12689.954
LVA,Latvia,country,1999,13145.797
LVA,Latvia,country,2000,13838.329
LVA,Latvia,country,2001,15047.081
LVA,Latvia,country,2002,16131.697
LVA,Latvia,country,2003,17636.092
LVA,Latvia,country,2004,19154.91
LVA,Latvia,country,2005,21592.854
LVA,Latvia,country,2006,24122.959
LVA,Latvia,country,2007,27570.293
LVA,Latvia,country,2008,27310.381
LVA,Latvia,country,2009,25783.348
LVA,Latvia,country,2010,23744.521
LVA,Latvia,country,2011,24959.455
LVA,Latvia,country,2012,26408.965
LVA,Latvia,country,2013,27461.463
LVA,Latvia,country,2014,28212.338
LVA,Latvia,country,2015,29482.346
LVA,Latvia,country,2016,31121.885
LVA,Latvia,country,2017,32491.83
LVA,Latvia,country,2018,33973.703
LVA,Latvia,country,2019,34655.508
LVA,Latvia,country,2020,34543.176
LVA,Latvia,country,2021,36094.984
LVA,Latvia,country,2022,37623.094
LVA,Latvia,country,2023,37997.824
MAR,Morocco,country,1990,4255.4136
MAR,Morocco,country,1991,4474.0513
MAR,Morocco,country,1992,4323.5259
MAR,Morocco,country,1993,4198.0757
MAR,Morocco,country,1994,4597.9009
MAR,Morocco,country,1995,4263.8247
MAR,Morocco,country,1996,4758.6304
MAR,Morocco,country,1997,4611.0166
MAR,Morocco,country,1998,4905.0605
MAR,Morocco,country,1999,4922.543
MAR,Morocco,country,2000,4976.2266
MAR,Morocco,country,2001,5296.3955
MAR,Morocco,country,2002,5440.0771
MAR,Morocco,country,2003,5715.3809
MAR,Morocco,country,2004,5923.9028
MAR,Morocco,country,2005,6063.6138
MAR,Morocco,country,2006,6442.0337
MAR,Morocco,country,2007,6589.0093
MAR,Morocco,country,2008,6882.6899
MAR,Morocco,country,2009,6963.4087
MAR,Morocco,country,2010,7112.0098
MAR,Morocco,country,2011,7381.5405
MAR,Morocco,country,2012,7478.9551
MAR,Morocco,country,2013,7730.8789
MAR,Morocco,country,2014,7783.252
MAR,Morocco,country,2015,8052.374
MAR,Morocco,country,2016,8006.7271
MAR,Morocco,country,2017,8298.2852
MAR,Morocco,country,2018,8459.2969
MAR,Morocco,country,2019,8610.748
MAR,Morocco,country,2020,7952.5303
MAR,Morocco,country,2021,8462.8086
MAR,Morocco,country,2022,8483.3613
MAR,Morocco,country,2023,8652.8809
MCO,Monaco,country,1990,
MCO,Monaco,country,1991,
MCO,Monaco,country,1992,
MCO,Monaco,country,1993,
MCO,Monaco,country,1994,
MCO,Monaco,country,1995,
MCO,Monaco,country,1996,
MCO,Monaco,country,1997,
MCO,Monaco,country,1998,
MCO,Monaco,country,1999,
MCO,Monaco,country,2000,
MCO,Monaco,country,2001,
MCO,Monaco,country,2002,
MCO,Monaco,country,2003,
MCO,Monaco,country,2004,
MCO,Monaco,country,2005,
MCO,Monaco,country,2006,
MCO,Monaco,country,2007,
MCO,Monaco,country,2008,
MCO,Monaco,country,2009,
MCO,Monaco,country,2010,
MCO,Monaco,country,2011,
MCO,Monaco,country,2012,
MCO,Monaco,country,2013,
MCO,Monaco,country,2014,
MCO,Monaco,country,2015,
MCO,Monaco,country,2016,
MCO,Monaco,country,2017,
MCO,Monaco,country,2018,
MCO,Monaco,country,2019,
MCO,Monaco,country,2020,
MCO,Monaco,country,2021,
MCO,Monaco,country,2022,
MCO,Monaco,country,2023,
MDA,Republic of Moldova,country,1990,16041.989
MDA,Republic of Moldova,country,1991,13220.662
MDA,Republic of Moldova,country,1992,9297.9033
MDA,Republic of Moldova,country,1993,9228.332
MDA,Republic of Moldova,country,1994,6403.8853
MDA,Republic of Moldova,country,1995,6377.1382
MDA,Republic of Moldova,country,1996,6249.4321
MDA,Republic of Moldova,country,1997,6369.8633
MDA,Republic of Moldova,country,1998,5874.6699
MDA,Republic of Moldova,country,1999,5743.4019
MDA,Republic of Moldova,country,2000,5988.2007
MDA,Republic of Moldova,country,2001,6515.1743
MDA,Republic of Moldova,country,2002,7188.9468
MDA,Republic of Moldova,country,2003,7803.2056
MDA,Republic of Moldova,country,2004,8533.7861
MDA,Republic of Moldova,country,2005,9170.8916
MDA,Republic of Moldova,country,2006,9498.1025
MDA,Republic of Moldova,country,2007,9615.0479
MDA,Republic of Moldova,country,2008,10406.947
MDA,Republic of Moldova,country,2009,9461.834
MDA,Republic of Moldova,country,2010,10321.027
MDA,Republic of Moldova,country,2011,10899.071
MDA,Republic of Moldova,country,2012,11090.515
MDA,Republic of Moldova,country,2013,12103.67
MDA,Republic of Moldova,country,2014,12642.926
MDA,Republic of Moldova,country,2015,12357.961
MDA,Republic of Moldova,country,2016,13059.055
MDA,Republic of Moldova,country,2017,13881.03
MDA,Republic of Moldova,country,2018,14554.007
MDA,Republic of Moldova,country,2019,15389.81
MDA,Republic of Moldova,country,2020,14028.121
MDA,Republic of Moldova,country,2021,15987.331
MDA,Republic of Moldova,country,2022,15286.076
MDA,Republic of Moldova,country,2023,15866.542
MDG,Madagascar,country,1990,1923.2096
MDG,Madagascar,country,1991,1735.271
MDG,Madagascar,country,1992,1720.4124
MDG,Madagascar,country,1993,1706.7557
MDG,Madagascar,country,1994,1642.1118
MDG,Madagascar,country,1995,1618.6207
MDG,Madagascar,country,1996,1617.6212
MDG,Madagascar,country,1997,1629.1774
MDG,Madagascar,country,1998,1644.3156
MDG,Madagascar,country,1999,1674.7949
MDG,Madagascar,country,2000,1702.7642
MDG,Madagascar,country,2001,1754.597
MDG,Madagascar,country,2002,1492.6599
MDG,Madagascar,country,2003,1591.9512
MDG,Madagascar,country,2004,1632.9467
MDG,Madagascar,country,2005,1650.3785
MDG,Madagascar,country,2006,1685.4567
MDG,Madagascar,country,2007,1753.9075
MDG,Madagascar,country,2008,1819.1205
MDG,Madagascar,country,2009,1687.2507
MDG,Madagascar,country,2010,1644.3744
MDG,Madagascar,country,2011,1622.9369
MDG,Madagascar,country,2012,1602.5533
MDG,Madagascar,country,2013,1592.4159
MDG,Madagascar,country,2014,1614.8722
MDG,Madagascar,country,2015,1603.7235
MDG,Madagascar,country,2016,1619.4911
MDG,Madagascar,country,2017,1657.9982
MDG,Madagascar,country,2018,1662.8676
MDG,Madagascar,country,2019,1692.0702
MDG,Madagascar,country,2020,1547.3373
MDG,Madagascar,country,2021,1612.9938
MDG,Madagascar,country,2022,1625.4268
MDG,Madagascar,country,2023,1655.7646
MDV,Maldives,country,1990,8401.5186
MDV,Maldives,country,1991,8769.8037
MDV,Maldives,country,1992,9055.1055
MDV,Maldives,country,1993,9363.5635
MDV,Maldives,country,1994,9748.7871
MDV,Maldives,country,1995,10203.154
MDV,Maldives,country,1996,11184.737
MDV,Maldives,country,1997,11954.173
MDV,Maldives,country,1998,12288.758
MDV,Maldives,country,1999,12975.865
MDV,Maldives,country,2000,13518.581
MDV,Maldives,country,2001,12720.846
MDV,Maldives,country,2002,13619.381
MDV,Maldives,country,2003,15073.229
MDV,Maldives,country,2004,15810.607
MDV,Maldives,country,2005,14137.535
MDV,Maldives,country,2006,16969.432
MDV,Maldives,country,2007,14584.995
MDV,Maldives,country,2008,15812.687
MDV,Maldives,country,2009,14261.892
MDV,Maldives,country,2010,14520.239
MDV,Maldives,country,2011,15464.623
MDV,Maldives,country,2012,15496.14
MDV,Maldives,country,2013,15741.521
MDV,Maldives,country,2014,16678.266
MDV,Maldives,country,2015,17039.75
MDV,Maldives,country,2016,17548.092
MDV,Maldives,country,2017,18212.43
MDV,Maldives,country,2018,18898.402
MDV,Maldives,country,2019,19525.309
MDV,Maldives,country,2020,12941.623
MDV,Maldives,country,2021,17114.264
MDV,Maldives,country,2022,19228.531
MDV,Maldives,country,2023,19317.318
MEX,Mexico,country,1990,17073.438
MEX,Mexico,country,1991,17502.727
MEX,Mexico,country,1992,17793.143
MEX,Mexico,country,1993,18036.867
MEX,Mexico,country,1994,18447.596
MEX,Mexico,country,1995,16818.424
MEX,Mexico,country,1996,17606.443
MEX,Mexico,country,1997,18702.557
MEX,Mexico,country,1998,19538.229
MEX,Mexico,country,1999,19812.336
MEX,Mexico,country,2000,20485.334
MEX,Mexico,country,2001,20133.34
MEX,Mexico,country,2002,19890.885
MEX,Mexico,country,2003,19853.75
MEX,Mexico,country,2004,20307.15
MEX,Mexico,country,2005,20328.262
MEX,Mexico,country,2006,21003.711
MEX,Mexico,country,2007,21139.434
MEX,Mexico,country,2008,21126.775
MEX,Mexico,country,2009,19518.275
MEX,Mexico,country,2010,20307.756
MEX,Mexico,country,2011,20623.107
MEX,Mexico,country,2012,20934.125
MEX,Mexico,country,2013,20669.121
MEX,Mexico,country,2014,21036.908
MEX,Mexico,country,2015,21327.02
MEX,Mexico,country,2016,21436.277
MEX,Mexico,country,2017,21616.684
MEX,Mexico,country,2018,21820.256
MEX,Mexico,country,2019,21520.564
MEX,Mexico,country,2020,19448.467
MEX,Mexico,country,2021,20588.271
MEX,Mexico,country,2022,21334.799
MEX,Mexico,country,2023,21812.656
MHL,Marshall Islands,country,1990,4112.8257
MHL,Marshall Islands,country,1991,4031.614
MHL,Marshall Islands,country,1992,4262.1211
MHL,Marshall Islands,country,1993,4470.3799
MHL,Marshall Islands,country,1994,4692.6235
MHL,Marshall Islands,country,1995,5042.2002
MHL,Marshall Islands,country,1996,4495.5225
MHL,Marshall Islands,country,1997,4200.0845
MHL,Marshall Islands,country,1998,4284.376
MHL,Marshall Islands,country,1999,4316.6074
MHL,Marshall Islands,country,2000,4381.1528
MHL,Marshall Islands,country,2001,4623.0933
MHL,Marshall Islands,country,2002,4694.2256
MHL,Marshall Islands,country,2003,4623.5947
MHL,Marshall Islands,country,2004,4606.7646
MHL,Marshall Islands,country,2005,4792.2773
MHL,Marshall Islands,country,2006,4767.6709
MHL,Marshall Islands,country,2007,4945.5938
MHL,Marshall Islands,country,2008,4666.0986
MHL,Marshall Islands,country,2009,4750.7612
MHL,Marshall Islands,country,2010,4822.0918
MHL,Marshall Islands,country,2011,4848.3203
MHL,Marshall Islands,country,2012,4730.6421
MHL,Marshall Islands,country,2013,5091.4731
MHL,Marshall Islands,country,2014,5273.4731
MHL,Marshall Islands,country,2015,5890.5078
MHL,Marshall Islands,country,2016,6060.2817
MHL,Marshall Islands,country,2017,6221.4243
MHL,Marshall Islands,country,2018,6636.8647
MHL,Marshall Islands,country,2019,7483.3159
MHL,Marshall Islands,country,2020,7490.7573
MHL,Marshall Islands,country,2021,7212.9692
MHL,Marshall Islands,country,2022,7298.7788
MHL,Marshall Islands,country,2023,7223.8608
MKD,North Macedonia,country,1990,12007.635
MKD,North Macedonia,country,1991,11763.716
MKD,North Macedonia,country,1992,10659.493
MKD,North Macedonia,country,1993,10749.269
MKD,North Macedonia,country,1994,10723.475
MKD,North Macedonia,country,1995,10625.204
MKD,North Macedonia,country,1996,10673.262
MKD,North Macedonia,country,1997,10792.716
MKD,North Macedonia,country,1998,11099.989
MKD,North Macedonia,country,1999,11479.767
MKD,North Macedonia,country,2000,11927.306
MKD,North Macedonia,country,2001,11640.17
MKD,North Macedonia,country,2002,11853.021
MKD,North Macedonia,country,2003,12092.253
MKD,North Macedonia,country,2004,12773.241
MKD,North Macedonia,country,2005,13296.062
MKD,North Macedonia,country,2006,14249.244
MKD,North Macedonia,country,2007,14604.948
MKD,North Macedonia,country,2008,16060.701
MKD,North Macedonia,country,2009,16184.572
MKD,North Macedonia,country,2010,16721.004
MKD,North Macedonia,country,2011,17131.207
MKD,North Macedonia,country,2012,17049.502
MKD,North Macedonia,country,2013,17571.994
MKD,North Macedonia,country,2014,18345.725
MKD,North Macedonia,country,2015,18839.213
MKD,North Macedonia,country,2016,19239.74
MKD,North Macedonia,country,2017,19530.209
MKD,North Macedonia,country,2018,20130.977
MKD,North Macedonia,country,2019,20960.17
MKD,North Macedonia,country,2020,20382.855
MKD,North Macedonia,country,2021,21389.721
MKD,North Macedonia,country,2022,21962.943
MKD,North Macedonia,country,2023,22128.395
MLI,Mali,country,1990,1507.771
MLI,Mali,country,1991,1660.4166
MLI,Mali,country,1992,1572.3153
MLI,Mali,country,1993,1594.0728
MLI,Mali,country,1994,1600.9691
MLI,Mali,country,1995,1571.0602
MLI,Mali,country,1996,1646.0776
MLI,Mali,country,1997,1684.3495
MLI,Mali,country,1998,1769.8611
MLI,Mali,country,1999,1829.6992
MLI,Mali,country,2000,1781.4882
MLI,Mali,country,2001,1919.6022
MLI,Mali,country,2002,1892.1954
MLI,Mali,country,2003,2056.8572
MLI,Mali,country,2004,2022.9088
MLI,Mali,country,2005,2086.5242
MLI,Mali,country,2006,2100.7358
MLI,Mali,country,2007,2105.4575
MLI,Mali,country,2008,2145.0347
MLI,Mali,country,2009,2139.7295
MLI,Mali,country,2010,2195.385
MLI,Mali,country,2011,2199.4604
MLI,Mali,country,2012,2113.1902
MLI,Mali,country,2013,2113.5393
MLI,Mali,country,2014,2206.9993
MLI,Mali,country,2015,2280.5112
MLI,Mali,country,2016,2326.0913
MLI,Mali,country,2017,2360.4229
MLI,Mali,country,2018,2404.1882
MLI,Mali,country,2019,2414.449
MLI,Mali,country,2020,2300.1636
MLI,Mali,country,2021,2288.8491
MLI,Mali,country,2022,2309.3464
MLI,Mali,country,2023,2341.5881
MLT,Malta,country,1990,21959.166
MLT,Malta,country,1991,22831.211
MLT,Malta,country,1992,23371.613
MLT,Malta,country,1993,23968.766
MLT,Malta,country,1994,24650.096
MLT,Malta,country,1995,25987.434
MLT,Malta,country,1996,26583.08
MLT,Malta,country,1997,27801.236
MLT,Malta,country,1998,28482.188
MLT,Malta,country,1999,30313.74
MLT,Malta,country,2000,30503.953
MLT,Malta,country,2001,31199.764
MLT,Malta,country,2002,31807.738
MLT,Malta,country,2003,32523.883
MLT,Malta,country,2004,32355.408
MLT,Malta,country,2005,32393.682
MLT,Malta,country,2006,32754.885
MLT,Malta,country,2007,33880.395
MLT,Malta,country,2008,36156.23
MLT,Malta,country,2009,34189.008
MLT,Malta,country,2010,35935.27
MLT,Malta,country,2011,36985.164
MLT,Malta,country,2012,37282.574
MLT,Malta,country,2013,38659.824
MLT,Malta,country,2014,40659.605
MLT,Malta,country,2015,43316.344
MLT,Malta,country,2016,41755.266
MLT,Malta,country,2017,44905.633
MLT,Malta,country,2018,46935.984
MLT,Malta,country,2019,48427.391
MLT,Malta,country,2020,42884.895
MLT,Malta,country,2021,48071.105
MLT,Malta,country,2022,50835.188
MLT,Malta,country,2023,52155.074
MMR,Myanmar,country,1990,673.02167
MMR,Myanmar,country,1991,657.86316
MMR,Myanmar,country,1992,712.2937
MMR,Myanmar,country,1993,744.83411
MMR,Myanmar,country,1994,790.29059
MMR,Myanmar,country,1995,834.03375
MMR,Myanmar,country,1996,877.33484
MMR,Myanmar,country,1997,915.24811
MMR,Myanmar,country,1998,919.25897
MMR,Myanmar,country,1999,1007.7687
MMR,Myanmar,country,2000,1133.5339
MMR,Myanmar,country,2001,1248.8611
MMR,Myanmar,country,2002,1385.1515
MMR,Myanmar,country,2003,1562.2313
MMR,Myanmar,country,2004,1758.9922
MMR,Myanmar,country,2005,1982.1246
MMR,Myanmar,country,2006,2225.075
MMR,Myanmar,country,2007,2474.301
MMR,Myanmar,country,2008,2713.0461
MMR,Myanmar,country,2009,2982.5962
MMR,Myanmar,country,2010,3258.1033
MMR,Myanmar,country,2011,3415.4646
MMR,Myanmar,country,2012,3630.501
MMR,Myanmar,country,2013,3895.4636
MMR,Myanmar,country,2014,4161.7026
MMR,Myanmar,country,2015,4416.5688
MMR,Myanmar,country,2016,4563.9097
MMR,Myanmar,country,2017,4769.6182
MMR,Myanmar,country,2018,4938.563
MMR,Myanmar,country,2019,5146.9839
MMR,Myanmar,country,2020,5042.3608
MMR,Myanmar,country,2021,5056.1758
MMR,Myanmar,country,2022,4825.4004
MMR,Myanmar,country,2023,4918.8105
MNE,Montenegro,country,1990,
MNE,Montenegro,country,1991,
MNE,Montenegro,country,1992,
MNE,Montenegro,country,1993,
MNE,Montenegro,country,1994,
MNE,Montenegro,country,1995,10175.397
MNE,Montenegro,country,1996,12957.577
MNE,Montenegro,country,1997,13790.49
MNE,Montenegro,country,1998,14412.142
MNE,Montenegro,country,1999,13210.023
MNE,Montenegro,country,2000,15130.314
MNE,Montenegro,country,2001,15293.397
MNE,Montenegro,country,2002,15677.863
MNE,Montenegro,country,2003,16107.559
MNE,Montenegro,country,2004,16710.857
MNE,Montenegro,country,2005,16729.172
MNE,Montenegro,country,2006,18269.344
MNE,Montenegro,country,2007,19417.359
MNE,Montenegro,country,2008,20842.877
MNE,Montenegro,country,2009,19353.068
MNE,Montenegro,country,2010,19672.156
MNE,Montenegro,country,2011,20590.201
MNE,Montenegro,country,2012,20180.723
MNE,Montenegro,country,2013,20939.793
MNE,Montenegro,country,2014,21163.021
MNE,Montenegro,country,2015,22062.129
MNE,Montenegro,country,2016,22417.906
MNE,Montenegro,country,2017,23766.605
MNE,Montenegro,country,2018,24756.963
MNE,Montenegro,country,2019,25755.1
MNE,Montenegro,country,2020,21946.762
MNE,Montenegro,country,2021,25016.021
MNE,Montenegro,country,2022,26668.086
MNE,Montenegro,country,2023,28026.33
MNG,Mongolia,country,1990,5952.165
MNG,Mongolia,country,1991,5699.127
MNG,Mongolia,country,1992,5185.9243
MNG,Mongolia,country,1993,4762.1138
MNG,Mongolia,country,1994,4954.1313
MNG,Mongolia,country,1995,5339.895
MNG,Mongolia,country,1996,5390.9482
MNG,Mongolia,country,1997,5540.0479
MNG,Mongolia,country,1998,5733.772
MNG,Mongolia,country,1999,5833.4351
MNG,Mongolia,country,2000,5842.5723
MNG,Mongolia,country,2001,5905.4736
MNG,Mongolia,country,2002,6191.2515
MNG,Mongolia,country,2003,6519.3872
MNG,Mongolia,country,2004,7395.6748
MNG,Mongolia,country,2005,7607.2397
MNG,Mongolia,country,2006,8254.501
MNG,Mongolia,country,2007,8923.1934
MNG,Mongolia,country,2008,9543.2031
MNG,Mongolia,country,2009,9198.4473
MNG,Mongolia,country,2010,9172.0889
MNG,Mongolia,country,2011,10556.117
MNG,Mongolia,country,2012,11693.88
MNG,Mongolia,country,2013,13140.996
MNG,Mongolia,country,2014,13519.081
MNG,Mongolia,country,2015,13566.252
MNG,Mongolia,country,2016,13448.97
MNG,Mongolia,country,2017,12876.632
MNG,Mongolia,country,2018,14385.636
MNG,Mongolia,country,2019,14506.609
MNG,Mongolia,country,2020,13853.019
MNG,Mongolia,country,2021,12768.34
MNG,Mongolia,country,2022,13682.725
MNG,Mongolia,country,2023,14787.082
MOZ,Mozambique,country,1990,513.77234
MOZ,Mozambique,country,1991,539.11011
MOZ,Mozambique,country,1992,479.88638
MOZ,Mozambique,country,1993,519.63745
MOZ,Mozambique,country,1994,526.3501
MOZ,Mozambique,country,1995,519.68622
MOZ,Mozambique,country,1996,564.58972
MOZ,Mozambique,country,1997,617.58972
MOZ,Mozambique,country,1998,661.36127
MOZ,Mozambique,country,1999,724.34515
MOZ,Mozambique,country,2000,703.21344
MOZ,Mozambique,country,2001,769.5329
MOZ,Mozambique,country,2002,770.53589
MOZ,Mozambique,country,2003,871.07288
MOZ,Mozambique,country,2004,921.84473
MOZ,Mozambique,country,2005,936.15045
MOZ,Mozambique,country,2006,975.56946
MOZ,Mozambique,country,2007,1035.7152
MOZ,Mozambique,country,2008,1082.4513
MOZ,Mozambique,country,2009,1149.2587
MOZ,Mozambique,country,2010,1182.7861
MOZ,Mozambique,country,2011,1248.4332
MOZ,Mozambique,country,2012,1324.9186
MOZ,Mozambique,country,2013,1370.8425
MOZ,Mozambique,country,2014,1420.6296
MOZ,Mozambique,country,2015,1468.5719
MOZ,Mozambique,country,2016,1489.0913
MOZ,Mozambique,country,2017,1466.0242
MOZ,Mozambique,country,2018,1488.1101
MOZ,Mozambique,country,2019,1482.5657
MOZ,Mozambique,country,2020,1419.1621
MOZ,Mozambique,country,2021,1410.1808
MOZ,Mozambique,country,2022,1336.4321
MOZ,Mozambique,country,2023,1355.7671
MRT,Mauritania,country,1990,5197.8179
MRT,Mauritania,country,1991,5190.7119
MRT,Mauritania,country,1992,5098.4326
MRT,Mauritania,country,1993,5153.1831
MRT,Mauritania,country,1994,4817.3047
MRT,Mauritania,country,1995,5146.9824
MRT,Mauritania,country,1996,5557.6094
MRT,Mauritania,country,1997,5200.5679
MRT,Mauritania,country,1998,5229.5757
MRT,Mauritania,country,1999,5286.543
MRT,Mauritania,country,2000,4908.3921
MRT,Mauritania,country,2001,4644.375
MRT,Mauritania,country,2002,4814.5122
MRT,Mauritania,country,2003,5029.3447
MRT,Mauritania,country,2004,5150.9673
MRT,Mauritania,country,2005,5445.7856
MRT,Mauritania,country,2006,6054.9399
MRT,Mauritania,country,2007,5828.3945
MRT,Mauritania,country,2008,5720.0503
MRT,Mauritania,country,2009,5656.9102
MRT,Mauritania,country,2010,5504.645
MRT,Mauritania,country,2011,5482.519
MRT,Mauritania,country,2012,5521.9395
MRT,Mauritania,country,2013,5597.1777
MRT,Mauritania,country,2014,5643.23
MRT,Mauritania,country,2015,5854.3906
MRT,Mauritania,country,2016,5826.1597
MRT,Mauritania,country,2017,6057.2954
MRT,Mauritania,country,2018,6237.8438
MRT,Mauritania,country,2019,6213.4077
MRT,Mauritania,country,2020,6021.5264
MRT,Mauritania,country,2021,5893.2925
MRT,Mauritania,country,2022,6186.125
MRT,Mauritania,country,2023,6267.4707
MUS,Mauritius,country,1990,9047.5381
MUS,Mauritius,country,1991,9393.2422
MUS,Mauritius,country,1992,9859.209
MUS,Mauritius,country,1993,10197.239
MUS,Mauritius,country,1994,10414.218
MUS,Mauritius,country,1995,10773.496
MUS,Mauritius,country,1996,11146.634
MUS,Mauritius,country,1997,11742.884
MUS,Mauritius,country,1998,12316.792
MUS,Mauritius,country,1999,12536.166
MUS,Mauritius,country,2000,13421.896
MUS,Mauritius,country,2001,13904.602
MUS,Mauritius,country,2002,14038.213
MUS,Mauritius,country,2003,14609.422
MUS,Mauritius,country,2004,15220.126
MUS,Mauritius,country,2005,15392.276
MUS,Mauritius,country,2006,16235.662
MUS,Mauritius,country,2007,17463.76
MUS,Mauritius,country,2008,18096.9
MUS,Mauritius,country,2009,18293.137
MUS,Mauritius,country,2010,18863.211
MUS,Mauritius,country,2011,19215.813
MUS,Mauritius,country,2012,20956.322
MUS,Mauritius,country,2013,21450.881
MUS,Mauritius,country,2014,22257.449
MUS,Mauritius,country,2015,23152.348
MUS,Mauritius,country,2016,23643.262
MUS,Mauritius,country,2017,24725.533
MUS,Mauritius,country,2018,26297.582
MUS,Mauritius,country,2019,27055.742
MUS,Mauritius,country,2020,23052.906
MUS,Mauritius,country,2021,23969.838
MUS,Mauritius,country,2022,24758.869
MUS,Mauritius,country,2023,27279.961
MWI,Malawi,country,1990,1054.2308
MWI,Malawi,country,1991,1112.2327
MWI,Malawi,country,1992,1001.7525
MWI,Malawi,country,1993,1083.6486
MWI,Malawi,country,1994,984.72296
MWI,Malawi,country,1995,1151.6132
MWI,Malawi,country,1996,1212.1742
MWI,Malawi,country,1997,1233.9519
MWI,Malawi,country,1998,1255.7644
MWI,Malawi,country,1999,1265.4924
MWI,Malawi,country,2000,1256.1981
MWI,Malawi,country,2001,1165.7328
MWI,Malawi,country,2002,1156.8102
MWI,Malawi,country,2003,1192.115
MWI,Malawi,country,2004,1223.9894
MWI,Malawi,country,2005,1229.8799
MWI,Malawi,country,2006,1252.0858
MWI,Malawi,country,2007,1333.9349
MWI,Malawi,country,2008,1395.1178
MWI,Malawi,country,2009,1468.0222
MWI,Malawi,country,2010,1524.2189
MWI,Malawi,country,2011,1554.2421
MWI,Malawi,country,2012,1539.5406
MWI,Malawi,country,2013,1577.9193
MWI,Malawi,country,2014,1620.8431
MWI,Malawi,country,2015,1620.8821
MWI,Malawi,country,2016,1616.8583
MWI,Malawi,country,2017,1636.8129
MWI,Malawi,country,2018,1663.4192
MWI,Malawi,country,2019,1707.6124
MWI,Malawi,country,2020,1675.9943
MWI,Malawi,country,2021,1677.7183
MWI,Malawi,country,2022,1650.4293
MWI,Malawi,country,2023,1633.6926
MYS,Malaysia,country,1990,11522.781
MYS,Malaysia,country,1991,12172.251
MYS,Malaysia,country,1992,12869.316
MYS,Malaysia,country,1993,13860.137
MYS,Malaysia,country,1994,14754.474
MYS,Malaysia,country,1995,15823.052
MYS,Malaysia,country,1996,16974.58
MYS,Malaysia,country,1997,17638.432
MYS,Malaysia,country,1998,15935.191
MYS,Malaysia,country,1999,16246.49
MYS,Malaysia,country,2000,17059.209
MYS,Malaysia,country,2001,16894.063
MYS,Malaysia,country,2002,17515.729
MYS,Malaysia,country,2003,18320.531
MYS,Malaysia,country,2004,19163.537
MYS,Malaysia,country,2005,19887.311
MYS,Malaysia,country,2006,20859.213
MYS,Malaysia,country,2007,21874.199
MYS,Malaysia,country,2008,22251.553
MYS,Malaysia,country,2009,21703.471
MYS,Malaysia,country,2010,22605.697
MYS,Malaysia,country,2011,23585.373
MYS,Malaysia,country,2012,24125.373
MYS,Malaysia,country,2013,24921.139
MYS,Malaysia,country,2014,25975.746
MYS,Malaysia,country,2015,26990.646
MYS,Malaysia,country,2016,27874.582
MYS,Malaysia,country,2017,29080.529
MYS,Malaysia,country,2018,29894.813
MYS,Malaysia,country,2019,31008.557
MYS,Malaysia,country,2020,29117.148
MYS,Malaysia,country,2021,29627.24
MYS,Malaysia,country,2022,31629.457
MYS,Malaysia,country,2023,32553.092
NAM,Namibia,country,1990,7420.1235
NAM,Namibia,country,1991,7883.9365
NAM,Namibia,country,1992,7998.8008
NAM,Namibia,country,1993,7603.229
NAM,Namibia,country,1994,7485.9331
NAM,Namibia,country,1995,7709.6245
NAM,Namibia,country,1996,7589.6968
NAM,Namibia,country,1997,7682.4463
NAM,Namibia,country,1998,7789.9355
NAM,Namibia,country,1999,7664.8125
NAM,Namibia,country,2000,7914.4409
NAM,Namibia,country,2001,7786.0796
NAM,Namibia,country,2002,8150.4404
NAM,Namibia,country,2003,8626.8232
NAM,Namibia,country,2004,9269.7041
NAM,Namibia,country,2005,9148.5859
NAM,Namibia,country,2006,9744.9727
NAM,Namibia,country,2007,9937.0166
NAM,Namibia,country,2008,10069.436
NAM,Namibia,country,2009,9930.6045
NAM,Namibia,country,2010,10159.761
NAM,Namibia,country,2011,10627.314
NAM,Namibia,country,2012,10999.148
NAM,Namibia,country,2013,11848.625
NAM,Namibia,country,2014,12315.572
NAM,Namibia,country,2015,12668.907
NAM,Namibia,country,2016,12215.984
NAM,Namibia,country,2017,11892.71
NAM,Namibia,country,2018,11574.145
NAM,Namibia,country,2019,11436.229
NAM,Namibia,country,2020,10563.177
NAM,Namibia,country,2021,10377.853
NAM,Namibia,country,2022,10742.563
NAM,Namibia,country,2023,10916.608
NER,Niger,country,1990,1230.5132
NER,Niger,country,1991,1218.5703
NER,Niger,country,1992,1174.4662
NER,Niger,country,1993,1158.1732
NER,Niger,country,1994,1138.5776
NER,Niger,country,1995,1129.1493
NER,Niger,country,1996,1161.4216
NER,Niger,country,1997,1126.9436
NER,Niger,country,1998,1233.8527
NER,Niger,country,1999,1206.4421
NER,Niger,country,2000,1135.3179
NER,Niger,country,2001,1180.5386
NER,Niger,country,2002,1195.6969
NER,Niger,country,2003,1194.7563
NER,Niger,country,2004,1149.3484
NER,Niger,country,2005,1192.5792
NER,Niger,country,2006,1210.65
NER,Niger,country,2007,1159.1143
NER,Niger,country,2008,1228.8812
NER,Niger,country,2009,1193.77
NER,Niger,country,2010,1249.3273
NER,Niger,country,2011,1237.6608
NER,Niger,country,2012,1345.677
NER,Niger,country,2013,1352.7727
NER,Niger,country,2014,1409.2911
NER,Niger,country,2015,1405.9928
NER,Niger,country,2016,1432.5853
NER,Niger,country,2017,1450.8181
NER,Niger,country,2018,1509.6692
NER,Niger,country,2019,1550.1945
NER,Niger,country,2020,1500.511
NER,Niger,country,2021,1566.662
NER,Niger,country,2022,1517.9794
NER,Niger,country,2023,1590.188
NGA,Nigeria,country,1990,3621.7969
NGA,Nigeria,country,1991,3579.8313
NGA,Nigeria,country,1992,3484.386
NGA,Nigeria,country,1993,3370.4038
NGA,Nigeria,country,1994,3341.8003
NGA,Nigeria,country,1995,3282.5879
NGA,Nigeria,country,1996,3332.0642
NGA,Nigeria,country,1997,3341.7981
NGA,Nigeria,country,1998,3339.6309
NGA,Nigeria,country,1999,3239.1526
NGA,Nigeria,country,2000,3294.8469
NGA,Nigeria,country,2001,3420.9314
NGA,Nigeria,country,2002,3906.9473
NGA,Nigeria,country,2003,4102.6685
NGA,Nigeria,country,2004,4410.8467
NGA,Nigeria,country,2005,4559.3105
NGA,Nigeria,country,2006,4815.042
NGA,Nigeria,country,2007,4717.8472
NGA,Nigeria,country,2008,4889.292
NGA,Nigeria,country,2009,5067.1611
NGA,Nigeria,country,2010,5479.0537
NGA,Nigeria,country,2011,5594.1016
NGA,Nigeria,country,2012,5709.8506
NGA,Nigeria,country,2013,5849.6919
NGA,Nigeria,country,2014,6143.7129
NGA,Nigeria,country,2015,6228.1514
NGA,Nigeria,country,2016,5767.2012
NGA,Nigeria,country,2017,5627.8091
NGA,Nigeria,country,2018,5573.7007
NGA,Nigeria,country,2019,5620.7021
NGA,Nigeria,country,2020,5480.2031
NGA,Nigeria,country,2021,5514.1738
NGA,Nigeria,country,2022,5537.7461
NGA,Nigeria,country,2023,5569.375
NIC,Nicaragua,country,1990,3589.5293
NIC,Nicaragua,country,1991,3504.6326
NIC,Nicaragua,country,1992,3507.5867
NIC,Nicaragua,country,1993,3356.7598
NIC,Nicaragua,country,1994,3355.53
NIC,Nicaragua,country,1995,3627.1943
NIC,Nicaragua,country,1996,3860.4487
NIC,Nicaragua,country,1997,4017.8
NIC,Nicaragua,country,1998,4197.7002
NIC,Nicaragua,country,1999,4428.458
NIC,Nicaragua,country,2000,4553.2905
NIC,Nicaragua,country,2001,4597.9722
NIC,Nicaragua,country,2002,4604.645
NIC,Nicaragua,country,2003,4678.2617
NIC,Nicaragua,country,2004,4893.75
NIC,Nicaragua,country,2005,5091.4966
NIC,Nicaragua,country,2006,5191.8516
NIC,Nicaragua,country,2007,5410.293
NIC,Nicaragua,country,2008,5518.4946
NIC,Nicaragua,country,2009,5231.0649
NIC,Nicaragua,country,2010,5395.9282
NIC,Nicaragua,country,2011,5655.8257
NIC,Nicaragua,country,2012,5860.6274
NIC,Nicaragua,country,2013,6004.1167
NIC,Nicaragua,country,2014,6269.2651
NIC,Nicaragua,country,2015,6459.9302
NIC,Nicaragua,country,2016,6582.4453
NIC,Nicaragua,country,2017,6760.9067
NIC,Nicaragua,country,2018,6464.3301
NIC,Nicaragua,country,2019,6282.0972
NIC,Nicaragua,country,2020,5887.9937
NIC,Nicaragua,country,2021,6438.4878
NIC,Nicaragua,country,2022,6542.1377
NIC,Nicaragua,country,2023,6881.4795
NLD,Netherlands (Kingdom of the),country,1990,42019.859
NLD,Netherlands (Kingdom of the),country,1991,42898.664
NLD,Netherlands (Kingdom of the),country,1992,42934.93
NLD,Netherlands (Kingdom of the),country,1993,43355.473
NLD,Netherlands (Kingdom of the),country,1994,44704.934
NLD,Netherlands (Kingdom of the),country,1995,46332.559
NLD,Netherlands (Kingdom of the),country,1996,47978.602
NLD,Netherlands (Kingdom of the),country,1997,49964.492
NLD,Netherlands (Kingdom of the),country,1998,51483.555
NLD,Netherlands (Kingdom of the),country,1999,54121.375
NLD,Netherlands (Kingdom of the),country,2000,55972.516
NLD,Netherlands (Kingdom of the),country,2001,56104.305
NLD,Netherlands (Kingdom of the),country,2002,55748.855
NLD,Netherlands (Kingdom of the),country,2003,56306.5
NLD,Netherlands (Kingdom of the),country,2004,56969.445
NLD,Netherlands (Kingdom of the),country,2005,58023.094
NLD,Netherlands (Kingdom of the),country,2006,60613.875
NLD,Netherlands (Kingdom of the),country,2007,62363.555
NLD,Netherlands (Kingdom of the),country,2008,61132.395
NLD,Netherlands (Kingdom of the),country,2009,59254.273
NLD,Netherlands (Kingdom of the),country,2010,61020.68
NLD,Netherlands (Kingdom of the),country,2011,61601.375
NLD,Netherlands (Kingdom of the),country,2012,60338.93
NLD,Netherlands (Kingdom of the),country,2013,60358.805
NLD,Netherlands (Kingdom of the),country,2014,60609.047
NLD,Netherlands (Kingdom of the),country,2015,61962.23
NLD,Netherlands (Kingdom of the),country,2016,62135.09
NLD,Netherlands (Kingdom of the),country,2017,64383.801
NLD,Netherlands (Kingdom of the),country,2018,65928.938
NLD,Netherlands (Kingdom of the),country,2019,65792.109
NLD,Netherlands (Kingdom of the),country,2020,62085.313
NLD,Netherlands (Kingdom of the),country,2021,68775.375
NLD,Netherlands (Kingdom of the),country,2022,68566.172
NLD,Netherlands (Kingdom of the),country,2023,68344.305
NOR,Norway,country,1990,45193.547
NOR,Norway,country,1991,45950.211
NOR,Norway,country,1992,46772.938
NOR,Norway,country,1993,47829.043
NOR,Norway,country,1994,49559.484
NOR,Norway,country,1995,51630.336
NOR,Norway,country,1996,55224.145
NOR,Norway,country,1997,58182.297
NOR,Norway,country,1998,57239.648
NOR,Norway,country,1999,60530.512
NOR,Norway,country,2000,68717.516
NOR,Norway,country,2001,69720.992
NOR,Norway,country,2002,68218.594
NOR,Norway,country,2003,68728.695
NOR,Norway,country,2004,73199.805
NOR,Norway,country,2005,79942.313
NOR,Norway,country,2006,84296.008
NOR,Norway,country,2007,84818.633
NOR,Norway,country,2008,88712.281
NOR,Norway,country,2009,80067.719
NOR,Norway,country,2010,81976.891
NOR,Norway,country,2011,84641.773
NOR,Norway,country,2012,86392.102
NOR,Norway,country,2013,86258.07
NOR,Norway,country,2014,86757.773
NOR,Norway,country,2015,84167.227
NOR,Norway,country,2016,81603
NOR,Norway,country,2017,83842.281
NOR,Norway,country,2018,87121.828
NOR,Norway,country,2019,83921.766
NOR,Norway,country,2020,78355.781
NOR,Norway,country,2021,90750.953
NOR,Norway,country,2022,113454.01
NOR,Norway,country,2023,112710.02
NPL,Nepal,country,1990,1761.8845
NPL,Nepal,country,1991,1824.6224
NPL,Nepal,country,1992,1847.3379
NPL,Nepal,country,1993,1867.979
NPL,Nepal,country,1994,1972.5485
NPL,Nepal,country,1995,1997.5933
NPL,Nepal,country,1996,2042.8761
NPL,Nepal,country,1997,2110.8635
NPL,Nepal,country,1998,2137.8325
NPL,Nepal,country,1999,2217.8325
NPL,Nepal,country,2000,2319.2856
NPL,Nepal,country,2001,2421.5557
NPL,Nepal,country,2002,2376.2507
NPL,Nepal,country,2003,2436.1802
NPL,Nepal,country,2004,2514.449
NPL,Nepal,country,2005,2589.0002
NPL,Nepal,country,2006,2664.6572
NPL,Nepal,country,2007,2742.2456
NPL,Nepal,country,2008,2889.7664
NPL,Nepal,country,2009,3010.6982
NPL,Nepal,country,2010,3128.0884
NPL,Nepal,country,2011,3214.47
NPL,Nepal,country,2012,3363.7654
NPL,Nepal,country,2013,3474.564
NPL,Nepal,country,2014,3701.3135
NPL,Nepal,country,2015,3825.1172
NPL,Nepal,country,2016,3802.4758
NPL,Nepal,country,2017,4087.45
NPL,Nepal,country,2018,4333.6147
NPL,Nepal,country,2019,4588.1309
NPL,Nepal,country,2020,4405.2036
NPL,Nepal,country,2021,4485.3369
NPL,Nepal,country,2022,4660.8521
NPL,Nepal,country,2023,4725.9307
NRU,Nauru,country,1990,
NRU,Nauru,country,1991,
NRU,Nauru,country,1992,
NRU,Nauru,country,1993,
NRU,Nauru,country,1994,
NRU,Nauru,country,1995,
NRU,Nauru,country,1996,
NRU,Nauru,country,1997,
NRU,Nauru,country,1998,
NRU,Nauru,country,1999,
NRU,Nauru,country,2000,
NRU,Nauru,country,2001,
NRU,Nauru,country,2002,
NRU,Nauru,country,2003,
NRU,Nauru,country,2004,
NRU,Nauru,country,2005,5765.2197
NRU,Nauru,country,2006,3449.5286
NRU,Nauru,country,2007,4410.1855
NRU,Nauru,country,2008,8140.9668
NRU,Nauru,country,2009,6572.3198
NRU,Nauru,country,2010,7216.9731
NRU,Nauru,country,2011,7955.5796
NRU,Nauru,country,2012,8994.2139
NRU,Nauru,country,2013,9558.667
NRU,Nauru,country,2014,12466.48
NRU,Nauru,country,2015,13052.6
NRU,Nauru,country,2016,15069.795
NRU,Nauru,country,2017,13984.167
NRU,Nauru,country,2018,12546.979
NRU,Nauru,country,2019,14240.455
NRU,Nauru,country,2020,15077.285
NRU,Nauru,country,2021,17048.664
NRU,Nauru,country,2022,18885.785
NRU,Nauru,country,2023,19642.377
NZL,New Zealand,country,1990,26495.746
NZL,New Zealand,country,1991,24021.941
NZL,New Zealand,country,1992,24193.35
NZL,New Zealand,country,1993,25391.777
NZL,New Zealand,country,1994,26628.732
NZL,New Zealand,country,1995,27385.623
NZL,New Zealand,country,1996,27564.053
NZL,New Zealand,country,1997,28246.822
NZL,New Zealand,country,1998,28657.994
NZL,New Zealand,country,1999,29374.391
NZL,New Zealand,country,2000,30279.432
NZL,New Zealand,country,2001,31826.201
NZL,New Zealand,country,2002,32607.684
NZL,New Zealand,country,2003,34116.77
NZL,New Zealand,country,2004,34814.918
NZL,New Zealand,country,2005,35168.227
NZL,New Zealand,country,2006,35379
NZL,New Zealand,country,2007,37102.93
NZL,New Zealand,country,2008,35979.227
NZL,New Zealand,country,2009,36931.797
NZL,New Zealand,country,2010,37338.27
NZL,New Zealand,country,2011,38378.141
NZL,New Zealand,country,2012,38783.754
NZL,New Zealand,country,2013,40609.34
NZL,New Zealand,country,2014,41325.293
NZL,New Zealand,country,2015,42220.816
NZL,New Zealand,country,2016,43205.926
NZL,New Zealand,country,2017,44388.02
NZL,New Zealand,country,2018,45071.633
NZL,New Zealand,country,2019,46255.203
NZL,New Zealand,country,2020,45567.984
NZL,New Zealand,country,2021,46918.91
NZL,New Zealand,country,2022,47291.332
NZL,New Zealand,country,2023,47259.602
OMN,Oman,country,1990,29936.975
OMN,Oman,country,1991,30259.977
OMN,Oman,country,1992,30973.096
OMN,Oman,country,1993,31877.723
OMN,Oman,country,1994,32610.881
OMN,Oman,country,1995,34845.629
OMN,Oman,country,1996,36060.602
OMN,Oman,country,1997,38939.82
OMN,Oman,country,1998,39858.441
OMN,Oman,country,1999,39186.008
OMN,Oman,country,2000,41099.238
OMN,Oman,country,2001,42417.379
OMN,Oman,country,2002,41279.906
OMN,Oman,country,2003,40297.813
OMN,Oman,country,2004,40420.109
OMN,Oman,country,2005,40126.813
OMN,Oman,country,2006,41876.676
OMN,Oman,country,2007,42882.965
OMN,Oman,country,2008,44125.797
OMN,Oman,country,2009,45687.273
OMN,Oman,country,2010,43122.297
OMN,Oman,country,2011,40089.977
OMN,Oman,country,2012,39601.375
OMN,Oman,country,2013,39402.336
OMN,Oman,country,2014,37594.484
OMN,Oman,country,2015,38750.336
OMN,Oman,country,2016,38911.258
OMN,Oman,country,2017,37396.473
OMN,Oman,country,2018,36611.977
OMN,Oman,country,2019,35760.988
OMN,Oman,country,2020,35039.785
OMN,Oman,country,2021,36292.719
OMN,Oman,country,2022,36652.32
OMN,Oman,country,2023,36096.043
PAK,Pakistan,country,1990,3137.5374
PAK,Pakistan,country,1991,3188.3416
PAK,Pakistan,country,1992,3343.0437
PAK,Pakistan,country,1993,3305.2795
PAK,Pakistan,country,1994,3324.2913
PAK,Pakistan,country,1995,3391.3455
PAK,Pakistan,country,1996,3442.7085
PAK,Pakistan,country,1997,3361.7681
PAK,Pakistan,country,1998,3334.8093
PAK,Pakistan,country,1999,3395.2671
PAK,Pakistan,country,2000,3467.718
PAK,Pakistan,country,2001,3478.1768
PAK,Pakistan,country,2002,3474.5112
PAK,Pakistan,country,2003,3599.0303
PAK,Pakistan,country,2004,3807.6799
PAK,Pakistan,country,2005,3998.71
PAK,Pakistan,country,2006,4153.8213
PAK,Pakistan,country,2007,4233.6631
PAK,Pakistan,country,2008,4232.5459
PAK,Pakistan,country,2009,4265.5576
PAK,Pakistan,country,2010,4262.2456
PAK,Pakistan,country,2011,4300.5283
PAK,Pakistan,country,2012,4353.0562
PAK,Pakistan,country,2013,4468.5327
PAK,Pakistan,country,2014,4585.4805
PAK,Pakistan,country,2015,4713.5273
PAK,Pakistan,country,2016,4953.5732
PAK,Pakistan,country,2017,5116.2217
PAK,Pakistan,country,2018,5345.5479
PAK,Pakistan,country,2019,5379.1318
PAK,Pakistan,country,2020,5214.8208
PAK,Pakistan,country,2021,5484.4595
PAK,Pakistan,country,2022,5631.4971
PAK,Pakistan,country,2023,5501.1328
PAN,Panama,country,1990,10356.562
PAN,Panama,country,1991,10788.921
PAN,Panama,country,1992,11590.585
PAN,Panama,country,1993,12236.504
PAN,Panama,country,1994,12477.008
PAN,Panama,country,1995,12205.806
PAN,Panama,country,1996,12415.617
PAN,Panama,country,1997,12812.888
PAN,Panama,country,1998,13444.608
PAN,Panama,country,1999,13524.869
PAN,Panama,country,2000,13836.479
PAN,Panama,country,2001,13575.079
PAN,Panama,country,2002,14069.521
PAN,Panama,country,2003,13947.849
PAN,Panama,country,2004,14483.19
PAN,Panama,country,2005,15177.914
PAN,Panama,country,2006,16217.34
PAN,Panama,country,2007,18232.625
PAN,Panama,country,2008,19687.9
PAN,Panama,country,2009,19750.629
PAN,Panama,country,2010,20089.051
PAN,Panama,country,2011,22615.779
PAN,Panama,country,2012,24481.721
PAN,Panama,country,2013,25925.973
PAN,Panama,country,2014,26202.102
PAN,Panama,country,2015,27316.324
PAN,Panama,country,2016,28721.031
PAN,Panama,country,2017,30270.939
PAN,Panama,country,2018,30690.195
PAN,Panama,country,2019,30953.287
PAN,Panama,country,2020,25875.596
PAN,Panama,country,2021,29210.971
PAN,Panama,country,2022,32462.428
PAN,Panama,country,2023,34384.566
PER,Peru,country,1990,5950.832
PER,Peru,country,1991,6178.0894
PER,Peru,country,1992,5996.2354
PER,Peru,country,1993,6162.248
PER,Peru,country,1994,6750.7866
PER,Peru,country,1995,7085.9604
PER,Peru,country,1996,7240.2427
PER,Peru,country,1997,7591.875
PER,Peru,country,1998,7502.5918
PER,Peru,country,1999,7487.918
PER,Peru,country,2000,7538.7329
PER,Peru,country,2001,7527.8564
PER,Peru,country,2002,7806.6416
PER,Peru,country,2003,7973.1792
PER,Peru,country,2004,8136.9126
PER,Peru,country,2005,8469.5225
PER,Peru,country,2006,8818.0898
PER,Peru,country,2007,9521.3887
PER,Peru,country,2008,10428.615
PER,Peru,country,2009,10539.844
PER,Peru,country,2010,11157.588
PER,Peru,country,2011,11728.015
PER,Peru,country,2012,12496.91
PER,Peru,country,2013,13281.941
PER,Peru,country,2014,13554.461
PER,Peru,country,2015,14004.506
PER,Peru,country,2016,14253.729
PER,Peru,country,2017,14313.733
PER,Peru,country,2018,14554.541
PER,Peru,country,2019,14806.911
PER,Peru,country,2020,13126.459
PER,Peru,country,2021,13866.843
PER,Peru,country,2022,14288.325
PER,Peru,country,2023,14338.71
PHL,Philippines,country,1990,4277.5269
PHL,Philippines,country,1991,4270.3315
PHL,Philippines,country,1992,4319.8604
PHL,Philippines,country,1993,4377.874
PHL,Philippines,country,1994,4488.9082
PHL,Philippines,country,1995,4613.4736
PHL,Philippines,country,1996,4927.9521
PHL,Philippines,country,1997,5065.0063
PHL,Philippines,country,1998,5038.5234
PHL,Philippines,country,1999,5055.4434
PHL,Philippines,country,2000,5324.8076
PHL,Philippines,country,2001,5375.2749
PHL,Philippines,country,2002,5461.3931
PHL,Philippines,country,2003,5620.3467
PHL,Philippines,country,2004,5864.6904
PHL,Philippines,country,2005,6054.7002
PHL,Philippines,country,2006,6223.1284
PHL,Philippines,country,2007,6494.0122
PHL,Philippines,country,2008,6670.1621
PHL,Philippines,country,2009,6787.3882
PHL,Philippines,country,2010,7136.7441
PHL,Philippines,country,2011,7244.9565
PHL,Philippines,country,2012,7622.4507
PHL,Philippines,country,2013,8051.8809
PHL,Philippines,country,2014,8412.418
PHL,Philippines,country,2015,8779.3281
PHL,Philippines,country,2016,9213.1553
PHL,Philippines,country,2017,9671.377
PHL,Philippines,country,2018,10070.395
PHL,Philippines,country,2019,10437.613
PHL,Philippines,country,2020,9092.2832
PHL,Philippines,country,2021,9110.0625
PHL,Philippines,country,2022,9865.3711
PHL,Philippines,country,2023,10731.204
PLW,Palau,country,1990,13350.255
PLW,Palau,country,1991,14483.913
PLW,Palau,country,1992,13232.074
PLW,Palau,country,1993,11777.393
PLW,Palau,country,1994,12277.267
PLW,Palau,country,1995,13538.836
PLW,Palau,country,1996,13935.861
PLW,Palau,country,1997,13663.83
PLW,Palau,country,1998,13213.541
PLW,Palau,country,1999,12984.867
PLW,Palau,country,2000,13636.091
PLW,Palau,country,2001,14426.671
PLW,Palau,country,2002,14904.915
PLW,Palau,country,2003,14809.971
PLW,Palau,country,2004,15529.403
PLW,Palau,country,2005,16149.995
PLW,Palau,country,2006,16420.576
PLW,Palau,country,2007,16951.986
PLW,Palau,country,2008,16383.987
PLW,Palau,country,2009,16070.339
PLW,Palau,country,2010,15845.854
PLW,Palau,country,2011,16388.35
PLW,Palau,country,2012,16723.166
PLW,Palau,country,2013,17107.158
PLW,Palau,country,2014,17782.814
PLW,Palau,country,2015,20053.754
PLW,Palau,country,2016,20376.279
PLW,Palau,country,2017,19793.496
PLW,Palau,country,2018,19443.037
PLW,Palau,country,2019,19869.443
PLW,Palau,country,2020,18927.852
PLW,Palau,country,2021,16445.824
PLW,Palau,country,2022,15710.717
PLW,Palau,country,2023,16034.511
PNG,Papua New Guinea,country,1990,3051.0645
PNG,Papua New Guinea,country,1991,3236.8059
PNG,Papua New Guinea,country,1992,3555.3245
PNG,Papua New Guinea,country,1993,4050.748
PNG,Papua New Guinea,country,1994,4137.105
PNG,Papua New Guinea,country,1995,3857.3169
PNG,Papua New Guinea,country,1996,4008.4902
PNG,Papua New Guinea,country,1997,3716.4426
PNG,Papua New Guinea,country,1998,3452.2151
PNG,Papua New Guinea,country,1999,3395.6414
PNG,Papua New Guinea,country,2000,3198.5781
PNG,Papua New Guinea,country,2001,3088.073
PNG,Papua New Guinea,country,2002,2981.604
PNG,Papua New Guinea,country,2003,2946.916
PNG,Papua New Guinea,country,2004,2929.8523
PNG,Papua New Guinea,country,2005,3017.1492
PNG,Papua New Guinea,country,2006,3081.0989
PNG,Papua New Guinea,country,2007,3219.7319
PNG,Papua New Guinea,country,2008,3112.6299
PNG,Papua New Guinea,country,2009,3224.5115
PNG,Papua New Guinea,country,2010,3446.0322
PNG,Papua New Guinea,country,2011,3384.5066
PNG,Papua New Guinea,country,2012,3445.0813
PNG,Papua New Guinea,country,2013,3481.8188
PNG,Papua New Guinea,country,2014,3851.3203
PNG,Papua New Guinea,country,2015,4001.6001
PNG,Papua New Guinea,country,2016,4118.3403
PNG,Papua New Guinea,country,2017,4163.0376
PNG,Papua New Guinea,country,2018,4055.9924
PNG,Papua New Guinea,country,2019,4143.0122
PNG,Papua New Guinea,country,2020,3926.5474
PNG,Papua New Guinea,country,2021,3817.6729
PNG,Papua New Guinea,country,2022,3938.3882
PNG,Papua New Guinea,country,2023,3970.6477
POL,Poland,country,1990,12757.185
POL,Poland,country,1991,11628.618
POL,Poland,country,1992,11771.23
POL,Poland,country,1993,12276.891
POL,Poland,country,1994,13325.375
POL,Poland,country,1995,14160.784
POL,Poland,country,1996,15128.021
POL,Poland,country,1997,16088.59
POL,Poland,country,1998,16834.465
POL,Poland,country,1999,17634.037
POL,Poland,country,2000,18664.826
POL,Poland,country,2001,18923.504
POL,Poland,country,2002,19314.822
POL,Poland,country,2003,19881.617
POL,Poland,country,2004,20430.883
POL,Poland,country,2005,21405.379
POL,Poland,country,2006,22594.375
POL,Poland,country,2007,23996.479
POL,Poland,country,2008,25342.438
POL,Poland,country,2009,25768.395
POL,Poland,country,2010,26546.568
POL,Poland,country,2011,27813.148
POL,Poland,country,2012,28176.814
POL,Poland,country,2013,28478.109
POL,Poland,country,2014,29528.375
POL,Poland,country,2015,30851.129
POL,Poland,country,2016,31728.014
POL,Poland,country,2017,33228.156
POL,Poland,country,2018,35219.375
POL,Poland,country,2019,36800.34
POL,Poland,country,2020,36244.84
POL,Poland,country,2021,38629.223
POL,Poland,country,2022,42129.48
POL,Poland,country,2023,42217.637
PRK,Democratic People's Republic of Korea,country,1990,
PRK,Democratic People's Republic of Korea,country,1991,
PRK,Democratic People's Republic of Korea,country,1992,
PRK,Democratic People's Republic of Korea,country,1993,
PRK,Democratic People's Republic of Korea,country,1994,
PRK,Democratic People's Republic of Korea,country,1995,
PRK,Democratic People's Republic of Korea,country,1996,
PRK,Democratic People's Republic of Korea,country,1997,
PRK,Democratic People's Republic of Korea,country,1998,
PRK,Democratic People's Republic of Korea,country,1999,
PRK,Democratic People's Republic of Korea,country,2000,
PRK,Democratic People's Republic of Korea,country,2001,
PRK,Democratic People's Republic of Korea,country,2002,
PRK,Democratic People's Republic of Korea,country,2003,
PRK,Democratic People's Republic of Korea,country,2004,
PRK,Democratic People's Republic of Korea,country,2005,
PRK,Democratic People's Republic of Korea,country,2006,
PRK,Democratic People's Republic of Korea,country,2007,
PRK,Democratic People's Republic of Korea,country,2008,
PRK,Democratic People's Republic of Korea,country,2009,
PRK,Democratic People's Republic of Korea,country,2010,
PRK,Democratic People's Republic of Korea,country,2011,
PRK,Democratic People's Republic of Korea,country,2012,
PRK,Democratic People's Republic of Korea,country,2013,
PRK,Democratic People's Republic of Korea,country,2014,
PRK,Democratic People's Republic of Korea,country,2015,
PRK,Democratic People's Republic of Korea,country,2016,
PRK,Democratic People's Republic of Korea,country,2017,
PRK,Democratic People's Republic of Korea,country,2018,
PRK,Democratic People's Republic of Korea,country,2019,
PRK,Democratic People's Republic of Korea,country,2020,
PRK,Democratic People's Republic of Korea,country,2021,
PRK,Democratic People's Republic of Korea,country,2022,
PRK,Democratic People's Republic of Korea,country,2023,
PRT,Portugal,country,1990,25878.822
PRT,Portugal,country,1991,27124.572
PRT,Portugal,country,1992,27572.482
PRT,Portugal,country,1993,26999.037
PRT,Portugal,country,1994,27072.834
PRT,Portugal,country,1995,28275.842
PRT,Portugal,country,1996,28911.551
PRT,Portugal,country,1997,29916.117
PRT,Portugal,country,1998,31529.215
PRT,Portugal,country,1999,32775.125
PRT,Portugal,country,2000,32971.672
PRT,Portugal,country,2001,33479.316
PRT,Portugal,country,2002,33906.52
PRT,Portugal,country,2003,33738.93
PRT,Portugal,country,2004,34155.754
PRT,Portugal,country,2005,34243.629
PRT,Portugal,country,2006,34244.742
PRT,Portugal,country,2007,35117.172
PRT,Portugal,country,2008,34669.23
PRT,Portugal,country,2009,34250.223
PRT,Portugal,country,2010,34659.762
PRT,Portugal,country,2011,34366.32
PRT,Portugal,country,2012,32918.492
PRT,Portugal,country,2013,33367.926
PRT,Portugal,country,2014,33739.758
PRT,Portugal,country,2015,34713.914
PRT,Portugal,country,2016,35845.465
PRT,Portugal,country,2017,37108.75
PRT,Portugal,country,2018,38103.629
PRT,Portugal,country,2019,39189.688
PRT,Portugal,country,2020,36539.066
PRT,Portugal,country,2021,38395.105
PRT,Portugal,country,2022,39867.766
PRT,Portugal,country,2023,41063.926
PRY,Paraguay,country,1990,9612.7236
PRY,Paraguay,country,1991,9513.8584
PRY,Paraguay,country,1992,9328.5889
PRY,Paraguay,country,1993,9484.3691
PRY,Paraguay,country,1994,9556.0908
PRY,Paraguay,country,1995,9753.6836
PRY,Paraguay,country,1996,10264.659
PRY,Paraguay,country,1997,10116.851
PRY,Paraguay,country,1998,9891.9316
PRY,Paraguay,country,1999,9534.6035
PRY,Paraguay,country,2000,8737.4844
PRY,Paraguay,country,2001,8634.1719
PRY,Paraguay,country,2002,8706.9834
PRY,Paraguay,country,2003,8261.8359
PRY,Paraguay,country,2004,8700.9561
PRY,Paraguay,country,2005,8884.5244
PRY,Paraguay,country,2006,9571.2168
PRY,Paraguay,country,2007,10469.103
PRY,Paraguay,country,2008,11136.069
PRY,Paraguay,country,2009,10936.936
PRY,Paraguay,country,2010,12014.06
PRY,Paraguay,country,2011,12496.973
PRY,Paraguay,country,2012,12236.075
PRY,Paraguay,country,2013,13089.223
PRY,Paraguay,country,2014,13634.96
PRY,Paraguay,country,2015,13840.781
PRY,Paraguay,country,2016,14259.896
PRY,Paraguay,country,2017,14767.236
PRY,Paraguay,country,2018,15036.336
PRY,Paraguay,country,2019,14839.896
PRY,Paraguay,country,2020,14462.455
PRY,Paraguay,country,2021,14828.194
PRY,Paraguay,country,2022,14733.241
PRY,Paraguay,country,2023,15252.22
PSE,State of Palestine,country,1990,4428.5986
PSE,State of Palestine,country,1991,4041.0933
PSE,State of Palestine,country,1992,4835.5806
PSE,State of Palestine,country,1993,5113.6021
PSE,State of Palestine,country,1994,4727.1567
PSE,State of Palestine,country,1995,4887.8506
PSE,State of Palestine,country,1996,4684.7393
PSE,State of Palestine,country,1997,5171.9492
PSE,State of Palestine,country,1998,5910.6099
PSE,State of Palestine,country,1999,6228.9863
PSE,State of Palestine,country,2000,5268.4541
PSE,State of Palestine,country,2001,4529.9063
PSE,State of Palestine,country,2002,3801.1392
PSE,State of Palestine,country,2003,4181.0962
PSE,State of Palestine,country,2004,4883.1611
PSE,State of Palestine,country,2005,5361.4531
PSE,State of Palestine,country,2006,5245.1011
PSE,State of Palestine,country,2007,5362.2061
PSE,State of Palestine,country,2008,5678.5015
PSE,State of Palestine,country,2009,5888.4868
PSE,State of Palestine,country,2010,5921.0947
PSE,State of Palestine,country,2011,6350.939
PSE,State of Palestine,country,2012,6600.1138
PSE,State of Palestine,country,2013,6837.5195
PSE,State of Palestine,country,2014,6751.9849
PSE,State of Palestine,country,2015,6939.0801
PSE,State of Palestine,country,2016,7312.665
PSE,State of Palestine,country,2017,7349.5811
PSE,State of Palestine,country,2018,7492.4678
PSE,State of Palestine,country,2019,7425.1987
PSE,State of Palestine,country,2020,6305.6509
PSE,State of Palestine,country,2021,6797.4658
PSE,State of Palestine,country,2022,7064.5288
PSE,State of Palestine,country,2023,6547.0986
QAT,Qatar,country,1990,79350.18
QAT,Qatar,country,1991,75442.109
QAT,Qatar,country,1992,81349.313
QAT,Qatar,country,1993,77804.711
QAT,Qatar,country,1994,76552.297
QAT,Qatar,country,1995,76123.219
QAT,Qatar,country,1996,74476.273
QAT,Qatar,country,1997,93248.773
QAT,Qatar,country,1998,98122.594
QAT,Qatar,country,1999,96818.469
QAT,Qatar,country,2000,98270.227
QAT,Qatar,country,2001,95154.148
QAT,Qatar,country,2002,96587.711
QAT,Qatar,country,2003,98550.383
QAT,Qatar,country,2004,107039.64
QAT,Qatar,country,2005,101105.35
QAT,Qatar,country,2006,117481.7
QAT,Qatar,country,2007,111655.58
QAT,Qatar,country,2008,110630.16
QAT,Qatar,country,2009,106983.52
QAT,Qatar,country,2010,114960.2
QAT,Qatar,country,2011,125961.6
QAT,Qatar,country,2012,127199.65
QAT,Qatar,country,2013,127692.41
QAT,Qatar,country,2014,124159.57
QAT,Qatar,country,2015,121734.74
QAT,Qatar,country,2016,118925.97
QAT,Qatar,country,2017,113032.89
QAT,Qatar,country,2018,110168.17
QAT,Qatar,country,2019,108957.22
QAT,Qatar,country,2020,105292.21
QAT,Qatar,country,2021,107191.62
QAT,Qatar,country,2022,106501.65
QAT,Qatar,country,2023,105353.27
ROU,Romania,country,1990,16418.197
ROU,Romania,country,1991,14468.647
ROU,Romania,country,1992,13276.236
ROU,Romania,country,1993,13474.25
ROU,Romania,country,1994,14035.686
ROU,Romania,country,1995,14912.49
ROU,Romania,country,1996,15515.585
ROU,Romania,country,1997,14794.132
ROU,Romania,country,1998,14481.249
ROU,Romania,country,1999,14444.866
ROU,Romania,country,2000,14900.062
ROU,Romania,country,2001,15907.917
ROU,Romania,country,2002,17052.73
ROU,Romania,country,2003,17349.156
ROU,Romania,country,2004,18901.797
ROU,Romania,country,2005,20147.324
ROU,Romania,country,2006,21781.596
ROU,Romania,country,2007,23683.705
ROU,Romania,country,2008,26626.334
ROU,Romania,country,2009,25630.975
ROU,Romania,country,2010,24807.598
ROU,Romania,country,2011,26038.809
ROU,Romania,country,2012,26528.766
ROU,Romania,country,2013,26753.355
ROU,Romania,country,2014,28273.389
ROU,Romania,country,2015,29109.943
ROU,Romania,country,2016,30011.707
ROU,Romania,country,2017,32628.277
ROU,Romania,country,2018,34637.293
ROU,Romania,country,2019,36327.773
ROU,Romania,country,2020,35140.934
ROU,Romania,country,2021,37208.246
ROU,Romania,country,2022,38442.758
ROU,Romania,country,2023,39374.254
RUS,Russian Federation,country,1990,30906.912
RUS,Russian Federation,country,1991,29269.484
RUS,Russian Federation,country,1992,24607.398
RUS,Russian Federation,country,1993,22695.453
RUS,Russian Federation,country,1994,19937.865
RUS,Russian Federation,country,1995,19080.768
RUS,Russian Federation,country,1996,18356.035
RUS,Russian Federation,country,1997,18503.391
RUS,Russian Federation,country,1998,17141.229
RUS,Russian Federation,country,1999,18357.924
RUS,Russian Federation,country,2000,20565.064
RUS,Russian Federation,country,2001,21969.506
RUS,Russian Federation,country,2002,22916.865
RUS,Russian Federation,country,2003,24331.586
RUS,Russian Federation,country,2004,26385.781
RUS,Russian Federation,country,2005,28071.203
RUS,Russian Federation,country,2006,30280.701
RUS,Russian Federation,country,2007,33153.305
RUS,Russian Federation,country,2008,34838.094
RUS,Russian Federation,country,2009,31995.746
RUS,Russian Federation,country,2010,33441.719
RUS,Russian Federation,country,2011,34822.891
RUS,Russian Federation,country,2012,36106.52
RUS,Russian Federation,country,2013,36631.18
RUS,Russian Federation,country,2014,36220.199
RUS,Russian Federation,country,2015,35395.762
RUS,Russian Federation,country,2016,34380.656
RUS,Russian Federation,country,2017,34974.59
RUS,Russian Federation,country,2018,36011.168
RUS,Russian Federation,country,2019,36509.613
RUS,Russian Federation,country,2020,35887.18
RUS,Russian Federation,country,2021,38029.855
RUS,Russian Federation,country,2022,37462.902
RUS,Russian Federation,country,2023,39221.684
RWA,Rwanda,country,1990,1126.0708
RWA,Rwanda,country,1991,1072.0807
RWA,Rwanda,country,1992,1110.4232
RWA,Rwanda,country,1993,986.21527
RWA,Rwanda,country,1994,577.28931
RWA,Rwanda,country,1995,931.25061
RWA,Rwanda,country,1996,878.87573
RWA,Rwanda,country,1997,876.93951
RWA,Rwanda,country,1998,924.19409
RWA,Rwanda,country,1999,955.94885
RWA,Rwanda,country,2000,1020.8102
RWA,Rwanda,country,2001,1087.9407
RWA,Rwanda,country,2002,1211.7814
RWA,Rwanda,country,2003,1205.1099
RWA,Rwanda,country,2004,1261.941
RWA,Rwanda,country,2005,1350.722
RWA,Rwanda,country,2006,1436.6086
RWA,Rwanda,country,2007,1512.1514
RWA,Rwanda,country,2008,1632.3287
RWA,Rwanda,country,2009,1690.0454
RWA,Rwanda,country,2010,1764.193
RWA,Rwanda,country,2011,1856.2295
RWA,Rwanda,country,2012,1957.881
RWA,Rwanda,country,2013,1995.2222
RWA,Rwanda,country,2014,2055.5557
RWA,Rwanda,country,2015,2193.083
RWA,Rwanda,country,2016,2248.7249
RWA,Rwanda,country,2017,2269.2451
RWA,Rwanda,country,2018,2393.1428
RWA,Rwanda,country,2019,2563.9067
RWA,Rwanda,country,2020,2444.6497
RWA,Rwanda,country,2021,2654.116
RWA,Rwanda,country,2022,2804.1667
RWA,Rwanda,country,2023,2970.5596
SAU,Saudi Arabia,country,1990,42824.563
SAU,Saudi Arabia,country,1991,47330.828
SAU,Saudi Arabia,country,1992,47432.199
SAU,Saudi Arabia,country,1993,45303.895
SAU,Saudi Arabia,country,1994,44264.629
SAU,Saudi Arabia,country,1995,43134.207
SAU,Saudi Arabia,country,1996,43082.551
SAU,Saudi Arabia,country,1997,42404.379
SAU,Saudi Arabia,country,1998,42492.789
SAU,Saudi Arabia,country,1999,39848.293
SAU,Saudi Arabia,country,2000,41039.539
SAU,Saudi Arabia,country,2001,39554.063
SAU,Saudi Arabia,country,2002,37525.73
SAU,Saudi Arabia,country,2003,40793.363
SAU,Saudi Arabia,country,2004,43088.875
SAU,Saudi Arabia,country,2005,44118.578
SAU,Saudi Arabia,country,2006,43588.586
SAU,Saudi Arabia,country,2007,42683.23
SAU,Saudi Arabia,country,2008,43636.313
SAU,Saudi Arabia,country,2009,41167.617
SAU,Saudi Arabia,country,2010,41877.695
SAU,Saudi Arabia,country,2011,45342.34
SAU,Saudi Arabia,country,2012,46754.977
SAU,Saudi Arabia,country,2013,46933.641
SAU,Saudi Arabia,country,2014,47747.188
SAU,Saudi Arabia,country,2015,48948.93
SAU,Saudi Arabia,country,2016,48876.781
SAU,Saudi Arabia,country,2017,48201.5
SAU,Saudi Arabia,country,2018,48571.641
SAU,Saudi Arabia,country,2019,47995.699
SAU,Saudi Arabia,country,2020,46058.5
SAU,Saudi Arabia,country,2021,48458.898
SAU,Saudi Arabia,country,2022,51430.703
SAU,Saudi Arabia,country,2023,50298.914
SDN,Sudan,country,1990,
SDN,Sudan,country,1991,
SDN,Sudan,country,1992,
SDN,Sudan,country,1993,
SDN,Sudan,country,1994,
SDN,Sudan,country,1995,
SDN,Sudan,country,1996,
SDN,Sudan,country,1997,
SDN,Sudan,country,1998,
SDN,Sudan,country,1999,
SDN,Sudan,country,2000,
SDN,Sudan,country,2001,
SDN,Sudan,country,2002,
SDN,Sudan,country,2003,
SDN,Sudan,country,2004,
SDN,Sudan,country,2005,
SDN,Sudan,country,2006,
SDN,Sudan,country,2007,
SDN,Sudan,country,2008,2678.7932
SDN,Sudan,country,2009,2902.6072
SDN,Sudan,country,2010,3495.7024
SDN,Sudan,country,2011,3305.4653
SDN,Sudan,country,2012,3176.4089
SDN,Sudan,country,2013,3216.3635
SDN,Sudan,country,2014,3510.7754
SDN,Sudan,country,2015,3386.384
SDN,Sudan,country,2016,3422.6133
SDN,Sudan,country,2017,3362.1746
SDN,Sudan,country,2018,3806.7507
SDN,Sudan,country,2019,3642.283
SDN,Sudan,country,2020,3382.5955
SDN,Sudan,country,2021,3286.1079
SDN,Sudan,country,2022,3234.2537
SDN,Sudan,country,2023,2810.312
SEN,Senegal,country,1990,2924.6599
SEN,Senegal,country,1991,2916.5483
SEN,Senegal,country,1992,2899.8628
SEN,Senegal,country,1993,2835.3354
SEN,Senegal,country,1994,2760.918
SEN,Senegal,country,1995,2845.4517
SEN,Senegal,country,1996,2868.6426
SEN,Senegal,country,1997,2884.4949
SEN,Senegal,country,1998,2995.1013
SEN,Senegal,country,1999,3092.5359
SEN,Senegal,country,2000,3136.4707
SEN,Senegal,country,2001,3202.3425
SEN,Senegal,country,2002,3121.2371
SEN,Senegal,country,2003,3226.5903
SEN,Senegal,country,2004,3299.6404
SEN,Senegal,country,2005,3357.605
SEN,Senegal,country,2006,3356.2249
SEN,Senegal,country,2007,3361.8101
SEN,Senegal,country,2008,3403.8762
SEN,Senegal,country,2009,3379.073
SEN,Senegal,country,2010,3404.2651
SEN,Senegal,country,2011,3336.2109
SEN,Senegal,country,2012,3373.4807
SEN,Senegal,country,2013,3360.5859
SEN,Senegal,country,2014,3463.4387
SEN,Senegal,country,2015,3559.8918
SEN,Senegal,country,2016,3681.9353
SEN,Senegal,country,2017,3841.2285
SEN,Senegal,country,2018,3980.0564
SEN,Senegal,country,2019,4052.2505
SEN,Senegal,country,2020,4037.0198
SEN,Senegal,country,2021,4150.1792
SEN,Senegal,country,2022,4172.1387
SEN,Senegal,country,2023,4202.0308
SGP,Singapore,country,1990,45791.855
SGP,Singapore,country,1991,47106.609
SGP,Singapore,country,1992,49609
SGP,Singapore,country,1993,52603.664
SGP,Singapore,country,1994,58030.73
SGP,Singapore,country,1995,60512.813
SGP,Singapore,country,1996,61812.754
SGP,Singapore,country,1997,66367.289
SGP,Singapore,country,1998,62869.543
SGP,Singapore,country,1999,65152.586
SGP,Singapore,country,2000,68627.797
SGP,Singapore,country,2001,66519.727
SGP,Singapore,country,2002,67704.563
SGP,Singapore,country,2003,70448.508
SGP,Singapore,country,2004,74134.625
SGP,Singapore,country,2005,78136.617
SGP,Singapore,country,2006,85069.508
SGP,Singapore,country,2007,88996.031
SGP,Singapore,country,2008,85756.617
SGP,Singapore,country,2009,81768.719
SGP,Singapore,country,2010,95610.258
SGP,Singapore,country,2011,97121.086
SGP,Singapore,country,2012,98260.742
SGP,Singapore,country,2013,100235.18
SGP,Singapore,country,2014,104872.31
SGP,Singapore,country,2015,102979.48
SGP,Singapore,country,2016,106529.83
SGP,Singapore,country,2017,109795.01
SGP,Singapore,country,2018,106603.85
SGP,Singapore,country,2019,108155.71
SGP,Singapore,country,2020,102455.79
SGP,Singapore,country,2021,112141.23
SGP,Singapore,country,2022,108655.38
SGP,Singapore,country,2023,111239.23
SLB,Solomon Islands,country,1990,2321.4138
SLB,Solomon Islands,country,1991,2364.3914
SLB,Solomon Islands,country,1992,2594.8601
SLB,Solomon Islands,country,1993,2693.7573
SLB,Solomon Islands,country,1994,2845.7676
SLB,Solomon Islands,country,1995,3008.8811
SLB,Solomon Islands,country,1996,2987.0776
SLB,Solomon Islands,country,1997,2867.0608
SLB,Solomon Islands,country,1998,2830.427
SLB,Solomon Islands,country,1999,2684.6042
SLB,Solomon Islands,country,2000,2311.4951
SLB,Solomon Islands,country,2001,2099.7769
SLB,Solomon Islands,country,2002,1948.1819
SLB,Solomon Islands,country,2003,2057.26
SLB,Solomon Islands,country,2004,2195.6072
SLB,Solomon Islands,country,2005,2301.4204
SLB,Solomon Islands,country,2006,2274.1431
SLB,Solomon Islands,country,2007,2227.7129
SLB,Solomon Islands,country,2008,2256.4824
SLB,Solomon Islands,country,2009,2281.9558
SLB,Solomon Islands,country,2010,2501.4802
SLB,Solomon Islands,country,2011,2575.1646
SLB,Solomon Islands,country,2012,2642.0466
SLB,Solomon Islands,country,2013,2856.4238
SLB,Solomon Islands,country,2014,2777.5769
SLB,Solomon Islands,country,2015,2733.1387
SLB,Solomon Islands,country,2016,2779.1033
SLB,Solomon Islands,country,2017,2826.1399
SLB,Solomon Islands,country,2018,2853.9539
SLB,Solomon Islands,country,2019,2843.8608
SLB,Solomon Islands,country,2020,2777.3564
SLB,Solomon Islands,country,2021,2746.1909
SLB,Solomon Islands,country,2022,2732.1409
SLB,Solomon Islands,country,2023,2777.2668
SLE,Sierra Leone,country,1990,1771.3767
SLE,Sierra Leone,country,1991,1665.0107
SLE,Sierra Leone,country,1992,1479.3906
SLE,Sierra Leone,country,1993,1571.1449
SLE,Sierra Leone,country,1994,1504.5001
SLE,Sierra Leone,country,1995,1451.0603
SLE,Sierra Leone,country,1996,1115.6796
SLE,Sierra Leone,country,1997,920.90436
SLE,Sierra Leone,country,1998,874.90277
SLE,Sierra Leone,country,1999,812.91968
SLE,Sierra Leone,country,2000,828.32568
SLE,Sierra Leone,country,2001,921.93079
SLE,Sierra Leone,country,2002,1102.931
SLE,Sierra Leone,country,2003,1162.8793
SLE,Sierra Leone,country,2004,1195.2625
SLE,Sierra Leone,country,2005,1215.1899
SLE,Sierra Leone,country,2006,1079.1073
SLE,Sierra Leone,country,2007,1404.9415
SLE,Sierra Leone,country,2008,1493.1764
SLE,Sierra Leone,country,2009,1502.3639
SLE,Sierra Leone,country,2010,1430.4208
SLE,Sierra Leone,country,2011,1515.5435
SLE,Sierra Leone,country,2012,1472.682
SLE,Sierra Leone,country,2013,1922.8972
SLE,Sierra Leone,country,2014,1931.572
SLE,Sierra Leone,country,2015,1521.6405
SLE,Sierra Leone,country,2016,1575.0961
SLE,Sierra Leone,country,2017,1581.5212
SLE,Sierra Leone,country,2018,1609.7008
SLE,Sierra Leone,country,2019,1648.811
SLE,Sierra Leone,country,2020,1566.8772
SLE,Sierra Leone,country,2021,1605.3253
SLE,Sierra Leone,country,2022,1657.1411
SLE,Sierra Leone,country,2023,1713.7278
SLV,El Salvador,country,1990,5833.5742
SLV,El Salvador,country,1991,5845.4395
SLV,El Salvador,country,1992,6195.3169
SLV,El Salvador,country,1993,6461.9546
SLV,El Salvador,country,1994,6722.1958
SLV,El Salvador,country,1995,7009.3027
SLV,El Salvador,country,1996,6991.7681
SLV,El Salvador,country,1997,7102.2036
SLV,El Salvador,country,1998,7245.6006
SLV,El Salvador,country,1999,7271.4609
SLV,El Salvador,country,2000,7343.2783
SLV,El Salvador,country,2001,7368.9033
SLV,El Salvador,country,2002,7423.8027
SLV,El Salvador,country,2003,7468.4082
SLV,El Salvador,country,2004,7515.5366
SLV,El Salvador,country,2005,7711.0732
SLV,El Salvador,country,2006,8105.6177
SLV,El Salvador,country,2007,8248.9395
SLV,El Salvador,country,2008,8447.9365
SLV,El Salvador,country,2009,8152.9805
SLV,El Salvador,country,2010,8321.376
SLV,El Salvador,country,2011,8594.9473
SLV,El Salvador,country,2012,8713.9463
SLV,El Salvador,country,2013,8830.1055
SLV,El Salvador,country,2014,8942.6504
SLV,El Salvador,country,2015,9109.9551
SLV,El Salvador,country,2016,9258.7432
SLV,El Salvador,country,2017,9406.1357
SLV,El Salvador,country,2018,9614.1875
SLV,El Salvador,country,2019,9908.6426
SLV,El Salvador,country,2020,9052.749
SLV,El Salvador,country,2021,10087.304
SLV,El Salvador,country,2022,10309.422
SLV,El Salvador,country,2023,10594.842
SMR,San Marino,country,1990,58685.125
SMR,San Marino,country,1991,58781.66
SMR,San Marino,country,1992,58466.234
SMR,San Marino,country,1993,62681.418
SMR,San Marino,country,1994,66109.672
SMR,San Marino,country,1995,71290.563
SMR,San Marino,country,1996,73803.609
SMR,San Marino,country,1997,76552.695
SMR,San Marino,country,1998,80180.773
SMR,San Marino,country,1999,84072.758
SMR,San Marino,country,2000,83845.992
SMR,San Marino,country,2001,86643.977
SMR,San Marino,country,2002,87687.281
SMR,San Marino,country,2003,90860.859
SMR,San Marino,country,2004,93037.602
SMR,San Marino,country,2005,92822.992
SMR,San Marino,country,2006,95816.789
SMR,San Marino,country,2007,98641.164
SMR,San Marino,country,2008,97014.117
SMR,San Marino,country,2009,81511.781
SMR,San Marino,country,2010,78469.492
SMR,San Marino,country,2011,67593.82
SMR,San Marino,country,2012,55207.145
SMR,San Marino,country,2013,56736.367
SMR,San Marino,country,2014,55802.113
SMR,San Marino,country,2015,52062.73
SMR,San Marino,country,2016,52652.438
SMR,San Marino,country,2017,57762.883
SMR,San Marino,country,2018,57484.395
SMR,San Marino,country,2019,58940.227
SMR,San Marino,country,2020,54529.254
SMR,San Marino,country,2021,59021.523
SMR,San Marino,country,2022,58043.383
SMR,San Marino,country,2023,64706.375
SOM,Somalia,country,1990,964.13037
SOM,Somalia,country,1991,1062.6058
SOM,Somalia,country,1992,1021.6624
SOM,Somalia,country,1993,1033.4553
SOM,Somalia,country,1994,803.02612
SOM,Somalia,country,1995,806.69073
SOM,Somalia,country,1996,845.15149
SOM,Somalia,country,1997,826.25427
SOM,Somalia,country,1998,845.47186
SOM,Somalia,country,1999,871.92188
SOM,Somalia,country,2000,898.91406
SOM,Somalia,country,2001,926.90015
SOM,Somalia,country,2002,961.99512
SOM,Somalia,country,2003,999.08783
SOM,Somalia,country,2004,1032.7955
SOM,Somalia,country,2005,1070.0548
SOM,Somalia,country,2006,1106.6234
SOM,Somalia,country,2007,1146.0143
SOM,Somalia,country,2008,1188.6345
SOM,Somalia,country,2009,1238.2969
SOM,Somalia,country,2010,1290.5902
SOM,Somalia,country,2011,1369.1432
SOM,Somalia,country,2012,1449.5938
SOM,Somalia,country,2013,1489.8529
SOM,Somalia,country,2014,1489.0897
SOM,Somalia,country,2015,1515.0067
SOM,Somalia,country,2016,1454.9537
SOM,Somalia,country,2017,1549.7864
SOM,Somalia,country,2018,1528.6869
SOM,Somalia,country,2019,1529.0455
SOM,Somalia,country,2020,1446.4587
SOM,Somalia,country,2021,1455.726
SOM,Somalia,country,2022,1454.687
SOM,Somalia,country,2023,1474.7384
SRB,Serbia,country,1990,
SRB,Serbia,country,1991,
SRB,Serbia,country,1992,
SRB,Serbia,country,1993,
SRB,Serbia,country,1994,
SRB,Serbia,country,1995,8825.4297
SRB,Serbia,country,1996,9396.9551
SRB,Serbia,country,1997,10098.207
SRB,Serbia,country,1998,10469.854
SRB,Serbia,country,1999,9519.4844
SRB,Serbia,country,2000,10127.352
SRB,Serbia,country,2001,10847.726
SRB,Serbia,country,2002,11500.349
SRB,Serbia,country,2003,12006.588
SRB,Serbia,country,2004,13093.978
SRB,Serbia,country,2005,13663.619
SRB,Serbia,country,2006,14310.406
SRB,Serbia,country,2007,15253.019
SRB,Serbia,country,2008,16247.565
SRB,Serbia,country,2009,16078.804
SRB,Serbia,country,2010,16161.6
SRB,Serbia,country,2011,16328.105
SRB,Serbia,country,2012,16397.504
SRB,Serbia,country,2013,16835.938
SRB,Serbia,country,2014,16659.008
SRB,Serbia,country,2015,16900.705
SRB,Serbia,country,2016,17394.711
SRB,Serbia,country,2017,17674.197
SRB,Serbia,country,2018,18842.318
SRB,Serbia,country,2019,19693.934
SRB,Serbia,country,2020,20132.23
SRB,Serbia,country,2021,21703.416
SRB,Serbia,country,2022,22577.783
SRB,Serbia,country,2023,23114.809
SSD,South Sudan,country,1990,
SSD,South Sudan,country,1991,
SSD,South Sudan,country,1992,
SSD,South Sudan,country,1993,
SSD,South Sudan,country,1994,
SSD,South Sudan,country,1995,
SSD,South Sudan,country,1996,
SSD,South Sudan,country,1997,
SSD,South Sudan,country,1998,
SSD,South Sudan,country,1999,
SSD,South Sudan,country,2000,
SSD,South Sudan,country,2001,
SSD,South Sudan,country,2002,
SSD,South Sudan,country,2003,
SSD,South Sudan,country,2004,
SSD,South Sudan,country,2005,
SSD,South Sudan,country,2006,
SSD,South Sudan,country,2007,
SSD,South Sudan,country,2008,1344.6062
SSD,South Sudan,country,2009,1369.7683
SSD,South Sudan,country,2010,1315.6061
SSD,South Sudan,country,2011,1318.7109
SSD,South Sudan,country,2012,715.47968
SSD,South Sudan,country,2013,719.5213
SSD,South Sudan,country,2014,712.68372
SSD,South Sudan,country,2015,735.35712
SSD,South Sudan,country,2016,698.64502
SSD,South Sudan,country,2017,739.10602
SSD,South Sudan,country,2018,728.84985
SSD,South Sudan,country,2019,838.57343
SSD,South Sudan,country,2020,791.0578
SSD,South Sudan,country,2021,759.82416
SSD,South Sudan,country,2022,701.45703
SSD,South Sudan,country,2023,688.34729
STP,Sao Tome and Principe,country,1990,3246.6348
STP,Sao Tome and Principe,country,1991,3138.6287
STP,Sao Tome and Principe,country,1992,3101.0334
STP,Sao Tome and Principe,country,1993,3062.1113
STP,Sao Tome and Principe,country,1994,3093.2703
STP,Sao Tome and Principe,country,1995,3067.134
STP,Sao Tome and Principe,country,1996,3123.4285
STP,Sao Tome and Principe,country,1997,3088.4265
STP,Sao Tome and Principe,country,1998,3080.3237
STP,Sao Tome and Principe,country,1999,3201.8159
STP,Sao Tome and Principe,country,2000,3228.4292
STP,Sao Tome and Principe,country,2001,3426.9553
STP,Sao Tome and Principe,country,2002,3420.3867
STP,Sao Tome and Principe,country,2003,3623.1694
STP,Sao Tome and Principe,country,2004,3656.9468
STP,Sao Tome and Principe,country,2005,3845.4036
STP,Sao Tome and Principe,country,2006,4286.4258
STP,Sao Tome and Principe,country,2007,4354.2925
STP,Sao Tome and Principe,country,2008,4461.1553
STP,Sao Tome and Principe,country,2009,4460.04
STP,Sao Tome and Principe,country,2010,4652.001
STP,Sao Tome and Principe,country,2011,4755.9585
STP,Sao Tome and Principe,country,2012,4730.189
STP,Sao Tome and Principe,country,2013,4996.4268
STP,Sao Tome and Principe,country,2014,5267.208
STP,Sao Tome and Principe,country,2015,5271.188
STP,Sao Tome and Principe,country,2016,5431.6147
STP,Sao Tome and Principe,country,2017,5518.0498
STP,Sao Tome and Principe,country,2018,5611.8091
STP,Sao Tome and Principe,country,2019,5625.1792
STP,Sao Tome and Principe,country,2020,5771.7266
STP,Sao Tome and Principe,country,2021,5732.9399
STP,Sao Tome and Principe,country,2022,5673.3828
STP,Sao Tome and Principe,country,2023,5583.4233
SUR,Suriname,country,1990,15390.771
SUR,Suriname,country,1991,16132.464
SUR,Suriname,country,1992,15299.864
SUR,Suriname,country,1993,13071.745
SUR,Suriname,country,1994,15107.718
SUR,Suriname,country,1995,14784.966
SUR,Suriname,country,1996,14872.614
SUR,Suriname,country,1997,15060.629
SUR,Suriname,country,1998,15334.251
SUR,Suriname,country,1999,14593.451
SUR,Suriname,country,2000,14550.303
SUR,Suriname,country,2001,13647.423
SUR,Suriname,country,2002,15129.348
SUR,Suriname,country,2003,15781.903
SUR,Suriname,country,2004,16812.6
SUR,Suriname,country,2005,17554.277
SUR,Suriname,country,2006,18317.771
SUR,Suriname,country,2007,19477.627
SUR,Suriname,country,2008,20112.723
SUR,Suriname,country,2009,20385.826
SUR,Suriname,country,2010,20645.791
SUR,Suriname,country,2011,20811.625
SUR,Suriname,country,2012,21601.977
SUR,Suriname,country,2013,22290.625
SUR,Suriname,country,2014,22378.273
SUR,Suriname,country,2015,23150.328
SUR,Suriname,country,2016,20727.43
SUR,Suriname,country,2017,19531.225
SUR,Suriname,country,2018,20592.258
SUR,Suriname,country,2019,20620.834
SUR,Suriname,country,2020,16850.164
SUR,Suriname,country,2021,16093.577
SUR,Suriname,country,2022,17045.33
SUR,Suriname,country,2023,17344.387
SVK,Slovakia,country,1990,19518.736
SVK,Slovakia,country,1991,16557.236
SVK,Slovakia,country,1992,15411.026
SVK,Slovakia,country,1993,15500.405
SVK,Slovakia,country,1994,16418.652
SVK,Slovakia,country,1995,17645.076
SVK,Slovakia,country,1996,18338.762
SVK,Slovakia,country,1997,19501.09
SVK,Slovakia,country,1998,20073.699
SVK,Slovakia,country,1999,19810.375
SVK,Slovakia,country,2000,20415.609
SVK,Slovakia,country,2001,21083.939
SVK,Slovakia,country,2002,21979.219
SVK,Slovakia,country,2003,22102.014
SVK,Slovakia,country,2004,23479.303
SVK,Slovakia,country,2005,25374.975
SVK,Slovakia,country,2006,27150.408
SVK,Slovakia,country,2007,29798.598
SVK,Slovakia,country,2008,31358.967
SVK,Slovakia,country,2009,29723.99
SVK,Slovakia,country,2010,31002.191
SVK,Slovakia,country,2011,31004.744
SVK,Slovakia,country,2012,31580.789
SVK,Slovakia,country,2013,31864.287
SVK,Slovakia,country,2014,32526.344
SVK,Slovakia,country,2015,33624.949
SVK,Slovakia,country,2016,34031.117
SVK,Slovakia,country,2017,35101.738
SVK,Slovakia,country,2018,36342.586
SVK,Slovakia,country,2019,36805.133
SVK,Slovakia,country,2020,35964.559
SVK,Slovakia,country,2021,36696.121
SVK,Slovakia,country,2022,36462.098
SVK,Slovakia,country,2023,36792.988
SVN,Slovenia,country,1990,25958.826
SVN,Slovenia,country,1991,23637.105
SVN,Slovenia,country,1992,22371.434
SVN,Slovenia,country,1993,23051.035
SVN,Slovenia,country,1994,24299.607
SVN,Slovenia,country,1995,25358.873
SVN,Slovenia,country,1996,26312.994
SVN,Slovenia,country,1997,27651.938
SVN,Slovenia,country,1998,28745.412
SVN,Slovenia,country,1999,30364.01
SVN,Slovenia,country,2000,30802.762
SVN,Slovenia,country,2001,32084.953
SVN,Slovenia,country,2002,33229.762
SVN,Slovenia,country,2003,34241.422
SVN,Slovenia,country,2004,35363.898
SVN,Slovenia,country,2005,36345.336
SVN,Slovenia,country,2006,38056.641
SVN,Slovenia,country,2007,40320.352
SVN,Slovenia,country,2008,41196.027
SVN,Slovenia,country,2009,38871.59
SVN,Slovenia,country,2010,38394.859
SVN,Slovenia,country,2011,38288.461
SVN,Slovenia,country,2012,36848.809
SVN,Slovenia,country,2013,36681.738
SVN,Slovenia,country,2014,38094.488
SVN,Slovenia,country,2015,38384.648
SVN,Slovenia,country,2016,39975.383
SVN,Slovenia,country,2017,42032.465
SVN,Slovenia,country,2018,43877.289
SVN,Slovenia,country,2019,45191.695
SVN,Slovenia,country,2020,43555.105
SVN,Slovenia,country,2021,45942.152
SVN,Slovenia,country,2022,45469.656
SVN,Slovenia,country,2023,46360.809
SWE,Sweden,country,1990,41336.953
SWE,Sweden,country,1991,40403.586
SWE,Sweden,country,1992,39142.711
SWE,Sweden,country,1993,37400.773
SWE,Sweden,country,1994,39320.398
SWE,Sweden,country,1995,41244.063
SWE,Sweden,country,1996,41627.223
SWE,Sweden,country,1997,42754.711
SWE,Sweden,country,1998,44695.75
SWE,Sweden,country,1999,46932.645
SWE,Sweden,country,2000,48894.844
SWE,Sweden,country,2001,49212.957
SWE,Sweden,country,2002,49727.465
SWE,Sweden,country,2003,51186.98
SWE,Sweden,country,2004,52354.695
SWE,Sweden,country,2005,53720.855
SWE,Sweden,country,2006,56686.582
SWE,Sweden,country,2007,58774.113
SWE,Sweden,country,2008,58257.254
SWE,Sweden,country,2009,54867.801
SWE,Sweden,country,2010,57709.766
SWE,Sweden,country,2011,58475.551
SWE,Sweden,country,2012,57780.035
SWE,Sweden,country,2013,57907.258
SWE,Sweden,country,2014,58807.672
SWE,Sweden,country,2015,60213.746
SWE,Sweden,country,2016,60589.383
SWE,Sweden,country,2017,61796.469
SWE,Sweden,country,2018,62074.867
SWE,Sweden,country,2019,63446.801
SWE,Sweden,country,2020,62091.828
SWE,Sweden,country,2021,66039.563
SWE,Sweden,country,2022,67099.336
SWE,Sweden,country,2023,66102.086
SWZ,Eswatini,country,1990,5808.1147
SWZ,Eswatini,country,1991,5716.5688
SWZ,Eswatini,country,1992,5699.1377
SWZ,Eswatini,country,1993,5548.6055
SWZ,Eswatini,country,1994,5424.2446
SWZ,Eswatini,country,1995,6025.5107
SWZ,Eswatini,country,1996,6309.5674
SWZ,Eswatini,country,1997,6393.9023
SWZ,Eswatini,country,1998,6207.0439
SWZ,Eswatini,country,1999,6411.4033
SWZ,Eswatini,country,2000,6252.7231
SWZ,Eswatini,country,2001,6558.8784
SWZ,Eswatini,country,2002,6354.0273
SWZ,Eswatini,country,2003,6402.0122
SWZ,Eswatini,country,2004,6734.354
SWZ,Eswatini,country,2005,7516.0259
SWZ,Eswatini,country,2006,7508.3848
SWZ,Eswatini,country,2007,7856.1348
SWZ,Eswatini,country,2008,7770.6768
SWZ,Eswatini,country,2009,7699.9507
SWZ,Eswatini,country,2010,7711.5737
SWZ,Eswatini,country,2011,7769.5645
SWZ,Eswatini,country,2012,8097.1343
SWZ,Eswatini,country,2013,8554.2207
SWZ,Eswatini,country,2014,8576.0527
SWZ,Eswatini,country,2015,8731.2441
SWZ,Eswatini,country,2016,8613.6182
SWZ,Eswatini,country,2017,8599.2939
SWZ,Eswatini,country,2018,8696.5381
SWZ,Eswatini,country,2019,8473.9502
SWZ,Eswatini,country,2020,8361.6865
SWZ,Eswatini,country,2021,9440.04
SWZ,Eswatini,country,2022,11034.708
SWZ,Eswatini,country,2023,9919.085
SYC,Seychelles,country,1990,15030.803
SYC,Seychelles,country,1991,15342.884
SYC,Seychelles,country,1992,16485.271
SYC,Seychelles,country,1993,17300.26
SYC,Seychelles,country,1994,16670.848
SYC,Seychelles,country,1995,16027.258
SYC,Seychelles,country,1996,17521.26
SYC,Seychelles,country,1997,19580.74
SYC,Seychelles,country,1998,19435.836
SYC,Seychelles,country,1999,19311.875
SYC,Seychelles,country,2000,19729.33
SYC,Seychelles,country,2001,19710.117
SYC,Seychelles,country,2002,18050.762
SYC,Seychelles,country,2003,17831.674
SYC,Seychelles,country,2004,18638.666
SYC,Seychelles,country,2005,20212.549
SYC,Seychelles,country,2006,21648.582
SYC,Seychelles,country,2007,21691.266
SYC,Seychelles,country,2008,20320.91
SYC,Seychelles,country,2009,20066.322
SYC,Seychelles,country,2010,20608.455
SYC,Seychelles,country,2011,22810.146
SYC,Seychelles,country,2012,24954.832
SYC,Seychelles,country,2013,23339.896
SYC,Seychelles,country,2014,23887.283
SYC,Seychelles,country,2015,25598.975
SYC,Seychelles,country,2016,28024.553
SYC,Seychelles,country,2017,29627.68
SYC,Seychelles,country,2018,31385.398
SYC,Seychelles,country,2019,33095.32
SYC,Seychelles,country,2020,29041.748
SYC,Seychelles,country,2021,28723.199
SYC,Seychelles,country,2022,27682.193
SYC,Seychelles,country,2023,29195.037
SYR,Syrian Arab Republic,country,1990,5045.3589
SYR,Syrian Arab Republic,country,1991,5263.4668
SYR,Syrian Arab Republic,country,1992,5817.2583
SYR,Syrian Arab Republic,country,1993,5952.1899
SYR,Syrian Arab Republic,country,1994,6455.2168
SYR,Syrian Arab Republic,country,1995,6718.5063
SYR,Syrian Arab Republic,country,1996,7027.9727
SYR,Syrian Arab Republic,country,1997,7352.2075
SYR,Syrian Arab Republic,country,1998,7488.7441
SYR,Syrian Arab Republic,country,1999,7058.8696
SYR,Syrian Arab Republic,country,2000,6535.9844
SYR,Syrian Arab Republic,country,2001,6959.1934
SYR,Syrian Arab Republic,country,2002,7322.7334
SYR,Syrian Arab Republic,country,2003,7226.2104
SYR,Syrian Arab Republic,country,2004,7567.8354
SYR,Syrian Arab Republic,country,2005,7434.9658
SYR,Syrian Arab Republic,country,2006,7958.7544
SYR,Syrian Arab Republic,country,2007,7995.0063
SYR,Syrian Arab Republic,country,2008,8029.916
SYR,Syrian Arab Republic,country,2009,8395.9307
SYR,Syrian Arab Republic,country,2010,8223.7715
SYR,Syrian Arab Republic,country,2011,8288.0283
SYR,Syrian Arab Republic,country,2012,6323.8242
SYR,Syrian Arab Republic,country,2013,5048.8408
SYR,Syrian Arab Republic,country,2014,4696.9478
SYR,Syrian Arab Republic,country,2015,4700.312
SYR,Syrian Arab Republic,country,2016,4522.8052
SYR,Syrian Arab Republic,country,2017,4554.6865
SYR,Syrian Arab Republic,country,2018,4601.6387
SYR,Syrian Arab Republic,country,2019,4542.1768
SYR,Syrian Arab Republic,country,2020,4440.3188
SYR,Syrian Arab Republic,country,2021,4425.9927
SYR,Syrian Arab Republic,country,2022,4303.1006
SYR,Syrian Arab Republic,country,2023,3917.7024
TCD,Chad,country,1990,1251.5352
TCD,Chad,country,1991,1325.4402
TCD,Chad,country,1992,1377.4255
TCD,Chad,country,1993,1093.0315
TCD,Chad,country,1994,1210.67
TCD,Chad,country,1995,1177.2767
TCD,Chad,country,1996,1147.4271
TCD,Chad,country,1997,1165.5508
TCD,Chad,country,1998,1219.5581
TCD,Chad,country,1999,1168.9297
TCD,Chad,country,2000,1104.5013
TCD,Chad,country,2001,1191.6111
TCD,Chad,country,2002,1223.177
TCD,Chad,country,2003,1110.6687
TCD,Chad,country,2004,1612.829
TCD,Chad,country,2005,1705.7677
TCD,Chad,country,2006,1516.8412
TCD,Chad,country,2007,1681.4554
TCD,Chad,country,2008,1623.8197
TCD,Chad,country,2009,1873.2261
TCD,Chad,country,2010,2075.3425
TCD,Chad,country,2011,2021.6909
TCD,Chad,country,2012,2128.479
TCD,Chad,country,2013,2120.5183
TCD,Chad,country,2014,2194.5229
TCD,Chad,country,2015,2226.9688
TCD,Chad,country,2016,2044.8892
TCD,Chad,country,2017,1928.8562
TCD,Chad,country,2018,1905.6646
TCD,Chad,country,2019,1902.5293
TCD,Chad,country,2020,1818.4254
TCD,Chad,country,2021,1738.2743
TCD,Chad,country,2022,1728.9102
TCD,Chad,country,2023,1748.001
TGO,Togo,country,1990,2210.7659
TGO,Togo,country,1991,2136.168
TGO,Togo,country,1992,1994.4955
TGO,Togo,country,1993,1730.827
TGO,Togo,country,1994,1923.3818
TGO,Togo,country,1995,2007.5387
TGO,Togo,country,1996,2109.1418
TGO,Togo,country,1997,2335.5408
TGO,Togo,country,1998,2220.385
TGO,Togo,country,1999,2196.3767
TGO,Togo,country,2000,2125.3877
TGO,Togo,country,2001,2085.4785
TGO,Togo,country,2002,2119.1746
TGO,Togo,country,2003,2205.6064
TGO,Togo,country,2004,2121.8733
TGO,Togo,country,2005,1971.5078
TGO,Togo,country,2006,1966.5442
TGO,Togo,country,2007,1892.8873
TGO,Togo,country,2008,1922.0491
TGO,Togo,country,2009,1969.0885
TGO,Togo,country,2010,2027.7078
TGO,Togo,country,2011,2189.1177
TGO,Togo,country,2012,2177.144
TGO,Togo,country,2013,2252.5906
TGO,Togo,country,2014,2326.9973
TGO,Togo,country,2015,2431.1042
TGO,Togo,country,2016,2433.1946
TGO,Togo,country,2017,2453.3352
TGO,Togo,country,2018,2513.9707
TGO,Togo,country,2019,2575.9536
TGO,Togo,country,2020,2571.6768
TGO,Togo,country,2021,2652.7437
TGO,Togo,country,2022,2747.7065
TGO,Togo,country,2023,2855.9639
THA,Thailand,country,1990,8478.667
THA,Thailand,country,1991,9036.2305
THA,Thailand,country,1992,9683.9189
THA,Thailand,country,1993,10379.604
THA,Thailand,country,1994,11034.121
THA,Thailand,country,1995,11743.091
THA,Thailand,country,1996,12163.609
THA,Thailand,country,1997,11616.719
THA,Thailand,country,1998,10492.311
THA,Thailand,country,1999,10927.21
THA,Thailand,country,2000,11413.049
THA,Thailand,country,2001,11588.473
THA,Thailand,country,2002,12093.164
THA,Thailand,country,2003,12766.23
THA,Thailand,country,2004,13411.985
THA,Thailand,country,2005,13833.782
THA,Thailand,country,2006,14516.536
THA,Thailand,country,2007,15233.157
THA,Thailand,country,2008,15338.67
THA,Thailand,country,2009,15143.043
THA,Thailand,country,2010,16057.189
THA,Thailand,country,2011,16390.219
THA,Thailand,country,2012,17080.318
THA,Thailand,country,2013,17105.914
THA,Thailand,country,2014,17411.838
THA,Thailand,country,2015,17872.377
THA,Thailand,country,2016,18492.582
THA,Thailand,country,2017,19227.645
THA,Thailand,country,2018,19905.186
THA,Thailand,country,2019,20530.982
THA,Thailand,country,2020,19548.529
THA,Thailand,country,2021,19576.498
THA,Thailand,country,2022,20180.51
THA,Thailand,country,2023,20569.902
TJK,Tajikistan,country,1990,
TJK,Tajikistan,country,1991,
TJK,Tajikistan,country,1992,
TJK,Tajikistan,country,1993,2425.4612
TJK,Tajikistan,country,1994,1513.2664
TJK,Tajikistan,country,1995,1549.5392
TJK,Tajikistan,country,1996,1227.8076
TJK,Tajikistan,country,1997,1284.738
TJK,Tajikistan,country,1998,1351.1549
TJK,Tajikistan,country,1999,1393.5103
TJK,Tajikistan,country,2000,1462.2799
TJK,Tajikistan,country,2001,1572.536
TJK,Tajikistan,country,2002,1726.6912
TJK,Tajikistan,country,2003,1861.9407
TJK,Tajikistan,country,2004,2048.5754
TJK,Tajikistan,country,2005,2411.9355
TJK,Tajikistan,country,2006,2641.6677
TJK,Tajikistan,country,2007,2781.0283
TJK,Tajikistan,country,2008,2951.5522
TJK,Tajikistan,country,2009,2897.551
TJK,Tajikistan,country,2010,3063.666
TJK,Tajikistan,country,2011,3248.3743
TJK,Tajikistan,country,2012,3413.5901
TJK,Tajikistan,country,2013,3615.5005
TJK,Tajikistan,country,2014,3676.1399
TJK,Tajikistan,country,2015,3712.2795
TJK,Tajikistan,country,2016,3830.427
TJK,Tajikistan,country,2017,4003.938
TJK,Tajikistan,country,2018,4222.9653
TJK,Tajikistan,country,2019,4437.2163
TJK,Tajikistan,country,2020,4539.6904
TJK,Tajikistan,country,2021,4904.7642
TJK,Tajikistan,country,2022,5416.8311
TJK,Tajikistan,country,2023,5746.5688
TKM,Turkmenistan,country,1990,10390.003
TKM,Turkmenistan,country,1991,9667.1963
TKM,Turkmenistan,country,1992,8035.1611
TKM,Turkmenistan,country,1993,7978.271
TKM,Turkmenistan,country,1994,6650.0107
TKM,Turkmenistan,country,1995,5891.3301
TKM,Turkmenistan,country,1996,6177.2095
TKM,Turkmenistan,country,1997,5528.2476
TKM,Turkmenistan,country,1998,5697.5415
TKM,Turkmenistan,country,1999,6421.2563
TKM,Turkmenistan,country,2000,6361.8032
TKM,Turkmenistan,country,2001,6779.3389
TKM,Turkmenistan,country,2002,6505.1348
TKM,Turkmenistan,country,2003,6684.6426
TKM,Turkmenistan,country,2004,6867.4995
TKM,Turkmenistan,country,2005,7201.9282
TKM,Turkmenistan,country,2006,7916.5181
TKM,Turkmenistan,country,2007,8924.5381
TKM,Turkmenistan,country,2008,9788.9307
TKM,Turkmenistan,country,2009,10095.503
TKM,Turkmenistan,country,2010,11226.79
TKM,Turkmenistan,country,2011,12230.443
TKM,Turkmenistan,country,2012,12729.44
TKM,Turkmenistan,country,2013,12510.563
TKM,Turkmenistan,country,2014,12659.265
TKM,Turkmenistan,country,2015,13185.063
TKM,Turkmenistan,country,2016,13199.298
TKM,Turkmenistan,country,2017,13522.177
TKM,Turkmenistan,country,2018,14031.185
TKM,Turkmenistan,country,2019,15014.282
TKM,Turkmenistan,country,2020,15704.53
TKM,Turkmenistan,country,2021,16332.578
TKM,Turkmenistan,country,2022,16885.83
TKM,Turkmenistan,country,2023,17715.582
TLS,Timor-Leste,country,1990,
TLS,Timor-Leste,country,1991,
TLS,Timor-Leste,country,1992,
TLS,Timor-Leste,country,1993,
TLS,Timor-Leste,country,1994,
TLS,Timor-Leste,country,1995,
TLS,Timor-Leste,country,1996,
TLS,Timor-Leste,country,1997,
TLS,Timor-Leste,country,1998,
TLS,Timor-Leste,country,1999,
TLS,Timor-Leste,country,2000,4172.6333
TLS,Timor-Leste,country,2001,4615.9136
TLS,Timor-Leste,country,2002,5060.8535
TLS,Timor-Leste,country,2003,4188.1509
TLS,Timor-Leste,country,2004,4561.2798
TLS,Timor-Leste,country,2005,5395.769
TLS,Timor-Leste,country,2006,7459.2939
TLS,Timor-Leste,country,2007,9859.2041
TLS,Timor-Leste,country,2008,14258.869
TLS,Timor-Leste,country,2009,11068.517
TLS,Timor-Leste,country,2010,13120.716
TLS,Timor-Leste,country,2011,15706.754
TLS,Timor-Leste,country,2012,13556.114
TLS,Timor-Leste,country,2013,11852.334
TLS,Timor-Leste,country,2014,9526.1162
TLS,Timor-Leste,country,2015,7679.4878
TLS,Timor-Leste,country,2016,6057.6729
TLS,Timor-Leste,country,2017,6058.3208
TLS,Timor-Leste,country,2018,5942.0049
TLS,Timor-Leste,country,2019,7819.3726
TLS,Timor-Leste,country,2020,8442.3887
TLS,Timor-Leste,country,2021,7592.5938
TLS,Timor-Leste,country,2022,5459.9126
TLS,Timor-Leste,country,2023,5434.5947
TON,Tonga,country,1990,4667.3594
TON,Tonga,country,1991,4918.7412
TON,Tonga,country,1992,4894.189
TON,Tonga,country,1993,5054.8193
TON,Tonga,country,1994,5499.5547
TON,Tonga,country,1995,5506.9233
TON,Tonga,country,1996,5535.9287
TON,Tonga,country,1997,5484.0195
TON,Tonga,country,1998,5666.8989
TON,Tonga,country,1999,5711.3301
TON,Tonga,country,2000,5777.4146
TON,Tonga,country,2001,5775.5811
TON,Tonga,country,2002,6090.104
TON,Tonga,country,2003,5974.0625
TON,Tonga,country,2004,5860.8765
TON,Tonga,country,2005,5731.98
TON,Tonga,country,2006,5687.8413
TON,Tonga,country,2007,5509.8193
TON,Tonga,country,2008,5762.3838
TON,Tonga,country,2009,5531.3867
TON,Tonga,country,2010,5572.0039
TON,Tonga,country,2011,5922.0366
TON,Tonga,country,2012,6089.6362
TON,Tonga,country,2013,6104.5845
TON,Tonga,country,2014,6149.938
TON,Tonga,country,2015,6271.3936
TON,Tonga,country,2016,6678.4126
TON,Tonga,country,2017,7158.4014
TON,Tonga,country,2018,7327.9072
TON,Tonga,country,2019,7555.8101
TON,Tonga,country,2020,7571.2505
TON,Tonga,country,2021,7176.8169
TON,Tonga,country,2022,6988.6934
TON,Tonga,country,2023,7438.21
TTO,Trinidad and Tobago,country,1990,12865.024
TTO,Trinidad and Tobago,country,1991,13032.773
TTO,Trinidad and Tobago,country,1992,12735.588
TTO,Trinidad and Tobago,country,1993,12572.51
TTO,Trinidad and Tobago,country,1994,12760.025
TTO,Trinidad and Tobago,country,1995,13145.254
TTO,Trinidad and Tobago,country,1996,14028.783
TTO,Trinidad and Tobago,country,1997,15402.91
TTO,Trinidad and Tobago,country,1998,16826.168
TTO,Trinidad and Tobago,country,1999,18073.072
TTO,Trinidad and Tobago,country,2000,18875.393
TTO,Trinidad and Tobago,country,2001,19930.777
TTO,Trinidad and Tobago,country,2002,21600.346
TTO,Trinidad and Tobago,country,2003,24431.051
TTO,Trinidad and Tobago,country,2004,27100.816
TTO,Trinidad and Tobago,country,2005,28144.49
TTO,Trinidad and Tobago,country,2006,31697
TTO,Trinidad and Tobago,country,2007,33140.352
TTO,Trinidad and Tobago,country,2008,34530.691
TTO,Trinidad and Tobago,country,2009,32233.344
TTO,Trinidad and Tobago,country,2010,33295.102
TTO,Trinidad and Tobago,country,2011,30863.15
TTO,Trinidad and Tobago,country,2012,31806.014
TTO,Trinidad and Tobago,country,2013,33713.473
TTO,Trinidad and Tobago,country,2014,34624.039
TTO,Trinidad and Tobago,country,2015,36020.871
TTO,Trinidad and Tobago,country,2016,32869.117
TTO,Trinidad and Tobago,country,2017,31739.24
TTO,Trinidad and Tobago,country,2018,29945.643
TTO,Trinidad and Tobago,country,2019,29886.451
TTO,Trinidad and Tobago,country,2020,26590.387
TTO,Trinidad and Tobago,country,2021,27529.031
TTO,Trinidad and Tobago,country,2022,26509.441
TTO,Trinidad and Tobago,country,2023,27000.145
TUN,Tunisia,country,1990,6425.749
TUN,Tunisia,country,1991,6489.6123
TUN,Tunisia,country,1992,6830.7324
TUN,Tunisia,country,1993,6762.0537
TUN,Tunisia,country,1994,6884.4175
TUN,Tunisia,country,1995,6980.4502
TUN,Tunisia,country,1996,7337.2188
TUN,Tunisia,country,1997,7693.5767
TUN,Tunisia,country,1998,7988.5171
TUN,Tunisia,country,1999,8380.4727
TUN,Tunisia,country,2000,8649.5244
TUN,Tunisia,country,2001,8878.8389
TUN,Tunisia,country,2002,8906.9766
TUN,Tunisia,country,2003,9262.1924
TUN,Tunisia,country,2004,9734.2549
TUN,Tunisia,country,2005,9887.4414
TUN,Tunisia,country,2006,10361.271
TUN,Tunisia,country,2007,10905.893
TUN,Tunisia,country,2008,11234.023
TUN,Tunisia,country,2009,11519.639
TUN,Tunisia,country,2010,11622.537
TUN,Tunisia,country,2011,11250.275
TUN,Tunisia,country,2012,11640.936
TUN,Tunisia,country,2013,11776.959
TUN,Tunisia,country,2014,12109.774
TUN,Tunisia,country,2015,12190.577
TUN,Tunisia,country,2016,12243.322
TUN,Tunisia,country,2017,12363.991
TUN,Tunisia,country,2018,12553.606
TUN,Tunisia,country,2019,12607.967
TUN,Tunisia,country,2020,11330.617
TUN,Tunisia,country,2021,11839.545
TUN,Tunisia,country,2022,12121.959
TUN,Tunisia,country,2023,12011.388
TUR,Türkiye,country,1990,12736.771
TUR,Türkiye,country,1991,12584.486
TUR,Türkiye,country,1992,13145.678
TUR,Türkiye,country,1993,13938.313
TUR,Türkiye,country,1994,12915.245
TUR,Türkiye,country,1995,13712.41
TUR,Türkiye,country,1996,14482.602
TUR,Türkiye,country,1997,15431.074
TUR,Türkiye,country,1998,15771.848
TUR,Türkiye,country,1999,14830.052
TUR,Türkiye,country,2000,15571.167
TUR,Türkiye,country,2001,14217.98
TUR,Türkiye,country,2002,14922.055
TUR,Türkiye,country,2003,15533.288
TUR,Türkiye,country,2004,16878.059
TUR,Türkiye,country,2005,18138.178
TUR,Türkiye,country,2006,19196.104
TUR,Türkiye,country,2007,19894.662
TUR,Türkiye,country,2008,19789.441
TUR,Türkiye,country,2009,18573.018
TUR,Türkiye,country,2010,19980.855
TUR,Türkiye,country,2011,21936.367
TUR,Türkiye,country,2012,22708.633
TUR,Türkiye,country,2013,24210.023
TUR,Türkiye,country,2014,24941.42
TUR,Türkiye,country,2015,25737.014
TUR,Türkiye,country,2016,26029.164
TUR,Türkiye,country,2017,27378.717
TUR,Türkiye,country,2018,27985.127
TUR,Türkiye,country,2019,27864.818
TUR,Türkiye,country,2020,28244.92
TUR,Türkiye,country,2021,31225.326
TUR,Türkiye,country,2022,32923.688
TUR,Türkiye,country,2023,34506.98
TUV,Tuvalu,country,1990,4001.197
TUV,Tuvalu,country,1991,4069.3787
TUV,Tuvalu,country,1992,4133.374
TUV,Tuvalu,country,1993,4280.229
TUV,Tuvalu,country,1994,4699.6411
TUV,Tuvalu,country,1995,4452.3398
TUV,Tuvalu,country,1996,4175.5928
TUV,Tuvalu,country,1997,4584.2271
TUV,Tuvalu,country,1998,5292.6377
TUV,Tuvalu,country,1999,5206.625
TUV,Tuvalu,country,2000,5157.165
TUV,Tuvalu,country,2001,5166.2773
TUV,Tuvalu,country,2002,5665.3701
TUV,Tuvalu,country,2003,5385.9795
TUV,Tuvalu,country,2004,5197.4468
TUV,Tuvalu,country,2005,4895.209
TUV,Tuvalu,country,2006,4955.6089
TUV,Tuvalu,country,2007,5247.3247
TUV,Tuvalu,country,2008,5530.124
TUV,Tuvalu,country,2009,5116.7466
TUV,Tuvalu,country,2010,4935.7012
TUV,Tuvalu,country,2011,5198.3169
TUV,Tuvalu,country,2012,5015.5283
TUV,Tuvalu,country,2013,5202.916
TUV,Tuvalu,country,2014,5211.9858
TUV,Tuvalu,country,2015,5766.541
TUV,Tuvalu,country,2016,6106.9858
TUV,Tuvalu,country,2017,6270.376
TUV,Tuvalu,country,2018,6335.7144
TUV,Tuvalu,country,2019,7151.5454
TUV,Tuvalu,country,2020,6775.9346
TUV,Tuvalu,country,2021,6815.0635
TUV,Tuvalu,country,2022,6795.7158
TUV,Tuvalu,country,2023,7005.521
TZA,United Republic of Tanzania,country,1990,1725.4974
TZA,United Republic of Tanzania,country,1991,1723.8209
TZA,United Republic of Tanzania,country,1992,1687.7576
TZA,United Republic of Tanzania,country,1993,1659.3735
TZA,United Republic of Tanzania,country,1994,1626.7063
TZA,United Republic of Tanzania,country,1995,1642.7577
TZA,United Republic of Tanzania,country,1996,1704.6558
TZA,United Republic of Tanzania,country,1997,1720.842
TZA,United Republic of Tanzania,country,1998,1748.5349
TZA,United Republic of Tanzania,country,1999,1778.4846
TZA,United Republic of Tanzania,country,2000,1814.3721
TZA,United Republic of Tanzania,country,2001,1846.0385
TZA,United Republic of Tanzania,country,2002,1959.3204
TZA,United Republic of Tanzania,country,2003,2024.4364
TZA,United Republic of Tanzania,country,2004,2117.4038
TZA,United Republic of Tanzania,country,2005,2200.7891
TZA,United Republic of Tanzania,country,2006,2319.7852
TZA,United Republic of Tanzania,country,2007,2380.1042
TZA,United Republic of Tanzania,country,2008,2451.9314
TZA,United Republic of Tanzania,country,2009,2520.5469
TZA,United Republic of Tanzania,country,2010,2588.6604
TZA,United Republic of Tanzania,country,2011,2707.8721
TZA,United Republic of Tanzania,country,2012,2761.3147
TZA,United Republic of Tanzania,country,2013,2857.6567
TZA,United Republic of Tanzania,country,2014,2970.0171
TZA,United Republic of Tanzania,country,2015,3034.0869
TZA,United Republic of Tanzania,country,2016,3118.5039
TZA,United Republic of Tanzania,country,2017,3225.9143
TZA,United Republic of Tanzania,country,2018,3318.5862
TZA,United Republic of Tanzania,country,2019,3390.3989
TZA,United Republic of Tanzania,country,2020,3343.5046
TZA,United Republic of Tanzania,country,2021,3393.2429
TZA,United Republic of Tanzania,country,2022,3444.7324
TZA,United Republic of Tanzania,country,2023,3514.6328
UGA,Uganda,country,1990,1060.1462
UGA,Uganda,country,1991,1084.1006
UGA,Uganda,country,1992,1070.177
UGA,Uganda,country,1993,1136.0627
UGA,Uganda,country,1994,1168.5841
UGA,Uganda,country,1995,1274.3171
UGA,Uganda,country,1996,1356.8964
UGA,Uganda,country,1997,1392.4294
UGA,Uganda,country,1998,1420.0592
UGA,Uganda,country,1999,1483.975
UGA,Uganda,country,2000,1461.4718
UGA,Uganda,country,2001,1471.8019
UGA,Uganda,country,2002,1566.4314
UGA,Uganda,country,2003,1618.1407
UGA,Uganda,country,2004,1667.3959
UGA,Uganda,country,2005,1718.2533
UGA,Uganda,country,2006,1857.0833
UGA,Uganda,country,2007,1965.677
UGA,Uganda,country,2008,2077.8071
UGA,Uganda,country,2009,2159.0181
UGA,Uganda,country,2010,2213.8352
UGA,Uganda,country,2011,2355.249
UGA,Uganda,country,2012,2362.1936
UGA,Uganda,country,2013,2375.4155
UGA,Uganda,country,2014,2419.5149
UGA,Uganda,country,2015,2477.7625
UGA,Uganda,country,2016,2514.3916
UGA,Uganda,country,2017,2489.0718
UGA,Uganda,country,2018,2544.292
UGA,Uganda,country,2019,2623.1428
UGA,Uganda,country,2020,2627.0071
UGA,Uganda,country,2021,2629.4539
UGA,Uganda,country,2022,2669.5779
UGA,Uganda,country,2023,2736.4099
UKR,Ukraine,country,1990,23600.672
UKR,Ukraine,country,1991,21400.928
UKR,Ukraine,country,1992,18843.654
UKR,Ukraine,country,1993,15861.011
UKR,Ukraine,country,1994,12440.904
UKR,Ukraine,country,1995,10990.094
UKR,Ukraine,country,1996,9972.5479
UKR,Ukraine,country,1997,9759.46
UKR,Ukraine,country,1998,9594.7275
UKR,Ukraine,country,1999,9602.0176
UKR,Ukraine,country,2000,9964.0908
UKR,Ukraine,country,2001,11090.083
UKR,Ukraine,country,2002,11799.375
UKR,Ukraine,country,2003,13041.404
UKR,Ukraine,country,2004,14717.33
UKR,Ukraine,country,2005,15236.548
UKR,Ukraine,country,2006,16382.372
UKR,Ukraine,country,2007,17918.846
UKR,Ukraine,country,2008,18264.904
UKR,Ukraine,country,2009,15575.784
UKR,Ukraine,country,2010,16552.594
UKR,Ukraine,country,2011,17289.008
UKR,Ukraine,country,2012,18017.66
UKR,Ukraine,country,2013,17997.121
UKR,Ukraine,country,2014,17172.703
UKR,Ukraine,country,2015,16378.797
UKR,Ukraine,country,2016,16347.822
UKR,Ukraine,country,2017,16885.674
UKR,Ukraine,country,2018,17479.154
UKR,Ukraine,country,2019,18193.111
UKR,Ukraine,country,2020,17821.057
UKR,Ukraine,country,2021,17516.582
UKR,Ukraine,country,2022,16043.866
UKR,Ukraine,country,2023,16933.145
URY,Uruguay,country,1990,13637.145
URY,Uruguay,country,1991,14202.812
URY,Uruguay,country,1992,15314.567
URY,Uruguay,country,1993,15654.494
URY,Uruguay,country,1994,16658.549
URY,Uruguay,country,1995,16365.778
URY,Uruguay,country,1996,17212.293
URY,Uruguay,country,1997,18694.314
URY,Uruguay,country,1998,19427.088
URY,Uruguay,country,1999,19154.084
URY,Uruguay,country,2000,18691.348
URY,Uruguay,country,2001,17919.098
URY,Uruguay,country,2002,16645.439
URY,Uruguay,country,2003,16034.207
URY,Uruguay,country,2004,16780.26
URY,Uruguay,country,2005,18275.031
URY,Uruguay,country,2006,19118.91
URY,Uruguay,country,2007,20334.445
URY,Uruguay,country,2008,21590.621
URY,Uruguay,country,2009,22389.76
URY,Uruguay,country,2010,23964.674
URY,Uruguay,country,2011,25214.303
URY,Uruguay,country,2012,25030.746
URY,Uruguay,country,2013,26669.896
URY,Uruguay,country,2014,27145.066
URY,Uruguay,country,2015,27679.039
URY,Uruguay,country,2016,27898.027
URY,Uruguay,country,2017,28056.602
URY,Uruguay,country,2018,28021.35
URY,Uruguay,country,2019,28494.225
URY,Uruguay,country,2020,26234.932
URY,Uruguay,country,2021,26279.041
URY,Uruguay,country,2022,27826.695
URY,Uruguay,country,2023,28649.822
USA,United States of America,country,1990,43041.152
USA,United States of America,country,1991,42524.109
USA,United States of America,country,1992,43265.898
USA,United States of America,country,1993,43694.246
USA,United States of America,country,1994,45015.836
USA,United States of America,country,1995,46000.957
USA,United States of America,country,1996,47475.008
USA,United States of America,country,1997,49355.195
USA,United States of America,country,1998,51531.559
USA,United States of America,country,1999,53220.992
USA,United States of America,country,2000,54984.289
USA,United States of America,country,2001,55297.867
USA,United States of America,country,2002,55563.348
USA,United States of America,country,2003,56287.344
USA,United States of America,country,2004,57883.25
USA,United States of America,country,2005,59230.688
USA,United States of America,country,2006,60735.113
USA,United States of America,country,2007,60587.48
USA,United States of America,country,2008,58996.066
USA,United States of America,country,2009,57608.453
USA,United States of America,country,2010,59211.707
USA,United States of America,country,2011,59959.594
USA,United States of America,country,2012,61373.27
USA,United States of America,country,2013,61908.273
USA,United States of America,country,2014,63487.02
USA,United States of America,country,2015,65047.898
USA,United States of America,country,2016,65448.406
USA,United States of America,country,2017,66787.719
USA,United States of America,country,2018,68421.039
USA,United States of America,country,2019,69956.867
USA,United States of America,country,2020,67529.797
USA,United States of America,country,2021,71608.711
USA,United States of America,country,2022,72993.297
USA,United States of America,country,2023,73650.031
UZB,Uzbekistan,country,1990,3430.2234
UZB,Uzbekistan,country,1991,3332.2659
UZB,Uzbekistan,country,1992,2887.1345
UZB,Uzbekistan,country,1993,2761.3162
UZB,Uzbekistan,country,1994,2563.3291
UZB,Uzbekistan,country,1995,2491.8616
UZB,Uzbekistan,country,1996,2480.4067
UZB,Uzbekistan,country,1997,2547.583
UZB,Uzbekistan,country,1998,2631.8389
UZB,Uzbekistan,country,1999,2700.8984
UZB,Uzbekistan,country,2000,2714.5469
UZB,Uzbekistan,country,2001,2829.2344
UZB,Uzbekistan,country,2002,2921.0881
UZB,Uzbekistan,country,2003,3018.4023
UZB,Uzbekistan,country,2004,3227.6631
UZB,Uzbekistan,country,2005,3417.6699
UZB,Uzbekistan,country,2006,3594.2473
UZB,Uzbekistan,country,2007,4186.8037
UZB,Uzbekistan,country,2008,4384.085
UZB,Uzbekistan,country,2009,4708.877
UZB,Uzbekistan,country,2010,5238.3242
UZB,Uzbekistan,country,2011,5579.1411
UZB,Uzbekistan,country,2012,5912.7524
UZB,Uzbekistan,country,2013,6296.0771
UZB,Uzbekistan,country,2014,6575.1738
UZB,Uzbekistan,country,2015,6796.6958
UZB,Uzbekistan,country,2016,7037.2554
UZB,Uzbekistan,country,2017,7285.5986
UZB,Uzbekistan,country,2018,7650.9141
UZB,Uzbekistan,country,2019,7834.124
UZB,Uzbekistan,country,2020,7768.5928
UZB,Uzbekistan,country,2021,8204.1045
UZB,Uzbekistan,country,2022,8497.041
UZB,Uzbekistan,country,2023,8825.7305
VCT,Saint Vincent and the Grenadines,country,1990,6546.2095
VCT,Saint Vincent and the Grenadines,country,1991,6589.4194
VCT,Saint Vincent and the Grenadines,country,1992,7098.2148
VCT,Saint Vincent and the Grenadines,country,1993,7363.979
VCT,Saint Vincent and the Grenadines,country,1994,7125.2754
VCT,Saint Vincent and the Grenadines,country,1995,7765.4204
VCT,Saint Vincent and the Grenadines,country,1996,7977.7612
VCT,Saint Vincent and the Grenadines,country,1997,8210.3213
VCT,Saint Vincent and the Grenadines,country,1998,8634.0654
VCT,Saint Vincent and the Grenadines,country,1999,8982.9248
VCT,Saint Vincent and the Grenadines,country,2000,9202.2305
VCT,Saint Vincent and the Grenadines,country,2001,9465.8535
VCT,Saint Vincent and the Grenadines,country,2002,9987.2217
VCT,Saint Vincent and the Grenadines,country,2003,10531.274
VCT,Saint Vincent and the Grenadines,country,2004,10929.145
VCT,Saint Vincent and the Grenadines,country,2005,11274.476
VCT,Saint Vincent and the Grenadines,country,2006,12259.943
VCT,Saint Vincent and the Grenadines,country,2007,12853.632
VCT,Saint Vincent and the Grenadines,country,2008,12954.8
VCT,Saint Vincent and the Grenadines,country,2009,13016.519
VCT,Saint Vincent and the Grenadines,country,2010,12512.685
VCT,Saint Vincent and the Grenadines,country,2011,12492.001
VCT,Saint Vincent and the Grenadines,country,2012,12885.852
VCT,Saint Vincent and the Grenadines,country,2013,13352.146
VCT,Saint Vincent and the Grenadines,country,2014,13213.058
VCT,Saint Vincent and the Grenadines,country,2015,13765.318
VCT,Saint Vincent and the Grenadines,country,2016,14352.09
VCT,Saint Vincent and the Grenadines,country,2017,14954.785
VCT,Saint Vincent and the Grenadines,country,2018,15577.222
VCT,Saint Vincent and the Grenadines,country,2019,15795.693
VCT,Saint Vincent and the Grenadines,country,2020,15106.06
VCT,Saint Vincent and the Grenadines,country,2021,15370.181
VCT,Saint Vincent and the Grenadines,country,2022,16152.68
VCT,Saint Vincent and the Grenadines,country,2023,17246.637
VEN,Venezuela (Bolivarian Republic of),country,1990,18021.09
VEN,Venezuela (Bolivarian Republic of),country,1991,19309.131
VEN,Venezuela (Bolivarian Republic of),country,1992,20008.43
VEN,Venezuela (Bolivarian Republic of),country,1993,19612.561
VEN,Venezuela (Bolivarian Republic of),country,1994,18730.779
VEN,Venezuela (Bolivarian Republic of),country,1995,19052.119
VEN,Venezuela (Bolivarian Republic of),country,1996,18614.02
VEN,Venezuela (Bolivarian Republic of),country,1997,19400.09
VEN,Venezuela (Bolivarian Republic of),country,1998,19075.631
VEN,Venezuela (Bolivarian Republic of),country,1999,17585.02
VEN,Venezuela (Bolivarian Republic of),country,2000,17634.27
VEN,Venezuela (Bolivarian Republic of),country,2001,17932.35
VEN,Venezuela (Bolivarian Republic of),country,2002,16079.02
VEN,Venezuela (Bolivarian Republic of),country,2003,14594.73
VEN,Venezuela (Bolivarian Republic of),country,2004,16991.15
VEN,Venezuela (Bolivarian Republic of),country,2005,18452.27
VEN,Venezuela (Bolivarian Republic of),country,2006,19961.971
VEN,Venezuela (Bolivarian Republic of),country,2007,21379.369
VEN,Venezuela (Bolivarian Republic of),country,2008,22169.641
VEN,Venezuela (Bolivarian Republic of),country,2009,21141.1
VEN,Venezuela (Bolivarian Republic of),country,2010,20520.801
VEN,Venezuela (Bolivarian Republic of),country,2011,21067.881
VEN,Venezuela (Bolivarian Republic of),country,2012,21933.83
VEN,Venezuela (Bolivarian Republic of),country,2013,21914.381
VEN,Venezuela (Bolivarian Republic of),country,2014,20768.08
VEN,Venezuela (Bolivarian Republic of),country,2015,19212.891
VEN,Venezuela (Bolivarian Republic of),country,2016,15890.37
VEN,Venezuela (Bolivarian Republic of),country,2017,13519.56
VEN,Venezuela (Bolivarian Republic of),country,2018,11440.55
VEN,Venezuela (Bolivarian Republic of),country,2019,8598.0801
VEN,Venezuela (Bolivarian Republic of),country,2020,5990.2998
VEN,Venezuela (Bolivarian Republic of),country,2021,6130.1602
VEN,Venezuela (Bolivarian Republic of),country,2022,6785.1099
VEN,Venezuela (Bolivarian Republic of),country,2023,7157.0801
VNM,Viet Nam,country,1990,2263.6201
VNM,Viet Nam,country,1991,2374.8545
VNM,Viet Nam,country,1992,2579.54
VNM,Viet Nam,country,1993,2723.4561
VNM,Viet Nam,country,1994,2949.8975
VNM,Viet Nam,country,1995,3257.1357
VNM,Viet Nam,country,1996,3481.5151
VNM,Viet Nam,country,1997,3686.5454
VNM,Viet Nam,country,1998,3821.7283
VNM,Viet Nam,country,1999,3968.2686
VNM,Viet Nam,country,2000,4205.4985
VNM,Viet Nam,country,2001,4423.8579
VNM,Viet Nam,country,2002,4643.354
VNM,Viet Nam,country,2003,4915.3237
VNM,Viet Nam,country,2004,5217.7095
VNM,Viet Nam,country,2005,5554.5615
VNM,Viet Nam,country,2006,5866.2939
VNM,Viet Nam,country,2007,6186.5332
VNM,Viet Nam,country,2008,6459.6128
VNM,Viet Nam,country,2009,6654.354
VNM,Viet Nam,country,2010,7071.4429
VNM,Viet Nam,country,2011,7462.7339
VNM,Viet Nam,country,2012,7754.7388
VNM,Viet Nam,country,2013,8079.8711
VNM,Viet Nam,country,2014,8472.9297
VNM,Viet Nam,country,2015,8859.7656
VNM,Viet Nam,country,2016,9305.3096
VNM,Viet Nam,country,2017,9787.7402
VNM,Viet Nam,country,2018,10521.986
VNM,Viet Nam,country,2019,11203.295
VNM,Viet Nam,country,2020,11515.654
VNM,Viet Nam,country,2021,11604.549
VNM,Viet Nam,country,2022,12490.129
VNM,Viet Nam,country,2023,13032.636
VUT,Vanuatu,country,1990,2905.9329
VUT,Vanuatu,country,1991,2760.2603
VUT,Vanuatu,country,1992,2587.5662
VUT,Vanuatu,country,1993,2596.5991
VUT,Vanuatu,country,1994,2577.4441
VUT,Vanuatu,country,1995,2692.0413
VUT,Vanuatu,country,1996,2739.1934
VUT,Vanuatu,country,1997,2764.3992
VUT,Vanuatu,country,1998,2817.2285
VUT,Vanuatu,country,1999,2919.5315
VUT,Vanuatu,country,2000,2913.8552
VUT,Vanuatu,country,2001,2865.5125
VUT,Vanuatu,country,2002,2662.1436
VUT,Vanuatu,country,2003,2702.0325
VUT,Vanuatu,country,2004,2725.3752
VUT,Vanuatu,country,2005,2758.9673
VUT,Vanuatu,country,2006,2983.8914
VUT,Vanuatu,country,2007,2989.074
VUT,Vanuatu,country,2008,3224.478
VUT,Vanuatu,country,2009,3135.2087
VUT,Vanuatu,country,2010,3117.9019
VUT,Vanuatu,country,2011,3163.4902
VUT,Vanuatu,country,2012,3016.6062
VUT,Vanuatu,country,2013,3136.7341
VUT,Vanuatu,country,2014,3210.0386
VUT,Vanuatu,country,2015,3154.344
VUT,Vanuatu,country,2016,3240.3235
VUT,Vanuatu,country,2017,3292.1738
VUT,Vanuatu,country,2018,3410.6973
VUT,Vanuatu,country,2019,3876.4263
VUT,Vanuatu,country,2020,3471.7136
VUT,Vanuatu,country,2021,3439.9832
VUT,Vanuatu,country,2022,3457.8628
VUT,Vanuatu,country,2023,3403.6902
WSM,Samoa,country,1990,
WSM,Samoa,country,1991,
WSM,Samoa,country,1992,
WSM,Samoa,country,1993,
WSM,Samoa,country,1994,
WSM,Samoa,country,1995,3776.426
WSM,Samoa,country,1996,4189.3735
WSM,Samoa,country,1997,4185.6729
WSM,Samoa,country,1998,4265.8164
WSM,Samoa,country,1999,4358.564
WSM,Samoa,country,2000,4621.6733
WSM,Samoa,country,2001,4978.0181
WSM,Samoa,country,2002,4724.2729
WSM,Samoa,country,2003,4949.5737
WSM,Samoa,country,2004,5170.0215
WSM,Samoa,country,2005,5367.7744
WSM,Samoa,country,2006,5405.5005
WSM,Samoa,country,2007,5769.8286
WSM,Samoa,country,2008,5767.2158
WSM,Samoa,country,2009,5761.9072
WSM,Samoa,country,2010,6161.0005
WSM,Samoa,country,2011,6335.2295
WSM,Samoa,country,2012,6055.1323
WSM,Samoa,country,2013,5942.9106
WSM,Samoa,country,2014,5972.5264
WSM,Samoa,country,2015,6254.2197
WSM,Samoa,country,2016,6668.8882
WSM,Samoa,country,2017,6645.3589
WSM,Samoa,country,2018,6511.7051
WSM,Samoa,country,2019,6682.6987
WSM,Samoa,country,2020,6415.9375
WSM,Samoa,country,2021,5990.5791
WSM,Samoa,country,2022,5510.8159
WSM,Samoa,country,2023,5952.0171
YEM,Yemen,country,1990,2527.7893
YEM,Yemen,country,1991,2409.0913
YEM,Yemen,country,1992,2419.3574
YEM,Yemen,country,1993,2441.0825
YEM,Yemen,country,1994,2406.0244
YEM,Yemen,country,1995,2632.6367
YEM,Yemen,country,1996,2926.6497
YEM,Yemen,country,1997,3011.9492
YEM,Yemen,country,1998,3167.585
YEM,Yemen,country,1999,3087.5576
YEM,Yemen,country,2000,3247.3623
YEM,Yemen,country,2001,3370.9236
YEM,Yemen,country,2002,3417.2932
YEM,Yemen,country,2003,3474.5271
YEM,Yemen,country,2004,3488.8289
YEM,Yemen,country,2005,3558.4907
YEM,Yemen,country,2006,3722.1077
YEM,Yemen,country,2007,3733.6504
YEM,Yemen,country,2008,3722.6504
YEM,Yemen,country,2009,3742.061
YEM,Yemen,country,2010,3707.5916
YEM,Yemen,country,2011,2995.3625
YEM,Yemen,country,2012,2979.1995
YEM,Yemen,country,2013,3025.6851
YEM,Yemen,country,2014,2603.4917
YEM,Yemen,country,2015,1667.1862
YEM,Yemen,country,2016,1387.981
YEM,Yemen,country,2017,1202.7179
YEM,Yemen,country,2018,1160.5275
YEM,Yemen,country,2019,1149.1836
YEM,Yemen,country,2020,1129.9104
YEM,Yemen,country,2021,1084.2272
YEM,Yemen,country,2022,1069.824
YEM,Yemen,country,2023,1018.2006
ZAF,South Africa,country,1990,9628.1738
ZAF,South Africa,country,1991,9310.6621
ZAF,South Africa,country,1992,8917.3936
ZAF,South Africa,country,1993,8885.0293
ZAF,South Africa,country,1994,9029.0947
ZAF,South Africa,country,1995,9069.5254
ZAF,South Africa,country,1996,9400.0381
ZAF,South Africa,country,1997,9485.9854
ZAF,South Africa,country,1998,9378.2051
ZAF,South Africa,country,1999,9400.7578
ZAF,South Africa,country,2000,9643.376
ZAF,South Africa,country,2001,9799.4707
ZAF,South Africa,country,2002,10186.529
ZAF,South Africa,country,2003,10416.779
ZAF,South Africa,country,2004,10915.212
ZAF,South Africa,country,2005,11420.738
ZAF,South Africa,country,2006,12080.354
ZAF,South Africa,country,2007,12530.182
ZAF,South Africa,country,2008,12894.922
ZAF,South Africa,country,2009,12859.283
ZAF,South Africa,country,2010,13291.542
ZAF,South Africa,country,2011,13729.976
ZAF,South Africa,country,2012,13677.74
ZAF,South Africa,country,2013,13774.908
ZAF,South Africa,country,2014,13671.411
ZAF,South Africa,country,2015,13653.949
ZAF,South Africa,country,2016,13635.835
ZAF,South Africa,country,2017,13862.178
ZAF,South Africa,country,2018,13839.463
ZAF,South Africa,country,2019,13882.015
ZAF,South Africa,country,2020,13241.775
ZAF,South Africa,country,2021,13901.698
ZAF,South Africa,country,2022,13819.634
ZAF,South Africa,country,2023,13693.988
ZMB,Zambia,country,1990,2277.7666
ZMB,Zambia,country,1991,2110.7485
ZMB,Zambia,country,1992,2058.0293
ZMB,Zambia,country,1993,2196.686
ZMB,Zambia,country,1994,1988.0159
ZMB,Zambia,country,1995,1999.1511
ZMB,Zambia,country,1996,2085.9282
ZMB,Zambia,country,1997,2108.5891
ZMB,Zambia,country,1998,2035.9662
ZMB,Zambia,country,1999,2107.0579
ZMB,Zambia,country,2000,2139.2197
ZMB,Zambia,country,2001,2192.8696
ZMB,Zambia,country,2002,2232.3948
ZMB,Zambia,country,2003,2330.5671
ZMB,Zambia,country,2004,2329.5781
ZMB,Zambia,country,2005,2386.6946
ZMB,Zambia,country,2006,2445.6379
ZMB,Zambia,country,2007,2506.5967
ZMB,Zambia,country,2008,2699.9023
ZMB,Zambia,country,2009,3003.0588
ZMB,Zambia,country,2010,3068.8848
ZMB,Zambia,country,2011,3059.51
ZMB,Zambia,country,2012,3544.168
ZMB,Zambia,country,2013,3601.2297
ZMB,Zambia,country,2014,3467.217
ZMB,Zambia,country,2015,3608.2917
ZMB,Zambia,country,2016,3438.5847
ZMB,Zambia,country,2017,3524.5898
ZMB,Zambia,country,2018,3615.7058
ZMB,Zambia,country,2019,3531.823
ZMB,Zambia,country,2020,3312.2273
ZMB,Zambia,country,2021,3219.7878
ZMB,Zambia,country,2022,3345.7729
ZMB,Zambia,country,2023,3446.6758
ZWE,Zimbabwe,country,1990,2568.1794
ZWE,Zimbabwe,country,1991,2639.8999
ZWE,Zimbabwe,country,1992,2366.5459
ZWE,Zimbabwe,country,1993,2389.2532
ZWE,Zimbabwe,country,1994,2511.5676
ZWE,Zimbabwe,country,1995,2477.2375
ZWE,Zimbabwe,country,1996,2715.7224
ZWE,Zimbabwe,country,1997,2669.2056
ZWE,Zimbabwe,country,1998,2586.8391
ZWE,Zimbabwe,country,1999,2506.9294
ZWE,Zimbabwe,country,2000,2294.0208
ZWE,Zimbabwe,country,2001,2343.053
ZWE,Zimbabwe,country,2002,2192.1379
ZWE,Zimbabwe,country,2003,1991.0477
ZWE,Zimbabwe,country,2004,1888.2606
ZWE,Zimbabwe,country,2005,1790.9934
ZWE,Zimbabwe,country,2006,1707.113
ZWE,Zimbabwe,country,2007,1652.2472
ZWE,Zimbabwe,country,2008,1400.8481
ZWE,Zimbabwe,country,2009,2128.9138
ZWE,Zimbabwe,country,2010,2584.7168
ZWE,Zimbabwe,country,2011,2843.6655
ZWE,Zimbabwe,country,2012,3238.1611
ZWE,Zimbabwe,country,2013,3309.6257
ZWE,Zimbabwe,country,2014,3233.6111
ZWE,Zimbabwe,country,2015,3177.7209
ZWE,Zimbabwe,country,2016,3124.0889
ZWE,Zimbabwe,country,2017,3220.7156
ZWE,Zimbabwe,country,2018,3639.3428
ZWE,Zimbabwe,country,2019,3352.1855
ZWE,Zimbabwe,country,2020,3021.4236
ZWE,Zimbabwe,country,2021,3216.5532
ZWE,Zimbabwe,country,2022,3351.0269
ZWE,Zimbabwe,country,2023,3511.4631
ZZA.VHHD,Very high human development,benchmark,1990,32836.902
ZZA.VHHD,Very high human development,benchmark,1991,32663.885
ZZA.VHHD,Very high human development,benchmark,1992,32498.355
ZZA.VHHD,Very high human development,benchmark,1993,32502.061
ZZA.VHHD,Very high human development,benchmark,1994,32909.531
ZZA.VHHD,Very high human development,benchmark,1995,33242.656
ZZA.VHHD,Very high human development,benchmark,1996,34015.727
ZZA.VHHD,Very high human development,benchmark,1997,35067.949
ZZA.VHHD,Very high human development,benchmark,1998,35761.957
ZZA.VHHD,Very high human development,benchmark,1999,36642.387
ZZA.VHHD,Very high human development,benchmark,2000,38051.293
ZZA.VHHD,Very high human development,benchmark,2001,38548.836
ZZA.VHHD,Very high human development,benchmark,2002,38936.07
ZZA.VHHD,Very high human development,benchmark,2003,39741.598
ZZA.VHHD,Very high human development,benchmark,2004,41062.68
ZZA.VHHD,Very high human development,benchmark,2005,42167.758
ZZA.VHHD,Very high human development,benchmark,2006,43556.203
ZZA.VHHD,Very high human development,benchmark,2007,44569.605
ZZA.VHHD,Very high human development,benchmark,2008,44327.176
ZZA.VHHD,Very high human development,benchmark,2009,42797.766
ZZA.VHHD,Very high human development,benchmark,2010,44042.434
ZZA.VHHD,Very high human development,benchmark,2011,44899.5
ZZA.VHHD,Very high human development,benchmark,2012,45439.453
ZZA.VHHD,Very high human development,benchmark,2013,45968.957
ZZA.VHHD,Very high human development,benchmark,2014,46702.703
ZZA.VHHD,Very high human development,benchmark,2015,47633.617
ZZA.VHHD,Very high human development,benchmark,2016,48077.063
ZZA.VHHD,Very high human development,benchmark,2017,49125.195
ZZA.VHHD,Very high human development,benchmark,2018,49965.777
ZZA.VHHD,Very high human development,benchmark,2019,50710.254
ZZA.VHHD,Very high human development,benchmark,2020,48498.609
ZZA.VHHD,Very high human development,benchmark,2021,51467.996
ZZA.VHHD,Very high human development,benchmark,2022,52403.012
ZZA.VHHD,Very high human development,benchmark,2023,53014.293
ZZB.HHD,High human development,benchmark,1990,5332.249
ZZB.HHD,High human development,benchmark,1991,5443.3716
ZZB.HHD,High human development,benchmark,1992,5536.4541
ZZB.HHD,High human development,benchmark,1993,5663.897
ZZB.HHD,High human development,benchmark,1994,5823.4658
ZZB.HHD,High human development,benchmark,1995,5972.8203
ZZB.HHD,High human development,benchmark,1996,6227.395
ZZB.HHD,High human development,benchmark,1997,6462.4268
ZZB.HHD,High human development,benchmark,1998,6488.7261
ZZB.HHD,High human development,benchmark,1999,6607.9351
ZZB.HHD,High human development,benchmark,2000,6910.3696
ZZB.HHD,High human development,benchmark,2001,7141.9165
ZZB.HHD,High human development,benchmark,2002,7433.895
ZZB.HHD,High human development,benchmark,2003,7787.3613
ZZB.HHD,High human development,benchmark,2004,8276.915
ZZB.HHD,High human development,benchmark,2005,8738.4746
ZZB.HHD,High human development,benchmark,2006,9391.7871
ZZB.HHD,High human development,benchmark,2007,10176.183
ZZB.HHD,High human development,benchmark,2008,10719.945
ZZB.HHD,High human development,benchmark,2009,10973.26
ZZB.HHD,High human development,benchmark,2010,11701.844
ZZB.HHD,High human development,benchmark,2011,12282.144
ZZB.HHD,High human development,benchmark,2012,12807.413
ZZB.HHD,High human development,benchmark,2013,13274.683
ZZB.HHD,High human development,benchmark,2014,13816.244
ZZB.HHD,High human development,benchmark,2015,14173.464
ZZB.HHD,High human development,benchmark,2016,14662.163
ZZB.HHD,High human development,benchmark,2017,15290.071
ZZB.HHD,High human development,benchmark,2018,15845.425
ZZB.HHD,High human development,benchmark,2019,16369.907
ZZB.HHD,High human development,benchmark,2020,16111.337
ZZB.HHD,High human development,benchmark,2021,17120.264
ZZB.HHD,High human development,benchmark,2022,17653.141
ZZB.HHD,High human development,benchmark,2023,18405.164
ZZC.MHD,Medium human development,benchmark,1990,2491.7566
ZZC.MHD,Medium human development,benchmark,1991,2390.6731
ZZC.MHD,Medium human development,benchmark,1992,2411.0176
ZZC.MHD,Medium human development,benchmark,1993,2470.1504
ZZC.MHD,Medium human development,benchmark,1994,2527.376
ZZC.MHD,Medium human development,benchmark,1995,2631.5134
ZZC.MHD,Medium human development,benchmark,1996,2769.27
ZZC.MHD,Medium human development,benchmark,1997,2850.541
ZZC.MHD,Medium human development,benchmark,1998,2971.6921
ZZC.MHD,Medium human development,benchmark,1999,3108.8154
ZZC.MHD,Medium human development,benchmark,2000,3151.5508
ZZC.MHD,Medium human development,benchmark,2001,3239.6758
ZZC.MHD,Medium human development,benchmark,2002,3328.8774
ZZC.MHD,Medium human development,benchmark,2003,3435.7083
ZZC.MHD,Medium human development,benchmark,2004,3675.1489
ZZC.MHD,Medium human development,benchmark,2005,3866.2896
ZZC.MHD,Medium human development,benchmark,2006,4097.9268
ZZC.MHD,Medium human development,benchmark,2007,4313.5918
ZZC.MHD,Medium human development,benchmark,2008,4424.585
ZZC.MHD,Medium human development,benchmark,2009,4648.4634
ZZC.MHD,Medium human development,benchmark,2010,4913.1987
ZZC.MHD,Medium human development,benchmark,2011,5101.5298
ZZC.MHD,Medium human development,benchmark,2012,5290.3384
ZZC.MHD,Medium human development,benchmark,2013,5508.9028
ZZC.MHD,Medium human development,benchmark,2014,5799.252
ZZC.MHD,Medium human development,benchmark,2015,6106.0317
ZZC.MHD,Medium human development,benchmark,2016,6398.5273
ZZC.MHD,Medium human development,benchmark,2017,6637.8921
ZZC.MHD,Medium human development,benchmark,2018,6910.4971
ZZC.MHD,Medium human development,benchmark,2019,7099.1191
ZZC.MHD,Medium human development,benchmark,2020,6687.207
ZZC.MHD,Medium human development,benchmark,2021,7125.0786
ZZC.MHD,Medium human development,benchmark,2022,7459.752
ZZC.MHD,Medium human development,benchmark,2023,7822.4697
ZZD.LHD,Low human development,benchmark,1990,2148.7444
ZZD.LHD,Low human development,benchmark,1991,2111.554
ZZD.LHD,Low human development,benchmark,1992,2101.3904
ZZD.LHD,Low human development,benchmark,1993,2033.7343
ZZD.LHD,Low human development,benchmark,1994,1978.6624
ZZD.LHD,Low human development,benchmark,1995,2034.4722
ZZD.LHD,Low human development,benchmark,1996,2078.8481
ZZD.LHD,Low human development,benchmark,1997,2047.7498
ZZD.LHD,Low human development,benchmark,1998,2040.6726
ZZD.LHD,Low human development,benchmark,1999,2052.4673
ZZD.LHD,Low human development,benchmark,2000,2079.3918
ZZD.LHD,Low human development,benchmark,2001,2093.8171
ZZD.LHD,Low human development,benchmark,2002,2116.0627
ZZD.LHD,Low human development,benchmark,2003,2166.3423
ZZD.LHD,Low human development,benchmark,2004,2263.3262
ZZD.LHD,Low human development,benchmark,2005,2354.8186
ZZD.LHD,Low human development,benchmark,2006,2428.7476
ZZD.LHD,Low human development,benchmark,2007,2511.0642
ZZD.LHD,Low human development,benchmark,2008,2514.3096
ZZD.LHD,Low human development,benchmark,2009,2562.2329
ZZD.LHD,Low human development,benchmark,2010,2621.4585
ZZD.LHD,Low human development,benchmark,2011,2618.7505
ZZD.LHD,Low human development,benchmark,2012,2647.3005
ZZD.LHD,Low human development,benchmark,2013,2705.2693
ZZD.LHD,Low human development,benchmark,2014,2769.8352
ZZD.LHD,Low human development,benchmark,2015,2775.3435
ZZD.LHD,Low human development,benchmark,2016,2845.9316
ZZD.LHD,Low human development,benchmark,2017,2902.0496
ZZD.LHD,Low human development,benchmark,2018,3007.7434
ZZD.LHD,Low human development,benchmark,2019,3035.8577
ZZD.LHD,Low human development,benchmark,2020,2953.9414
ZZD.LHD,Low human development,benchmark,2021,3003.6472
ZZD.LHD,Low human development,benchmark,2022,3041.1409
ZZD.LHD,Low human development,benchmark,2023,3006.7114
ZZK.WORLD,World,world,1990,11274.359
ZZK.WORLD,World,world,1991,11179.151
ZZK.WORLD,World,world,1992,11112.495
ZZK.WORLD,World,world,1993,11096.401
ZZK.WORLD,World,world,1994,11206.308
ZZK.WORLD,World,world,1995,11363.512
ZZK.WORLD,World,world,1996,11625.158
ZZK.WORLD,World,world,1997,11922.854
ZZK.WORLD,World,world,1998,12056.781
ZZK.WORLD,World,world,1999,12278.26
ZZK.WORLD,World,world,2000,12673.477
ZZK.WORLD,World,world,2001,12841.371
ZZK.WORLD,World,world,2002,13013.603
ZZK.WORLD,World,world,2003,13313.62
ZZK.WORLD,World,world,2004,13822.764
ZZK.WORLD,World,world,2005,14255.399
ZZK.WORLD,World,world,2006,14837.045
ZZK.WORLD,World,world,2007,15386.808
ZZK.WORLD,World,world,2008,15446.101
ZZK.WORLD,World,world,2009,15223.308
ZZK.WORLD,World,world,2010,15800.078
ZZK.WORLD,World,world,2011,16204.86
ZZK.WORLD,World,world,2012,16522.938
ZZK.WORLD,World,world,2013,16828.15
ZZK.WORLD,World,world,2014,17231.742
ZZK.WORLD,World,world,2015,17607.742
ZZK.WORLD,World,world,2016,17932.371
ZZK.WORLD,World,world,2017,18410.609
ZZK.WORLD,World,world,2018,18825.41
ZZK.WORLD,World,world,2019,19171
ZZK.WORLD,World,world,2020,18407.326
ZZK.WORLD,World,world,2021,19449.727
ZZK.WORLD,World,world,2022,19878.969
ZZK.WORLD,World,world,2023,20327.309
