iso3,area_name,area_type,year,mys
AFG,Afghanistan,country,1990,.87196195
AFG,Afghanistan,country,1991,.91526747
AFG,Afghanistan,country,1992,.95857292
AFG,Afghanistan,country,1993,1.0018785
AFG,Afghanistan,country,1994,1.0451839
AFG,Afghanistan,country,1995,1.0884894
AFG,Afghanistan,country,1996,1.123602
AFG,Afghanistan,country,1997,1.1587145
AFG,Afghanistan,country,1998,1.1938272
AFG,Afghanistan,country,1999,1.2289397
AFG,Afghanistan,country,2000,1.2640523
AFG,Afghanistan,country,2001,1.3155507
AFG,Afghanistan,country,2002,1.3670491
AFG,Afghanistan,country,2003,1.4185475
AFG,Afghanistan,country,2004,1.4700459
AFG,Afghanistan,country,2005,1.5215443
AFG,Afghanistan,country,2006,1.5952808
AFG,Afghanistan,country,2007,1.6690171
AFG,Afghanistan,country,2008,1.7427535
AFG,Afghanistan,country,2009,1.8164899
AFG,Afghanistan,country,2010,1.8902262
AFG,Afghanistan,country,2011,1.9370431
AFG,Afghanistan,country,2012,1.9838598
AFG,Afghanistan,country,2013,2.0306766
AFG,Afghanistan,country,2014,2.0774932
AFG,Afghanistan,country,2015,2.12431
AFG,Afghanistan,country,2016,2.2685916
AFG,Afghanistan,country,2017,2.4128733
AFG,Afghanistan,country,2018,2.5571549
AFG,Afghanistan,country,2019,2.7014368
AFG,Afghanistan,country,2020,2.8457184
AFG,Afghanistan,country,2021,2.99
AFG,Afghanistan,country,2022,2.5147901
AFG,Afghanistan,country,2023,2.5147901
AGO,Angola,country,1990,
AGO,Angola,country,1991,
AGO,Angola,country,1992,
AGO,Angola,country,1993,
AGO,Angola,country,1994,
AGO,Angola,country,1995,
AGO,Angola,country,1996,
AGO,Angola,country,1997,
AGO,Angola,country,1998,
AGO,Angola,country,1999,3.3871405
AGO,Angola,country,2000,3.4257457
AGO,Angola,country,2001,3.4647911
AGO,Angola,country,2002,3.5051918
AGO,Angola,country,2003,3.5455923
AGO,Angola,country,2004,3.5859931
AGO,Angola,country,2005,3.6263938
AGO,Angola,country,2006,3.6667945
AGO,Angola,country,2007,3.707195
AGO,Angola,country,2008,3.7475958
AGO,Angola,country,2009,3.7879965
AGO,Angola,country,2010,3.8283973
AGO,Angola,country,2011,3.868798
AGO,Angola,country,2012,3.9091985
AGO,Angola,country,2013,3.9495993
AGO,Angola,country,2014,3.99
AGO,Angola,country,2015,5.31563
AGO,Angola,country,2016,5.4173908
AGO,Angola,country,2017,5.5210996
AGO,Angola,country,2018,5.6267939
AGO,Angola,country,2019,5.7345119
AGO,Angola,country,2020,5.8442917
AGO,Angola,country,2021,5.9561729
AGO,Angola,country,2022,5.9561729
AGO,Angola,country,2023,5.9561729
ALB,Albania,country,1990,7.3515644
ALB,Albania,country,1991,7.3496866
ALB,Albania,country,1992,7.3478088
ALB,Albania,country,1993,7.3459311
ALB,Albania,country,1994,7.3440533
ALB,Albania,country,1995,7.3421755
ALB,Albania,country,1996,7.6238446
ALB,Albania,country,1997,7.9055138
ALB,Albania,country,1998,8.1871834
ALB,Albania,country,1999,8.468852
ALB,Albania,country,2000,8.7505217
ALB,Albania,country,2001,8.8199997
ALB,Albania,country,2002,8.8857136
ALB,Albania,country,2003,8.9514284
ALB,Albania,country,2004,9.0171423
ALB,Albania,country,2005,9.0828571
ALB,Albania,country,2006,9.148571
ALB,Albania,country,2007,9.2142859
ALB,Albania,country,2008,9.2799997
ALB,Albania,country,2009,9.4533329
ALB,Albania,country,2010,9.626667
ALB,Albania,country,2011,9.8000002
ALB,Albania,country,2012,10.03
ALB,Albania,country,2013,10.01934
ALB,Albania,country,2014,10.008679
ALB,Albania,country,2015,9.9980202
ALB,Albania,country,2016,9.98736
ALB,Albania,country,2017,9.9766998
ALB,Albania,country,2018,10.024848
ALB,Albania,country,2019,10.072996
ALB,Albania,country,2020,10.121144
ALB,Albania,country,2021,10.175311
ALB,Albania,country,2022,10.175311
ALB,Albania,country,2023,10.175311
AND,Andorra,country,1990,
AND,Andorra,country,1991,
AND,Andorra,country,1992,
AND,Andorra,country,1993,
AND,Andorra,country,1994,
AND,Andorra,country,1995,
AND,Andorra,country,1996,
AND,Andorra,country,1997,
AND,Andorra,country,1998,
AND,Andorra,country,1999,
AND,Andorra,country,2000,9.8144665
AND,Andorra,country,2001,9.8989153
AND,Andorra,country,2002,9.9840908
AND,Andorra,country,2003,10.07
AND,Andorra,country,2004,10.7
AND,Andorra,country,2005,10.09
AND,Andorra,country,2006,10.41
AND,Andorra,country,2007,10.44
AND,Andorra,country,2008,10.469999
AND,Andorra,country,2009,10.5
AND,Andorra,country,2010,10.53
AND,Andorra,country,2011,10.559999
AND,Andorra,country,2012,10.59
AND,Andorra,country,2013,10.62
AND,Andorra,country,2014,10.65
AND,Andorra,country,2015,10.57
AND,Andorra,country,2016,10.56
AND,Andorra,country,2017,10.735001
AND,Andorra,country,2018,10.91
AND,Andorra,country,2019,11.085
AND,Andorra,country,2020,11.26
AND,Andorra,country,2021,11.434999
AND,Andorra,country,2022,11.61
AND,Andorra,country,2023,11.61
ARE,United Arab Emirates,country,1990,5.7581
ARE,United Arab Emirates,country,1991,6.0567441
ARE,United Arab Emirates,country,1992,6.3553877
ARE,United Arab Emirates,country,1993,6.6540318
ARE,United Arab Emirates,country,1994,6.9526758
ARE,United Arab Emirates,country,1995,7.2513194
ARE,United Arab Emirates,country,1996,7.4967804
ARE,United Arab Emirates,country,1997,7.7422409
ARE,United Arab Emirates,country,1998,7.9877019
ARE,United Arab Emirates,country,1999,8.2331629
ARE,United Arab Emirates,country,2000,8.4786234
ARE,United Arab Emirates,country,2001,8.5808983
ARE,United Arab Emirates,country,2002,8.6831741
ARE,United Arab Emirates,country,2003,8.785449
ARE,United Arab Emirates,country,2004,8.8877249
ARE,United Arab Emirates,country,2005,8.9899998
ARE,United Arab Emirates,country,2006,9.1581812
ARE,United Arab Emirates,country,2007,9.3263636
ARE,United Arab Emirates,country,2008,9.494545
ARE,United Arab Emirates,country,2009,9.6627274
ARE,United Arab Emirates,country,2010,9.8309088
ARE,United Arab Emirates,country,2011,9.9990911
ARE,United Arab Emirates,country,2012,10.167273
ARE,United Arab Emirates,country,2013,10.335455
ARE,United Arab Emirates,country,2014,10.503636
ARE,United Arab Emirates,country,2015,10.671819
ARE,United Arab Emirates,country,2016,10.84
ARE,United Arab Emirates,country,2017,12.06
ARE,United Arab Emirates,country,2018,12.48
ARE,United Arab Emirates,country,2019,12.69
ARE,United Arab Emirates,country,2020,12.73
ARE,United Arab Emirates,country,2021,12.77
ARE,United Arab Emirates,country,2022,12.99
ARE,United Arab Emirates,country,2023,12.99
ARG,Argentina,country,1990,8.1225595
ARG,Argentina,country,1991,8.1899996
ARG,Argentina,country,1992,8.2579994
ARG,Argentina,country,1993,8.3259993
ARG,Argentina,country,1994,8.3940001
ARG,Argentina,country,1995,8.4619999
ARG,Argentina,country,1996,8.5299997
ARG,Argentina,country,1997,8.5979996
ARG,Argentina,country,1998,8.6659994
ARG,Argentina,country,1999,8.7340002
ARG,Argentina,country,2000,8.802
ARG,Argentina,country,2001,8.8699999
ARG,Argentina,country,2002,9.3950005
ARG,Argentina,country,2003,9.9200001
ARG,Argentina,country,2004,10.01
ARG,Argentina,country,2005,10.099999
ARG,Argentina,country,2006,10.19
ARG,Argentina,country,2007,10.299999
ARG,Argentina,country,2008,10.41
ARG,Argentina,country,2009,10.54
ARG,Argentina,country,2010,10.6
ARG,Argentina,country,2011,10.7
ARG,Argentina,country,2012,10.79
ARG,Argentina,country,2013,10.89
ARG,Argentina,country,2014,10.91
ARG,Argentina,country,2015,10.92
ARG,Argentina,country,2016,10.93
ARG,Argentina,country,2017,11.015
ARG,Argentina,country,2018,11.1
ARG,Argentina,country,2019,11.12
ARG,Argentina,country,2020,11.14
ARG,Argentina,country,2021,11.184582
ARG,Argentina,country,2022,11.184582
ARG,Argentina,country,2023,11.184582
ARM,Armenia,country,1990,9.7834196
ARM,Armenia,country,1991,9.853301
ARM,Armenia,country,1992,9.9231825
ARM,Armenia,country,1993,9.9930639
ARM,Armenia,country,1994,10.062945
ARM,Armenia,country,1995,10.132828
ARM,Armenia,country,1996,10.20465
ARM,Armenia,country,1997,10.276473
ARM,Armenia,country,1998,10.348295
ARM,Armenia,country,1999,10.420118
ARM,Armenia,country,2000,10.49194
ARM,Armenia,country,2001,10.49
ARM,Armenia,country,2002,10.559999
ARM,Armenia,country,2003,10.63
ARM,Armenia,country,2004,10.7
ARM,Armenia,country,2005,10.77
ARM,Armenia,country,2006,10.84
ARM,Armenia,country,2007,10.91
ARM,Armenia,country,2008,10.98
ARM,Armenia,country,2009,11.049999
ARM,Armenia,country,2010,11.12
ARM,Armenia,country,2011,11.19
ARM,Armenia,country,2012,11.285
ARM,Armenia,country,2013,11.38
ARM,Armenia,country,2014,11.474999
ARM,Armenia,country,2015,11.57
ARM,Armenia,country,2016,11.68974
ARM,Armenia,country,2017,11.19
ARM,Armenia,country,2018,11.236667
ARM,Armenia,country,2019,11.283333
ARM,Armenia,country,2020,11.33
ARM,Armenia,country,2021,11.344978
ARM,Armenia,country,2022,11.344978
ARM,Armenia,country,2023,11.344978
ATG,Antigua and Barbuda,country,1990,
ATG,Antigua and Barbuda,country,1991,
ATG,Antigua and Barbuda,country,1992,
ATG,Antigua and Barbuda,country,1993,
ATG,Antigua and Barbuda,country,1994,
ATG,Antigua and Barbuda,country,1995,
ATG,Antigua and Barbuda,country,1996,
ATG,Antigua and Barbuda,country,1997,
ATG,Antigua and Barbuda,country,1998,
ATG,Antigua and Barbuda,country,1999,
ATG,Antigua and Barbuda,country,2000,9.2020741
ATG,Antigua and Barbuda,country,2001,9.3287792
ATG,Antigua and Barbuda,country,2002,9.4572296
ATG,Antigua and Barbuda,country,2003,9.5874491
ATG,Antigua and Barbuda,country,2004,9.7194614
ATG,Antigua and Barbuda,country,2005,9.8532906
ATG,Antigua and Barbuda,country,2006,9.9889631
ATG,Antigua and Barbuda,country,2007,10.126504
ATG,Antigua and Barbuda,country,2008,10.265939
ATG,Antigua and Barbuda,country,2009,10.407293
ATG,Antigua and Barbuda,country,2010,10.550594
ATG,Antigua and Barbuda,country,2011,10.695868
ATG,Antigua and Barbuda,country,2012,10.843142
ATG,Antigua and Barbuda,country,2013,10.992444
ATG,Antigua and Barbuda,country,2014,11.143802
ATG,Antigua and Barbuda,country,2015,11.29516
ATG,Antigua and Barbuda,country,2016,11.446518
ATG,Antigua and Barbuda,country,2017,11.597876
ATG,Antigua and Barbuda,country,2018,11.749233
ATG,Antigua and Barbuda,country,2019,11.715322
ATG,Antigua and Barbuda,country,2020,11.681411
ATG,Antigua and Barbuda,country,2021,11.6475
ATG,Antigua and Barbuda,country,2022,11.6475
ATG,Antigua and Barbuda,country,2023,11.6475
AUS,Australia,country,1990,11.225357
AUS,Australia,country,1991,11.247407
AUS,Australia,country,1992,11.269457
AUS,Australia,country,1993,11.291507
AUS,Australia,country,1994,11.313557
AUS,Australia,country,1995,11.335607
AUS,Australia,country,1996,11.325583
AUS,Australia,country,1997,11.315561
AUS,Australia,country,1998,11.305538
AUS,Australia,country,1999,11.295516
AUS,Australia,country,2000,11.285493
AUS,Australia,country,2001,11.341619
AUS,Australia,country,2002,11.397747
AUS,Australia,country,2003,11.453874
AUS,Australia,country,2004,11.51
AUS,Australia,country,2005,11.55
AUS,Australia,country,2006,11.64
AUS,Australia,country,2007,11.71
AUS,Australia,country,2008,11.94
AUS,Australia,country,2009,11.99
AUS,Australia,country,2010,12.03
AUS,Australia,country,2011,12.12
AUS,Australia,country,2012,12.3
AUS,Australia,country,2013,12.02
AUS,Australia,country,2014,12.17
AUS,Australia,country,2015,12.25
AUS,Australia,country,2016,12.35
AUS,Australia,country,2017,12.32
AUS,Australia,country,2018,12.46
AUS,Australia,country,2019,12.56
AUS,Australia,country,2020,12.64
AUS,Australia,country,2021,12.78
AUS,Australia,country,2022,12.87
AUS,Australia,country,2023,12.87
AUT,Austria,country,1990,10.200078
AUT,Austria,country,1991,10.29
AUT,Austria,country,1992,10.380714
AUT,Austria,country,1993,10.471429
AUT,Austria,country,1994,10.562143
AUT,Austria,country,1995,10.652857
AUT,Austria,country,1996,10.743571
AUT,Austria,country,1997,10.834286
AUT,Austria,country,1998,10.925
AUT,Austria,country,1999,11.015715
AUT,Austria,country,2000,11.106429
AUT,Austria,country,2001,11.197144
AUT,Austria,country,2002,11.287857
AUT,Austria,country,2003,11.378572
AUT,Austria,country,2004,11.469286
AUT,Austria,country,2005,11.56
AUT,Austria,country,2006,11.545
AUT,Austria,country,2007,11.53
AUT,Austria,country,2008,11.47
AUT,Austria,country,2009,11.67
AUT,Austria,country,2010,11.71
AUT,Austria,country,2011,11.71
AUT,Austria,country,2012,11.75
AUT,Austria,country,2013,11.79
AUT,Austria,country,2014,12.01
AUT,Austria,country,2015,12.08
AUT,Austria,country,2016,12.11
AUT,Austria,country,2017,12.16
AUT,Austria,country,2018,12.21
AUT,Austria,country,2019,12.26
AUT,Austria,country,2020,12.310628
AUT,Austria,country,2021,12.361465
AUT,Austria,country,2022,12.361465
AUT,Austria,country,2023,12.361465
AZE,Azerbaijan,country,1990,
AZE,Azerbaijan,country,1991,
AZE,Azerbaijan,country,1992,
AZE,Azerbaijan,country,1993,
AZE,Azerbaijan,country,1994,
AZE,Azerbaijan,country,1995,10.102757
AZE,Azerbaijan,country,1996,10.141841
AZE,Azerbaijan,country,1997,10.181075
AZE,Azerbaijan,country,1998,10.220462
AZE,Azerbaijan,country,1999,10.26
AZE,Azerbaijan,country,2000,10.3
AZE,Azerbaijan,country,2001,10.34
AZE,Azerbaijan,country,2002,10.38
AZE,Azerbaijan,country,2003,10.42
AZE,Azerbaijan,country,2004,10.46
AZE,Azerbaijan,country,2005,10.5
AZE,Azerbaijan,country,2006,10.54
AZE,Azerbaijan,country,2007,10.58
AZE,Azerbaijan,country,2008,10.59
AZE,Azerbaijan,country,2009,10.59
AZE,Azerbaijan,country,2010,10.61
AZE,Azerbaijan,country,2011,10.61
AZE,Azerbaijan,country,2012,10.61
AZE,Azerbaijan,country,2013,10.57
AZE,Azerbaijan,country,2014,10.57
AZE,Azerbaijan,country,2015,10.57
AZE,Azerbaijan,country,2016,10.65
AZE,Azerbaijan,country,2017,10.64
AZE,Azerbaijan,country,2018,10.64
AZE,Azerbaijan,country,2019,10.64
AZE,Azerbaijan,country,2020,10.7475
AZE,Azerbaijan,country,2021,10.855
AZE,Azerbaijan,country,2022,10.9625
AZE,Azerbaijan,country,2023,11.07
BDI,Burundi,country,1990,1.46
BDI,Burundi,country,1991,1.513889
BDI,Burundi,country,1992,1.5677779
BDI,Burundi,country,1993,1.6216667
BDI,Burundi,country,1994,1.6755556
BDI,Burundi,country,1995,1.7294445
BDI,Burundi,country,1996,1.7833334
BDI,Burundi,country,1997,1.8372222
BDI,Burundi,country,1998,1.8911111
BDI,Burundi,country,1999,1.9450001
BDI,Burundi,country,2000,1.998889
BDI,Burundi,country,2001,2.0527778
BDI,Burundi,country,2002,2.1066668
BDI,Burundi,country,2003,2.1605556
BDI,Burundi,country,2004,2.2144444
BDI,Burundi,country,2005,2.2683334
BDI,Burundi,country,2006,2.3222222
BDI,Burundi,country,2007,2.3761113
BDI,Burundi,country,2008,2.4300001
BDI,Burundi,country,2009,2.3633335
BDI,Burundi,country,2010,2.2966666
BDI,Burundi,country,2011,2.23
BDI,Burundi,country,2012,2.1633334
BDI,Burundi,country,2013,2.0966666
BDI,Burundi,country,2014,2.03
BDI,Burundi,country,2015,2.2866666
BDI,Burundi,country,2016,2.5433333
BDI,Burundi,country,2017,2.8
BDI,Burundi,country,2018,2.955112
BDI,Burundi,country,2019,3.1188171
BDI,Burundi,country,2020,3.2915907
BDI,Burundi,country,2021,3.4739356
BDI,Burundi,country,2022,3.4739356
BDI,Burundi,country,2023,3.4739356
BEL,Belgium,country,1990,9.4046955
BEL,Belgium,country,1991,9.545249
BEL,Belgium,country,1992,9.6858025
BEL,Belgium,country,1993,9.8263559
BEL,Belgium,country,1994,9.9669104
BEL,Belgium,country,1995,10.107464
BEL,Belgium,country,1996,10.194276
BEL,Belgium,country,1997,10.281089
BEL,Belgium,country,1998,10.367902
BEL,Belgium,country,1999,10.454714
BEL,Belgium,country,2000,10.541527
BEL,Belgium,country,2001,10.638674
BEL,Belgium,country,2002,10.735822
BEL,Belgium,country,2003,10.832969
BEL,Belgium,country,2004,10.930116
BEL,Belgium,country,2005,11.027264
BEL,Belgium,country,2006,11.05
BEL,Belgium,country,2007,11.115001
BEL,Belgium,country,2008,11.18
BEL,Belgium,country,2009,11.32
BEL,Belgium,country,2010,11.42
BEL,Belgium,country,2011,11.47
BEL,Belgium,country,2012,11.5
BEL,Belgium,country,2013,11.54
BEL,Belgium,country,2014,11.64
BEL,Belgium,country,2015,11.89
BEL,Belgium,country,2016,11.99
BEL,Belgium,country,2017,12.24
BEL,Belgium,country,2018,12.309999
BEL,Belgium,country,2019,12.38
BEL,Belgium,country,2020,12.533869
BEL,Belgium,country,2021,12.689651
BEL,Belgium,country,2022,12.689651
BEL,Belgium,country,2023,12.689651
BEN,Benin,country,1990,1.4525739
BEN,Benin,country,1991,1.5292625
BEN,Benin,country,1992,1.61
BEN,Benin,country,1993,1.6950001
BEN,Benin,country,1994,1.78
BEN,Benin,country,1995,1.865
BEN,Benin,country,1996,1.95
BEN,Benin,country,1997,2.0350001
BEN,Benin,country,1998,2.1200001
BEN,Benin,country,1999,2.2049999
BEN,Benin,country,2000,2.29
BEN,Benin,country,2001,2.375
BEN,Benin,country,2002,2.46
BEN,Benin,country,2003,2.4726834
BEN,Benin,country,2004,2.4853666
BEN,Benin,country,2005,2.49805
BEN,Benin,country,2006,2.5107334
BEN,Benin,country,2007,2.5234168
BEN,Benin,country,2008,2.5360999
BEN,Benin,country,2009,2.5487833
BEN,Benin,country,2010,2.5614667
BEN,Benin,country,2011,2.5741501
BEN,Benin,country,2012,2.5868332
BEN,Benin,country,2013,2.5995166
BEN,Benin,country,2014,2.6122
BEN,Benin,country,2015,2.6248834
BEN,Benin,country,2016,2.6375666
BEN,Benin,country,2017,2.65025
BEN,Benin,country,2018,2.8418949
BEN,Benin,country,2019,3.03354
BEN,Benin,country,2020,3.1138701
BEN,Benin,country,2021,3.1942
BEN,Benin,country,2022,3.1942
BEN,Benin,country,2023,3.1942
BFA,Burkina Faso,country,1990,
BFA,Burkina Faso,country,1991,
BFA,Burkina Faso,country,1992,
BFA,Burkina Faso,country,1993,
BFA,Burkina Faso,country,1994,
BFA,Burkina Faso,country,1995,
BFA,Burkina Faso,country,1996,
BFA,Burkina Faso,country,1997,
BFA,Burkina Faso,country,1998,
BFA,Burkina Faso,country,1999,
BFA,Burkina Faso,country,2000,
BFA,Burkina Faso,country,2001,
BFA,Burkina Faso,country,2002,
BFA,Burkina Faso,country,2003,
BFA,Burkina Faso,country,2004,
BFA,Burkina Faso,country,2005,1.3436242
BFA,Burkina Faso,country,2006,1.3200001
BFA,Burkina Faso,country,2007,.98000002
BFA,Burkina Faso,country,2008,1.0242857
BFA,Burkina Faso,country,2009,1.0685714
BFA,Burkina Faso,country,2010,1.1128571
BFA,Burkina Faso,country,2011,1.1571429
BFA,Burkina Faso,country,2012,1.2014285
BFA,Burkina Faso,country,2013,1.2457143
BFA,Burkina Faso,country,2014,1.29
BFA,Burkina Faso,country,2015,1.4475
BFA,Burkina Faso,country,2016,1.6049999
BFA,Burkina Faso,country,2017,1.7624999
BFA,Burkina Faso,country,2018,1.92
BFA,Burkina Faso,country,2019,2.0999999
BFA,Burkina Faso,country,2020,2.183275
BFA,Burkina Faso,country,2021,2.2665501
BFA,Burkina Faso,country,2022,2.2665501
BFA,Burkina Faso,country,2023,2.2665501
BGD,Bangladesh,country,1990,3.2970977
BGD,Bangladesh,country,1991,3.4015832
BGD,Bangladesh,country,1992,3.5060687
BGD,Bangladesh,country,1993,3.6105542
BGD,Bangladesh,country,1994,3.7150397
BGD,Bangladesh,country,1995,3.8195252
BGD,Bangladesh,country,1996,3.9124012
BGD,Bangladesh,country,1997,4.0052772
BGD,Bangladesh,country,1998,4.0981531
BGD,Bangladesh,country,1999,4.1910291
BGD,Bangladesh,country,2000,4.283905
BGD,Bangladesh,country,2001,4.4000001
BGD,Bangladesh,country,2002,4.48
BGD,Bangladesh,country,2003,4.5599999
BGD,Bangladesh,country,2004,4.6399999
BGD,Bangladesh,country,2005,4.7199998
BGD,Bangladesh,country,2006,4.7999997
BGD,Bangladesh,country,2007,4.8800001
BGD,Bangladesh,country,2008,4.96
BGD,Bangladesh,country,2009,5.04
BGD,Bangladesh,country,2010,5.1199999
BGD,Bangladesh,country,2011,5.1999998
BGD,Bangladesh,country,2012,5.3000002
BGD,Bangladesh,country,2013,5.0599999
BGD,Bangladesh,country,2014,5.1900001
BGD,Bangladesh,country,2015,5.9899998
BGD,Bangladesh,country,2016,6.1100001
BGD,Bangladesh,country,2017,6.27
BGD,Bangladesh,country,2018,6.3899999
BGD,Bangladesh,country,2019,6.5500002
BGD,Bangladesh,country,2020,7.0999999
BGD,Bangladesh,country,2021,6.79
BGD,Bangladesh,country,2022,6.79
BGD,Bangladesh,country,2023,6.79
BGR,Bulgaria,country,1990,6.8106613
BGR,Bulgaria,country,1991,7.0848131
BGR,Bulgaria,country,1992,7.3699999
BGR,Bulgaria,country,1993,7.6666665
BGR,Bulgaria,country,1994,7.9633331
BGR,Bulgaria,country,1995,8.2600002
BGR,Bulgaria,country,1996,8.5566664
BGR,Bulgaria,country,1997,8.8533335
BGR,Bulgaria,country,1998,9.1499996
BGR,Bulgaria,country,1999,9.4466667
BGR,Bulgaria,country,2000,9.7433329
BGR,Bulgaria,country,2001,10.04
BGR,Bulgaria,country,2002,10.116
BGR,Bulgaria,country,2003,10.192
BGR,Bulgaria,country,2004,10.268
BGR,Bulgaria,country,2005,10.344
BGR,Bulgaria,country,2006,10.42
BGR,Bulgaria,country,2007,10.54
BGR,Bulgaria,country,2008,10.59
BGR,Bulgaria,country,2009,10.64
BGR,Bulgaria,country,2010,10.72
BGR,Bulgaria,country,2011,10.78
BGR,Bulgaria,country,2012,10.9
BGR,Bulgaria,country,2013,11.01
BGR,Bulgaria,country,2014,11.05
BGR,Bulgaria,country,2015,11.19
BGR,Bulgaria,country,2016,11.23
BGR,Bulgaria,country,2017,11.24
BGR,Bulgaria,country,2018,11.296666
BGR,Bulgaria,country,2019,11.353333
BGR,Bulgaria,country,2020,11.41
BGR,Bulgaria,country,2021,11.454531
BGR,Bulgaria,country,2022,11.454531
BGR,Bulgaria,country,2023,11.454531
BHR,Bahrain,country,1990,5.1103077
BHR,Bahrain,country,1991,5.3899999
BHR,Bahrain,country,1992,5.6849999
BHR,Bahrain,country,1993,5.98
BHR,Bahrain,country,1994,6.2750001
BHR,Bahrain,country,1995,6.5700002
BHR,Bahrain,country,1996,6.8650002
BHR,Bahrain,country,1997,7.1599998
BHR,Bahrain,country,1998,7.4549999
BHR,Bahrain,country,1999,7.75
BHR,Bahrain,country,2000,8.0450001
BHR,Bahrain,country,2001,8.3400002
BHR,Bahrain,country,2002,8.3055553
BHR,Bahrain,country,2003,8.2711115
BHR,Bahrain,country,2004,8.2366667
BHR,Bahrain,country,2005,8.2022219
BHR,Bahrain,country,2006,8.167778
BHR,Bahrain,country,2007,8.1333332
BHR,Bahrain,country,2008,8.0988884
BHR,Bahrain,country,2009,8.0644445
BHR,Bahrain,country,2010,8.0299997
BHR,Bahrain,country,2011,8.2449999
BHR,Bahrain,country,2012,8.46
BHR,Bahrain,country,2013,8.6750002
BHR,Bahrain,country,2014,8.8899994
BHR,Bahrain,country,2015,9.1049995
BHR,Bahrain,country,2016,9.3199997
BHR,Bahrain,country,2017,9.5900002
BHR,Bahrain,country,2018,10.5
BHR,Bahrain,country,2019,10.75
BHR,Bahrain,country,2020,11
BHR,Bahrain,country,2021,11.075
BHR,Bahrain,country,2022,11.15
BHR,Bahrain,country,2023,11.13
BHS,Bahamas,country,1990,10.01
BHS,Bahamas,country,1991,10.113
BHS,Bahamas,country,1992,10.216001
BHS,Bahamas,country,1993,10.319
BHS,Bahamas,country,1994,10.422
BHS,Bahamas,country,1995,10.525001
BHS,Bahamas,country,1996,10.628
BHS,Bahamas,country,1997,10.731
BHS,Bahamas,country,1998,10.834
BHS,Bahamas,country,1999,10.937
BHS,Bahamas,country,2000,11.04
BHS,Bahamas,country,2001,11.122
BHS,Bahamas,country,2002,11.204
BHS,Bahamas,country,2003,11.286
BHS,Bahamas,country,2004,11.368
BHS,Bahamas,country,2005,11.45
BHS,Bahamas,country,2006,11.532
BHS,Bahamas,country,2007,11.613999
BHS,Bahamas,country,2008,11.696
BHS,Bahamas,country,2009,11.778
BHS,Bahamas,country,2010,11.86
BHS,Bahamas,country,2011,11.943745
BHS,Bahamas,country,2012,12.028081
BHS,Bahamas,country,2013,12.113013
BHS,Bahamas,country,2014,12.198545
BHS,Bahamas,country,2015,12.284681
BHS,Bahamas,country,2016,12.371425
BHS,Bahamas,country,2017,12.458781
BHS,Bahamas,country,2018,12.546755
BHS,Bahamas,country,2019,12.635349
BHS,Bahamas,country,2020,12.724569
BHS,Bahamas,country,2021,12.814419
BHS,Bahamas,country,2022,12.814419
BHS,Bahamas,country,2023,12.814419
BIH,Bosnia and Herzegovina,country,1990,
BIH,Bosnia and Herzegovina,country,1991,
BIH,Bosnia and Herzegovina,country,1992,
BIH,Bosnia and Herzegovina,country,1993,
BIH,Bosnia and Herzegovina,country,1994,
BIH,Bosnia and Herzegovina,country,1995,
BIH,Bosnia and Herzegovina,country,1996,
BIH,Bosnia and Herzegovina,country,1997,
BIH,Bosnia and Herzegovina,country,1998,
BIH,Bosnia and Herzegovina,country,1999,
BIH,Bosnia and Herzegovina,country,2000,6.6129961
BIH,Bosnia and Herzegovina,country,2001,6.626102
BIH,Bosnia and Herzegovina,country,2002,6.6392074
BIH,Bosnia and Herzegovina,country,2003,6.6523132
BIH,Bosnia and Herzegovina,country,2004,6.6654186
BIH,Bosnia and Herzegovina,country,2005,6.6785245
BIH,Bosnia and Herzegovina,country,2006,6.6916299
BIH,Bosnia and Herzegovina,country,2007,6.7962227
BIH,Bosnia and Herzegovina,country,2008,6.900815
BIH,Bosnia and Herzegovina,country,2009,7.0054078
BIH,Bosnia and Herzegovina,country,2010,7.1100001
BIH,Bosnia and Herzegovina,country,2011,7.2399998
BIH,Bosnia and Herzegovina,country,2012,7.8899999
BIH,Bosnia and Herzegovina,country,2013,8.54
BIH,Bosnia and Herzegovina,country,2014,9.1899996
BIH,Bosnia and Herzegovina,country,2015,9.29
BIH,Bosnia and Herzegovina,country,2016,9.6899996
BIH,Bosnia and Herzegovina,country,2017,9.75
BIH,Bosnia and Herzegovina,country,2018,9.8100004
BIH,Bosnia and Herzegovina,country,2019,10.175
BIH,Bosnia and Herzegovina,country,2020,10.54
BIH,Bosnia and Herzegovina,country,2021,10.755
BIH,Bosnia and Herzegovina,country,2022,10.97
BIH,Bosnia and Herzegovina,country,2023,10.97
BLR,Belarus,country,1990,
BLR,Belarus,country,1991,
BLR,Belarus,country,1992,
BLR,Belarus,country,1993,
BLR,Belarus,country,1994,
BLR,Belarus,country,1995,9.9604044
BLR,Belarus,country,1996,10.043565
BLR,Belarus,country,1997,10.12742
BLR,Belarus,country,1998,10.211976
BLR,Belarus,country,1999,10.297237
BLR,Belarus,country,2000,10.38321
BLR,Belarus,country,2001,10.469901
BLR,Belarus,country,2002,10.557316
BLR,Belarus,country,2003,10.64546
BLR,Belarus,country,2004,10.734341
BLR,Belarus,country,2005,10.823963
BLR,Belarus,country,2006,10.914334
BLR,Belarus,country,2007,11.00546
BLR,Belarus,country,2008,11.097346
BLR,Belarus,country,2009,11.19
BLR,Belarus,country,2010,11.285
BLR,Belarus,country,2011,11.38
BLR,Belarus,country,2012,11.474999
BLR,Belarus,country,2013,11.57
BLR,Belarus,country,2014,11.665
BLR,Belarus,country,2015,11.76
BLR,Belarus,country,2016,11.855
BLR,Belarus,country,2017,11.95
BLR,Belarus,country,2018,12.045
BLR,Belarus,country,2019,12.14
BLR,Belarus,country,2020,12.237297
BLR,Belarus,country,2021,12.335373
BLR,Belarus,country,2022,12.335373
BLR,Belarus,country,2023,12.335373
BLZ,Belize,country,1990,5.4529734
BLZ,Belize,country,1991,5.6199999
BLZ,Belize,country,1992,5.7921429
BLZ,Belize,country,1993,5.9642854
BLZ,Belize,country,1994,6.1364284
BLZ,Belize,country,1995,6.3085713
BLZ,Belize,country,1996,6.4807143
BLZ,Belize,country,1997,6.6528568
BLZ,Belize,country,1998,6.8249998
BLZ,Belize,country,1999,6.9971428
BLZ,Belize,country,2000,7.1692853
BLZ,Belize,country,2001,7.3414283
BLZ,Belize,country,2002,7.5135713
BLZ,Belize,country,2003,7.6857142
BLZ,Belize,country,2004,7.8578568
BLZ,Belize,country,2005,8.0299997
BLZ,Belize,country,2006,8.5219994
BLZ,Belize,country,2007,9.0139999
BLZ,Belize,country,2008,9.5059996
BLZ,Belize,country,2009,9.9980001
BLZ,Belize,country,2010,10.49
BLZ,Belize,country,2011,10.176686
BLZ,Belize,country,2012,9.8633718
BLZ,Belize,country,2013,9.5500584
BLZ,Belize,country,2014,9.2367439
BLZ,Belize,country,2015,8.9234304
BLZ,Belize,country,2016,8.9087448
BLZ,Belize,country,2017,8.8940582
BLZ,Belize,country,2018,8.8793726
BLZ,Belize,country,2019,8.864686
BLZ,Belize,country,2020,8.8500004
BLZ,Belize,country,2021,8.76229
BLZ,Belize,country,2022,8.76229
BLZ,Belize,country,2023,8.76229
BOL,Bolivia (Plurinational State of),country,1990,5.9936028
BOL,Bolivia (Plurinational State of),country,1991,6.100842
BOL,Bolivia (Plurinational State of),country,1992,6.21
BOL,Bolivia (Plurinational State of),country,1993,6.3211112
BOL,Bolivia (Plurinational State of),country,1994,6.4322224
BOL,Bolivia (Plurinational State of),country,1995,6.5433335
BOL,Bolivia (Plurinational State of),country,1996,6.6544447
BOL,Bolivia (Plurinational State of),country,1997,6.7655554
BOL,Bolivia (Plurinational State of),country,1998,6.8766665
BOL,Bolivia (Plurinational State of),country,1999,6.9877777
BOL,Bolivia (Plurinational State of),country,2000,7.0988889
BOL,Bolivia (Plurinational State of),country,2001,7.21
BOL,Bolivia (Plurinational State of),country,2002,7.1480002
BOL,Bolivia (Plurinational State of),country,2003,7.086
BOL,Bolivia (Plurinational State of),country,2004,7.0240002
BOL,Bolivia (Plurinational State of),country,2005,6.9619999
BOL,Bolivia (Plurinational State of),country,2006,6.9000001
BOL,Bolivia (Plurinational State of),country,2007,7.0499997
BOL,Bolivia (Plurinational State of),country,2008,7.1999998
BOL,Bolivia (Plurinational State of),country,2009,7.48
BOL,Bolivia (Plurinational State of),country,2010,7.71
BOL,Bolivia (Plurinational State of),country,2011,7.9400001
BOL,Bolivia (Plurinational State of),country,2012,8.1700001
BOL,Bolivia (Plurinational State of),country,2013,8.4233332
BOL,Bolivia (Plurinational State of),country,2014,8.6766672
BOL,Bolivia (Plurinational State of),country,2015,8.9300003
BOL,Bolivia (Plurinational State of),country,2016,9.1625004
BOL,Bolivia (Plurinational State of),country,2017,9.3950005
BOL,Bolivia (Plurinational State of),country,2018,9.6274996
BOL,Bolivia (Plurinational State of),country,2019,9.8599997
BOL,Bolivia (Plurinational State of),country,2020,9.8299999
BOL,Bolivia (Plurinational State of),country,2021,10.021223
BOL,Bolivia (Plurinational State of),country,2022,10.021223
BOL,Bolivia (Plurinational State of),country,2023,10.021223
BRA,Brazil,country,1990,3.6850519
BRA,Brazil,country,1991,3.8309946
BRA,Brazil,country,1992,3.9769371
BRA,Brazil,country,1993,4.12288
BRA,Brazil,country,1994,4.2688227
BRA,Brazil,country,1995,4.4147649
BRA,Brazil,country,1996,4.5862479
BRA,Brazil,country,1997,4.7577305
BRA,Brazil,country,1998,4.929213
BRA,Brazil,country,1999,5.1006956
BRA,Brazil,country,2000,5.2721782
BRA,Brazil,country,2001,5.4491339
BRA,Brazil,country,2002,5.6260891
BRA,Brazil,country,2003,5.8030448
BRA,Brazil,country,2004,5.98
BRA,Brazil,country,2005,6.1500001
BRA,Brazil,country,2006,6.3200002
BRA,Brazil,country,2007,6.5
BRA,Brazil,country,2008,6.6700001
BRA,Brazil,country,2009,6.77
BRA,Brazil,country,2010,6.8800001
BRA,Brazil,country,2011,7.0100002
BRA,Brazil,country,2012,7.2199998
BRA,Brazil,country,2013,7.29
BRA,Brazil,country,2014,7.3800001
BRA,Brazil,country,2015,7.5100002
BRA,Brazil,country,2016,7.73
BRA,Brazil,country,2017,7.8499999
BRA,Brazil,country,2018,7.98
BRA,Brazil,country,2019,8.1257782
BRA,Brazil,country,2020,8.2742186
BRA,Brazil,country,2021,8.4253721
BRA,Brazil,country,2022,8.4253721
BRA,Brazil,country,2023,8.4253721
BRB,Barbados,country,1990,8.3685713
BRB,Barbados,country,1991,8.4990711
BRB,Barbados,country,1992,8.629571
BRB,Barbados,country,1993,8.7600708
BRB,Barbados,country,1994,8.8905716
BRB,Barbados,country,1995,9.0210714
BRB,Barbados,country,1996,9.0148573
BRB,Barbados,country,1997,9.0086422
BRB,Barbados,country,1998,9.0024281
BRB,Barbados,country,1999,8.9962139
BRB,Barbados,country,2000,8.9899998
BRB,Barbados,country,2001,9.095643
BRB,Barbados,country,2002,9.2012854
BRB,Barbados,country,2003,9.3069286
BRB,Barbados,country,2004,9.412571
BRB,Barbados,country,2005,9.5182142
BRB,Barbados,country,2006,9.5451422
BRB,Barbados,country,2007,9.5720711
BRB,Barbados,country,2008,9.599
BRB,Barbados,country,2009,9.6259279
BRB,Barbados,country,2010,9.6528568
BRB,Barbados,country,2011,9.6611423
BRB,Barbados,country,2012,9.6694279
BRB,Barbados,country,2013,9.6777143
BRB,Barbados,country,2014,9.6859999
BRB,Barbados,country,2015,9.6942854
BRB,Barbados,country,2016,9.7336426
BRB,Barbados,country,2017,9.7729998
BRB,Barbados,country,2018,9.8123569
BRB,Barbados,country,2019,9.8517141
BRB,Barbados,country,2020,9.8910713
BRB,Barbados,country,2021,9.9283571
BRB,Barbados,country,2022,9.9283571
BRB,Barbados,country,2023,9.9283571
BRN,Brunei Darussalam,country,1990,7.5100002
BRN,Brunei Darussalam,country,1991,7.6199999
BRN,Brunei Darussalam,country,1992,7.73
BRN,Brunei Darussalam,country,1993,7.8400002
BRN,Brunei Darussalam,country,1994,7.9499998
BRN,Brunei Darussalam,country,1995,8.0600004
BRN,Brunei Darussalam,country,1996,8.1059999
BRN,Brunei Darussalam,country,1997,8.1520004
BRN,Brunei Darussalam,country,1998,8.198
BRN,Brunei Darussalam,country,1999,8.2440004
BRN,Brunei Darussalam,country,2000,8.29
BRN,Brunei Darussalam,country,2001,8.3280001
BRN,Brunei Darussalam,country,2002,8.3660002
BRN,Brunei Darussalam,country,2003,8.4040003
BRN,Brunei Darussalam,country,2004,8.4420004
BRN,Brunei Darussalam,country,2005,8.4799995
BRN,Brunei Darussalam,country,2006,8.5380001
BRN,Brunei Darussalam,country,2007,8.5959997
BRN,Brunei Darussalam,country,2008,8.6540003
BRN,Brunei Darussalam,country,2009,8.7119999
BRN,Brunei Darussalam,country,2010,8.7700005
BRN,Brunei Darussalam,country,2011,8.8199997
BRN,Brunei Darussalam,country,2012,8.8699999
BRN,Brunei Darussalam,country,2013,8.9200001
BRN,Brunei Darussalam,country,2014,8.9700003
BRN,Brunei Darussalam,country,2015,9.0200005
BRN,Brunei Darussalam,country,2016,9.0600004
BRN,Brunei Darussalam,country,2017,9.1000004
BRN,Brunei Darussalam,country,2018,9.1400003
BRN,Brunei Darussalam,country,2019,9.1800003
BRN,Brunei Darussalam,country,2020,9.2200003
BRN,Brunei Darussalam,country,2021,9.2819996
BRN,Brunei Darussalam,country,2022,9.2819996
BRN,Brunei Darussalam,country,2023,9.2819996
BTN,Bhutan,country,1990,
BTN,Bhutan,country,1991,
BTN,Bhutan,country,1992,
BTN,Bhutan,country,1993,
BTN,Bhutan,country,1994,
BTN,Bhutan,country,1995,
BTN,Bhutan,country,1996,
BTN,Bhutan,country,1997,
BTN,Bhutan,country,1998,
BTN,Bhutan,country,1999,
BTN,Bhutan,country,2000,
BTN,Bhutan,country,2001,
BTN,Bhutan,country,2002,
BTN,Bhutan,country,2003,
BTN,Bhutan,country,2004,
BTN,Bhutan,country,2005,
BTN,Bhutan,country,2006,
BTN,Bhutan,country,2007,
BTN,Bhutan,country,2008,
BTN,Bhutan,country,2009,
BTN,Bhutan,country,2010,2.3599329
BTN,Bhutan,country,2011,2.2887266
BTN,Bhutan,country,2012,2.22
BTN,Bhutan,country,2013,2.5880001
BTN,Bhutan,country,2014,2.9560001
BTN,Bhutan,country,2015,3.3239999
BTN,Bhutan,country,2016,3.6919999
BTN,Bhutan,country,2017,4.0599999
BTN,Bhutan,country,2018,4.5806293
BTN,Bhutan,country,2019,5.1702623
BTN,Bhutan,country,2020,5.8357944
BTN,Bhutan,country,2021,5.8357944
BTN,Bhutan,country,2022,5.8357944
BTN,Bhutan,country,2023,5.8357944
BWA,Botswana,country,1990,5.52
BWA,Botswana,country,1991,5.7579999
BWA,Botswana,country,1992,5.9959998
BWA,Botswana,country,1993,6.2340002
BWA,Botswana,country,1994,6.4720001
BWA,Botswana,country,1995,6.71
BWA,Botswana,country,1996,6.8899999
BWA,Botswana,country,1997,7.0700002
BWA,Botswana,country,1998,7.25
BWA,Botswana,country,1999,7.4299998
BWA,Botswana,country,2000,7.6100001
BWA,Botswana,country,2001,7.744
BWA,Botswana,country,2002,7.8779998
BWA,Botswana,country,2003,8.0120001
BWA,Botswana,country,2004,8.1459999
BWA,Botswana,country,2005,8.2799997
BWA,Botswana,country,2006,8.3979998
BWA,Botswana,country,2007,8.5159998
BWA,Botswana,country,2008,8.6339998
BWA,Botswana,country,2009,8.7519999
BWA,Botswana,country,2010,8.8699999
BWA,Botswana,country,2011,9.1000004
BWA,Botswana,country,2012,9.3299999
BWA,Botswana,country,2013,9.5600004
BWA,Botswana,country,2014,9.79
BWA,Botswana,country,2015,10.02
BWA,Botswana,country,2016,10.1
BWA,Botswana,country,2017,10.18
BWA,Botswana,country,2018,10.26
BWA,Botswana,country,2019,10.34
BWA,Botswana,country,2020,10.42
BWA,Botswana,country,2021,10.478
BWA,Botswana,country,2022,10.478
BWA,Botswana,country,2023,10.478
CAF,Central African Republic,country,1990,1.8677793
CAF,Central African Republic,country,1991,1.9348743
CAF,Central African Republic,country,1992,2.0019693
CAF,Central African Republic,country,1993,2.0690641
CAF,Central African Republic,country,1994,2.1361592
CAF,Central African Republic,country,1995,2.2032542
CAF,Central African Republic,country,1996,2.2812295
CAF,Central African Republic,country,1997,2.3592048
CAF,Central African Republic,country,1998,2.43718
CAF,Central African Republic,country,1999,2.5151553
CAF,Central African Republic,country,2000,2.5931304
CAF,Central African Republic,country,2001,2.6656656
CAF,Central African Republic,country,2002,2.7382007
CAF,Central African Republic,country,2003,2.8107357
CAF,Central African Republic,country,2004,2.883271
CAF,Central African Republic,country,2005,2.955806
CAF,Central African Republic,country,2006,3.0120208
CAF,Central African Republic,country,2007,3.0682354
CAF,Central African Republic,country,2008,3.1244502
CAF,Central African Republic,country,2009,3.180665
CAF,Central African Republic,country,2010,3.2368796
CAF,Central African Republic,country,2011,3.3565626
CAF,Central African Republic,country,2012,3.4762454
CAF,Central African Republic,country,2013,3.5959284
CAF,Central African Republic,country,2014,3.7156115
CAF,Central African Republic,country,2015,3.8352942
CAF,Central African Republic,country,2016,3.8588684
CAF,Central African Republic,country,2017,3.8824422
CAF,Central African Republic,country,2018,3.9060161
CAF,Central African Republic,country,2019,3.92959
CAF,Central African Republic,country,2020,3.9531639
CAF,Central African Republic,country,2021,3.9894314
CAF,Central African Republic,country,2022,3.9894314
CAF,Central African Republic,country,2023,3.9894314
CAN,Canada,country,1990,10.748729
CAN,Canada,country,1991,10.92
CAN,Canada,country,1992,11.094
CAN,Canada,country,1993,11.268
CAN,Canada,country,1994,11.442
CAN,Canada,country,1995,11.616
CAN,Canada,country,1996,11.79
CAN,Canada,country,1997,11.964
CAN,Canada,country,1998,12.138
CAN,Canada,country,1999,12.312
CAN,Canada,country,2000,12.486
CAN,Canada,country,2001,12.66
CAN,Canada,country,2002,12.792
CAN,Canada,country,2003,12.924
CAN,Canada,country,2004,13.056
CAN,Canada,country,2005,13.188
CAN,Canada,country,2006,13.32
CAN,Canada,country,2007,13.368
CAN,Canada,country,2008,13.416
CAN,Canada,country,2009,13.464
CAN,Canada,country,2010,13.512
CAN,Canada,country,2011,13.56
CAN,Canada,country,2012,13.594
CAN,Canada,country,2013,13.628
CAN,Canada,country,2014,13.662
CAN,Canada,country,2015,13.696
CAN,Canada,country,2016,13.73
CAN,Canada,country,2017,13.757999
CAN,Canada,country,2018,13.785999
CAN,Canada,country,2019,13.814
CAN,Canada,country,2020,13.842
CAN,Canada,country,2021,13.87
CAN,Canada,country,2022,13.87
CAN,Canada,country,2023,13.87
CHE,Switzerland,country,1990,10.5343
CHE,Switzerland,country,1991,10.523962
CHE,Switzerland,country,1992,10.513624
CHE,Switzerland,country,1993,10.503286
CHE,Switzerland,country,1994,10.492948
CHE,Switzerland,country,1995,10.48261
CHE,Switzerland,country,1996,10.513624
CHE,Switzerland,country,1997,10.544638
CHE,Switzerland,country,1998,10.575651
CHE,Switzerland,country,1999,10.606665
CHE,Switzerland,country,2000,10.637678
CHE,Switzerland,country,2001,10.751395
CHE,Switzerland,country,2002,10.865111
CHE,Switzerland,country,2003,10.978828
CHE,Switzerland,country,2004,11.092546
CHE,Switzerland,country,2005,11.206262
CHE,Switzerland,country,2006,11.739697
CHE,Switzerland,country,2007,12.273131
CHE,Switzerland,country,2008,12.806565
CHE,Switzerland,country,2009,13.34
CHE,Switzerland,country,2010,13.32
CHE,Switzerland,country,2011,13.33
CHE,Switzerland,country,2012,13.41
CHE,Switzerland,country,2013,13.525001
CHE,Switzerland,country,2014,13.64
CHE,Switzerland,country,2015,13.71
CHE,Switzerland,country,2016,13.67
CHE,Switzerland,country,2017,13.735
CHE,Switzerland,country,2018,13.8
CHE,Switzerland,country,2019,13.86
CHE,Switzerland,country,2020,13.904489
CHE,Switzerland,country,2021,13.949121
CHE,Switzerland,country,2022,13.949121
CHE,Switzerland,country,2023,13.949121
CHL,Chile,country,1990,8.3847809
CHL,Chile,country,1991,8.4642382
CHL,Chile,country,1992,8.5436945
CHL,Chile,country,1993,8.6231518
CHL,Chile,country,1994,8.7026081
CHL,Chile,country,1995,8.7820654
CHL,Chile,country,1996,8.8552485
CHL,Chile,country,1997,8.9284325
CHL,Chile,country,1998,9.0016165
CHL,Chile,country,1999,9.0748005
CHL,Chile,country,2000,9.1479845
CHL,Chile,country,2001,9.2859879
CHL,Chile,country,2002,9.4239922
CHL,Chile,country,2003,9.5619955
CHL,Chile,country,2004,9.6999998
CHL,Chile,country,2005,9.7366667
CHL,Chile,country,2006,9.7733335
CHL,Chile,country,2007,9.8100004
CHL,Chile,country,2008,10.11
CHL,Chile,country,2009,9.9799995
CHL,Chile,country,2010,9.8500004
CHL,Chile,country,2011,9.54
CHL,Chile,country,2012,9.7749996
CHL,Chile,country,2013,10.01
CHL,Chile,country,2014,10.135
CHL,Chile,country,2015,10.26
CHL,Chile,country,2016,10.425
CHL,Chile,country,2017,10.59
CHL,Chile,country,2018,10.761073
CHL,Chile,country,2019,10.93491
CHL,Chile,country,2020,11.111555
CHL,Chile,country,2021,11.291054
CHL,Chile,country,2022,11.291054
CHL,Chile,country,2023,11.291054
CHN,China,country,1990,4.1399999
CHN,China,country,1991,4.3379998
CHN,China,country,1992,4.5359998
CHN,China,country,1993,4.7339997
CHN,China,country,1994,4.9319997
CHN,China,country,1995,5.1299996
CHN,China,country,1996,5.3280001
CHN,China,country,1997,5.526
CHN,China,country,1998,5.724
CHN,China,country,1999,5.9219999
CHN,China,country,2000,6.1199999
CHN,China,country,2001,6.2139997
CHN,China,country,2002,6.3080001
CHN,China,country,2003,6.402
CHN,China,country,2004,6.4959998
CHN,China,country,2005,6.5899997
CHN,China,country,2006,6.684
CHN,China,country,2007,6.7779999
CHN,China,country,2008,6.8719997
CHN,China,country,2009,6.9660001
CHN,China,country,2010,7.0599999
CHN,China,country,2011,7.1545649
CHN,China,country,2012,7.2491302
CHN,China,country,2013,7.3436952
CHN,China,country,2014,7.4382601
CHN,China,country,2015,7.532825
CHN,China,country,2016,7.6273899
CHN,China,country,2017,7.7219553
CHN,China,country,2018,7.8165202
CHN,China,country,2019,7.8832603
CHN,China,country,2020,7.9499998
CHN,China,country,2021,8.0361814
CHN,China,country,2022,8.0361814
CHN,China,country,2023,8.0361814
CIV,Côte d’Ivoire,country,1990,1.9709331
CIV,Côte d’Ivoire,country,1991,2.0598183
CIV,Côte d’Ivoire,country,1992,2.1487036
CIV,Côte d’Ivoire,country,1993,2.2375886
CIV,Côte d’Ivoire,country,1994,2.326474
CIV,Côte d’Ivoire,country,1995,2.415359
CIV,Côte d’Ivoire,country,1996,2.5602806
CIV,Côte d’Ivoire,country,1997,2.7052021
CIV,Côte d’Ivoire,country,1998,2.8501236
CIV,Côte d’Ivoire,country,1999,2.9950454
CIV,Côte d’Ivoire,country,2000,3.139967
CIV,Côte d’Ivoire,country,2001,3.2346489
CIV,Côte d’Ivoire,country,2002,3.3293309
CIV,Côte d’Ivoire,country,2003,3.4240131
CIV,Côte d’Ivoire,country,2004,3.5186951
CIV,Côte d’Ivoire,country,2005,3.6133773
CIV,Côte d’Ivoire,country,2006,3.7061269
CIV,Côte d’Ivoire,country,2007,3.7988768
CIV,Côte d’Ivoire,country,2008,3.8916266
CIV,Côte d’Ivoire,country,2009,3.9843764
CIV,Côte d’Ivoire,country,2010,4.077126
CIV,Côte d’Ivoire,country,2011,4.2278447
CIV,Côte d’Ivoire,country,2012,4.3785629
CIV,Côte d’Ivoire,country,2013,4.5292816
CIV,Côte d’Ivoire,country,2014,4.6799998
CIV,Côte d’Ivoire,country,2015,4.7071428
CIV,Côte d’Ivoire,country,2016,4.7342854
CIV,Côte d’Ivoire,country,2017,4.7614284
CIV,Côte d’Ivoire,country,2018,4.7885714
CIV,Côte d’Ivoire,country,2019,4.8157144
CIV,Côte d’Ivoire,country,2020,4.8428569
CIV,Côte d’Ivoire,country,2021,4.8699999
CIV,Côte d’Ivoire,country,2022,4.8699999
CIV,Côte d’Ivoire,country,2023,4.8699999
CMR,Cameroon,country,1990,2.1373632
CMR,Cameroon,country,1991,2.221133
CMR,Cameroon,country,1992,2.304903
CMR,Cameroon,country,1993,2.3886728
CMR,Cameroon,country,1994,2.4724426
CMR,Cameroon,country,1995,2.5562124
CMR,Cameroon,country,1996,2.6412144
CMR,Cameroon,country,1997,2.7262161
CMR,Cameroon,country,1998,2.8112178
CMR,Cameroon,country,1999,2.8962195
CMR,Cameroon,country,2000,2.9812214
CMR,Cameroon,country,2001,3.0588317
CMR,Cameroon,country,2002,3.1364419
CMR,Cameroon,country,2003,3.2140522
CMR,Cameroon,country,2004,3.2916625
CMR,Cameroon,country,2005,3.3692729
CMR,Cameroon,country,2006,3.4296365
CMR,Cameroon,country,2007,3.49
CMR,Cameroon,country,2008,4.0599999
CMR,Cameroon,country,2009,4.6299996
CMR,Cameroon,country,2010,5.1999998
CMR,Cameroon,country,2011,5.3524637
CMR,Cameroon,country,2012,5.5049276
CMR,Cameroon,country,2013,5.6573911
CMR,Cameroon,country,2014,5.809855
CMR,Cameroon,country,2015,5.9623189
CMR,Cameroon,country,2016,6.1147828
CMR,Cameroon,country,2017,6.2672462
CMR,Cameroon,country,2018,6.4197102
CMR,Cameroon,country,2019,6.4785562
CMR,Cameroon,country,2020,6.5374017
CMR,Cameroon,country,2021,6.5741806
CMR,Cameroon,country,2022,6.5741806
CMR,Cameroon,country,2023,6.5741806
COD,Democratic Republic of the Congo,country,1990,3.5159938
COD,Democratic Republic of the Congo,country,1991,3.7253907
COD,Democratic Republic of the Congo,country,1992,3.9347878
COD,Democratic Republic of the Congo,country,1993,4.1441846
COD,Democratic Republic of the Congo,country,1994,4.3535814
COD,Democratic Republic of the Congo,country,1995,4.5629787
COD,Democratic Republic of the Congo,country,1996,4.6786156
COD,Democratic Republic of the Congo,country,1997,4.7942529
COD,Democratic Republic of the Congo,country,1998,4.9098897
COD,Democratic Republic of the Congo,country,1999,5.025527
COD,Democratic Republic of the Congo,country,2000,5.1411643
COD,Democratic Republic of the Congo,country,2001,5.2005453
COD,Democratic Republic of the Congo,country,2002,5.2599268
COD,Democratic Republic of the Congo,country,2003,5.3193078
COD,Democratic Republic of the Congo,country,2004,5.3786893
COD,Democratic Republic of the Congo,country,2005,5.4380703
COD,Democratic Republic of the Congo,country,2006,5.4786997
COD,Democratic Republic of the Congo,country,2007,5.5193286
COD,Democratic Republic of the Congo,country,2008,5.559958
COD,Democratic Republic of the Congo,country,2009,5.6005874
COD,Democratic Republic of the Congo,country,2010,5.6412168
COD,Democratic Republic of the Congo,country,2011,5.7474775
COD,Democratic Republic of the Congo,country,2012,5.8537388
COD,Democratic Republic of the Congo,country,2013,5.96
COD,Democratic Republic of the Congo,country,2014,6.2266669
COD,Democratic Republic of the Congo,country,2015,6.4933333
COD,Democratic Republic of the Congo,country,2016,6.7600002
COD,Democratic Republic of the Congo,country,2017,6.9037805
COD,Democratic Republic of the Congo,country,2018,7.0475602
COD,Democratic Republic of the Congo,country,2019,7.1268625
COD,Democratic Republic of the Congo,country,2020,7.2061648
COD,Democratic Republic of the Congo,country,2021,7.378561
COD,Democratic Republic of the Congo,country,2022,7.378561
COD,Democratic Republic of the Congo,country,2023,7.378561
COG,Congo,country,1990,5.8608294
COG,Congo,country,1991,6.0397248
COG,Congo,country,1992,6.2186203
COG,Congo,country,1993,6.3975158
COG,Congo,country,1994,6.5764112
COG,Congo,country,1995,6.7553067
COG,Congo,country,1996,6.85677
COG,Congo,country,1997,6.9582329
COG,Congo,country,1998,7.0596962
COG,Congo,country,1999,7.161159
COG,Congo,country,2000,7.2626224
COG,Congo,country,2001,7.3106837
COG,Congo,country,2002,7.3587451
COG,Congo,country,2003,7.4068069
COG,Congo,country,2004,7.4548683
COG,Congo,country,2005,7.5029297
COG,Congo,country,2006,7.5162802
COG,Congo,country,2007,7.5296307
COG,Congo,country,2008,7.5429811
COG,Congo,country,2009,7.5563312
COG,Congo,country,2010,7.5696816
COG,Congo,country,2011,7.6871653
COG,Congo,country,2012,7.8046489
COG,Congo,country,2013,7.9221325
COG,Congo,country,2014,8.0396166
COG,Congo,country,2015,8.1570997
COG,Congo,country,2016,8.1757898
COG,Congo,country,2017,8.1944809
COG,Congo,country,2018,8.213171
COG,Congo,country,2019,8.2318621
COG,Congo,country,2020,8.2505522
COG,Congo,country,2021,8.3226452
COG,Congo,country,2022,8.3226452
COG,Congo,country,2023,8.3226452
COL,Colombia,country,1990,6.3469915
COL,Colombia,country,1991,6.3975897
COL,Colombia,country,1992,6.4485917
COL,Colombia,country,1993,6.5
COL,Colombia,country,1994,6.5518184
COL,Colombia,country,1995,6.6036363
COL,Colombia,country,1996,6.6554546
COL,Colombia,country,1997,6.707273
COL,Colombia,country,1998,6.7590909
COL,Colombia,country,1999,6.8109093
COL,Colombia,country,2000,6.8627272
COL,Colombia,country,2001,6.9145455
COL,Colombia,country,2002,6.9663639
COL,Colombia,country,2003,7.0181818
COL,Colombia,country,2004,7.0700002
COL,Colombia,country,2005,7.2800002
COL,Colombia,country,2006,6.8000002
COL,Colombia,country,2007,7.1900001
COL,Colombia,country,2008,7.3200002
COL,Colombia,country,2009,7.25
COL,Colombia,country,2010,7.3899999
COL,Colombia,country,2011,7.52
COL,Colombia,country,2012,7.6300001
COL,Colombia,country,2013,7.8299999
COL,Colombia,country,2014,7.9899998
COL,Colombia,country,2015,8.0500002
COL,Colombia,country,2016,8.2200003
COL,Colombia,country,2017,8.3600006
COL,Colombia,country,2018,8.5
COL,Colombia,country,2019,8.6400003
COL,Colombia,country,2020,8.8599997
COL,Colombia,country,2021,9.0315819
COL,Colombia,country,2022,9.0315819
COL,Colombia,country,2023,9.0315819
COM,Comoros,country,1990,
COM,Comoros,country,1991,
COM,Comoros,country,1992,
COM,Comoros,country,1993,
COM,Comoros,country,1994,
COM,Comoros,country,1995,
COM,Comoros,country,1996,
COM,Comoros,country,1997,
COM,Comoros,country,1998,
COM,Comoros,country,1999,
COM,Comoros,country,2000,2.715688
COM,Comoros,country,2001,2.8728433
COM,Comoros,country,2002,3.0299985
COM,Comoros,country,2003,3.1871541
COM,Comoros,country,2004,3.3443093
COM,Comoros,country,2005,3.5014646
COM,Comoros,country,2006,3.6586201
COM,Comoros,country,2007,3.8157754
COM,Comoros,country,2008,3.9729307
COM,Comoros,country,2009,4.1300859
COM,Comoros,country,2010,4.2872415
COM,Comoros,country,2011,4.4443965
COM,Comoros,country,2012,4.601552
COM,Comoros,country,2013,4.7420807
COM,Comoros,country,2014,4.8826098
COM,Comoros,country,2015,5.0231385
COM,Comoros,country,2016,5.1636672
COM,Comoros,country,2017,5.3041959
COM,Comoros,country,2018,5.444725
COM,Comoros,country,2019,5.5852537
COM,Comoros,country,2020,5.7257824
COM,Comoros,country,2021,5.8663116
COM,Comoros,country,2022,6.0068402
COM,Comoros,country,2023,6.0068402
CPV,Cabo Verde,country,1990,
CPV,Cabo Verde,country,1991,
CPV,Cabo Verde,country,1992,
CPV,Cabo Verde,country,1993,
CPV,Cabo Verde,country,1994,
CPV,Cabo Verde,country,1995,
CPV,Cabo Verde,country,1996,
CPV,Cabo Verde,country,1997,
CPV,Cabo Verde,country,1998,
CPV,Cabo Verde,country,1999,
CPV,Cabo Verde,country,2000,5.3144369
CPV,Cabo Verde,country,2001,5.3491545
CPV,Cabo Verde,country,2002,5.3840995
CPV,Cabo Verde,country,2003,5.4192724
CPV,Cabo Verde,country,2004,5.4546752
CPV,Cabo Verde,country,2005,5.4903092
CPV,Cabo Verde,country,2006,5.526176
CPV,Cabo Verde,country,2007,5.5622773
CPV,Cabo Verde,country,2008,5.5986142
CPV,Cabo Verde,country,2009,5.6351886
CPV,Cabo Verde,country,2010,5.6720018
CPV,Cabo Verde,country,2011,5.7090559
CPV,Cabo Verde,country,2012,5.7463517
CPV,Cabo Verde,country,2013,5.7838912
CPV,Cabo Verde,country,2014,5.8214307
CPV,Cabo Verde,country,2015,5.8600001
CPV,Cabo Verde,country,2016,5.8965096
CPV,Cabo Verde,country,2017,5.9340491
CPV,Cabo Verde,country,2018,5.9860458
CPV,Cabo Verde,country,2019,6.0380425
CPV,Cabo Verde,country,2020,6.0900393
CPV,Cabo Verde,country,2021,6.0900393
CPV,Cabo Verde,country,2022,6.0900393
CPV,Cabo Verde,country,2023,6.0900393
CRI,Costa Rica,country,1990,6.8083987
CRI,Costa Rica,country,1991,6.8995829
CRI,Costa Rica,country,1992,6.9907665
CRI,Costa Rica,country,1993,7.0819507
CRI,Costa Rica,country,1994,7.1731343
CRI,Costa Rica,country,1995,7.2643185
CRI,Costa Rica,country,1996,7.3230815
CRI,Costa Rica,country,1997,7.3818445
CRI,Costa Rica,country,1998,7.4406075
CRI,Costa Rica,country,1999,7.4993701
CRI,Costa Rica,country,2000,7.5581331
CRI,Costa Rica,country,2001,7.6574225
CRI,Costa Rica,country,2002,7.7567115
CRI,Costa Rica,country,2003,7.8560009
CRI,Costa Rica,country,2004,7.9552898
CRI,Costa Rica,country,2005,8.0545788
CRI,Costa Rica,country,2006,8.0322895
CRI,Costa Rica,country,2007,8.0100002
CRI,Costa Rica,country,2008,8.29
CRI,Costa Rica,country,2009,8.3599997
CRI,Costa Rica,country,2010,8.2299995
CRI,Costa Rica,country,2011,8.3500004
CRI,Costa Rica,country,2012,8.4099998
CRI,Costa Rica,country,2013,8.5799999
CRI,Costa Rica,country,2014,8.75
CRI,Costa Rica,country,2015,8.5799999
CRI,Costa Rica,country,2016,8.5600004
CRI,Costa Rica,country,2017,8.6400003
CRI,Costa Rica,country,2018,8.7200003
CRI,Costa Rica,country,2019,8.7600002
CRI,Costa Rica,country,2020,8.8000002
CRI,Costa Rica,country,2021,8.8447523
CRI,Costa Rica,country,2022,8.8447523
CRI,Costa Rica,country,2023,8.8447523
CUB,Cuba,country,1990,8.7930965
CUB,Cuba,country,1991,8.9407845
CUB,Cuba,country,1992,9.0884724
CUB,Cuba,country,1993,9.2361593
CUB,Cuba,country,1994,9.3838472
CUB,Cuba,country,1995,9.5315351
CUB,Cuba,country,1996,9.624692
CUB,Cuba,country,1997,9.7178488
CUB,Cuba,country,1998,9.8110056
CUB,Cuba,country,1999,9.9041624
CUB,Cuba,country,2000,9.9973192
CUB,Cuba,country,2001,10.083659
CUB,Cuba,country,2002,10.17
CUB,Cuba,country,2003,10.303
CUB,Cuba,country,2004,10.436
CUB,Cuba,country,2005,10.569
CUB,Cuba,country,2006,10.702
CUB,Cuba,country,2007,10.835
CUB,Cuba,country,2008,10.968
CUB,Cuba,country,2009,11.101
CUB,Cuba,country,2010,11.234
CUB,Cuba,country,2011,11.367
CUB,Cuba,country,2012,11.5
CUB,Cuba,country,2013,11.380517
CUB,Cuba,country,2014,11.261034
CUB,Cuba,country,2015,11.141551
CUB,Cuba,country,2016,11.022069
CUB,Cuba,country,2017,10.902586
CUB,Cuba,country,2018,10.783103
CUB,Cuba,country,2019,10.66362
CUB,Cuba,country,2020,10.547996
CUB,Cuba,country,2021,10.631489
CUB,Cuba,country,2022,10.631489
CUB,Cuba,country,2023,10.631489
CYP,Cyprus,country,1990,8.2939739
CYP,Cyprus,country,1991,8.45051
CYP,Cyprus,country,1992,8.6099997
CYP,Cyprus,country,1993,8.7725
CYP,Cyprus,country,1994,8.9349995
CYP,Cyprus,country,1995,9.0974998
CYP,Cyprus,country,1996,9.2600002
CYP,Cyprus,country,1997,9.4224997
CYP,Cyprus,country,1998,9.585
CYP,Cyprus,country,1999,9.7475004
CYP,Cyprus,country,2000,9.9099998
CYP,Cyprus,country,2001,10.0725
CYP,Cyprus,country,2002,10.235001
CYP,Cyprus,country,2003,10.3975
CYP,Cyprus,country,2004,10.56
CYP,Cyprus,country,2005,10.72
CYP,Cyprus,country,2006,10.97
CYP,Cyprus,country,2007,11.19
CYP,Cyprus,country,2008,11.28
CYP,Cyprus,country,2009,11.26
CYP,Cyprus,country,2010,11.44
CYP,Cyprus,country,2011,11.58
CYP,Cyprus,country,2012,11.81
CYP,Cyprus,country,2013,11.88
CYP,Cyprus,country,2014,11.88
CYP,Cyprus,country,2015,11.87
CYP,Cyprus,country,2016,12.09
CYP,Cyprus,country,2017,12.184999
CYP,Cyprus,country,2018,12.28
CYP,Cyprus,country,2019,12.36
CYP,Cyprus,country,2020,12.44
CYP,Cyprus,country,2021,12.557372
CYP,Cyprus,country,2022,12.557372
CYP,Cyprus,country,2023,12.557372
CZE,Czechia,country,1990,9.1050882
CZE,Czechia,country,1991,9.29
CZE,Czechia,country,1992,9.4786663
CZE,Czechia,country,1993,9.6673336
CZE,Czechia,country,1994,9.8559999
CZE,Czechia,country,1995,10.044666
CZE,Czechia,country,1996,10.233334
CZE,Czechia,country,1997,10.422
CZE,Czechia,country,1998,10.610666
CZE,Czechia,country,1999,10.799334
CZE,Czechia,country,2000,10.988
CZE,Czechia,country,2001,11.176666
CZE,Czechia,country,2002,11.365334
CZE,Czechia,country,2003,11.554
CZE,Czechia,country,2004,11.742666
CZE,Czechia,country,2005,11.931334
CZE,Czechia,country,2006,12.12
CZE,Czechia,country,2007,12.14
CZE,Czechia,country,2008,12.19
CZE,Czechia,country,2009,12.29
CZE,Czechia,country,2010,12.39
CZE,Czechia,country,2011,12.47
CZE,Czechia,country,2012,12.52
CZE,Czechia,country,2013,12.6
CZE,Czechia,country,2014,12.64
CZE,Czechia,country,2015,12.67
CZE,Czechia,country,2016,12.74
CZE,Czechia,country,2017,12.79
CZE,Czechia,country,2018,12.83
CZE,Czechia,country,2019,12.87
CZE,Czechia,country,2020,12.916507
CZE,Czechia,country,2021,12.963182
CZE,Czechia,country,2022,12.963182
CZE,Czechia,country,2023,12.963182
DEU,Germany,country,1990,10.36359
DEU,Germany,country,1991,10.573934
DEU,Germany,country,1992,10.784278
DEU,Germany,country,1993,10.994622
DEU,Germany,country,1994,11.204967
DEU,Germany,country,1995,11.415311
DEU,Germany,country,1996,11.616201
DEU,Germany,country,1997,11.817092
DEU,Germany,country,1998,12.017982
DEU,Germany,country,1999,12.218873
DEU,Germany,country,2000,12.419764
DEU,Germany,country,2001,12.764823
DEU,Germany,country,2002,13.109882
DEU,Germany,country,2003,13.454941
DEU,Germany,country,2004,13.8
DEU,Germany,country,2005,13.7
DEU,Germany,country,2006,13.6
DEU,Germany,country,2007,13.68
DEU,Germany,country,2008,13.76
DEU,Germany,country,2009,13.83
DEU,Germany,country,2010,13.85
DEU,Germany,country,2011,13.93
DEU,Germany,country,2012,13.98
DEU,Germany,country,2013,14.01
DEU,Germany,country,2014,14.04
DEU,Germany,country,2015,14.08
DEU,Germany,country,2016,14.13
DEU,Germany,country,2017,14.105
DEU,Germany,country,2018,14.08
DEU,Germany,country,2019,14.17
DEU,Germany,country,2020,14.26
DEU,Germany,country,2021,14.296371
DEU,Germany,country,2022,14.296371
DEU,Germany,country,2023,14.296371
DJI,Djibouti,country,1990,
DJI,Djibouti,country,1991,
DJI,Djibouti,country,1992,
DJI,Djibouti,country,1993,
DJI,Djibouti,country,1994,
DJI,Djibouti,country,1995,1.1580408
DJI,Djibouti,country,1996,1.2205379
DJI,Djibouti,country,1997,1.2864079
DJI,Djibouti,country,1998,1.3558328
DJI,Djibouti,country,1999,1.4290044
DJI,Djibouti,country,2000,1.506125
DJI,Djibouti,country,2001,1.5874076
DJI,Djibouti,country,2002,1.6730769
DJI,Djibouti,country,2003,1.7633696
DJI,Djibouti,country,2004,1.8585352
DJI,Djibouti,country,2005,1.9588367
DJI,Djibouti,country,2006,2.0645514
DJI,Djibouti,country,2007,2.175971
DJI,Djibouti,country,2008,2.2934039
DJI,Djibouti,country,2009,2.4171743
DJI,Djibouti,country,2010,2.5476246
DJI,Djibouti,country,2011,2.6851149
DJI,Djibouti,country,2012,2.8300252
DJI,Djibouti,country,2013,2.9827561
DJI,Djibouti,country,2014,3.1437297
DJI,Djibouti,country,2015,3.304703
DJI,Djibouti,country,2016,3.4656765
DJI,Djibouti,country,2017,3.6266501
DJI,Djibouti,country,2018,3.7876236
DJI,Djibouti,country,2019,3.8418875
DJI,Djibouti,country,2020,3.8961513
DJI,Djibouti,country,2021,3.9504151
DJI,Djibouti,country,2022,3.9504151
DJI,Djibouti,country,2023,3.9504151
DMA,Dominica,country,1990,
DMA,Dominica,country,1991,
DMA,Dominica,country,1992,
DMA,Dominica,country,1993,
DMA,Dominica,country,1994,
DMA,Dominica,country,1995,
DMA,Dominica,country,1996,
DMA,Dominica,country,1997,
DMA,Dominica,country,1998,
DMA,Dominica,country,1999,
DMA,Dominica,country,2000,7.636415
DMA,Dominica,country,2001,7.75
DMA,Dominica,country,2002,7.8687544
DMA,Dominica,country,2003,7.9875088
DMA,Dominica,country,2004,8.1062632
DMA,Dominica,country,2005,8.2250175
DMA,Dominica,country,2006,8.3437719
DMA,Dominica,country,2007,8.4625273
DMA,Dominica,country,2008,8.5812817
DMA,Dominica,country,2009,8.700036
DMA,Dominica,country,2010,8.8187904
DMA,Dominica,country,2011,8.9375448
DMA,Dominica,country,2012,9.0562992
DMA,Dominica,country,2013,9.1750536
DMA,Dominica,country,2014,9.293808
DMA,Dominica,country,2015,9.4125624
DMA,Dominica,country,2016,9.5313168
DMA,Dominica,country,2017,9.6500721
DMA,Dominica,country,2018,9.7688265
DMA,Dominica,country,2019,9.8875809
DMA,Dominica,country,2020,10.006335
DMA,Dominica,country,2021,10.12509
DMA,Dominica,country,2022,10.12509
DMA,Dominica,country,2023,10.12509
DNK,Denmark,country,1990,11.480035
DNK,Denmark,country,1991,11.5
DNK,Denmark,country,1992,11.52
DNK,Denmark,country,1993,11.54
DNK,Denmark,country,1994,11.56
DNK,Denmark,country,1995,11.65
DNK,Denmark,country,1996,11.815
DNK,Denmark,country,1997,11.98
DNK,Denmark,country,1998,12.145
DNK,Denmark,country,1999,12.309999
DNK,Denmark,country,2000,12.475
DNK,Denmark,country,2001,12.64
DNK,Denmark,country,2002,12.805
DNK,Denmark,country,2003,12.97
DNK,Denmark,country,2004,12.92
DNK,Denmark,country,2005,12.83
DNK,Denmark,country,2006,12.74
DNK,Denmark,country,2007,12.65
DNK,Denmark,country,2008,12.88
DNK,Denmark,country,2009,12.47
DNK,Denmark,country,2010,12.43
DNK,Denmark,country,2011,12.47
DNK,Denmark,country,2012,12.7
DNK,Denmark,country,2013,12.75
DNK,Denmark,country,2014,12.39
DNK,Denmark,country,2015,12.64
DNK,Denmark,country,2016,13.16
DNK,Denmark,country,2017,13.009999
DNK,Denmark,country,2018,12.86
DNK,Denmark,country,2019,12.91
DNK,Denmark,country,2020,12.96
DNK,Denmark,country,2021,13.027321
DNK,Denmark,country,2022,13.027321
DNK,Denmark,country,2023,13.027321
DOM,Dominican Republic,country,1990,5.2663331
DOM,Dominican Republic,country,1991,5.3974795
DOM,Dominican Republic,country,1992,5.5286255
DOM,Dominican Republic,country,1993,5.6597714
DOM,Dominican Republic,country,1994,5.7909174
DOM,Dominican Republic,country,1995,5.9220634
DOM,Dominican Republic,country,1996,6.0306687
DOM,Dominican Republic,country,1997,6.1392741
DOM,Dominican Republic,country,1998,6.2478795
DOM,Dominican Republic,country,1999,6.3564849
DOM,Dominican Republic,country,2000,6.4650903
DOM,Dominican Republic,country,2001,6.5429583
DOM,Dominican Republic,country,2002,6.6208262
DOM,Dominican Republic,country,2003,6.6986938
DOM,Dominican Republic,country,2004,6.7765617
DOM,Dominican Republic,country,2005,6.8544297
DOM,Dominican Republic,country,2006,7.0122151
DOM,Dominican Republic,country,2007,7.1700001
DOM,Dominican Republic,country,2008,7.1933331
DOM,Dominican Republic,country,2009,7.2166667
DOM,Dominican Republic,country,2010,7.2399998
DOM,Dominican Republic,country,2011,7.3299999
DOM,Dominican Republic,country,2012,7.4299998
DOM,Dominican Republic,country,2013,7.52
DOM,Dominican Republic,country,2014,7.6500001
DOM,Dominican Republic,country,2015,7.7199998
DOM,Dominican Republic,country,2016,9.04
DOM,Dominican Republic,country,2017,8.9818268
DOM,Dominican Republic,country,2018,8.9236536
DOM,Dominican Republic,country,2019,8.8654804
DOM,Dominican Republic,country,2020,9.150424
DOM,Dominican Republic,country,2021,9.4445257
DOM,Dominican Republic,country,2022,9.4445257
DOM,Dominican Republic,country,2023,9.4445257
DZA,Algeria,country,1990,3.9170926
DZA,Algeria,country,1991,4.1001992
DZA,Algeria,country,1992,4.2833056
DZA,Algeria,country,1993,4.4664125
DZA,Algeria,country,1994,4.6495194
DZA,Algeria,country,1995,4.8326259
DZA,Algeria,country,1996,4.9879189
DZA,Algeria,country,1997,5.1432118
DZA,Algeria,country,1998,5.2985048
DZA,Algeria,country,1999,5.4537978
DZA,Algeria,country,2000,5.6090908
DZA,Algeria,country,2001,5.6832609
DZA,Algeria,country,2002,5.7574306
DZA,Algeria,country,2003,5.8316002
DZA,Algeria,country,2004,5.9057703
DZA,Algeria,country,2005,5.9799399
DZA,Algeria,country,2006,6.1700001
DZA,Algeria,country,2007,6.23
DZA,Algeria,country,2008,6.29
DZA,Algeria,country,2009,6.0533333
DZA,Algeria,country,2010,5.8166666
DZA,Algeria,country,2011,5.5799999
DZA,Algeria,country,2012,5.7600336
DZA,Algeria,country,2013,5.9400673
DZA,Algeria,country,2014,6.120101
DZA,Algeria,country,2015,6.3001347
DZA,Algeria,country,2016,6.4801688
DZA,Algeria,country,2017,6.6602025
DZA,Algeria,country,2018,6.8402362
DZA,Algeria,country,2019,7.0202699
DZA,Algeria,country,2020,7.2156105
DZA,Algeria,country,2021,7.4163871
DZA,Algeria,country,2022,7.4163871
DZA,Algeria,country,2023,7.4163871
ECU,Ecuador,country,1990,6.75
ECU,Ecuador,country,1991,6.8070588
ECU,Ecuador,country,1992,6.8641176
ECU,Ecuador,country,1993,6.9211764
ECU,Ecuador,country,1994,6.9782352
ECU,Ecuador,country,1995,7.0352941
ECU,Ecuador,country,1996,7.0923529
ECU,Ecuador,country,1997,7.1494117
ECU,Ecuador,country,1998,7.2064705
ECU,Ecuador,country,1999,7.2635293
ECU,Ecuador,country,2000,7.3205881
ECU,Ecuador,country,2001,7.3776469
ECU,Ecuador,country,2002,7.4347057
ECU,Ecuador,country,2003,7.4917645
ECU,Ecuador,country,2004,7.5488234
ECU,Ecuador,country,2005,7.6058822
ECU,Ecuador,country,2006,7.662941
ECU,Ecuador,country,2007,7.7199998
ECU,Ecuador,country,2008,7.73
ECU,Ecuador,country,2009,7.7399998
ECU,Ecuador,country,2010,7.8499999
ECU,Ecuador,country,2011,7.9099998
ECU,Ecuador,country,2012,8.1000004
ECU,Ecuador,country,2013,8.29
ECU,Ecuador,country,2014,8.3599997
ECU,Ecuador,country,2015,8.6999998
ECU,Ecuador,country,2016,8.6899996
ECU,Ecuador,country,2017,8.7700005
ECU,Ecuador,country,2018,8.7866669
ECU,Ecuador,country,2019,8.8033333
ECU,Ecuador,country,2020,8.8199997
ECU,Ecuador,country,2021,9.1099997
ECU,Ecuador,country,2022,8.9700003
ECU,Ecuador,country,2023,8.9700003
EGY,Egypt,country,1990,5.3026967
EGY,Egypt,country,1991,5.4658566
EGY,Egypt,country,1992,5.6290169
EGY,Egypt,country,1993,5.7921767
EGY,Egypt,country,1994,5.9553366
EGY,Egypt,country,1995,6.1184964
EGY,Egypt,country,1996,6.3299999
EGY,Egypt,country,1997,6.3389997
EGY,Egypt,country,1998,6.348
EGY,Egypt,country,1999,6.3569999
EGY,Egypt,country,2000,6.3660002
EGY,Egypt,country,2001,6.375
EGY,Egypt,country,2002,6.3839998
EGY,Egypt,country,2003,6.3930001
EGY,Egypt,country,2004,6.402
EGY,Egypt,country,2005,6.4110003
EGY,Egypt,country,2006,6.4200001
EGY,Egypt,country,2007,6.659091
EGY,Egypt,country,2008,6.8981819
EGY,Egypt,country,2009,7.1372728
EGY,Egypt,country,2010,7.3763638
EGY,Egypt,country,2011,7.6154547
EGY,Egypt,country,2012,7.8545456
EGY,Egypt,country,2013,8.0936365
EGY,Egypt,country,2014,8.3327274
EGY,Egypt,country,2015,8.5718184
EGY,Egypt,country,2016,8.8109093
EGY,Egypt,country,2017,9.0500002
EGY,Egypt,country,2018,9.3101006
EGY,Egypt,country,2019,9.5776768
EGY,Egypt,country,2020,9.8529425
EGY,Egypt,country,2021,10.13612
EGY,Egypt,country,2022,10.13612
EGY,Egypt,country,2023,10.13612
ERI,Eritrea,country,1990,
ERI,Eritrea,country,1991,
ERI,Eritrea,country,1992,
ERI,Eritrea,country,1993,
ERI,Eritrea,country,1994,
ERI,Eritrea,country,1995,
ERI,Eritrea,country,1996,
ERI,Eritrea,country,1997,
ERI,Eritrea,country,1998,
ERI,Eritrea,country,1999,
ERI,Eritrea,country,2000,
ERI,Eritrea,country,2001,
ERI,Eritrea,country,2002,
ERI,Eritrea,country,2003,
ERI,Eritrea,country,2004,
ERI,Eritrea,country,2005,4.7109795
ERI,Eritrea,country,2006,4.7034745
ERI,Eritrea,country,2007,4.695981
ERI,Eritrea,country,2008,4.6884999
ERI,Eritrea,country,2009,4.6810303
ERI,Eritrea,country,2010,4.673573
ERI,Eritrea,country,2011,4.6661272
ERI,Eritrea,country,2012,4.6586938
ERI,Eritrea,country,2013,4.6512718
ERI,Eritrea,country,2014,4.6438498
ERI,Eritrea,country,2015,4.6364279
ERI,Eritrea,country,2016,4.6290059
ERI,Eritrea,country,2017,4.6215839
ERI,Eritrea,country,2018,4.7781777
ERI,Eritrea,country,2019,4.9347711
ERI,Eritrea,country,2020,5.0913644
ERI,Eritrea,country,2021,5.0913644
ERI,Eritrea,country,2022,5.0913644
ERI,Eritrea,country,2023,5.0913644
ESP,Spain,country,1990,5.8785434
ESP,Spain,country,1991,6.0700002
ESP,Spain,country,1992,6.2676926
ESP,Spain,country,1993,6.465385
ESP,Spain,country,1994,6.6630774
ESP,Spain,country,1995,6.8607693
ESP,Spain,country,1996,7.0584617
ESP,Spain,country,1997,7.2561541
ESP,Spain,country,1998,7.4538465
ESP,Spain,country,1999,7.6515388
ESP,Spain,country,2000,7.8492312
ESP,Spain,country,2001,8.0469236
ESP,Spain,country,2002,8.2446156
ESP,Spain,country,2003,8.4423084
ESP,Spain,country,2004,8.6400003
ESP,Spain,country,2005,8.9200001
ESP,Spain,country,2006,9.0299997
ESP,Spain,country,2007,9.1199999
ESP,Spain,country,2008,9.1899996
ESP,Spain,country,2009,9.25
ESP,Spain,country,2010,9.3599997
ESP,Spain,country,2011,9.4799995
ESP,Spain,country,2012,9.5100002
ESP,Spain,country,2013,9.6150007
ESP,Spain,country,2014,9.7200003
ESP,Spain,country,2015,9.9099998
ESP,Spain,country,2016,10.01
ESP,Spain,country,2017,10.075001
ESP,Spain,country,2018,10.14
ESP,Spain,country,2019,10.375
ESP,Spain,country,2020,10.61
ESP,Spain,country,2021,10.756124
ESP,Spain,country,2022,10.756124
ESP,Spain,country,2023,10.756124
EST,Estonia,country,1990,9.658927
EST,Estonia,country,1991,9.9037724
EST,Estonia,country,1992,10.148617
EST,Estonia,country,1993,10.393462
EST,Estonia,country,1994,10.638307
EST,Estonia,country,1995,10.883152
EST,Estonia,country,1996,11.142522
EST,Estonia,country,1997,11.401892
EST,Estonia,country,1998,11.661261
EST,Estonia,country,1999,11.92063
EST,Estonia,country,2000,12.18
EST,Estonia,country,2001,12.35
EST,Estonia,country,2002,12.52
EST,Estonia,country,2003,12.690001
EST,Estonia,country,2004,12.86
EST,Estonia,country,2005,13.03
EST,Estonia,country,2006,13.2
EST,Estonia,country,2007,13.22
EST,Estonia,country,2008,13.25
EST,Estonia,country,2009,13.32
EST,Estonia,country,2010,13.33
EST,Estonia,country,2011,13.4
EST,Estonia,country,2012,13.45
EST,Estonia,country,2013,13.54
EST,Estonia,country,2014,13.44
EST,Estonia,country,2015,13.49
EST,Estonia,country,2016,13.51
EST,Estonia,country,2017,13.56
EST,Estonia,country,2018,13.66
EST,Estonia,country,2019,13.605
EST,Estonia,country,2020,13.55
EST,Estonia,country,2021,13.562166
EST,Estonia,country,2022,13.562166
EST,Estonia,country,2023,13.562166
ETH,Ethiopia,country,1990,
ETH,Ethiopia,country,1991,
ETH,Ethiopia,country,1992,
ETH,Ethiopia,country,1993,
ETH,Ethiopia,country,1994,
ETH,Ethiopia,country,1995,
ETH,Ethiopia,country,1996,
ETH,Ethiopia,country,1997,
ETH,Ethiopia,country,1998,
ETH,Ethiopia,country,1999,
ETH,Ethiopia,country,2000,1.4826058
ETH,Ethiopia,country,2001,1.5565916
ETH,Ethiopia,country,2002,1.6305776
ETH,Ethiopia,country,2003,1.7045635
ETH,Ethiopia,country,2004,1.7834226
ETH,Ethiopia,country,2005,1.8622817
ETH,Ethiopia,country,2006,1.9411409
ETH,Ethiopia,country,2007,2.02
ETH,Ethiopia,country,2008,2.0575001
ETH,Ethiopia,country,2009,2.095
ETH,Ethiopia,country,2010,2.1324999
ETH,Ethiopia,country,2011,2.1700001
ETH,Ethiopia,country,2012,2.2213581
ETH,Ethiopia,country,2013,2.272716
ETH,Ethiopia,country,2014,2.324074
ETH,Ethiopia,country,2015,2.375432
ETH,Ethiopia,country,2016,2.42679
ETH,Ethiopia,country,2017,2.4110367
ETH,Ethiopia,country,2018,2.3952832
ETH,Ethiopia,country,2019,2.37953
ETH,Ethiopia,country,2020,2.3910072
ETH,Ethiopia,country,2021,2.4025397
ETH,Ethiopia,country,2022,2.4025397
ETH,Ethiopia,country,2023,2.4025397
FIN,Finland,country,1990,9.1800003
FIN,Finland,country,1991,9.4038467
FIN,Finland,country,1992,9.6276922
FIN,Finland,country,1993,9.8515387
FIN,Finland,country,1994,10.075385
FIN,Finland,country,1995,10.299231
FIN,Finland,country,1996,10.523077
FIN,Finland,country,1997,10.746923
FIN,Finland,country,1998,10.97077
FIN,Finland,country,1999,11.194615
FIN,Finland,country,2000,11.418462
FIN,Finland,country,2001,11.642308
FIN,Finland,country,2002,11.866154
FIN,Finland,country,2003,12.09
FIN,Finland,country,2004,12.135
FIN,Finland,country,2005,12.18
FIN,Finland,country,2006,12.23
FIN,Finland,country,2007,12.28
FIN,Finland,country,2008,12.33
FIN,Finland,country,2009,12.37
FIN,Finland,country,2010,12.42
FIN,Finland,country,2011,12.46
FIN,Finland,country,2012,12.49
FIN,Finland,country,2013,12.55
FIN,Finland,country,2014,12.6
FIN,Finland,country,2015,12.63
FIN,Finland,country,2016,12.684999
FIN,Finland,country,2017,12.74
FIN,Finland,country,2018,12.805
FIN,Finland,country,2019,12.87
FIN,Finland,country,2020,12.924697
FIN,Finland,country,2021,12.979626
FIN,Finland,country,2022,12.979626
FIN,Finland,country,2023,12.979626
FJI,Fiji,country,1990,6.5988622
FJI,Fiji,country,1991,6.8227663
FJI,Fiji,country,1992,7.04667
FJI,Fiji,country,1993,7.2705741
FJI,Fiji,country,1994,7.4944782
FJI,Fiji,country,1995,7.7183824
FJI,Fiji,country,1996,7.6900001
FJI,Fiji,country,1997,7.8309093
FJI,Fiji,country,1998,7.971818
FJI,Fiji,country,1999,8.1127272
FJI,Fiji,country,2000,8.2536364
FJI,Fiji,country,2001,8.3945456
FJI,Fiji,country,2002,8.5354548
FJI,Fiji,country,2003,8.6763639
FJI,Fiji,country,2004,8.8172722
FJI,Fiji,country,2005,8.9581814
FJI,Fiji,country,2006,9.0990906
FJI,Fiji,country,2007,9.2399998
FJI,Fiji,country,2008,9.3789997
FJI,Fiji,country,2009,9.5179996
FJI,Fiji,country,2010,9.6569996
FJI,Fiji,country,2011,9.7959995
FJI,Fiji,country,2012,9.9350004
FJI,Fiji,country,2013,10.074
FJI,Fiji,country,2014,10.213
FJI,Fiji,country,2015,10.352
FJI,Fiji,country,2016,10.491
FJI,Fiji,country,2017,10.63
FJI,Fiji,country,2018,10.565243
FJI,Fiji,country,2019,10.500484
FJI,Fiji,country,2020,10.435727
FJI,Fiji,country,2021,10.37097
FJI,Fiji,country,2022,10.37097
FJI,Fiji,country,2023,10.37097
FRA,France,country,1990,7.5500002
FRA,France,country,1991,7.7421432
FRA,France,country,1992,7.9342856
FRA,France,country,1993,8.1264286
FRA,France,country,1994,8.3185711
FRA,France,country,1995,8.5107145
FRA,France,country,1996,8.702857
FRA,France,country,1997,8.8950005
FRA,France,country,1998,9.0871429
FRA,France,country,1999,9.2792854
FRA,France,country,2000,9.4714289
FRA,France,country,2001,9.6635714
FRA,France,country,2002,9.8557138
FRA,France,country,2003,10.047857
FRA,France,country,2004,10.24
FRA,France,country,2005,10.32
FRA,France,country,2006,10.445
FRA,France,country,2007,10.57
FRA,France,country,2008,10.65
FRA,France,country,2009,10.63
FRA,France,country,2010,10.78
FRA,France,country,2011,10.85
FRA,France,country,2012,10.94
FRA,France,country,2013,11.08
FRA,France,country,2014,11.23
FRA,France,country,2015,11.33
FRA,France,country,2016,11.35
FRA,France,country,2017,11.41
FRA,France,country,2018,11.509999
FRA,France,country,2019,11.61
FRA,France,country,2020,11.687574
FRA,France,country,2021,11.765668
FRA,France,country,2022,11.765668
FRA,France,country,2023,11.765668
FSM,Micronesia (Federated States of),country,1990,
FSM,Micronesia (Federated States of),country,1991,
FSM,Micronesia (Federated States of),country,1992,
FSM,Micronesia (Federated States of),country,1993,
FSM,Micronesia (Federated States of),country,1994,
FSM,Micronesia (Federated States of),country,1995,
FSM,Micronesia (Federated States of),country,1996,
FSM,Micronesia (Federated States of),country,1997,
FSM,Micronesia (Federated States of),country,1998,
FSM,Micronesia (Federated States of),country,1999,
FSM,Micronesia (Federated States of),country,2000,7.8035336
FSM,Micronesia (Federated States of),country,2001,7.7745481
FSM,Micronesia (Federated States of),country,2002,7.7456703
FSM,Micronesia (Federated States of),country,2003,7.7168994
FSM,Micronesia (Federated States of),country,2004,7.6882358
FSM,Micronesia (Federated States of),country,2005,7.6596785
FSM,Micronesia (Federated States of),country,2006,7.631227
FSM,Micronesia (Federated States of),country,2007,7.6028814
FSM,Micronesia (Federated States of),country,2008,7.5746412
FSM,Micronesia (Federated States of),country,2009,7.5465055
FSM,Micronesia (Federated States of),country,2010,7.5184746
FSM,Micronesia (Federated States of),country,2011,7.4905477
FSM,Micronesia (Federated States of),country,2012,7.4627247
FSM,Micronesia (Federated States of),country,2013,7.4350052
FSM,Micronesia (Federated States of),country,2014,7.4072852
FSM,Micronesia (Federated States of),country,2015,7.3795657
FSM,Micronesia (Federated States of),country,2016,7.3518457
FSM,Micronesia (Federated States of),country,2017,7.3241262
FSM,Micronesia (Federated States of),country,2018,7.3269253
FSM,Micronesia (Federated States of),country,2019,7.3297248
FSM,Micronesia (Federated States of),country,2020,7.3325238
FSM,Micronesia (Federated States of),country,2021,7.3325238
FSM,Micronesia (Federated States of),country,2022,7.3325238
FSM,Micronesia (Federated States of),country,2023,7.3325238
GAB,Gabon,country,1990,4.3200002
GAB,Gabon,country,1991,4.5
GAB,Gabon,country,1992,4.6799998
GAB,Gabon,country,1993,4.8600001
GAB,Gabon,country,1994,5.04
GAB,Gabon,country,1995,5.2199998
GAB,Gabon,country,1996,5.4060001
GAB,Gabon,country,1997,5.592
GAB,Gabon,country,1998,5.7779999
GAB,Gabon,country,1999,5.9640002
GAB,Gabon,country,2000,6.1500001
GAB,Gabon,country,2001,6.3039999
GAB,Gabon,country,2002,6.4580002
GAB,Gabon,country,2003,6.612
GAB,Gabon,country,2004,6.7659998
GAB,Gabon,country,2005,6.9200001
GAB,Gabon,country,2006,7.0500002
GAB,Gabon,country,2007,7.1799998
GAB,Gabon,country,2008,7.3099999
GAB,Gabon,country,2009,7.4400001
GAB,Gabon,country,2010,7.5700002
GAB,Gabon,country,2011,7.8520002
GAB,Gabon,country,2012,8.1339998
GAB,Gabon,country,2013,8.4160004
GAB,Gabon,country,2014,8.698
GAB,Gabon,country,2015,8.9799995
GAB,Gabon,country,2016,9.0939999
GAB,Gabon,country,2017,9.2080002
GAB,Gabon,country,2018,9.3219995
GAB,Gabon,country,2019,9.4359999
GAB,Gabon,country,2020,9.5500002
GAB,Gabon,country,2021,9.6859999
GAB,Gabon,country,2022,9.6859999
GAB,Gabon,country,2023,9.6859999
GBR,United Kingdom of Great Britain and Northern Ireland,country,1990,9.6368103
GBR,United Kingdom of Great Britain and Northern Ireland,country,1991,9.7257986
GBR,United Kingdom of Great Britain and Northern Ireland,country,1992,9.8147869
GBR,United Kingdom of Great Britain and Northern Ireland,country,1993,9.9037752
GBR,United Kingdom of Great Britain and Northern Ireland,country,1994,9.9927645
GBR,United Kingdom of Great Britain and Northern Ireland,country,1995,10.081753
GBR,United Kingdom of Great Britain and Northern Ireland,country,1996,10.205468
GBR,United Kingdom of Great Britain and Northern Ireland,country,1997,10.329185
GBR,United Kingdom of Great Britain and Northern Ireland,country,1998,10.4529
GBR,United Kingdom of Great Britain and Northern Ireland,country,1999,10.576616
GBR,United Kingdom of Great Britain and Northern Ireland,country,2000,10.700332
GBR,United Kingdom of Great Britain and Northern Ireland,country,2001,10.954275
GBR,United Kingdom of Great Britain and Northern Ireland,country,2002,11.208218
GBR,United Kingdom of Great Britain and Northern Ireland,country,2003,11.462161
GBR,United Kingdom of Great Britain and Northern Ireland,country,2004,11.716104
GBR,United Kingdom of Great Britain and Northern Ireland,country,2005,11.970047
GBR,United Kingdom of Great Britain and Northern Ireland,country,2006,12.250035
GBR,United Kingdom of Great Britain and Northern Ireland,country,2007,12.530024
GBR,United Kingdom of Great Britain and Northern Ireland,country,2008,12.810012
GBR,United Kingdom of Great Britain and Northern Ireland,country,2009,13.09
GBR,United Kingdom of Great Britain and Northern Ireland,country,2010,13.21
GBR,United Kingdom of Great Britain and Northern Ireland,country,2011,13.19
GBR,United Kingdom of Great Britain and Northern Ireland,country,2012,13.34
GBR,United Kingdom of Great Britain and Northern Ireland,country,2013,12.83
GBR,United Kingdom of Great Britain and Northern Ireland,country,2014,12.89
GBR,United Kingdom of Great Britain and Northern Ireland,country,2015,12.98
GBR,United Kingdom of Great Britain and Northern Ireland,country,2016,13.07
GBR,United Kingdom of Great Britain and Northern Ireland,country,2017,13.16
GBR,United Kingdom of Great Britain and Northern Ireland,country,2018,13.243333
GBR,United Kingdom of Great Britain and Northern Ireland,country,2019,13.326667
GBR,United Kingdom of Great Britain and Northern Ireland,country,2020,13.41
GBR,United Kingdom of Great Britain and Northern Ireland,country,2021,13.49
GBR,United Kingdom of Great Britain and Northern Ireland,country,2022,13.49
GBR,United Kingdom of Great Britain and Northern Ireland,country,2023,13.49
GEO,Georgia,country,1990,
GEO,Georgia,country,1991,
GEO,Georgia,country,1992,
GEO,Georgia,country,1993,
GEO,Georgia,country,1994,
GEO,Georgia,country,1995,
GEO,Georgia,country,1996,
GEO,Georgia,country,1997,
GEO,Georgia,country,1998,
GEO,Georgia,country,1999,
GEO,Georgia,country,2000,11.805938
GEO,Georgia,country,2001,11.862832
GEO,Georgia,country,2002,11.92
GEO,Georgia,country,2003,11.978
GEO,Georgia,country,2004,12.036
GEO,Georgia,country,2005,12.094
GEO,Georgia,country,2006,12.152
GEO,Georgia,country,2007,12.21
GEO,Georgia,country,2008,12.268
GEO,Georgia,country,2009,12.326
GEO,Georgia,country,2010,12.384
GEO,Georgia,country,2011,12.442
GEO,Georgia,country,2012,12.5
GEO,Georgia,country,2013,12.559999
GEO,Georgia,country,2014,12.62
GEO,Georgia,country,2015,12.715
GEO,Georgia,country,2016,12.81
GEO,Georgia,country,2017,12.87
GEO,Georgia,country,2018,12.844999
GEO,Georgia,country,2019,12.82
GEO,Georgia,country,2020,12.78
GEO,Georgia,country,2021,12.74
GEO,Georgia,country,2022,12.7
GEO,Georgia,country,2023,12.7
GHA,Ghana,country,1990,4.1831369
GHA,Ghana,country,1991,4.3109312
GHA,Ghana,country,1992,4.4387255
GHA,Ghana,country,1993,4.5665202
GHA,Ghana,country,1994,4.6943145
GHA,Ghana,country,1995,4.8221087
GHA,Ghana,country,1996,4.9021935
GHA,Ghana,country,1997,4.9822779
GHA,Ghana,country,1998,5.0623622
GHA,Ghana,country,1999,5.142447
GHA,Ghana,country,2000,5.2225313
GHA,Ghana,country,2001,5.2702413
GHA,Ghana,country,2002,5.3179512
GHA,Ghana,country,2003,5.3656611
GHA,Ghana,country,2004,5.4133711
GHA,Ghana,country,2005,5.461081
GHA,Ghana,country,2006,5.5207186
GHA,Ghana,country,2007,5.5803556
GHA,Ghana,country,2008,5.6399932
GHA,Ghana,country,2009,5.6996307
GHA,Ghana,country,2010,5.7592678
GHA,Ghana,country,2011,5.7899384
GHA,Ghana,country,2012,5.8206091
GHA,Ghana,country,2013,5.8512797
GHA,Ghana,country,2014,5.8819504
GHA,Ghana,country,2015,5.912621
GHA,Ghana,country,2016,6.0165606
GHA,Ghana,country,2017,6.1205001
GHA,Ghana,country,2018,6.317842
GHA,Ghana,country,2019,6.5151839
GHA,Ghana,country,2020,6.7125263
GHA,Ghana,country,2021,6.9098682
GHA,Ghana,country,2022,7.1072102
GHA,Ghana,country,2023,7.1072102
GIN,Guinea,country,1990,1.3127275
GIN,Guinea,country,1991,1.3253013
GIN,Guinea,country,1992,1.3379954
GIN,Guinea,country,1993,1.3508112
GIN,Guinea,country,1994,1.3637499
GIN,Guinea,country,1995,1.3768123
GIN,Guinea,country,1996,1.39
GIN,Guinea,country,1997,1.4035714
GIN,Guinea,country,1998,1.4171429
GIN,Guinea,country,1999,1.4307142
GIN,Guinea,country,2000,1.4442858
GIN,Guinea,country,2001,1.4578571
GIN,Guinea,country,2002,1.4714286
GIN,Guinea,country,2003,1.485
GIN,Guinea,country,2004,1.4985714
GIN,Guinea,country,2005,1.5121429
GIN,Guinea,country,2006,1.5257143
GIN,Guinea,country,2007,1.5392858
GIN,Guinea,country,2008,1.5528572
GIN,Guinea,country,2009,1.5664287
GIN,Guinea,country,2010,1.58
GIN,Guinea,country,2011,1.6525
GIN,Guinea,country,2012,1.725
GIN,Guinea,country,2013,1.7975
GIN,Guinea,country,2014,1.87
GIN,Guinea,country,2015,2.4509599
GIN,Guinea,country,2016,3.03192
GIN,Guinea,country,2017,2.58096
GIN,Guinea,country,2018,2.1300001
GIN,Guinea,country,2019,2.2427104
GIN,Guinea,country,2020,2.3613849
GIN,Guinea,country,2021,2.4863391
GIN,Guinea,country,2022,2.4863391
GIN,Guinea,country,2023,2.4863391
GMB,Gambia,country,1990,1.3951529
GMB,Gambia,country,1991,1.5211668
GMB,Gambia,country,1992,1.6471806
GMB,Gambia,country,1993,1.7731944
GMB,Gambia,country,1994,1.8992082
GMB,Gambia,country,1995,2.0252221
GMB,Gambia,country,1996,2.0679767
GMB,Gambia,country,1997,2.1107314
GMB,Gambia,country,1998,2.153486
GMB,Gambia,country,1999,2.1962407
GMB,Gambia,country,2000,2.2389956
GMB,Gambia,country,2001,2.3222547
GMB,Gambia,country,2002,2.4055138
GMB,Gambia,country,2003,2.4887729
GMB,Gambia,country,2004,2.572032
GMB,Gambia,country,2005,2.6552911
GMB,Gambia,country,2006,2.7588024
GMB,Gambia,country,2007,2.8623137
GMB,Gambia,country,2008,2.9658251
GMB,Gambia,country,2009,3.0693364
GMB,Gambia,country,2010,3.1728477
GMB,Gambia,country,2011,3.3056123
GMB,Gambia,country,2012,3.4383769
GMB,Gambia,country,2013,3.5711415
GMB,Gambia,country,2014,3.6768813
GMB,Gambia,country,2015,3.7826209
GMB,Gambia,country,2016,3.8883607
GMB,Gambia,country,2017,3.9941003
GMB,Gambia,country,2018,4.0998402
GMB,Gambia,country,2019,4.3061304
GMB,Gambia,country,2020,4.5124202
GMB,Gambia,country,2021,4.674727
GMB,Gambia,country,2022,4.674727
GMB,Gambia,country,2023,4.674727
GNB,Guinea-Bissau,country,1990,
GNB,Guinea-Bissau,country,1991,
GNB,Guinea-Bissau,country,1992,
GNB,Guinea-Bissau,country,1993,
GNB,Guinea-Bissau,country,1994,
GNB,Guinea-Bissau,country,1995,
GNB,Guinea-Bissau,country,1996,
GNB,Guinea-Bissau,country,1997,
GNB,Guinea-Bissau,country,1998,
GNB,Guinea-Bissau,country,1999,
GNB,Guinea-Bissau,country,2000,
GNB,Guinea-Bissau,country,2001,
GNB,Guinea-Bissau,country,2002,
GNB,Guinea-Bissau,country,2003,
GNB,Guinea-Bissau,country,2004,
GNB,Guinea-Bissau,country,2005,2.1485682
GNB,Guinea-Bissau,country,2006,2.2711699
GNB,Guinea-Bissau,country,2007,2.418591
GNB,Guinea-Bissau,country,2008,2.5660121
GNB,Guinea-Bissau,country,2009,2.7134333
GNB,Guinea-Bissau,country,2010,2.8608544
GNB,Guinea-Bissau,country,2011,3.0082755
GNB,Guinea-Bissau,country,2012,3.1556969
GNB,Guinea-Bissau,country,2013,3.303118
GNB,Guinea-Bissau,country,2014,3.4505391
GNB,Guinea-Bissau,country,2015,3.4950383
GNB,Guinea-Bissau,country,2016,3.5395374
GNB,Guinea-Bissau,country,2017,3.5840366
GNB,Guinea-Bissau,country,2018,3.6285357
GNB,Guinea-Bissau,country,2019,3.6730349
GNB,Guinea-Bissau,country,2020,3.6730349
GNB,Guinea-Bissau,country,2021,3.6730349
GNB,Guinea-Bissau,country,2022,3.6730349
GNB,Guinea-Bissau,country,2023,3.6730349
GNQ,Equatorial Guinea,country,1990,
GNQ,Equatorial Guinea,country,1991,
GNQ,Equatorial Guinea,country,1992,
GNQ,Equatorial Guinea,country,1993,
GNQ,Equatorial Guinea,country,1994,
GNQ,Equatorial Guinea,country,1995,
GNQ,Equatorial Guinea,country,1996,
GNQ,Equatorial Guinea,country,1997,
GNQ,Equatorial Guinea,country,1998,
GNQ,Equatorial Guinea,country,1999,
GNQ,Equatorial Guinea,country,2000,6.3937097
GNQ,Equatorial Guinea,country,2001,6.4844966
GNQ,Equatorial Guinea,country,2002,6.5765719
GNQ,Equatorial Guinea,country,2003,6.6699548
GNQ,Equatorial Guinea,country,2004,6.7646642
GNQ,Equatorial Guinea,country,2005,6.8607178
GNQ,Equatorial Guinea,country,2006,6.9581356
GNQ,Equatorial Guinea,country,2007,7.0569363
GNQ,Equatorial Guinea,country,2008,7.1571403
GNQ,Equatorial Guinea,country,2009,7.2587671
GNQ,Equatorial Guinea,country,2010,7.3618369
GNQ,Equatorial Guinea,country,2011,7.4663701
GNQ,Equatorial Guinea,country,2012,7.5723877
GNQ,Equatorial Guinea,country,2013,7.6799107
GNQ,Equatorial Guinea,country,2014,7.7874336
GNQ,Equatorial Guinea,country,2015,7.8949566
GNQ,Equatorial Guinea,country,2016,8.0024796
GNQ,Equatorial Guinea,country,2017,8.1100025
GNQ,Equatorial Guinea,country,2018,8.1671104
GNQ,Equatorial Guinea,country,2019,8.2242184
GNQ,Equatorial Guinea,country,2020,8.2813272
GNQ,Equatorial Guinea,country,2021,8.2813272
GNQ,Equatorial Guinea,country,2022,8.2813272
GNQ,Equatorial Guinea,country,2023,8.2813272
GRC,Greece,country,1990,7.8127856
GRC,Greece,country,1991,7.9400001
GRC,Greece,country,1992,8.0692854
GRC,Greece,country,1993,8.1985712
GRC,Greece,country,1994,8.327857
GRC,Greece,country,1995,8.4571428
GRC,Greece,country,1996,8.5864286
GRC,Greece,country,1997,8.7157145
GRC,Greece,country,1998,8.8450003
GRC,Greece,country,1999,8.9742861
GRC,Greece,country,2000,9.1035719
GRC,Greece,country,2001,9.2328568
GRC,Greece,country,2002,9.3621426
GRC,Greece,country,2003,9.4914284
GRC,Greece,country,2004,9.6207142
GRC,Greece,country,2005,9.75
GRC,Greece,country,2006,10.1
GRC,Greece,country,2007,10.06
GRC,Greece,country,2008,10.1
GRC,Greece,country,2009,10.155001
GRC,Greece,country,2010,10.21
GRC,Greece,country,2011,10.3075
GRC,Greece,country,2012,10.405001
GRC,Greece,country,2013,10.502501
GRC,Greece,country,2014,10.6
GRC,Greece,country,2015,10.74
GRC,Greece,country,2016,10.25
GRC,Greece,country,2017,10.54
GRC,Greece,country,2018,10.83
GRC,Greece,country,2019,11.12
GRC,Greece,country,2020,11.41
GRC,Greece,country,2021,11.553857
GRC,Greece,country,2022,11.553857
GRC,Greece,country,2023,11.553857
GRD,Grenada,country,1990,
GRD,Grenada,country,1991,
GRD,Grenada,country,1992,
GRD,Grenada,country,1993,
GRD,Grenada,country,1994,
GRD,Grenada,country,1995,
GRD,Grenada,country,1996,
GRD,Grenada,country,1997,
GRD,Grenada,country,1998,
GRD,Grenada,country,1999,
GRD,Grenada,country,2000,
GRD,Grenada,country,2001,
GRD,Grenada,country,2002,8.6392794
GRD,Grenada,country,2003,8.6830015
GRD,Grenada,country,2004,8.7269459
GRD,Grenada,country,2005,8.7711115
GRD,Grenada,country,2006,8.8155012
GRD,Grenada,country,2007,8.860116
GRD,Grenada,country,2008,8.9049559
GRD,Grenada,country,2009,8.9500227
GRD,Grenada,country,2010,8.9953175
GRD,Grenada,country,2011,9.0408421
GRD,Grenada,country,2012,9.0865965
GRD,Grenada,country,2013,9.1325827
GRD,Grenada,country,2014,9.1788025
GRD,Grenada,country,2015,9.2250214
GRD,Grenada,country,2016,9.2712402
GRD,Grenada,country,2017,9.3174591
GRD,Grenada,country,2018,9.363678
GRD,Grenada,country,2019,9.3912516
GRD,Grenada,country,2020,9.4188251
GRD,Grenada,country,2021,9.4463997
GRD,Grenada,country,2022,9.4463997
GRD,Grenada,country,2023,9.4463997
GTM,Guatemala,country,1990,3.1943688
GTM,Guatemala,country,1991,3.2697768
GTM,Guatemala,country,1992,3.3451848
GTM,Guatemala,country,1993,3.420593
GTM,Guatemala,country,1994,3.496001
GTM,Guatemala,country,1995,3.571409
GTM,Guatemala,country,1996,3.6405332
GTM,Guatemala,country,1997,3.7096572
GTM,Guatemala,country,1998,3.7787812
GTM,Guatemala,country,1999,3.8479052
GTM,Guatemala,country,2000,3.9170294
GTM,Guatemala,country,2001,3.8835146
GTM,Guatemala,country,2002,3.8499999
GTM,Guatemala,country,2003,3.8
GTM,Guatemala,country,2004,3.75
GTM,Guatemala,country,2005,3.7
GTM,Guatemala,country,2006,3.6500001
GTM,Guatemala,country,2007,3.8416667
GTM,Guatemala,country,2008,4.0333333
GTM,Guatemala,country,2009,4.2249999
GTM,Guatemala,country,2010,4.416667
GTM,Guatemala,country,2011,4.6083336
GTM,Guatemala,country,2012,4.8000002
GTM,Guatemala,country,2013,4.9000001
GTM,Guatemala,country,2014,5.8400002
GTM,Guatemala,country,2015,4.9335699
GTM,Guatemala,country,2016,5.1201773
GTM,Guatemala,country,2017,5.3067846
GTM,Guatemala,country,2018,5.4933925
GTM,Guatemala,country,2019,5.6799998
GTM,Guatemala,country,2020,5.7357664
GTM,Guatemala,country,2021,5.7915335
GTM,Guatemala,country,2022,5.8473001
GTM,Guatemala,country,2023,5.8473001
GUY,Guyana,country,1990,5.2712975
GUY,Guyana,country,1991,5.3413739
GUY,Guyana,country,1992,5.4114504
GUY,Guyana,country,1993,5.4815269
GUY,Guyana,country,1994,5.5516028
GUY,Guyana,country,1995,5.6216793
GUY,Guyana,country,1996,5.699542
GUY,Guyana,country,1997,5.7774043
GUY,Guyana,country,1998,5.855267
GUY,Guyana,country,1999,5.9331298
GUY,Guyana,country,2000,6.0109921
GUY,Guyana,country,2001,6.065496
GUY,Guyana,country,2002,6.1199999
GUY,Guyana,country,2003,6.2634492
GUY,Guyana,country,2004,6.4068985
GUY,Guyana,country,2005,6.5503483
GUY,Guyana,country,2006,6.6937976
GUY,Guyana,country,2007,6.8372469
GUY,Guyana,country,2008,6.9806962
GUY,Guyana,country,2009,7.1241455
GUY,Guyana,country,2010,7.2675948
GUY,Guyana,country,2011,7.4110446
GUY,Guyana,country,2012,7.5544939
GUY,Guyana,country,2013,7.6979432
GUY,Guyana,country,2014,7.8413925
GUY,Guyana,country,2015,7.9848418
GUY,Guyana,country,2016,8.1282911
GUY,Guyana,country,2017,8.2717409
GUY,Guyana,country,2018,8.4151897
GUY,Guyana,country,2019,8.5586395
GUY,Guyana,country,2020,8.627409
GUY,Guyana,country,2021,8.7024298
GUY,Guyana,country,2022,8.7024298
GUY,Guyana,country,2023,8.7024298
HKG,"China, Hong Kong Special Administrative Region",country,1990,8.6697483
HKG,"China, Hong Kong Special Administrative Region",country,1991,8.8500004
HKG,"China, Hong Kong Special Administrative Region",country,1992,9.0340004
HKG,"China, Hong Kong Special Administrative Region",country,1993,9.2180004
HKG,"China, Hong Kong Special Administrative Region",country,1994,9.4020004
HKG,"China, Hong Kong Special Administrative Region",country,1995,9.5860004
HKG,"China, Hong Kong Special Administrative Region",country,1996,9.7700005
HKG,"China, Hong Kong Special Administrative Region",country,1997,9.8930006
HKG,"China, Hong Kong Special Administrative Region",country,1998,10.016001
HKG,"China, Hong Kong Special Administrative Region",country,1999,10.139
HKG,"China, Hong Kong Special Administrative Region",country,2000,10.262
HKG,"China, Hong Kong Special Administrative Region",country,2001,10.385
HKG,"China, Hong Kong Special Administrative Region",country,2002,10.508
HKG,"China, Hong Kong Special Administrative Region",country,2003,10.631001
HKG,"China, Hong Kong Special Administrative Region",country,2004,10.754
HKG,"China, Hong Kong Special Administrative Region",country,2005,10.877
HKG,"China, Hong Kong Special Administrative Region",country,2006,11
HKG,"China, Hong Kong Special Administrative Region",country,2007,11.105
HKG,"China, Hong Kong Special Administrative Region",country,2008,11.21
HKG,"China, Hong Kong Special Administrative Region",country,2009,11.31
HKG,"China, Hong Kong Special Administrative Region",country,2010,11.4
HKG,"China, Hong Kong Special Administrative Region",country,2011,11.62
HKG,"China, Hong Kong Special Administrative Region",country,2012,11.706667
HKG,"China, Hong Kong Special Administrative Region",country,2013,11.793333
HKG,"China, Hong Kong Special Administrative Region",country,2014,11.88
HKG,"China, Hong Kong Special Administrative Region",country,2015,12.02
HKG,"China, Hong Kong Special Administrative Region",country,2016,12.095
HKG,"China, Hong Kong Special Administrative Region",country,2017,12.17
HKG,"China, Hong Kong Special Administrative Region",country,2018,12.2
HKG,"China, Hong Kong Special Administrative Region",country,2019,12.23
HKG,"China, Hong Kong Special Administrative Region",country,2020,12.27
HKG,"China, Hong Kong Special Administrative Region",country,2021,12.31
HKG,"China, Hong Kong Special Administrative Region",country,2022,12.35
HKG,"China, Hong Kong Special Administrative Region",country,2023,12.35
HND,Honduras,country,1990,3.8640766
HND,Honduras,country,1991,3.943711
HND,Honduras,country,1992,4.0233455
HND,Honduras,country,1993,4.1029797
HND,Honduras,country,1994,4.1826143
HND,Honduras,country,1995,4.2622485
HND,Honduras,country,1996,4.3292136
HND,Honduras,country,1997,4.3961792
HND,Honduras,country,1998,4.4631443
HND,Honduras,country,1999,4.5301094
HND,Honduras,country,2000,4.597075
HND,Honduras,country,2001,4.6640401
HND,Honduras,country,2002,4.7310052
HND,Honduras,country,2003,4.7979708
HND,Honduras,country,2004,4.8649359
HND,Honduras,country,2005,4.931901
HND,Honduras,country,2006,4.9409504
HND,Honduras,country,2007,4.9499998
HND,Honduras,country,2008,5.1075001
HND,Honduras,country,2009,5.2649999
HND,Honduras,country,2010,5.4224997
HND,Honduras,country,2011,5.5799999
HND,Honduras,country,2012,5.52
HND,Honduras,country,2013,5.8499999
HND,Honduras,country,2014,6.1799998
HND,Honduras,country,2015,6.29
HND,Honduras,country,2016,6.5300002
HND,Honduras,country,2017,6.4100003
HND,Honduras,country,2018,6.29
HND,Honduras,country,2019,7.0900002
HND,Honduras,country,2020,7.2970901
HND,Honduras,country,2021,7.5102291
HND,Honduras,country,2022,7.5102291
HND,Honduras,country,2023,7.5102291
HRV,Croatia,country,1990,6.5661507
HRV,Croatia,country,1991,6.8600001
HRV,Croatia,country,1992,7.1670003
HRV,Croatia,country,1993,7.474
HRV,Croatia,country,1994,7.7810001
HRV,Croatia,country,1995,8.0880003
HRV,Croatia,country,1996,8.3950005
HRV,Croatia,country,1997,8.7020006
HRV,Croatia,country,1998,9.0089998
HRV,Croatia,country,1999,9.316
HRV,Croatia,country,2000,9.6230001
HRV,Croatia,country,2001,9.9300003
HRV,Croatia,country,2002,10.051001
HRV,Croatia,country,2003,10.172
HRV,Croatia,country,2004,10.293
HRV,Croatia,country,2005,10.414001
HRV,Croatia,country,2006,10.535
HRV,Croatia,country,2007,10.656
HRV,Croatia,country,2008,10.777
HRV,Croatia,country,2009,10.898001
HRV,Croatia,country,2010,11.019
HRV,Croatia,country,2011,11.14
HRV,Croatia,country,2012,11.267766
HRV,Croatia,country,2013,11.323814
HRV,Croatia,country,2014,11.394281
HRV,Croatia,country,2015,11.417611
HRV,Croatia,country,2016,11.54999
HRV,Croatia,country,2017,11.633748
HRV,Croatia,country,2018,11.768991
HRV,Croatia,country,2019,11.849183
HRV,Croatia,country,2020,11.950723
HRV,Croatia,country,2021,12.095121
HRV,Croatia,country,2022,12.095121
HRV,Croatia,country,2023,12.095121
HTI,Haiti,country,1990,2.6801901
HTI,Haiti,country,1991,2.7818182
HTI,Haiti,country,1992,2.8834462
HTI,Haiti,country,1993,2.985074
HTI,Haiti,country,1994,3.0867021
HTI,Haiti,country,1995,3.1883302
HTI,Haiti,country,1996,3.297929
HTI,Haiti,country,1997,3.4075279
HTI,Haiti,country,1998,3.5171268
HTI,Haiti,country,1999,3.6267257
HTI,Haiti,country,2000,3.7363245
HTI,Haiti,country,2001,3.8439305
HTI,Haiti,country,2002,3.9515367
HTI,Haiti,country,2003,4.0591431
HTI,Haiti,country,2004,4.166749
HTI,Haiti,country,2005,4.2743549
HTI,Haiti,country,2006,4.364027
HTI,Haiti,country,2007,4.4536986
HTI,Haiti,country,2008,4.5433707
HTI,Haiti,country,2009,4.6330423
HTI,Haiti,country,2010,4.7227139
HTI,Haiti,country,2011,4.8243423
HTI,Haiti,country,2012,4.9259701
HTI,Haiti,country,2013,5.0275984
HTI,Haiti,country,2014,5.1292262
HTI,Haiti,country,2015,5.230854
HTI,Haiti,country,2016,5.3065772
HTI,Haiti,country,2017,5.3822999
HTI,Haiti,country,2018,5.3822999
HTI,Haiti,country,2019,5.3822999
HTI,Haiti,country,2020,5.3822999
HTI,Haiti,country,2021,5.3822999
HTI,Haiti,country,2022,5.3822999
HTI,Haiti,country,2023,5.3822999
HUN,Hungary,country,1990,9.4799995
HUN,Hungary,country,1991,9.5490904
HUN,Hungary,country,1992,9.6181812
HUN,Hungary,country,1993,9.6872721
HUN,Hungary,country,1994,9.7563629
HUN,Hungary,country,1995,9.8254538
HUN,Hungary,country,1996,9.8945456
HUN,Hungary,country,1997,9.9636364
HUN,Hungary,country,1998,10.032727
HUN,Hungary,country,1999,10.101818
HUN,Hungary,country,2000,10.170909
HUN,Hungary,country,2001,10.24
HUN,Hungary,country,2002,10.3875
HUN,Hungary,country,2003,10.535
HUN,Hungary,country,2004,10.6825
HUN,Hungary,country,2005,10.83
HUN,Hungary,country,2006,11.075
HUN,Hungary,country,2007,11.32
HUN,Hungary,country,2008,11.565001
HUN,Hungary,country,2009,11.81
HUN,Hungary,country,2010,11.88
HUN,Hungary,country,2011,11.92
HUN,Hungary,country,2012,11.84
HUN,Hungary,country,2013,12.01
HUN,Hungary,country,2014,11.77
HUN,Hungary,country,2015,11.85
HUN,Hungary,country,2016,11.89
HUN,Hungary,country,2017,11.98
HUN,Hungary,country,2018,12.07
HUN,Hungary,country,2019,12.16
HUN,Hungary,country,2020,12.25
HUN,Hungary,country,2021,12.331622
HUN,Hungary,country,2022,12.331622
HUN,Hungary,country,2023,12.331622
IDN,Indonesia,country,1990,3.22
IDN,Indonesia,country,1991,3.493125
IDN,Indonesia,country,1992,3.7662501
IDN,Indonesia,country,1993,4.0393748
IDN,Indonesia,country,1994,4.3125
IDN,Indonesia,country,1995,4.5856252
IDN,Indonesia,country,1996,4.8587499
IDN,Indonesia,country,1997,5.131875
IDN,Indonesia,country,1998,5.4050002
IDN,Indonesia,country,1999,5.6781249
IDN,Indonesia,country,2000,5.9512501
IDN,Indonesia,country,2001,6.2243752
IDN,Indonesia,country,2002,6.4974999
IDN,Indonesia,country,2003,6.7706251
IDN,Indonesia,country,2004,7.0437503
IDN,Indonesia,country,2005,7.316875
IDN,Indonesia,country,2006,7.5900002
IDN,Indonesia,country,2007,7.02
IDN,Indonesia,country,2008,7.0700002
IDN,Indonesia,country,2009,7.3099999
IDN,Indonesia,country,2010,7.4100003
IDN,Indonesia,country,2011,7.5100002
IDN,Indonesia,country,2012,7.606667
IDN,Indonesia,country,2013,7.7033334
IDN,Indonesia,country,2014,7.8000002
IDN,Indonesia,country,2015,7.9099998
IDN,Indonesia,country,2016,7.98
IDN,Indonesia,country,2017,8.2395897
IDN,Indonesia,country,2018,8.1599998
IDN,Indonesia,country,2019,8.3600006
IDN,Indonesia,country,2020,8.5600004
IDN,Indonesia,country,2021,8.6972237
IDN,Indonesia,country,2022,8.6972237
IDN,Indonesia,country,2023,8.6972237
IND,India,country,1990,2.7805743
IND,India,country,1991,2.8839066
IND,India,country,1992,2.9872386
IND,India,country,1993,3.0905709
IND,India,country,1994,3.193903
IND,India,country,1995,3.2972353
IND,India,country,1996,3.4663241
IND,India,country,1997,3.6354132
IND,India,country,1998,3.804502
IND,India,country,1999,3.9735911
IND,India,country,2000,4.1426802
IND,India,country,2001,4.2197094
IND,India,country,2002,4.2967391
IND,India,country,2003,4.3737683
IND,India,country,2004,4.4507976
IND,India,country,2005,4.5278273
IND,India,country,2006,4.6349168
IND,India,country,2007,4.7420068
IND,India,country,2008,4.8490963
IND,India,country,2009,4.9561858
IND,India,country,2010,5.0632758
IND,India,country,2011,5.3000002
IND,India,country,2012,5.3975782
IND,India,country,2013,5.4951563
IND,India,country,2014,5.5927339
IND,India,country,2015,5.6903119
IND,India,country,2016,5.78789
IND,India,country,2017,6.0139446
IND,India,country,2018,6.2399998
IND,India,country,2019,6.2813802
IND,India,country,2020,6.4899998
IND,India,country,2021,6.5299997
IND,India,country,2022,6.5700002
IND,India,country,2023,6.8800001
IRL,Ireland,country,1990,9.1320829
IRL,Ireland,country,1991,9.2700005
IRL,Ireland,country,1992,9.4100008
IRL,Ireland,country,1993,9.5500002
IRL,Ireland,country,1994,9.6900005
IRL,Ireland,country,1995,9.8299999
IRL,Ireland,country,1996,9.9700003
IRL,Ireland,country,1997,10.110001
IRL,Ireland,country,1998,10.25
IRL,Ireland,country,1999,10.39
IRL,Ireland,country,2000,10.53
IRL,Ireland,country,2001,10.67
IRL,Ireland,country,2002,10.81
IRL,Ireland,country,2003,10.95
IRL,Ireland,country,2004,11.09
IRL,Ireland,country,2005,11.23
IRL,Ireland,country,2006,11.37
IRL,Ireland,country,2007,11.35
IRL,Ireland,country,2008,11.423333
IRL,Ireland,country,2009,11.496667
IRL,Ireland,country,2010,11.57
IRL,Ireland,country,2011,11
IRL,Ireland,country,2012,11.071667
IRL,Ireland,country,2013,11.143333
IRL,Ireland,country,2014,11.215
IRL,Ireland,country,2015,11.286667
IRL,Ireland,country,2016,11.358334
IRL,Ireland,country,2017,11.43
IRL,Ireland,country,2018,11.503047
IRL,Ireland,country,2019,11.57656
IRL,Ireland,country,2020,11.650543
IRL,Ireland,country,2021,11.724999
IRL,Ireland,country,2022,11.724999
IRL,Ireland,country,2023,11.724999
IRN,Iran (Islamic Republic of),country,1990,5.7386885
IRN,Iran (Islamic Republic of),country,1991,6.021543
IRN,Iran (Islamic Republic of),country,1992,6.3043981
IRN,Iran (Islamic Republic of),country,1993,6.5872526
IRN,Iran (Islamic Republic of),country,1994,6.8701072
IRN,Iran (Islamic Republic of),country,1995,7.1529622
IRN,Iran (Islamic Republic of),country,1996,7.4140587
IRN,Iran (Islamic Republic of),country,1997,7.6751556
IRN,Iran (Islamic Republic of),country,1998,7.9362521
IRN,Iran (Islamic Republic of),country,1999,8.1973486
IRN,Iran (Islamic Republic of),country,2000,8.4584455
IRN,Iran (Islamic Republic of),country,2001,8.6787462
IRN,Iran (Islamic Republic of),country,2002,8.8990469
IRN,Iran (Islamic Republic of),country,2003,9.1193466
IRN,Iran (Islamic Republic of),country,2004,9.3396473
IRN,Iran (Islamic Republic of),country,2005,9.559948
IRN,Iran (Islamic Republic of),country,2006,9.8699999
IRN,Iran (Islamic Republic of),country,2007,9.6300001
IRN,Iran (Islamic Republic of),country,2008,9.3900003
IRN,Iran (Islamic Republic of),country,2009,9.5500002
IRN,Iran (Islamic Republic of),country,2010,9.71
IRN,Iran (Islamic Republic of),country,2011,9.8000002
IRN,Iran (Islamic Republic of),country,2012,9.8900003
IRN,Iran (Islamic Republic of),country,2013,10.04
IRN,Iran (Islamic Republic of),country,2014,10.12
IRN,Iran (Islamic Republic of),country,2015,10.215
IRN,Iran (Islamic Republic of),country,2016,10.31
IRN,Iran (Islamic Republic of),country,2017,10.415174
IRN,Iran (Islamic Republic of),country,2018,10.521422
IRN,Iran (Islamic Republic of),country,2019,10.628754
IRN,Iran (Islamic Republic of),country,2020,10.73718
IRN,Iran (Islamic Republic of),country,2021,10.846712
IRN,Iran (Islamic Republic of),country,2022,10.846712
IRN,Iran (Islamic Republic of),country,2023,10.846712
IRQ,Iraq,country,1990,4.8700676
IRQ,Iraq,country,1991,4.9388962
IRQ,Iraq,country,1992,5.0086975
IRQ,Iraq,country,1993,5.0794859
IRQ,Iraq,country,1994,5.1512742
IRQ,Iraq,country,1995,5.2240772
IRQ,Iraq,country,1996,5.2979093
IRQ,Iraq,country,1997,5.3727846
IRQ,Iraq,country,1998,5.4487181
IRQ,Iraq,country,1999,5.5257249
IRQ,Iraq,country,2000,5.6038198
IRQ,Iraq,country,2001,5.6852889
IRQ,Iraq,country,2002,5.766758
IRQ,Iraq,country,2003,5.848227
IRQ,Iraq,country,2004,5.9296966
IRQ,Iraq,country,2005,6.0111656
IRQ,Iraq,country,2006,6.0926347
IRQ,Iraq,country,2007,6.1694436
IRQ,Iraq,country,2008,6.2462525
IRQ,Iraq,country,2009,6.3230615
IRQ,Iraq,country,2010,6.3998699
IRQ,Iraq,country,2011,6.4766788
IRQ,Iraq,country,2012,6.5068493
IRQ,Iraq,country,2013,6.5370193
IRQ,Iraq,country,2014,6.5671892
IRQ,Iraq,country,2015,6.5973597
IRQ,Iraq,country,2016,6.6275296
IRQ,Iraq,country,2017,6.6577001
IRQ,Iraq,country,2018,6.68787
IRQ,Iraq,country,2019,6.7184553
IRQ,Iraq,country,2020,6.7491808
IRQ,Iraq,country,2021,6.7800465
IRQ,Iraq,country,2022,6.7800465
IRQ,Iraq,country,2023,6.7800465
ISL,Iceland,country,1990,10.50759
ISL,Iceland,country,1991,10.624341
ISL,Iceland,country,1992,10.741092
ISL,Iceland,country,1993,10.857842
ISL,Iceland,country,1994,10.974594
ISL,Iceland,country,1995,11.091345
ISL,Iceland,country,1996,11.220516
ISL,Iceland,country,1997,11.349688
ISL,Iceland,country,1998,11.478859
ISL,Iceland,country,1999,11.60803
ISL,Iceland,country,2000,11.737202
ISL,Iceland,country,2001,11.883761
ISL,Iceland,country,2002,12.030321
ISL,Iceland,country,2003,12.176881
ISL,Iceland,country,2004,12.323441
ISL,Iceland,country,2005,12.47
ISL,Iceland,country,2006,12.56
ISL,Iceland,country,2007,12.650001
ISL,Iceland,country,2008,12.74
ISL,Iceland,country,2009,12.83
ISL,Iceland,country,2010,12.92
ISL,Iceland,country,2011,13.01
ISL,Iceland,country,2012,13.099999
ISL,Iceland,country,2013,13.19
ISL,Iceland,country,2014,13.28
ISL,Iceland,country,2015,13.37
ISL,Iceland,country,2016,13.46
ISL,Iceland,country,2017,13.549999
ISL,Iceland,country,2018,13.639999
ISL,Iceland,country,2019,13.73
ISL,Iceland,country,2020,13.77
ISL,Iceland,country,2021,13.908926
ISL,Iceland,country,2022,13.908926
ISL,Iceland,country,2023,13.908926
ISR,Israel,country,1990,9.8994255
ISR,Israel,country,1991,9.9658403
ISR,Israel,country,1992,10.032255
ISR,Israel,country,1993,10.09867
ISR,Israel,country,1994,10.165086
ISR,Israel,country,1995,10.231501
ISR,Israel,country,1996,10.303301
ISR,Israel,country,1997,10.3751
ISR,Israel,country,1998,10.4469
ISR,Israel,country,1999,10.518701
ISR,Israel,country,2000,10.590501
ISR,Israel,country,2001,10.635375
ISR,Israel,country,2002,10.68025
ISR,Israel,country,2003,10.725125
ISR,Israel,country,2004,10.77
ISR,Israel,country,2005,11.275001
ISR,Israel,country,2006,11.78
ISR,Israel,country,2007,12.38
ISR,Israel,country,2008,12.42
ISR,Israel,country,2009,12.46
ISR,Israel,country,2010,12.5
ISR,Israel,country,2011,12.6
ISR,Israel,country,2012,12.69
ISR,Israel,country,2013,12.8
ISR,Israel,country,2014,12.92
ISR,Israel,country,2015,12.96
ISR,Israel,country,2016,13.054043
ISR,Israel,country,2017,13.148768
ISR,Israel,country,2018,13.244182
ISR,Israel,country,2019,13.340287
ISR,Israel,country,2020,13.43709
ISR,Israel,country,2021,13.534595
ISR,Israel,country,2022,13.534595
ISR,Israel,country,2023,13.534595
ITA,Italy,country,1990,7.4380889
ITA,Italy,country,1991,7.5686889
ITA,Italy,country,1992,7.6992893
ITA,Italy,country,1993,7.8298893
ITA,Italy,country,1994,7.9604897
ITA,Italy,country,1995,8.0910892
ITA,Italy,country,1996,8.2237301
ITA,Italy,country,1997,8.3563709
ITA,Italy,country,1998,8.4890118
ITA,Italy,country,1999,8.6216526
ITA,Italy,country,2000,8.7542934
ITA,Italy,country,2001,8.8400002
ITA,Italy,country,2002,8.9475002
ITA,Italy,country,2003,9.0550003
ITA,Italy,country,2004,9.1625004
ITA,Italy,country,2005,9.2700005
ITA,Italy,country,2006,9.3900003
ITA,Italy,country,2007,9.5299997
ITA,Italy,country,2008,9.6499996
ITA,Italy,country,2009,9.7299995
ITA,Italy,country,2010,9.8199997
ITA,Italy,country,2011,9.8999996
ITA,Italy,country,2012,10.02
ITA,Italy,country,2013,10.12
ITA,Italy,country,2014,10.22
ITA,Italy,country,2015,10.31
ITA,Italy,country,2016,10.396
ITA,Italy,country,2017,10.482
ITA,Italy,country,2018,10.568
ITA,Italy,country,2019,10.654
ITA,Italy,country,2020,10.74
ITA,Italy,country,2021,10.828128
ITA,Italy,country,2022,10.828128
ITA,Italy,country,2023,10.828128
JAM,Jamaica,country,1990,6.6875172
JAM,Jamaica,country,1991,6.77
JAM,Jamaica,country,1992,6.8534999
JAM,Jamaica,country,1993,6.9369998
JAM,Jamaica,country,1994,7.0204997
JAM,Jamaica,country,1995,7.1040001
JAM,Jamaica,country,1996,7.1875
JAM,Jamaica,country,1997,7.2709999
JAM,Jamaica,country,1998,7.3544998
JAM,Jamaica,country,1999,7.4379997
JAM,Jamaica,country,2000,7.5214996
JAM,Jamaica,country,2001,7.605
JAM,Jamaica,country,2002,7.6884999
JAM,Jamaica,country,2003,7.7719998
JAM,Jamaica,country,2004,7.8554997
JAM,Jamaica,country,2005,7.9389997
JAM,Jamaica,country,2006,8.0225
JAM,Jamaica,country,2007,8.1059999
JAM,Jamaica,country,2008,8.1894999
JAM,Jamaica,country,2009,8.2729998
JAM,Jamaica,country,2010,8.3564997
JAM,Jamaica,country,2011,8.4399996
JAM,Jamaica,country,2012,8.5781736
JAM,Jamaica,country,2013,8.7163467
JAM,Jamaica,country,2014,8.8545208
JAM,Jamaica,country,2015,8.9926949
JAM,Jamaica,country,2016,9.130868
JAM,Jamaica,country,2017,9.269042
JAM,Jamaica,country,2018,9.4072151
JAM,Jamaica,country,2019,9.5453892
JAM,Jamaica,country,2020,9.6835632
JAM,Jamaica,country,2021,9.8217363
JAM,Jamaica,country,2022,9.9599104
JAM,Jamaica,country,2023,9.9599104
JOR,Jordan,country,1990,5.004889
JOR,Jordan,country,1991,5.2832561
JOR,Jordan,country,1992,5.5616231
JOR,Jordan,country,1993,5.8399901
JOR,Jordan,country,1994,6.1183577
JOR,Jordan,country,1995,6.3967247
JOR,Jordan,country,1996,6.589294
JOR,Jordan,country,1997,6.7818627
JOR,Jordan,country,1998,6.974432
JOR,Jordan,country,1999,7.1670008
JOR,Jordan,country,2000,7.35957
JOR,Jordan,country,2001,7.5063801
JOR,Jordan,country,2002,7.6531901
JOR,Jordan,country,2003,7.8000002
JOR,Jordan,country,2004,8.1440001
JOR,Jordan,country,2005,8.4879999
JOR,Jordan,country,2006,8.8320007
JOR,Jordan,country,2007,9.1760006
JOR,Jordan,country,2008,9.5200005
JOR,Jordan,country,2009,9.5649996
JOR,Jordan,country,2010,9.6099997
JOR,Jordan,country,2011,9.7633772
JOR,Jordan,country,2012,9.9167538
JOR,Jordan,country,2013,10.070131
JOR,Jordan,country,2014,10.223508
JOR,Jordan,country,2015,10.376885
JOR,Jordan,country,2016,10.530262
JOR,Jordan,country,2017,10.68364
JOR,Jordan,country,2018,10.35
JOR,Jordan,country,2019,10.400001
JOR,Jordan,country,2020,10.45
JOR,Jordan,country,2021,10.38
JOR,Jordan,country,2022,10.309999
JOR,Jordan,country,2023,10.24
JPN,Japan,country,1990,11.64
JPN,Japan,country,1991,11.684501
JPN,Japan,country,1992,11.729
JPN,Japan,country,1993,11.7735
JPN,Japan,country,1994,11.818
JPN,Japan,country,1995,11.8625
JPN,Japan,country,1996,11.907001
JPN,Japan,country,1997,11.9515
JPN,Japan,country,1998,11.996
JPN,Japan,country,1999,12.0405
JPN,Japan,country,2000,12.085
JPN,Japan,country,2001,12.1295
JPN,Japan,country,2002,12.174
JPN,Japan,country,2003,12.2185
JPN,Japan,country,2004,12.263
JPN,Japan,country,2005,12.3075
JPN,Japan,country,2006,12.352
JPN,Japan,country,2007,12.3965
JPN,Japan,country,2008,12.441
JPN,Japan,country,2009,12.485499
JPN,Japan,country,2010,12.53
JPN,Japan,country,2011,12.544
JPN,Japan,country,2012,12.558
JPN,Japan,country,2013,12.572
JPN,Japan,country,2014,12.585999
JPN,Japan,country,2015,12.599999
JPN,Japan,country,2016,12.614
JPN,Japan,country,2017,12.628
JPN,Japan,country,2018,12.642
JPN,Japan,country,2019,12.656
JPN,Japan,country,2020,12.67
JPN,Japan,country,2021,12.684047
JPN,Japan,country,2022,12.684047
JPN,Japan,country,2023,12.684047
KAZ,Kazakhstan,country,1990,7.5011721
KAZ,Kazakhstan,country,1991,7.7285366
KAZ,Kazakhstan,country,1992,7.9559016
KAZ,Kazakhstan,country,1993,8.1832666
KAZ,Kazakhstan,country,1994,8.4106312
KAZ,Kazakhstan,country,1995,8.6379957
KAZ,Kazakhstan,country,1996,8.8634968
KAZ,Kazakhstan,country,1997,9.0889978
KAZ,Kazakhstan,country,1998,9.3144989
KAZ,Kazakhstan,country,1999,9.54
KAZ,Kazakhstan,country,2000,9.7875004
KAZ,Kazakhstan,country,2001,10.035
KAZ,Kazakhstan,country,2002,10.2825
KAZ,Kazakhstan,country,2003,10.530001
KAZ,Kazakhstan,country,2004,10.7775
KAZ,Kazakhstan,country,2005,11.025001
KAZ,Kazakhstan,country,2006,11.2725
KAZ,Kazakhstan,country,2007,11.52
KAZ,Kazakhstan,country,2008,11.265
KAZ,Kazakhstan,country,2009,11.01
KAZ,Kazakhstan,country,2010,11.174628
KAZ,Kazakhstan,country,2011,11.339257
KAZ,Kazakhstan,country,2012,11.503885
KAZ,Kazakhstan,country,2013,11.668513
KAZ,Kazakhstan,country,2014,11.833142
KAZ,Kazakhstan,country,2015,11.99777
KAZ,Kazakhstan,country,2016,12.068514
KAZ,Kazakhstan,country,2017,12.139256
KAZ,Kazakhstan,country,2018,12.21
KAZ,Kazakhstan,country,2019,12.321372
KAZ,Kazakhstan,country,2020,12.433761
KAZ,Kazakhstan,country,2021,12.547174
KAZ,Kazakhstan,country,2022,12.547174
KAZ,Kazakhstan,country,2023,12.547174
KEN,Kenya,country,1990,3.8379986
KEN,Kenya,country,1991,4.0072007
KEN,Kenya,country,1992,4.176403
KEN,Kenya,country,1993,4.3456049
KEN,Kenya,country,1994,4.5148072
KEN,Kenya,country,1995,4.6840091
KEN,Kenya,country,1996,4.8325768
KEN,Kenya,country,1997,4.9811444
KEN,Kenya,country,1998,5.1297121
KEN,Kenya,country,1999,5.2782798
KEN,Kenya,country,2000,5.4268475
KEN,Kenya,country,2001,5.5424004
KEN,Kenya,country,2002,5.6579528
KEN,Kenya,country,2003,5.7735057
KEN,Kenya,country,2004,5.8890581
KEN,Kenya,country,2005,6.004611
KEN,Kenya,country,2006,6.0809579
KEN,Kenya,country,2007,6.1573052
KEN,Kenya,country,2008,6.2336526
KEN,Kenya,country,2009,6.3099999
KEN,Kenya,country,2010,5.8200002
KEN,Kenya,country,2011,6.0616288
KEN,Kenya,country,2012,6.3032579
KEN,Kenya,country,2013,6.5448866
KEN,Kenya,country,2014,6.7865157
KEN,Kenya,country,2015,7.0281444
KEN,Kenya,country,2016,7.2697735
KEN,Kenya,country,2017,7.5114021
KEN,Kenya,country,2018,7.7530313
KEN,Kenya,country,2019,7.9946599
KEN,Kenya,country,2020,7.6863599
KEN,Kenya,country,2021,8.1555347
KEN,Kenya,country,2022,8.6247101
KEN,Kenya,country,2023,8.6247101
KGZ,Kyrgyzstan,country,1990,9.1714287
KGZ,Kyrgyzstan,country,1991,9.2871428
KGZ,Kyrgyzstan,country,1992,9.4028568
KGZ,Kyrgyzstan,country,1993,9.5185719
KGZ,Kyrgyzstan,country,1994,9.6342859
KGZ,Kyrgyzstan,country,1995,9.75
KGZ,Kyrgyzstan,country,1996,9.8850002
KGZ,Kyrgyzstan,country,1997,10.02
KGZ,Kyrgyzstan,country,1998,10.155
KGZ,Kyrgyzstan,country,1999,10.29
KGZ,Kyrgyzstan,country,2000,10.347
KGZ,Kyrgyzstan,country,2001,10.404
KGZ,Kyrgyzstan,country,2002,10.460999
KGZ,Kyrgyzstan,country,2003,10.518
KGZ,Kyrgyzstan,country,2004,10.575
KGZ,Kyrgyzstan,country,2005,10.632
KGZ,Kyrgyzstan,country,2006,10.689
KGZ,Kyrgyzstan,country,2007,10.745999
KGZ,Kyrgyzstan,country,2008,10.802999
KGZ,Kyrgyzstan,country,2009,10.86
KGZ,Kyrgyzstan,country,2010,10.959614
KGZ,Kyrgyzstan,country,2011,11.059229
KGZ,Kyrgyzstan,country,2012,11.158843
KGZ,Kyrgyzstan,country,2013,11.258457
KGZ,Kyrgyzstan,country,2014,11.358072
KGZ,Kyrgyzstan,country,2015,11.457686
KGZ,Kyrgyzstan,country,2016,11.557301
KGZ,Kyrgyzstan,country,2017,11.656916
KGZ,Kyrgyzstan,country,2018,11.75653
KGZ,Kyrgyzstan,country,2019,11.858758
KGZ,Kyrgyzstan,country,2020,11.961875
KGZ,Kyrgyzstan,country,2021,12.065888
KGZ,Kyrgyzstan,country,2022,12.065888
KGZ,Kyrgyzstan,country,2023,12.065888
KHM,Cambodia,country,1990,2.8176174
KHM,Cambodia,country,1991,2.8720844
KHM,Cambodia,country,1992,2.9265511
KHM,Cambodia,country,1993,2.9810181
KHM,Cambodia,country,1994,3.035485
KHM,Cambodia,country,1995,3.089952
KHM,Cambodia,country,1996,3.1465139
KHM,Cambodia,country,1997,3.2030756
KHM,Cambodia,country,1998,3.2596376
KHM,Cambodia,country,1999,3.3161993
KHM,Cambodia,country,2000,3.3727612
KHM,Cambodia,country,2001,3.4356077
KHM,Cambodia,country,2002,3.4984543
KHM,Cambodia,country,2003,3.5613008
KHM,Cambodia,country,2004,3.6241472
KHM,Cambodia,country,2005,3.6869936
KHM,Cambodia,country,2006,3.808497
KHM,Cambodia,country,2007,3.9300001
KHM,Cambodia,country,2008,4.0300002
KHM,Cambodia,country,2009,3.9400001
KHM,Cambodia,country,2010,3.872
KHM,Cambodia,country,2011,3.8039999
KHM,Cambodia,country,2012,3.7360001
KHM,Cambodia,country,2013,3.668
KHM,Cambodia,country,2014,3.5999999
KHM,Cambodia,country,2015,3.6700001
KHM,Cambodia,country,2016,3.9520924
KHM,Cambodia,country,2017,4.2341847
KHM,Cambodia,country,2018,4.5162773
KHM,Cambodia,country,2019,4.7983699
KHM,Cambodia,country,2020,4.997735
KHM,Cambodia,country,2021,5.1971002
KHM,Cambodia,country,2022,5.1971002
KHM,Cambodia,country,2023,5.1971002
KIR,Kiribati,country,1990,
KIR,Kiribati,country,1991,
KIR,Kiribati,country,1992,
KIR,Kiribati,country,1993,
KIR,Kiribati,country,1994,
KIR,Kiribati,country,1995,
KIR,Kiribati,country,1996,
KIR,Kiribati,country,1997,
KIR,Kiribati,country,1998,
KIR,Kiribati,country,1999,
KIR,Kiribati,country,2000,7.5410333
KIR,Kiribati,country,2001,7.6199617
KIR,Kiribati,country,2002,7.6997166
KIR,Kiribati,country,2003,7.7803059
KIR,Kiribati,country,2004,7.8617387
KIR,Kiribati,country,2005,7.9440236
KIR,Kiribati,country,2006,8.0271702
KIR,Kiribati,country,2007,8.111187
KIR,Kiribati,country,2008,8.1960831
KIR,Kiribati,country,2009,8.281867
KIR,Kiribati,country,2010,8.3685493
KIR,Kiribati,country,2011,8.4561396
KIR,Kiribati,country,2012,8.5446453
KIR,Kiribati,country,2013,8.634078
KIR,Kiribati,country,2014,8.7235117
KIR,Kiribati,country,2015,8.8129444
KIR,Kiribati,country,2016,8.9023771
KIR,Kiribati,country,2017,8.9918098
KIR,Kiribati,country,2018,9.0374002
KIR,Kiribati,country,2019,9.0829906
KIR,Kiribati,country,2020,9.128582
KIR,Kiribati,country,2021,9.128582
KIR,Kiribati,country,2022,9.128582
KIR,Kiribati,country,2023,9.128582
KNA,Saint Kitts and Nevis,country,1990,
KNA,Saint Kitts and Nevis,country,1991,
KNA,Saint Kitts and Nevis,country,1992,
KNA,Saint Kitts and Nevis,country,1993,
KNA,Saint Kitts and Nevis,country,1994,
KNA,Saint Kitts and Nevis,country,1995,
KNA,Saint Kitts and Nevis,country,1996,
KNA,Saint Kitts and Nevis,country,1997,
KNA,Saint Kitts and Nevis,country,1998,
KNA,Saint Kitts and Nevis,country,1999,
KNA,Saint Kitts and Nevis,country,2000,
KNA,Saint Kitts and Nevis,country,2001,
KNA,Saint Kitts and Nevis,country,2002,
KNA,Saint Kitts and Nevis,country,2003,
KNA,Saint Kitts and Nevis,country,2004,
KNA,Saint Kitts and Nevis,country,2005,8.5242968
KNA,Saint Kitts and Nevis,country,2006,8.7338781
KNA,Saint Kitts and Nevis,country,2007,8.9486141
KNA,Saint Kitts and Nevis,country,2008,9.1686287
KNA,Saint Kitts and Nevis,country,2009,9.3940525
KNA,Saint Kitts and Nevis,country,2010,9.6250191
KNA,Saint Kitts and Nevis,country,2011,9.8616638
KNA,Saint Kitts and Nevis,country,2012,10.104127
KNA,Saint Kitts and Nevis,country,2013,10.352551
KNA,Saint Kitts and Nevis,country,2014,10.600976
KNA,Saint Kitts and Nevis,country,2015,10.849401
KNA,Saint Kitts and Nevis,country,2016,10.849401
KNA,Saint Kitts and Nevis,country,2017,10.849401
KNA,Saint Kitts and Nevis,country,2018,10.849401
KNA,Saint Kitts and Nevis,country,2019,10.849401
KNA,Saint Kitts and Nevis,country,2020,10.849401
KNA,Saint Kitts and Nevis,country,2021,10.849401
KNA,Saint Kitts and Nevis,country,2022,10.849401
KNA,Saint Kitts and Nevis,country,2023,10.849401
KOR,Republic of Korea,country,1990,9.2700005
KOR,Republic of Korea,country,1991,9.4160004
KOR,Republic of Korea,country,1992,9.5620003
KOR,Republic of Korea,country,1993,9.7080002
KOR,Republic of Korea,country,1994,9.8540001
KOR,Republic of Korea,country,1995,10
KOR,Republic of Korea,country,1996,10.124
KOR,Republic of Korea,country,1997,10.248
KOR,Republic of Korea,country,1998,10.372
KOR,Republic of Korea,country,1999,10.496
KOR,Republic of Korea,country,2000,10.62
KOR,Republic of Korea,country,2001,10.743999
KOR,Republic of Korea,country,2002,10.868
KOR,Republic of Korea,country,2003,10.992
KOR,Republic of Korea,country,2004,11.116
KOR,Republic of Korea,country,2005,11.24
KOR,Republic of Korea,country,2006,11.1475
KOR,Republic of Korea,country,2007,11.055
KOR,Republic of Korea,country,2008,10.9625
KOR,Republic of Korea,country,2009,10.87
KOR,Republic of Korea,country,2010,11.64
KOR,Republic of Korea,country,2011,11.736
KOR,Republic of Korea,country,2012,11.832
KOR,Republic of Korea,country,2013,11.928
KOR,Republic of Korea,country,2014,12.024
KOR,Republic of Korea,country,2015,12.12
KOR,Republic of Korea,country,2016,12.218349
KOR,Republic of Korea,country,2017,12.317497
KOR,Republic of Korea,country,2018,12.417449
KOR,Republic of Korea,country,2019,12.518212
KOR,Republic of Korea,country,2020,12.619794
KOR,Republic of Korea,country,2021,12.722198
KOR,Republic of Korea,country,2022,12.722198
KOR,Republic of Korea,country,2023,12.722198
KWT,Kuwait,country,1990,5.6392131
KWT,Kuwait,country,1991,5.6760569
KWT,Kuwait,country,1992,5.7129011
KWT,Kuwait,country,1993,5.7497454
KWT,Kuwait,country,1994,5.7865896
KWT,Kuwait,country,1995,5.8234339
KWT,Kuwait,country,1996,5.901216
KWT,Kuwait,country,1997,5.9789987
KWT,Kuwait,country,1998,6.0567808
KWT,Kuwait,country,1999,6.134563
KWT,Kuwait,country,2000,6.2123451
KWT,Kuwait,country,2001,6.1918764
KWT,Kuwait,country,2002,6.1714072
KWT,Kuwait,country,2003,6.150938
KWT,Kuwait,country,2004,6.1304693
KWT,Kuwait,country,2005,6.1100001
KWT,Kuwait,country,2006,6.1399999
KWT,Kuwait,country,2007,6.2199998
KWT,Kuwait,country,2008,6.4299998
KWT,Kuwait,country,2009,6.6399999
KWT,Kuwait,country,2010,6.8499999
KWT,Kuwait,country,2011,7.0599999
KWT,Kuwait,country,2012,7.27
KWT,Kuwait,country,2013,6.6799998
KWT,Kuwait,country,2014,6.875
KWT,Kuwait,country,2015,7.0700002
KWT,Kuwait,country,2016,7.1300001
KWT,Kuwait,country,2017,7.1900001
KWT,Kuwait,country,2018,7.2199998
KWT,Kuwait,country,2019,7.3335404
KWT,Kuwait,country,2020,7.4488673
KWT,Kuwait,country,2021,7.5660071
KWT,Kuwait,country,2022,7.5660071
KWT,Kuwait,country,2023,7.5660071
LAO,Lao People's Democratic Republic,country,1990,3.3655932
LAO,Lao People's Democratic Republic,country,1991,3.4701552
LAO,Lao People's Democratic Republic,country,1992,3.5747175
LAO,Lao People's Democratic Republic,country,1993,3.6792796
LAO,Lao People's Democratic Republic,country,1994,3.7838416
LAO,Lao People's Democratic Republic,country,1995,3.8884039
LAO,Lao People's Democratic Republic,country,1996,3.9602902
LAO,Lao People's Democratic Republic,country,1997,4.0321765
LAO,Lao People's Democratic Republic,country,1998,4.104063
LAO,Lao People's Democratic Republic,country,1999,4.1759496
LAO,Lao People's Democratic Republic,country,2000,4.2478361
LAO,Lao People's Democratic Republic,country,2001,4.3197227
LAO,Lao People's Democratic Republic,country,2002,4.3916092
LAO,Lao People's Democratic Republic,country,2003,4.4634953
LAO,Lao People's Democratic Republic,country,2004,4.5353818
LAO,Lao People's Democratic Republic,country,2005,4.6072683
LAO,Lao People's Democratic Republic,country,2006,4.6813331
LAO,Lao People's Democratic Republic,country,2007,4.7553983
LAO,Lao People's Democratic Republic,country,2008,4.829463
LAO,Lao People's Democratic Republic,country,2009,4.9035277
LAO,Lao People's Democratic Republic,country,2010,4.9775925
LAO,Lao People's Democratic Republic,country,2011,5.0777979
LAO,Lao People's Democratic Republic,country,2012,5.1780033
LAO,Lao People's Democratic Republic,country,2013,5.2782087
LAO,Lao People's Democratic Republic,country,2014,5.3784142
LAO,Lao People's Democratic Republic,country,2015,5.4786196
LAO,Lao People's Democratic Republic,country,2016,5.5722895
LAO,Lao People's Democratic Republic,country,2017,5.6659598
LAO,Lao People's Democratic Republic,country,2018,5.7596302
LAO,Lao People's Democratic Republic,country,2019,5.8533001
LAO,Lao People's Democratic Republic,country,2020,5.9469705
LAO,Lao People's Democratic Republic,country,2021,6.060246
LAO,Lao People's Democratic Republic,country,2022,6.060246
LAO,Lao People's Democratic Republic,country,2023,6.060246
LBN,Lebanon,country,1990,
LBN,Lebanon,country,1991,
LBN,Lebanon,country,1992,
LBN,Lebanon,country,1993,
LBN,Lebanon,country,1994,
LBN,Lebanon,country,1995,
LBN,Lebanon,country,1996,
LBN,Lebanon,country,1997,
LBN,Lebanon,country,1998,
LBN,Lebanon,country,1999,
LBN,Lebanon,country,2000,
LBN,Lebanon,country,2001,
LBN,Lebanon,country,2002,
LBN,Lebanon,country,2003,
LBN,Lebanon,country,2004,
LBN,Lebanon,country,2005,7.6517177
LBN,Lebanon,country,2006,7.8434567
LBN,Lebanon,country,2007,8.04
LBN,Lebanon,country,2008,8.2518177
LBN,Lebanon,country,2009,8.4636364
LBN,Lebanon,country,2010,8.6754541
LBN,Lebanon,country,2011,8.8872728
LBN,Lebanon,country,2012,9.0990906
LBN,Lebanon,country,2013,9.3109093
LBN,Lebanon,country,2014,9.522727
LBN,Lebanon,country,2015,9.7345457
LBN,Lebanon,country,2016,9.9463634
LBN,Lebanon,country,2017,10.158182
LBN,Lebanon,country,2018,10.37
LBN,Lebanon,country,2019,10.37
LBN,Lebanon,country,2020,10.37
LBN,Lebanon,country,2021,10.37
LBN,Lebanon,country,2022,10.37
LBN,Lebanon,country,2023,10.37
LBR,Liberia,country,1990,2.6488643
LBR,Liberia,country,1991,2.7507436
LBR,Liberia,country,1992,2.852623
LBR,Liberia,country,1993,2.9545023
LBR,Liberia,country,1994,3.0563819
LBR,Liberia,country,1995,3.1582613
LBR,Liberia,country,1996,3.2316144
LBR,Liberia,country,1997,3.3049676
LBR,Liberia,country,1998,3.3783207
LBR,Liberia,country,1999,3.451674
LBR,Liberia,country,2000,3.525027
LBR,Liberia,country,2001,3.59023
LBR,Liberia,country,2002,3.6554327
LBR,Liberia,country,2003,3.7206354
LBR,Liberia,country,2004,3.7858384
LBR,Liberia,country,2005,3.8510411
LBR,Liberia,country,2006,3.9142063
LBR,Liberia,country,2007,3.9773717
LBR,Liberia,country,2008,4.0405369
LBR,Liberia,country,2009,4.1037021
LBR,Liberia,country,2010,4.1668673
LBR,Liberia,country,2011,4.2565212
LBR,Liberia,country,2012,4.3461752
LBR,Liberia,country,2013,4.4358287
LBR,Liberia,country,2014,4.5254827
LBR,Liberia,country,2015,4.6151366
LBR,Liberia,country,2016,4.7557302
LBR,Liberia,country,2017,5.0237236
LBR,Liberia,country,2018,5.2917166
LBR,Liberia,country,2019,5.55971
LBR,Liberia,country,2020,5.8568602
LBR,Liberia,country,2021,6.1698918
LBR,Liberia,country,2022,6.1698918
LBR,Liberia,country,2023,6.1698918
LBY,Libya,country,1990,3.8099999
LBY,Libya,country,1991,3.9860001
LBY,Libya,country,1992,4.1620002
LBY,Libya,country,1993,4.3379998
LBY,Libya,country,1994,4.5139999
LBY,Libya,country,1995,4.6900001
LBY,Libya,country,1996,4.868
LBY,Libya,country,1997,5.046
LBY,Libya,country,1998,5.224
LBY,Libya,country,1999,5.402
LBY,Libya,country,2000,5.5799999
LBY,Libya,country,2001,5.7519999
LBY,Libya,country,2002,5.9239998
LBY,Libya,country,2003,6.0960002
LBY,Libya,country,2004,6.2680001
LBY,Libya,country,2005,6.4400001
LBY,Libya,country,2006,6.6139998
LBY,Libya,country,2007,6.7880001
LBY,Libya,country,2008,6.9619999
LBY,Libya,country,2009,7.1360002
LBY,Libya,country,2010,7.3099999
LBY,Libya,country,2011,7.5599999
LBY,Libya,country,2012,7.8099999
LBY,Libya,country,2013,7.8077264
LBY,Libya,country,2014,7.8054528
LBY,Libya,country,2015,7.8031797
LBY,Libya,country,2016,7.8009062
LBY,Libya,country,2017,7.7986326
LBY,Libya,country,2018,7.7919574
LBY,Libya,country,2019,7.7852817
LBY,Libya,country,2020,7.7786064
LBY,Libya,country,2021,7.7786064
LBY,Libya,country,2022,7.7786064
LBY,Libya,country,2023,7.7786064
LCA,Saint Lucia,country,1990,6.5606894
LCA,Saint Lucia,country,1991,6.6500001
LCA,Saint Lucia,country,1992,6.7405262
LCA,Saint Lucia,country,1993,6.8310528
LCA,Saint Lucia,country,1994,6.9215789
LCA,Saint Lucia,country,1995,7.0121055
LCA,Saint Lucia,country,1996,7.1026316
LCA,Saint Lucia,country,1997,7.1931581
LCA,Saint Lucia,country,1998,7.2836843
LCA,Saint Lucia,country,1999,7.3742104
LCA,Saint Lucia,country,2000,7.4647369
LCA,Saint Lucia,country,2001,7.555263
LCA,Saint Lucia,country,2002,7.6457896
LCA,Saint Lucia,country,2003,7.7363157
LCA,Saint Lucia,country,2004,7.8268418
LCA,Saint Lucia,country,2005,7.9173684
LCA,Saint Lucia,country,2006,8.0078945
LCA,Saint Lucia,country,2007,8.0984211
LCA,Saint Lucia,country,2008,8.1889477
LCA,Saint Lucia,country,2009,8.2794733
LCA,Saint Lucia,country,2010,8.3699999
LCA,Saint Lucia,country,2011,8.3666668
LCA,Saint Lucia,country,2012,8.3633327
LCA,Saint Lucia,country,2013,8.3599997
LCA,Saint Lucia,country,2014,8.3916664
LCA,Saint Lucia,country,2015,8.4233332
LCA,Saint Lucia,country,2016,8.4549999
LCA,Saint Lucia,country,2017,8.4866667
LCA,Saint Lucia,country,2018,8.5183334
LCA,Saint Lucia,country,2019,8.5500002
LCA,Saint Lucia,country,2020,8.5820236
LCA,Saint Lucia,country,2021,8.6141672
LCA,Saint Lucia,country,2022,8.6141672
LCA,Saint Lucia,country,2023,8.6141672
LIE,Liechtenstein,country,1990,10.240093
LIE,Liechtenstein,country,1991,10.330368
LIE,Liechtenstein,country,1992,10.421438
LIE,Liechtenstein,country,1993,10.512508
LIE,Liechtenstein,country,1994,10.603579
LIE,Liechtenstein,country,1995,10.694649
LIE,Liechtenstein,country,1996,10.785719
LIE,Liechtenstein,country,1997,10.876789
LIE,Liechtenstein,country,1998,10.967859
LIE,Liechtenstein,country,1999,11.058929
LIE,Liechtenstein,country,2000,11.15
LIE,Liechtenstein,country,2001,11.24107
LIE,Liechtenstein,country,2002,11.33214
LIE,Liechtenstein,country,2003,11.42321
LIE,Liechtenstein,country,2004,11.51428
LIE,Liechtenstein,country,2005,11.60535
LIE,Liechtenstein,country,2006,11.590291
LIE,Liechtenstein,country,2007,11.575233
LIE,Liechtenstein,country,2008,11.514997
LIE,Liechtenstein,country,2009,11.715782
LIE,Liechtenstein,country,2010,11.755939
LIE,Liechtenstein,country,2011,11.755939
LIE,Liechtenstein,country,2012,11.796096
LIE,Liechtenstein,country,2013,11.836252
LIE,Liechtenstein,country,2014,12.057116
LIE,Liechtenstein,country,2015,12.12739
LIE,Liechtenstein,country,2016,12.157508
LIE,Liechtenstein,country,2017,12.207704
LIE,Liechtenstein,country,2018,12.2579
LIE,Liechtenstein,country,2019,12.308097
LIE,Liechtenstein,country,2020,12.358923
LIE,Liechtenstein,country,2021,12.40996
LIE,Liechtenstein,country,2022,12.40996
LIE,Liechtenstein,country,2023,12.40996
LKA,Sri Lanka,country,1990,8.5250883
LKA,Sri Lanka,country,1991,8.7133188
LKA,Sri Lanka,country,1992,8.9015493
LKA,Sri Lanka,country,1993,9.0897799
LKA,Sri Lanka,country,1994,9.2780094
LKA,Sri Lanka,country,1995,9.4662399
LKA,Sri Lanka,country,1996,9.685113
LKA,Sri Lanka,country,1997,9.903985
LKA,Sri Lanka,country,1998,10.122858
LKA,Sri Lanka,country,1999,10.341731
LKA,Sri Lanka,country,2000,10.560603
LKA,Sri Lanka,country,2001,10.6
LKA,Sri Lanka,country,2002,10.556001
LKA,Sri Lanka,country,2003,10.512
LKA,Sri Lanka,country,2004,10.468
LKA,Sri Lanka,country,2005,10.424
LKA,Sri Lanka,country,2006,10.38
LKA,Sri Lanka,country,2007,10.35
LKA,Sri Lanka,country,2008,10.41
LKA,Sri Lanka,country,2009,10.51
LKA,Sri Lanka,country,2010,10.508572
LKA,Sri Lanka,country,2011,10.507143
LKA,Sri Lanka,country,2012,10.505714
LKA,Sri Lanka,country,2013,10.504286
LKA,Sri Lanka,country,2014,10.502857
LKA,Sri Lanka,country,2015,10.501429
LKA,Sri Lanka,country,2016,10.5
LKA,Sri Lanka,country,2017,10.57
LKA,Sri Lanka,country,2018,10.64
LKA,Sri Lanka,country,2019,10.63
LKA,Sri Lanka,country,2020,10.82
LKA,Sri Lanka,country,2021,10.73
LKA,Sri Lanka,country,2022,10.77
LKA,Sri Lanka,country,2023,10.77
LSO,Lesotho,country,1990,4.1125946
LSO,Lesotho,country,1991,4.1955523
LSO,Lesotho,country,1992,4.2785106
LSO,Lesotho,country,1993,4.3614683
LSO,Lesotho,country,1994,4.4444261
LSO,Lesotho,country,1995,4.5273843
LSO,Lesotho,country,1996,4.6226974
LSO,Lesotho,country,1997,4.7180109
LSO,Lesotho,country,1998,4.813324
LSO,Lesotho,country,1999,4.9086375
LSO,Lesotho,country,2000,5.0039511
LSO,Lesotho,country,2001,5.2122283
LSO,Lesotho,country,2002,5.4205055
LSO,Lesotho,country,2003,5.6287827
LSO,Lesotho,country,2004,5.83706
LSO,Lesotho,country,2005,6.0453377
LSO,Lesotho,country,2006,5.8299999
LSO,Lesotho,country,2007,5.6849999
LSO,Lesotho,country,2008,5.54
LSO,Lesotho,country,2009,5.704587
LSO,Lesotho,country,2010,5.869174
LSO,Lesotho,country,2011,6.033761
LSO,Lesotho,country,2012,6.198348
LSO,Lesotho,country,2013,6.3629351
LSO,Lesotho,country,2014,6.5275221
LSO,Lesotho,country,2015,6.6921091
LSO,Lesotho,country,2016,6.8566961
LSO,Lesotho,country,2017,7.0212831
LSO,Lesotho,country,2018,7.1858702
LSO,Lesotho,country,2019,7.3628149
LSO,Lesotho,country,2020,7.544117
LSO,Lesotho,country,2021,7.7298837
LSO,Lesotho,country,2022,7.7298837
LSO,Lesotho,country,2023,7.7298837
LTU,Lithuania,country,1990,9.1606646
LTU,Lithuania,country,1991,9.3338842
LTU,Lithuania,country,1992,9.5071039
LTU,Lithuania,country,1993,9.6803236
LTU,Lithuania,country,1994,9.8535433
LTU,Lithuania,country,1995,10.026763
LTU,Lithuania,country,1996,10.211087
LTU,Lithuania,country,1997,10.395411
LTU,Lithuania,country,1998,10.579734
LTU,Lithuania,country,1999,10.764058
LTU,Lithuania,country,2000,10.948381
LTU,Lithuania,country,2001,11.132706
LTU,Lithuania,country,2002,11.317029
LTU,Lithuania,country,2003,11.501352
LTU,Lithuania,country,2004,11.685677
LTU,Lithuania,country,2005,11.87
LTU,Lithuania,country,2006,12.01
LTU,Lithuania,country,2007,12.16
LTU,Lithuania,country,2008,12.3
LTU,Lithuania,country,2009,12.32
LTU,Lithuania,country,2010,12.46
LTU,Lithuania,country,2011,12.57
LTU,Lithuania,country,2012,12.56
LTU,Lithuania,country,2013,12.59
LTU,Lithuania,country,2014,12.8
LTU,Lithuania,country,2015,12.96
LTU,Lithuania,country,2016,13.11
LTU,Lithuania,country,2017,13.19
LTU,Lithuania,country,2018,13.293333
LTU,Lithuania,country,2019,13.396667
LTU,Lithuania,country,2020,13.5
LTU,Lithuania,country,2021,13.610692
LTU,Lithuania,country,2022,13.610692
LTU,Lithuania,country,2023,13.610692
LUX,Luxembourg,country,1990,8.8193035
LUX,Luxembourg,country,1991,8.9899998
LUX,Luxembourg,country,1992,9.1639996
LUX,Luxembourg,country,1993,9.3379993
LUX,Luxembourg,country,1994,9.5120001
LUX,Luxembourg,country,1995,9.6859999
LUX,Luxembourg,country,1996,9.8599997
LUX,Luxembourg,country,1997,10.033999
LUX,Luxembourg,country,1998,10.207999
LUX,Luxembourg,country,1999,10.382
LUX,Luxembourg,country,2000,10.556
LUX,Luxembourg,country,2001,10.73
LUX,Luxembourg,country,2002,10.995
LUX,Luxembourg,country,2003,11.26
LUX,Luxembourg,country,2004,11.3525
LUX,Luxembourg,country,2005,11.445
LUX,Luxembourg,country,2006,11.5375
LUX,Luxembourg,country,2007,11.63
LUX,Luxembourg,country,2008,12.22
LUX,Luxembourg,country,2009,12.81
LUX,Luxembourg,country,2010,12.84
LUX,Luxembourg,country,2011,12.86
LUX,Luxembourg,country,2012,13
LUX,Luxembourg,country,2013,13.2
LUX,Luxembourg,country,2014,13.43
LUX,Luxembourg,country,2015,12.46
LUX,Luxembourg,country,2016,12.481209
LUX,Luxembourg,country,2017,12.502417
LUX,Luxembourg,country,2018,12.523625
LUX,Luxembourg,country,2019,12.544834
LUX,Luxembourg,country,2020,12.566043
LUX,Luxembourg,country,2021,12.589372
LUX,Luxembourg,country,2022,12.589372
LUX,Luxembourg,country,2023,12.589372
LVA,Latvia,country,1990,9.1574593
LVA,Latvia,country,1991,9.4796667
LVA,Latvia,country,1992,9.8018732
LVA,Latvia,country,1993,10.124081
LVA,Latvia,country,1994,10.446287
LVA,Latvia,country,1995,10.768495
LVA,Latvia,country,1996,10.909005
LVA,Latvia,country,1997,11.049517
LVA,Latvia,country,1998,11.190028
LVA,Latvia,country,1999,11.33054
LVA,Latvia,country,2000,11.47105
LVA,Latvia,country,2001,11.635788
LVA,Latvia,country,2002,11.800526
LVA,Latvia,country,2003,11.965262
LVA,Latvia,country,2004,12.13
LVA,Latvia,country,2005,12.25
LVA,Latvia,country,2006,12.3
LVA,Latvia,country,2007,12.17
LVA,Latvia,country,2008,12.35
LVA,Latvia,country,2009,12.46
LVA,Latvia,country,2010,12.56
LVA,Latvia,country,2011,12.61
LVA,Latvia,country,2012,12.7
LVA,Latvia,country,2013,12.81
LVA,Latvia,country,2014,12.86
LVA,Latvia,country,2015,12.87
LVA,Latvia,country,2016,12.93
LVA,Latvia,country,2017,13.055
LVA,Latvia,country,2018,13.18
LVA,Latvia,country,2019,13.25
LVA,Latvia,country,2020,13.329481
LVA,Latvia,country,2021,13.40944
LVA,Latvia,country,2022,13.40944
LVA,Latvia,country,2023,13.40944
MAR,Morocco,country,1990,2.1099999
MAR,Morocco,country,1991,2.22
MAR,Morocco,country,1992,2.3299999
MAR,Morocco,country,1993,2.4400001
MAR,Morocco,country,1994,2.55
MAR,Morocco,country,1995,2.6600001
MAR,Morocco,country,1996,2.78
MAR,Morocco,country,1997,2.9000001
MAR,Morocco,country,1998,3.02
MAR,Morocco,country,1999,3.1400001
MAR,Morocco,country,2000,3.26
MAR,Morocco,country,2001,3.3659999
MAR,Morocco,country,2002,3.4719999
MAR,Morocco,country,2003,3.5780001
MAR,Morocco,country,2004,3.684
MAR,Morocco,country,2005,3.79
MAR,Morocco,country,2006,3.8800001
MAR,Morocco,country,2007,3.97
MAR,Morocco,country,2008,4.0599999
MAR,Morocco,country,2009,4.1500001
MAR,Morocco,country,2010,4.2399998
MAR,Morocco,country,2011,4.4679999
MAR,Morocco,country,2012,4.6960001
MAR,Morocco,country,2013,4.9239998
MAR,Morocco,country,2014,5.152
MAR,Morocco,country,2015,5.3800001
MAR,Morocco,country,2016,5.5139999
MAR,Morocco,country,2017,5.6479998
MAR,Morocco,country,2018,5.7820001
MAR,Morocco,country,2019,5.9159999
MAR,Morocco,country,2020,6.0500002
MAR,Morocco,country,2021,6.198
MAR,Morocco,country,2022,6.198
MAR,Morocco,country,2023,6.198
MCO,Monaco,country,1990,
MCO,Monaco,country,1991,
MCO,Monaco,country,1992,
MCO,Monaco,country,1993,
MCO,Monaco,country,1994,
MCO,Monaco,country,1995,
MCO,Monaco,country,1996,
MCO,Monaco,country,1997,
MCO,Monaco,country,1998,
MCO,Monaco,country,1999,
MCO,Monaco,country,2000,
MCO,Monaco,country,2001,
MCO,Monaco,country,2002,
MCO,Monaco,country,2003,
MCO,Monaco,country,2004,
MCO,Monaco,country,2005,
MCO,Monaco,country,2006,
MCO,Monaco,country,2007,
MCO,Monaco,country,2008,
MCO,Monaco,country,2009,
MCO,Monaco,country,2010,
MCO,Monaco,country,2011,
MCO,Monaco,country,2012,
MCO,Monaco,country,2013,
MCO,Monaco,country,2014,
MCO,Monaco,country,2015,
MCO,Monaco,country,2016,
MCO,Monaco,country,2017,
MCO,Monaco,country,2018,
MCO,Monaco,country,2019,
MCO,Monaco,country,2020,
MCO,Monaco,country,2021,
MCO,Monaco,country,2022,
MCO,Monaco,country,2023,
MDA,Republic of Moldova,country,1990,9.1200476
MDA,Republic of Moldova,country,1991,9.2508173
MDA,Republic of Moldova,country,1992,9.381587
MDA,Republic of Moldova,country,1993,9.5123568
MDA,Republic of Moldova,country,1994,9.6431255
MDA,Republic of Moldova,country,1995,9.7738953
MDA,Republic of Moldova,country,1996,9.8731003
MDA,Republic of Moldova,country,1997,9.9723043
MDA,Republic of Moldova,country,1998,10.071508
MDA,Republic of Moldova,country,1999,10.170713
MDA,Republic of Moldova,country,2000,10.269917
MDA,Republic of Moldova,country,2001,10.373631
MDA,Republic of Moldova,country,2002,10.477345
MDA,Republic of Moldova,country,2003,10.581059
MDA,Republic of Moldova,country,2004,10.684772
MDA,Republic of Moldova,country,2005,10.788486
MDA,Republic of Moldova,country,2006,11.034244
MDA,Republic of Moldova,country,2007,11.28
MDA,Republic of Moldova,country,2008,11.38
MDA,Republic of Moldova,country,2009,11.48
MDA,Republic of Moldova,country,2010,11.49
MDA,Republic of Moldova,country,2011,11.56
MDA,Republic of Moldova,country,2012,11.7
MDA,Republic of Moldova,country,2013,11.63
MDA,Republic of Moldova,country,2014,11.7
MDA,Republic of Moldova,country,2015,11.7
MDA,Republic of Moldova,country,2016,11.726666
MDA,Republic of Moldova,country,2017,11.753333
MDA,Republic of Moldova,country,2018,11.78
MDA,Republic of Moldova,country,2019,11.76
MDA,Republic of Moldova,country,2020,11.8
MDA,Republic of Moldova,country,2021,11.82
MDA,Republic of Moldova,country,2022,11.83
MDA,Republic of Moldova,country,2023,11.83
MDG,Madagascar,country,1990,
MDG,Madagascar,country,1991,
MDG,Madagascar,country,1992,
MDG,Madagascar,country,1993,
MDG,Madagascar,country,1994,
MDG,Madagascar,country,1995,
MDG,Madagascar,country,1996,
MDG,Madagascar,country,1997,
MDG,Madagascar,country,1998,
MDG,Madagascar,country,1999,3.771086
MDG,Madagascar,country,2000,3.9028909
MDG,Madagascar,country,2001,4.0346956
MDG,Madagascar,country,2002,4.1665006
MDG,Madagascar,country,2003,4.2983055
MDG,Madagascar,country,2004,4.4301105
MDG,Madagascar,country,2005,4.4758167
MDG,Madagascar,country,2006,4.5215235
MDG,Madagascar,country,2007,4.5672297
MDG,Madagascar,country,2008,4.612936
MDG,Madagascar,country,2009,4.6586423
MDG,Madagascar,country,2010,4.704349
MDG,Madagascar,country,2011,4.7500553
MDG,Madagascar,country,2012,4.7957616
MDG,Madagascar,country,2013,4.8414683
MDG,Madagascar,country,2014,4.8871746
MDG,Madagascar,country,2015,4.9328809
MDG,Madagascar,country,2016,4.9785872
MDG,Madagascar,country,2017,5.0242939
MDG,Madagascar,country,2018,5.0700002
MDG,Madagascar,country,2019,4.91084
MDG,Madagascar,country,2020,4.7516804
MDG,Madagascar,country,2021,4.5925202
MDG,Madagascar,country,2022,4.5925202
MDG,Madagascar,country,2023,4.5925202
MDV,Maldives,country,1990,
MDV,Maldives,country,1991,
MDV,Maldives,country,1992,
MDV,Maldives,country,1993,
MDV,Maldives,country,1994,
MDV,Maldives,country,1995,
MDV,Maldives,country,1996,
MDV,Maldives,country,1997,
MDV,Maldives,country,1998,
MDV,Maldives,country,1999,
MDV,Maldives,country,2000,3.4692376
MDV,Maldives,country,2001,3.4737875
MDV,Maldives,country,2002,3.4783373
MDV,Maldives,country,2003,3.482887
MDV,Maldives,country,2004,3.487437
MDV,Maldives,country,2005,3.4919868
MDV,Maldives,country,2006,3.79
MDV,Maldives,country,2007,4.0622644
MDV,Maldives,country,2008,4.3345289
MDV,Maldives,country,2009,4.6067939
MDV,Maldives,country,2010,4.8790584
MDV,Maldives,country,2011,5.1513228
MDV,Maldives,country,2012,5.4235873
MDV,Maldives,country,2013,5.6958518
MDV,Maldives,country,2014,5.9681163
MDV,Maldives,country,2015,6.2403812
MDV,Maldives,country,2016,6.5126457
MDV,Maldives,country,2017,6.7849102
MDV,Maldives,country,2018,6.9480743
MDV,Maldives,country,2019,7.1112385
MDV,Maldives,country,2020,7.2744026
MDV,Maldives,country,2021,7.4103727
MDV,Maldives,country,2022,7.4103727
MDV,Maldives,country,2023,7.4103727
MEX,Mexico,country,1990,5.9499998
MEX,Mexico,country,1991,6.0209999
MEX,Mexico,country,1992,6.092
MEX,Mexico,country,1993,6.1629996
MEX,Mexico,country,1994,6.2339997
MEX,Mexico,country,1995,6.3049998
MEX,Mexico,country,1996,6.3759999
MEX,Mexico,country,1997,6.447
MEX,Mexico,country,1998,6.5179996
MEX,Mexico,country,1999,6.5889997
MEX,Mexico,country,2000,6.6599998
MEX,Mexico,country,2001,6.8174996
MEX,Mexico,country,2002,6.9749999
MEX,Mexico,country,2003,7.1324997
MEX,Mexico,country,2004,7.29
MEX,Mexico,country,2005,7.4899998
MEX,Mexico,country,2006,7.8699999
MEX,Mexico,country,2007,7.8800001
MEX,Mexico,country,2008,7.9499998
MEX,Mexico,country,2009,8.1400003
MEX,Mexico,country,2010,8.0100002
MEX,Mexico,country,2011,8.25
MEX,Mexico,country,2012,8.4899998
MEX,Mexico,country,2013,8.3599997
MEX,Mexico,country,2014,8.3999996
MEX,Mexico,country,2015,8.6000004
MEX,Mexico,country,2016,8.6000004
MEX,Mexico,country,2017,8.7399998
MEX,Mexico,country,2018,8.9300003
MEX,Mexico,country,2019,9.0749998
MEX,Mexico,country,2020,9.2200003
MEX,Mexico,country,2021,9.3495111
MEX,Mexico,country,2022,9.3495111
MEX,Mexico,country,2023,9.3495111
MHL,Marshall Islands,country,1990,
MHL,Marshall Islands,country,1991,
MHL,Marshall Islands,country,1992,
MHL,Marshall Islands,country,1993,
MHL,Marshall Islands,country,1994,
MHL,Marshall Islands,country,1995,
MHL,Marshall Islands,country,1996,
MHL,Marshall Islands,country,1997,
MHL,Marshall Islands,country,1998,
MHL,Marshall Islands,country,1999,
MHL,Marshall Islands,country,2000,
MHL,Marshall Islands,country,2001,
MHL,Marshall Islands,country,2002,
MHL,Marshall Islands,country,2003,
MHL,Marshall Islands,country,2004,
MHL,Marshall Islands,country,2005,
MHL,Marshall Islands,country,2006,
MHL,Marshall Islands,country,2007,
MHL,Marshall Islands,country,2008,
MHL,Marshall Islands,country,2009,
MHL,Marshall Islands,country,2010,
MHL,Marshall Islands,country,2011,10.88
MHL,Marshall Islands,country,2012,10.947215
MHL,Marshall Islands,country,2013,11.014845
MHL,Marshall Islands,country,2014,11.082893
MHL,Marshall Islands,country,2015,11.150941
MHL,Marshall Islands,country,2016,11.218989
MHL,Marshall Islands,country,2017,11.287037
MHL,Marshall Islands,country,2018,11.355085
MHL,Marshall Islands,country,2019,11.448945
MHL,Marshall Islands,country,2020,11.542805
MHL,Marshall Islands,country,2021,11.636664
MHL,Marshall Islands,country,2022,11.636664
MHL,Marshall Islands,country,2023,11.636664
MKD,North Macedonia,country,1990,4.6030855
MKD,North Macedonia,country,1991,4.7794204
MKD,North Macedonia,country,1992,4.9625101
MKD,North Macedonia,country,1993,5.1526136
MKD,North Macedonia,country,1994,5.3499999
MKD,North Macedonia,country,1995,5.57125
MKD,North Macedonia,country,1996,5.7925
MKD,North Macedonia,country,1997,6.0137501
MKD,North Macedonia,country,1998,6.2349997
MKD,North Macedonia,country,1999,6.4562497
MKD,North Macedonia,country,2000,6.6774998
MKD,North Macedonia,country,2001,6.8987498
MKD,North Macedonia,country,2002,7.1199999
MKD,North Macedonia,country,2003,7.4053388
MKD,North Macedonia,country,2004,7.6906772
MKD,North Macedonia,country,2005,7.976016
MKD,North Macedonia,country,2006,8.2613544
MKD,North Macedonia,country,2007,8.5466938
MKD,North Macedonia,country,2008,8.8320322
MKD,North Macedonia,country,2009,9.1173716
MKD,North Macedonia,country,2010,9.40271
MKD,North Macedonia,country,2011,9.6880484
MKD,North Macedonia,country,2012,9.9733877
MKD,North Macedonia,country,2013,10.258726
MKD,North Macedonia,country,2014,10.544065
MKD,North Macedonia,country,2015,10.829404
MKD,North Macedonia,country,2016,11.114742
MKD,North Macedonia,country,2017,11.400082
MKD,North Macedonia,country,2018,11.68542
MKD,North Macedonia,country,2019,10.95771
MKD,North Macedonia,country,2020,10.23
MKD,North Macedonia,country,2021,10.23
MKD,North Macedonia,country,2022,10.23
MKD,North Macedonia,country,2023,10.23
MLI,Mali,country,1990,.84429973
MLI,Mali,country,1991,.88182414
MLI,Mali,country,1992,.9193486
MLI,Mali,country,1993,.956873
MLI,Mali,country,1994,.99439746
MLI,Mali,country,1995,1.0319219
MLI,Mali,country,1996,1.0624105
MLI,Mali,country,1997,1.0928991
MLI,Mali,country,1998,1.1233877
MLI,Mali,country,1999,1.1538763
MLI,Mali,country,2000,1.1843649
MLI,Mali,country,2001,1.2195441
MLI,Mali,country,2002,1.2547232
MLI,Mali,country,2003,1.2899023
MLI,Mali,country,2004,1.3250815
MLI,Mali,country,2005,1.3602606
MLI,Mali,country,2006,1.4400001
MLI,Mali,country,2007,1.556
MLI,Mali,country,2008,1.6720001
MLI,Mali,country,2009,1.788
MLI,Mali,country,2010,1.904
MLI,Mali,country,2011,2.02
MLI,Mali,country,2012,1.9725
MLI,Mali,country,2013,1.9250001
MLI,Mali,country,2014,1.8775001
MLI,Mali,country,2015,1.83
MLI,Mali,country,2016,1.53
MLI,Mali,country,2017,1.6999999
MLI,Mali,country,2018,1.87
MLI,Mali,country,2019,2.0418401
MLI,Mali,country,2020,1.63
MLI,Mali,country,2021,1.63
MLI,Mali,country,2022,1.63
MLI,Mali,country,2023,1.63
MLT,Malta,country,1990,6.4638038
MLT,Malta,country,1991,6.573278
MLT,Malta,country,1992,6.6827521
MLT,Malta,country,1993,6.7922263
MLT,Malta,country,1994,6.9017
MLT,Malta,country,1995,7.0111742
MLT,Malta,country,1996,7.1029396
MLT,Malta,country,1997,7.1947045
MLT,Malta,country,1998,7.2864695
MLT,Malta,country,1999,7.3782349
MLT,Malta,country,2000,7.4699998
MLT,Malta,country,2001,7.9319997
MLT,Malta,country,2002,8.3940001
MLT,Malta,country,2003,8.8559999
MLT,Malta,country,2004,9.3179998
MLT,Malta,country,2005,9.7799997
MLT,Malta,country,2006,9.8199997
MLT,Malta,country,2007,9.8599997
MLT,Malta,country,2008,10.01
MLT,Malta,country,2009,10.16
MLT,Malta,country,2010,10.31
MLT,Malta,country,2011,10.47
MLT,Malta,country,2012,10.8
MLT,Malta,country,2013,11.03
MLT,Malta,country,2014,11.13
MLT,Malta,country,2015,11.21
MLT,Malta,country,2016,11.29
MLT,Malta,country,2017,11.565001
MLT,Malta,country,2018,11.84
MLT,Malta,country,2019,12.025001
MLT,Malta,country,2020,12.21
MLT,Malta,country,2021,12.420702
MLT,Malta,country,2022,12.420702
MLT,Malta,country,2023,12.420702
MMR,Myanmar,country,1990,2.2208669
MMR,Myanmar,country,1991,2.2720475
MMR,Myanmar,country,1992,2.3232279
MMR,Myanmar,country,1993,2.3744085
MMR,Myanmar,country,1994,2.4255888
MMR,Myanmar,country,1995,2.4767694
MMR,Myanmar,country,1996,2.5480566
MMR,Myanmar,country,1997,2.6193435
MMR,Myanmar,country,1998,2.6906307
MMR,Myanmar,country,1999,2.7619178
MMR,Myanmar,country,2000,2.8332047
MMR,Myanmar,country,2001,2.9154592
MMR,Myanmar,country,2002,2.9977136
MMR,Myanmar,country,2003,3.0799677
MMR,Myanmar,country,2004,3.1622221
MMR,Myanmar,country,2005,3.2444766
MMR,Myanmar,country,2006,3.3431816
MMR,Myanmar,country,2007,3.4418869
MMR,Myanmar,country,2008,3.5405922
MMR,Myanmar,country,2009,3.6392972
MMR,Myanmar,country,2010,3.7380025
MMR,Myanmar,country,2011,3.9372408
MMR,Myanmar,country,2012,4.1364789
MMR,Myanmar,country,2013,4.3357172
MMR,Myanmar,country,2014,4.5349555
MMR,Myanmar,country,2015,4.7341938
MMR,Myanmar,country,2016,4.84935
MMR,Myanmar,country,2017,5.3595667
MMR,Myanmar,country,2018,5.8697834
MMR,Myanmar,country,2019,6.3800001
MMR,Myanmar,country,2020,6.3800001
MMR,Myanmar,country,2021,6.3800001
MMR,Myanmar,country,2022,6.3800001
MMR,Myanmar,country,2023,6.3800001
MNE,Montenegro,country,1990,
MNE,Montenegro,country,1991,
MNE,Montenegro,country,1992,
MNE,Montenegro,country,1993,
MNE,Montenegro,country,1994,
MNE,Montenegro,country,1995,
MNE,Montenegro,country,1996,
MNE,Montenegro,country,1997,
MNE,Montenegro,country,1998,
MNE,Montenegro,country,1999,
MNE,Montenegro,country,2000,
MNE,Montenegro,country,2001,
MNE,Montenegro,country,2002,
MNE,Montenegro,country,2003,10.44
MNE,Montenegro,country,2004,10.545
MNE,Montenegro,country,2005,10.65
MNE,Montenegro,country,2006,10.755
MNE,Montenegro,country,2007,10.86
MNE,Montenegro,country,2008,10.965
MNE,Montenegro,country,2009,11.07
MNE,Montenegro,country,2010,11.174999
MNE,Montenegro,country,2011,11.28
MNE,Montenegro,country,2012,11.427165
MNE,Montenegro,country,2013,11.574331
MNE,Montenegro,country,2014,11.721497
MNE,Montenegro,country,2015,11.868663
MNE,Montenegro,country,2016,12.015828
MNE,Montenegro,country,2017,12.162994
MNE,Montenegro,country,2018,12.31016
MNE,Montenegro,country,2019,12.462847
MNE,Montenegro,country,2020,12.617428
MNE,Montenegro,country,2021,12.773926
MNE,Montenegro,country,2022,12.773926
MNE,Montenegro,country,2023,12.773926
MNG,Mongolia,country,1990,8.4881077
MNG,Mongolia,country,1991,8.5145979
MNG,Mongolia,country,1992,8.5410891
MNG,Mongolia,country,1993,8.5675802
MNG,Mongolia,country,1994,8.5940704
MNG,Mongolia,country,1995,8.6205616
MNG,Mongolia,country,1996,8.7044497
MNG,Mongolia,country,1997,8.7883368
MNG,Mongolia,country,1998,8.8722248
MNG,Mongolia,country,1999,8.9561119
MNG,Mongolia,country,2000,9.04
MNG,Mongolia,country,2001,9.1400003
MNG,Mongolia,country,2002,9.2399998
MNG,Mongolia,country,2003,9.3400002
MNG,Mongolia,country,2004,9.4399996
MNG,Mongolia,country,2005,9.54
MNG,Mongolia,country,2006,9.6400003
MNG,Mongolia,country,2007,9.7399998
MNG,Mongolia,country,2008,9.8400002
MNG,Mongolia,country,2009,9.9399996
MNG,Mongolia,country,2010,10.04
MNG,Mongolia,country,2011,10.148006
MNG,Mongolia,country,2012,10.256013
MNG,Mongolia,country,2013,10.364018
MNG,Mongolia,country,2014,10.472025
MNG,Mongolia,country,2015,10.580031
MNG,Mongolia,country,2016,10.688038
MNG,Mongolia,country,2017,10.796043
MNG,Mongolia,country,2018,10.90405
MNG,Mongolia,country,2019,10.162024
MNG,Mongolia,country,2020,9.4200001
MNG,Mongolia,country,2021,9.4200001
MNG,Mongolia,country,2022,9.4200001
MNG,Mongolia,country,2023,9.4200001
MOZ,Mozambique,country,1990,1.5998352
MOZ,Mozambique,country,1991,1.5882701
MOZ,Mozambique,country,1992,1.5767051
MOZ,Mozambique,country,1993,1.56514
MOZ,Mozambique,country,1994,1.5535749
MOZ,Mozambique,country,1995,1.5420098
MOZ,Mozambique,country,1996,1.5844151
MOZ,Mozambique,country,1997,1.6268203
MOZ,Mozambique,country,1998,1.6692257
MOZ,Mozambique,country,1999,1.7116309
MOZ,Mozambique,country,2000,1.7540362
MOZ,Mozambique,country,2001,1.8311367
MOZ,Mozambique,country,2002,1.9082372
MOZ,Mozambique,country,2003,1.9853376
MOZ,Mozambique,country,2004,2.0624382
MOZ,Mozambique,country,2005,2.1395385
MOZ,Mozambique,country,2006,2.1896539
MOZ,Mozambique,country,2007,2.2397692
MOZ,Mozambique,country,2008,2.2898846
MOZ,Mozambique,country,2009,2.3399999
MOZ,Mozambique,country,2010,2.48
MOZ,Mozambique,country,2011,2.6199999
MOZ,Mozambique,country,2012,2.7624998
MOZ,Mozambique,country,2013,2.905
MOZ,Mozambique,country,2014,3.0474999
MOZ,Mozambique,country,2015,3.1900001
MOZ,Mozambique,country,2016,3.125
MOZ,Mozambique,country,2017,3.0599999
MOZ,Mozambique,country,2018,3.3266666
MOZ,Mozambique,country,2019,3.5933332
MOZ,Mozambique,country,2020,3.8599999
MOZ,Mozambique,country,2021,4.225245
MOZ,Mozambique,country,2022,4.5904899
MOZ,Mozambique,country,2023,4.5904899
MRT,Mauritania,country,1990,2.2666104
MRT,Mauritania,country,1991,2.343858
MRT,Mauritania,country,1992,2.4211059
MRT,Mauritania,country,1993,2.4983535
MRT,Mauritania,country,1994,2.5756011
MRT,Mauritania,country,1995,2.652849
MRT,Mauritania,country,1996,2.7260308
MRT,Mauritania,country,1997,2.7992129
MRT,Mauritania,country,1998,2.872395
MRT,Mauritania,country,1999,2.9455771
MRT,Mauritania,country,2000,3.018759
MRT,Mauritania,country,2001,3.0960069
MRT,Mauritania,country,2002,3.1732545
MRT,Mauritania,country,2003,3.2505021
MRT,Mauritania,country,2004,3.32775
MRT,Mauritania,country,2005,3.4049976
MRT,Mauritania,country,2006,3.4903767
MRT,Mauritania,country,2007,3.5757556
MRT,Mauritania,country,2008,3.6611347
MRT,Mauritania,country,2009,3.7465138
MRT,Mauritania,country,2010,3.8318927
MRT,Mauritania,country,2011,3.9579287
MRT,Mauritania,country,2012,4.0839643
MRT,Mauritania,country,2013,4.21
MRT,Mauritania,country,2014,4.2131152
MRT,Mauritania,country,2015,4.2162299
MRT,Mauritania,country,2016,4.3237967
MRT,Mauritania,country,2017,4.4313631
MRT,Mauritania,country,2018,4.5389299
MRT,Mauritania,country,2019,4.6464968
MRT,Mauritania,country,2020,4.7540631
MRT,Mauritania,country,2021,4.852026
MRT,Mauritania,country,2022,4.852026
MRT,Mauritania,country,2023,4.852026
MUS,Mauritius,country,1990,5.8600001
MUS,Mauritius,country,1991,5.9040003
MUS,Mauritius,country,1992,5.948
MUS,Mauritius,country,1993,5.9920001
MUS,Mauritius,country,1994,6.0360003
MUS,Mauritius,country,1995,6.0799999
MUS,Mauritius,country,1996,6.1240001
MUS,Mauritius,country,1997,6.1680002
MUS,Mauritius,country,1998,6.2120004
MUS,Mauritius,country,1999,6.256
MUS,Mauritius,country,2000,6.3000002
MUS,Mauritius,country,2001,6.5018182
MUS,Mauritius,country,2002,6.7036366
MUS,Mauritius,country,2003,6.9054546
MUS,Mauritius,country,2004,7.1072731
MUS,Mauritius,country,2005,7.3090911
MUS,Mauritius,country,2006,7.5109096
MUS,Mauritius,country,2007,7.7127275
MUS,Mauritius,country,2008,7.914546
MUS,Mauritius,country,2009,8.1163645
MUS,Mauritius,country,2010,8.318182
MUS,Mauritius,country,2011,8.5200005
MUS,Mauritius,country,2012,8.7487936
MUS,Mauritius,country,2013,8.9775858
MUS,Mauritius,country,2014,9.2063789
MUS,Mauritius,country,2015,9.4351721
MUS,Mauritius,country,2016,9.5465307
MUS,Mauritius,country,2017,9.6578903
MUS,Mauritius,country,2018,9.7692499
MUS,Mauritius,country,2019,9.8806086
MUS,Mauritius,country,2020,9.9919682
MUS,Mauritius,country,2021,10.103328
MUS,Mauritius,country,2022,10.103328
MUS,Mauritius,country,2023,10.103328
MWI,Malawi,country,1990,2.2784832
MWI,Malawi,country,1991,2.3268428
MWI,Malawi,country,1992,2.3752024
MWI,Malawi,country,1993,2.423562
MWI,Malawi,country,1994,2.4719217
MWI,Malawi,country,1995,2.5202816
MWI,Malawi,country,1996,2.5835209
MWI,Malawi,country,1997,2.6467605
MWI,Malawi,country,1998,2.71
MWI,Malawi,country,1999,2.8619659
MWI,Malawi,country,2000,3.0139318
MWI,Malawi,country,2001,3.1658976
MWI,Malawi,country,2002,3.3178635
MWI,Malawi,country,2003,3.4698293
MWI,Malawi,country,2004,3.6217952
MWI,Malawi,country,2005,3.773761
MWI,Malawi,country,2006,3.9257269
MWI,Malawi,country,2007,4.077693
MWI,Malawi,country,2008,4.2296586
MWI,Malawi,country,2009,4.3816247
MWI,Malawi,country,2010,4.5335903
MWI,Malawi,country,2011,4.6855564
MWI,Malawi,country,2012,4.837522
MWI,Malawi,country,2013,4.9894881
MWI,Malawi,country,2014,5.1414537
MWI,Malawi,country,2015,5.2934198
MWI,Malawi,country,2016,5.283484
MWI,Malawi,country,2017,5.2735481
MWI,Malawi,country,2018,5.2636118
MWI,Malawi,country,2019,5.2536759
MWI,Malawi,country,2020,5.2437401
MWI,Malawi,country,2021,5.2437401
MWI,Malawi,country,2022,5.2437401
MWI,Malawi,country,2023,5.2437401
MYS,Malaysia,country,1990,6.1473827
MYS,Malaysia,country,1991,6.3413124
MYS,Malaysia,country,1992,6.5352421
MYS,Malaysia,country,1993,6.7291718
MYS,Malaysia,country,1994,6.9231014
MYS,Malaysia,country,1995,7.1170311
MYS,Malaysia,country,1996,7.23
MYS,Malaysia,country,1997,7.5275002
MYS,Malaysia,country,1998,7.8250003
MYS,Malaysia,country,1999,8.1225004
MYS,Malaysia,country,2000,8.4200001
MYS,Malaysia,country,2001,8.2539997
MYS,Malaysia,country,2002,8.0880003
MYS,Malaysia,country,2003,7.9219999
MYS,Malaysia,country,2004,7.756
MYS,Malaysia,country,2005,7.5900002
MYS,Malaysia,country,2006,8.0825005
MYS,Malaysia,country,2007,8.5749998
MYS,Malaysia,country,2008,9.0675001
MYS,Malaysia,country,2009,9.5600004
MYS,Malaysia,country,2010,9.6999998
MYS,Malaysia,country,2011,9.8116665
MYS,Malaysia,country,2012,9.9233332
MYS,Malaysia,country,2013,10.035
MYS,Malaysia,country,2014,10.146667
MYS,Malaysia,country,2015,10.258333
MYS,Malaysia,country,2016,10.37
MYS,Malaysia,country,2017,10.463333
MYS,Malaysia,country,2018,10.556666
MYS,Malaysia,country,2019,10.65
MYS,Malaysia,country,2020,10.796666
MYS,Malaysia,country,2021,10.943334
MYS,Malaysia,country,2022,11.09
MYS,Malaysia,country,2023,11.09
NAM,Namibia,country,1990,5.701014
NAM,Namibia,country,1991,5.71
NAM,Namibia,country,1992,5.7189999
NAM,Namibia,country,1993,5.7280002
NAM,Namibia,country,1994,5.737
NAM,Namibia,country,1995,5.7460003
NAM,Namibia,country,1996,5.7550001
NAM,Namibia,country,1997,5.7639999
NAM,Namibia,country,1998,5.7730002
NAM,Namibia,country,1999,5.7820001
NAM,Namibia,country,2000,5.7910004
NAM,Namibia,country,2001,5.8000002
NAM,Namibia,country,2002,5.8802414
NAM,Namibia,country,2003,5.9604826
NAM,Namibia,country,2004,6.0407238
NAM,Namibia,country,2005,6.120965
NAM,Namibia,country,2006,6.1765165
NAM,Namibia,country,2007,6.2320685
NAM,Namibia,country,2008,6.2876201
NAM,Namibia,country,2009,6.3431716
NAM,Namibia,country,2010,6.3987231
NAM,Namibia,country,2011,6.5159988
NAM,Namibia,country,2012,6.6332746
NAM,Namibia,country,2013,6.7505503
NAM,Namibia,country,2014,6.8678255
NAM,Namibia,country,2015,6.9851012
NAM,Namibia,country,2016,7.0365381
NAM,Namibia,country,2017,7.0879745
NAM,Namibia,country,2018,7.1394114
NAM,Namibia,country,2019,7.1908479
NAM,Namibia,country,2020,7.2422848
NAM,Namibia,country,2021,7.2731466
NAM,Namibia,country,2022,7.2731466
NAM,Namibia,country,2023,7.2731466
NER,Niger,country,1990,.7281853
NER,Niger,country,1991,.76828825
NER,Niger,country,1992,.80839121
NER,Niger,country,1993,.84849417
NER,Niger,country,1994,.88859719
NER,Niger,country,1995,.92870015
NER,Niger,country,1996,.97513515
NER,Niger,country,1997,1.0215701
NER,Niger,country,1998,1.0680051
NER,Niger,country,1999,1.1144402
NER,Niger,country,2000,1.1608752
NER,Niger,country,2001,1.2030888
NER,Niger,country,2002,1.2453024
NER,Niger,country,2003,1.2875161
NER,Niger,country,2004,1.3297297
NER,Niger,country,2005,1.3719434
NER,Niger,country,2006,1.4036036
NER,Niger,country,2007,1.4352639
NER,Niger,country,2008,1.4669241
NER,Niger,country,2009,1.4985843
NER,Niger,country,2010,1.5302445
NER,Niger,country,2011,1.5851222
NER,Niger,country,2012,1.64
NER,Niger,country,2013,1.5743183
NER,Niger,country,2014,1.5086367
NER,Niger,country,2015,1.442955
NER,Niger,country,2016,1.3772733
NER,Niger,country,2017,1.3115917
NER,Niger,country,2018,1.24591
NER,Niger,country,2019,1.2936312
NER,Niger,country,2020,1.3413525
NER,Niger,country,2021,1.4122894
NER,Niger,country,2022,1.4122894
NER,Niger,country,2023,1.4122894
NGA,Nigeria,country,1990,2.7519355
NGA,Nigeria,country,1991,2.928144
NGA,Nigeria,country,1992,3.1043527
NGA,Nigeria,country,1993,3.2805612
NGA,Nigeria,country,1994,3.4567699
NGA,Nigeria,country,1995,3.6329787
NGA,Nigeria,country,1996,3.8091872
NGA,Nigeria,country,1997,3.9853959
NGA,Nigeria,country,1998,4.1616044
NGA,Nigeria,country,1999,4.3378129
NGA,Nigeria,country,2000,4.5140219
NGA,Nigeria,country,2001,4.6902304
NGA,Nigeria,country,2002,4.8664389
NGA,Nigeria,country,2003,5.0426478
NGA,Nigeria,country,2004,5.2654481
NGA,Nigeria,country,2005,5.4882483
NGA,Nigeria,country,2006,5.7110491
NGA,Nigeria,country,2007,5.9338493
NGA,Nigeria,country,2008,6.1566501
NGA,Nigeria,country,2009,6.1947408
NGA,Nigeria,country,2010,6.2328315
NGA,Nigeria,country,2011,6.2709222
NGA,Nigeria,country,2012,6.3090134
NGA,Nigeria,country,2013,6.3471041
NGA,Nigeria,country,2014,6.5631061
NGA,Nigeria,country,2015,6.779108
NGA,Nigeria,country,2016,6.99511
NGA,Nigeria,country,2017,6.9570651
NGA,Nigeria,country,2018,6.9190202
NGA,Nigeria,country,2019,7.1919699
NGA,Nigeria,country,2020,7.3889699
NGA,Nigeria,country,2021,7.5859699
NGA,Nigeria,country,2022,7.5859699
NGA,Nigeria,country,2023,7.5859699
NIC,Nicaragua,country,1990,5.5153475
NIC,Nicaragua,country,1991,5.6421061
NIC,Nicaragua,country,1992,5.7688646
NIC,Nicaragua,country,1993,5.8956232
NIC,Nicaragua,country,1994,6.0223818
NIC,Nicaragua,country,1995,6.1491404
NIC,Nicaragua,country,1996,6.2893844
NIC,Nicaragua,country,1997,6.4296279
NIC,Nicaragua,country,1998,6.5698714
NIC,Nicaragua,country,1999,6.710115
NIC,Nicaragua,country,2000,6.8503585
NIC,Nicaragua,country,2001,6.9528441
NIC,Nicaragua,country,2002,7.0553298
NIC,Nicaragua,country,2003,7.1578155
NIC,Nicaragua,country,2004,7.2603011
NIC,Nicaragua,country,2005,7.3627868
NIC,Nicaragua,country,2006,7.5084243
NIC,Nicaragua,country,2007,7.6540618
NIC,Nicaragua,country,2008,7.7996993
NIC,Nicaragua,country,2009,7.9453368
NIC,Nicaragua,country,2010,8.0909748
NIC,Nicaragua,country,2011,8.2743702
NIC,Nicaragua,country,2012,8.4577656
NIC,Nicaragua,country,2013,8.641161
NIC,Nicaragua,country,2014,8.8245564
NIC,Nicaragua,country,2015,9.0079517
NIC,Nicaragua,country,2016,9.1643772
NIC,Nicaragua,country,2017,9.3208027
NIC,Nicaragua,country,2018,9.4772282
NIC,Nicaragua,country,2019,9.6336536
NIC,Nicaragua,country,2020,9.7900791
NIC,Nicaragua,country,2021,9.9330196
NIC,Nicaragua,country,2022,9.9330196
NIC,Nicaragua,country,2023,9.9330196
NLD,Netherlands (Kingdom of the),country,1990,11.102787
NLD,Netherlands (Kingdom of the),country,1991,11.165066
NLD,Netherlands (Kingdom of the),country,1992,11.227345
NLD,Netherlands (Kingdom of the),country,1993,11.289623
NLD,Netherlands (Kingdom of the),country,1994,11.351902
NLD,Netherlands (Kingdom of the),country,1995,11.414181
NLD,Netherlands (Kingdom of the),country,1996,11.489345
NLD,Netherlands (Kingdom of the),country,1997,11.564508
NLD,Netherlands (Kingdom of the),country,1998,11.639672
NLD,Netherlands (Kingdom of the),country,1999,11.714836
NLD,Netherlands (Kingdom of the),country,2000,11.79
NLD,Netherlands (Kingdom of the),country,2001,11.79
NLD,Netherlands (Kingdom of the),country,2002,11.79
NLD,Netherlands (Kingdom of the),country,2003,11.79
NLD,Netherlands (Kingdom of the),country,2004,11.79
NLD,Netherlands (Kingdom of the),country,2005,11.79
NLD,Netherlands (Kingdom of the),country,2006,11.89
NLD,Netherlands (Kingdom of the),country,2007,11.99
NLD,Netherlands (Kingdom of the),country,2008,11.91
NLD,Netherlands (Kingdom of the),country,2009,11.94
NLD,Netherlands (Kingdom of the),country,2010,11.98
NLD,Netherlands (Kingdom of the),country,2011,11.96
NLD,Netherlands (Kingdom of the),country,2012,12.02
NLD,Netherlands (Kingdom of the),country,2013,12.07
NLD,Netherlands (Kingdom of the),country,2014,12.09
NLD,Netherlands (Kingdom of the),country,2015,12.14
NLD,Netherlands (Kingdom of the),country,2016,12.18
NLD,Netherlands (Kingdom of the),country,2017,12.25
NLD,Netherlands (Kingdom of the),country,2018,12.32
NLD,Netherlands (Kingdom of the),country,2019,12.45
NLD,Netherlands (Kingdom of the),country,2020,12.58
NLD,Netherlands (Kingdom of the),country,2021,12.669947
NLD,Netherlands (Kingdom of the),country,2022,12.669947
NLD,Netherlands (Kingdom of the),country,2023,12.669947
NOR,Norway,country,1990,11.71
NOR,Norway,country,1991,11.747143
NOR,Norway,country,1992,11.784286
NOR,Norway,country,1993,11.821428
NOR,Norway,country,1994,11.858571
NOR,Norway,country,1995,11.895714
NOR,Norway,country,1996,11.932857
NOR,Norway,country,1997,11.969999
NOR,Norway,country,1998,12.007143
NOR,Norway,country,1999,12.044286
NOR,Norway,country,2000,12.081429
NOR,Norway,country,2001,12.118571
NOR,Norway,country,2002,12.155714
NOR,Norway,country,2003,12.192857
NOR,Norway,country,2004,12.23
NOR,Norway,country,2005,12.28
NOR,Norway,country,2006,12.37
NOR,Norway,country,2007,12.41
NOR,Norway,country,2008,12.48
NOR,Norway,country,2009,12.5
NOR,Norway,country,2010,12.55
NOR,Norway,country,2011,12.61
NOR,Norway,country,2012,12.643333
NOR,Norway,country,2013,12.676666
NOR,Norway,country,2014,12.71
NOR,Norway,country,2015,12.77
NOR,Norway,country,2016,12.82
NOR,Norway,country,2017,12.95
NOR,Norway,country,2018,12.974999
NOR,Norway,country,2019,13
NOR,Norway,country,2020,13.058847
NOR,Norway,country,2021,13.117962
NOR,Norway,country,2022,13.117962
NOR,Norway,country,2023,13.117962
NPL,Nepal,country,1990,2.4674268
NPL,Nepal,country,1991,2.5211725
NPL,Nepal,country,1992,2.5749185
NPL,Nepal,country,1993,2.6286645
NPL,Nepal,country,1994,2.6824105
NPL,Nepal,country,1995,2.7361565
NPL,Nepal,country,1996,2.7679152
NPL,Nepal,country,1997,2.7996743
NPL,Nepal,country,1998,2.8314333
NPL,Nepal,country,1999,2.8631921
NPL,Nepal,country,2000,2.8949511
NPL,Nepal,country,2001,3
NPL,Nepal,country,2002,3.052
NPL,Nepal,country,2003,3.1040001
NPL,Nepal,country,2004,3.1559999
NPL,Nepal,country,2005,3.2079999
NPL,Nepal,country,2006,3.26
NPL,Nepal,country,2007,3.312
NPL,Nepal,country,2008,3.3640001
NPL,Nepal,country,2009,3.4159999
NPL,Nepal,country,2010,3.4679999
NPL,Nepal,country,2011,3.52
NPL,Nepal,country,2012,3.5627661
NPL,Nepal,country,2013,3.6055319
NPL,Nepal,country,2014,3.648298
NPL,Nepal,country,2015,3.6910639
NPL,Nepal,country,2016,3.73383
NPL,Nepal,country,2017,3.9336367
NPL,Nepal,country,2018,4.1334434
NPL,Nepal,country,2019,4.33325
NPL,Nepal,country,2020,4.4184899
NPL,Nepal,country,2021,4.5037298
NPL,Nepal,country,2022,4.5037298
NPL,Nepal,country,2023,4.5037298
NRU,Nauru,country,1990,
NRU,Nauru,country,1991,
NRU,Nauru,country,1992,
NRU,Nauru,country,1993,
NRU,Nauru,country,1994,
NRU,Nauru,country,1995,
NRU,Nauru,country,1996,
NRU,Nauru,country,1997,
NRU,Nauru,country,1998,
NRU,Nauru,country,1999,
NRU,Nauru,country,2000,7.0203304
NRU,Nauru,country,2001,7.1135139
NRU,Nauru,country,2002,7.2079344
NRU,Nauru,country,2003,7.3036079
NRU,Nauru,country,2004,7.4005513
NRU,Nauru,country,2005,7.4987812
NRU,Nauru,country,2006,7.5983152
NRU,Nauru,country,2007,7.6991706
NRU,Nauru,country,2008,7.8013644
NRU,Nauru,country,2009,7.9049149
NRU,Nauru,country,2010,8.00984
NRU,Nauru,country,2011,8.1161575
NRU,Nauru,country,2012,8.2238855
NRU,Nauru,country,2013,8.333045
NRU,Nauru,country,2014,8.4436522
NRU,Nauru,country,2015,8.5542593
NRU,Nauru,country,2016,8.6648674
NRU,Nauru,country,2017,8.7754745
NRU,Nauru,country,2018,8.8860817
NRU,Nauru,country,2019,9.0736008
NRU,Nauru,country,2020,9.2611189
NRU,Nauru,country,2021,9.448638
NRU,Nauru,country,2022,9.448638
NRU,Nauru,country,2023,9.448638
NZL,New Zealand,country,1990,10.139683
NZL,New Zealand,country,1991,10.4
NZL,New Zealand,country,1992,10.667
NZL,New Zealand,country,1993,10.934
NZL,New Zealand,country,1994,11.200999
NZL,New Zealand,country,1995,11.467999
NZL,New Zealand,country,1996,11.735
NZL,New Zealand,country,1997,12.002
NZL,New Zealand,country,1998,12.269
NZL,New Zealand,country,1999,12.535999
NZL,New Zealand,country,2000,12.802999
NZL,New Zealand,country,2001,13.07
NZL,New Zealand,country,2002,13.12
NZL,New Zealand,country,2003,13.17
NZL,New Zealand,country,2004,13.219999
NZL,New Zealand,country,2005,13.27
NZL,New Zealand,country,2006,13.32
NZL,New Zealand,country,2007,13.334
NZL,New Zealand,country,2008,13.348
NZL,New Zealand,country,2009,13.362
NZL,New Zealand,country,2010,13.376
NZL,New Zealand,country,2011,13.39
NZL,New Zealand,country,2012,13.38
NZL,New Zealand,country,2013,13.33
NZL,New Zealand,country,2014,13.28
NZL,New Zealand,country,2015,13.23
NZL,New Zealand,country,2016,13.33
NZL,New Zealand,country,2017,13.2325
NZL,New Zealand,country,2018,13.134999
NZL,New Zealand,country,2019,13.037499
NZL,New Zealand,country,2020,12.94
NZL,New Zealand,country,2021,12.882998
NZL,New Zealand,country,2022,12.882998
NZL,New Zealand,country,2023,12.882998
OMN,Oman,country,1990,
OMN,Oman,country,1991,
OMN,Oman,country,1992,
OMN,Oman,country,1993,
OMN,Oman,country,1994,
OMN,Oman,country,1995,
OMN,Oman,country,1996,
OMN,Oman,country,1997,
OMN,Oman,country,1998,
OMN,Oman,country,1999,
OMN,Oman,country,2000,5.4211674
OMN,Oman,country,2001,5.6905079
OMN,Oman,country,2002,5.9732308
OMN,Oman,country,2003,6.27
OMN,Oman,country,2004,6.6139998
OMN,Oman,country,2005,6.9579997
OMN,Oman,country,2006,7.302
OMN,Oman,country,2007,7.6459999
OMN,Oman,country,2008,7.9899998
OMN,Oman,country,2009,7.9549999
OMN,Oman,country,2010,7.9200001
OMN,Oman,country,2011,8.276
OMN,Oman,country,2012,8.632
OMN,Oman,country,2013,8.9879999
OMN,Oman,country,2014,9.3439999
OMN,Oman,country,2015,9.6999998
OMN,Oman,country,2016,10.13
OMN,Oman,country,2017,10.56
OMN,Oman,country,2018,10.99
OMN,Oman,country,2019,11.42
OMN,Oman,country,2020,11.85
OMN,Oman,country,2021,11.87
OMN,Oman,country,2022,11.89
OMN,Oman,country,2023,11.89
PAK,Pakistan,country,1990,2.3164964
PAK,Pakistan,country,1991,2.416065
PAK,Pakistan,country,1992,2.5156338
PAK,Pakistan,country,1993,2.6152024
PAK,Pakistan,country,1994,2.714771
PAK,Pakistan,country,1995,2.8143399
PAK,Pakistan,country,1996,2.9159405
PAK,Pakistan,country,1997,3.0175412
PAK,Pakistan,country,1998,3.1191421
PAK,Pakistan,country,1999,3.2207427
PAK,Pakistan,country,2000,3.3223433
PAK,Pakistan,country,2001,3.5743132
PAK,Pakistan,country,2002,3.826283
PAK,Pakistan,country,2003,4.0782528
PAK,Pakistan,country,2004,4.3302226
PAK,Pakistan,country,2005,4.5821924
PAK,Pakistan,country,2006,4.5700002
PAK,Pakistan,country,2007,4.5500002
PAK,Pakistan,country,2008,4.5300002
PAK,Pakistan,country,2009,4.52
PAK,Pakistan,country,2010,4.6500001
PAK,Pakistan,country,2011,4.79
PAK,Pakistan,country,2012,4.8800001
PAK,Pakistan,country,2013,4.96
PAK,Pakistan,country,2014,5.1599998
PAK,Pakistan,country,2015,5.1466665
PAK,Pakistan,country,2016,5.1333332
PAK,Pakistan,country,2017,5.1199999
PAK,Pakistan,country,2018,4.7703199
PAK,Pakistan,country,2019,4.54
PAK,Pakistan,country,2020,4.4270892
PAK,Pakistan,country,2021,4.316987
PAK,Pakistan,country,2022,4.316987
PAK,Pakistan,country,2023,4.316987
PAN,Panama,country,1990,7.4099998
PAN,Panama,country,1991,7.4569998
PAN,Panama,country,1992,7.5039997
PAN,Panama,country,1993,7.5510001
PAN,Panama,country,1994,7.598
PAN,Panama,country,1995,7.645
PAN,Panama,country,1996,7.6919999
PAN,Panama,country,1997,7.7389998
PAN,Panama,country,1998,7.7860003
PAN,Panama,country,1999,7.8330002
PAN,Panama,country,2000,7.8800001
PAN,Panama,country,2001,8.0200005
PAN,Panama,country,2002,8.1599998
PAN,Panama,country,2003,8.3000002
PAN,Panama,country,2004,8.4399996
PAN,Panama,country,2005,8.5799999
PAN,Panama,country,2006,8.7200003
PAN,Panama,country,2007,8.8599997
PAN,Panama,country,2008,9
PAN,Panama,country,2009,9.1399994
PAN,Panama,country,2010,9.2799997
PAN,Panama,country,2011,9.4200001
PAN,Panama,country,2012,9.5599995
PAN,Panama,country,2013,9.6999998
PAN,Panama,country,2014,9.8400002
PAN,Panama,country,2015,9.9799995
PAN,Panama,country,2016,10.12
PAN,Panama,country,2017,10.26
PAN,Panama,country,2018,10.4
PAN,Panama,country,2019,10.54
PAN,Panama,country,2020,10.685866
PAN,Panama,country,2021,10.833751
PAN,Panama,country,2022,10.833751
PAN,Panama,country,2023,10.833751
PER,Peru,country,1990,7.7753301
PER,Peru,country,1991,7.8331227
PER,Peru,country,1992,7.891345
PER,Peru,country,1993,7.9499998
PER,Peru,country,1994,8.0090904
PER,Peru,country,1995,8.068182
PER,Peru,country,1996,8.1272726
PER,Peru,country,1997,8.1863632
PER,Peru,country,1998,8.2454548
PER,Peru,country,1999,8.3045454
PER,Peru,country,2000,8.363637
PER,Peru,country,2001,8.4227276
PER,Peru,country,2002,8.4818182
PER,Peru,country,2003,8.5409098
PER,Peru,country,2004,8.6000004
PER,Peru,country,2005,7.9200001
PER,Peru,country,2006,7.9299998
PER,Peru,country,2007,8.1899996
PER,Peru,country,2008,8.1899996
PER,Peru,country,2009,8.2200003
PER,Peru,country,2010,8.8699999
PER,Peru,country,2011,8.8900003
PER,Peru,country,2012,9.0799999
PER,Peru,country,2013,9.1400003
PER,Peru,country,2014,9.1499996
PER,Peru,country,2015,9.0900002
PER,Peru,country,2016,9.3133335
PER,Peru,country,2017,9.5366669
PER,Peru,country,2018,9.7600002
PER,Peru,country,2019,9.8898163
PER,Peru,country,2020,10.021359
PER,Peru,country,2021,10.154652
PER,Peru,country,2022,10.154652
PER,Peru,country,2023,10.154652
PHL,Philippines,country,1990,7.1799998
PHL,Philippines,country,1991,7.2189999
PHL,Philippines,country,1992,7.2579999
PHL,Philippines,country,1993,7.2969999
PHL,Philippines,country,1994,7.336
PHL,Philippines,country,1995,7.375
PHL,Philippines,country,1996,7.414
PHL,Philippines,country,1997,7.4530001
PHL,Philippines,country,1998,7.4920001
PHL,Philippines,country,1999,7.5310001
PHL,Philippines,country,2000,7.5700002
PHL,Philippines,country,2001,7.8375001
PHL,Philippines,country,2002,8.1050005
PHL,Philippines,country,2003,8.3725004
PHL,Philippines,country,2004,8.6400003
PHL,Philippines,country,2005,8.6575003
PHL,Philippines,country,2006,8.6750002
PHL,Philippines,country,2007,8.6925001
PHL,Philippines,country,2008,8.71
PHL,Philippines,country,2009,8.8100004
PHL,Philippines,country,2010,8.9099998
PHL,Philippines,country,2011,8.9899998
PHL,Philippines,country,2012,9.0699997
PHL,Philippines,country,2013,9.1499996
PHL,Philippines,country,2014,8.9074993
PHL,Philippines,country,2015,8.665
PHL,Philippines,country,2016,8.4225006
PHL,Philippines,country,2017,8.1800003
PHL,Philippines,country,2018,8.5749998
PHL,Philippines,country,2019,8.9700003
PHL,Philippines,country,2020,8.8900003
PHL,Philippines,country,2021,9.4336195
PHL,Philippines,country,2022,9.9772396
PHL,Philippines,country,2023,9.9772396
PLW,Palau,country,1990,
PLW,Palau,country,1991,
PLW,Palau,country,1992,
PLW,Palau,country,1993,
PLW,Palau,country,1994,
PLW,Palau,country,1995,
PLW,Palau,country,1996,
PLW,Palau,country,1997,
PLW,Palau,country,1998,
PLW,Palau,country,1999,
PLW,Palau,country,2000,12.064454
PLW,Palau,country,2001,12.122573
PLW,Palau,country,2002,12.180692
PLW,Palau,country,2003,12.238811
PLW,Palau,country,2004,12.296929
PLW,Palau,country,2005,12.355048
PLW,Palau,country,2006,12.413167
PLW,Palau,country,2007,12.471286
PLW,Palau,country,2008,12.529405
PLW,Palau,country,2009,12.587524
PLW,Palau,country,2010,12.645643
PLW,Palau,country,2011,12.703762
PLW,Palau,country,2012,12.761881
PLW,Palau,country,2013,12.82
PLW,Palau,country,2014,12.878922
PLW,Palau,country,2015,12.938116
PLW,Palau,country,2016,12.997581
PLW,Palau,country,2017,13.057321
PLW,Palau,country,2018,13.117334
PLW,Palau,country,2019,13.177624
PLW,Palau,country,2020,13.23819
PLW,Palau,country,2021,13.299035
PLW,Palau,country,2022,13.299035
PLW,Palau,country,2023,13.299035
PNG,Papua New Guinea,country,1990,2.3945658
PNG,Papua New Guinea,country,1991,2.5184226
PNG,Papua New Guinea,country,1992,2.6422794
PNG,Papua New Guinea,country,1993,2.7661364
PNG,Papua New Guinea,country,1994,2.8899932
PNG,Papua New Guinea,country,1995,3.01385
PNG,Papua New Guinea,country,1996,3.0840356
PNG,Papua New Guinea,country,1997,3.1542211
PNG,Papua New Guinea,country,1998,3.2244067
PNG,Papua New Guinea,country,1999,3.2945921
PNG,Papua New Guinea,country,2000,3.3647778
PNG,Papua New Guinea,country,2001,3.4246418
PNG,Papua New Guinea,country,2002,3.4845061
PNG,Papua New Guinea,country,2003,3.5443702
PNG,Papua New Guinea,country,2004,3.6042342
PNG,Papua New Guinea,country,2005,3.6640985
PNG,Papua New Guinea,country,2006,3.7466698
PNG,Papua New Guinea,country,2007,3.8292408
PNG,Papua New Guinea,country,2008,3.9118121
PNG,Papua New Guinea,country,2009,3.9943833
PNG,Papua New Guinea,country,2010,4.0769548
PNG,Papua New Guinea,country,2011,4.2070041
PNG,Papua New Guinea,country,2012,4.3370538
PNG,Papua New Guinea,country,2013,4.4671035
PNG,Papua New Guinea,country,2014,4.5971532
PNG,Papua New Guinea,country,2015,4.7272029
PNG,Papua New Guinea,country,2016,4.7684889
PNG,Papua New Guinea,country,2017,4.8097744
PNG,Papua New Guinea,country,2018,4.8510599
PNG,Papua New Guinea,country,2019,4.8923454
PNG,Papua New Guinea,country,2020,4.9336309
PNG,Papua New Guinea,country,2021,4.9625311
PNG,Papua New Guinea,country,2022,4.9625311
PNG,Papua New Guinea,country,2023,4.9625311
POL,Poland,country,1990,9.6675463
POL,Poland,country,1991,9.8552866
POL,Poland,country,1992,10.043027
POL,Poland,country,1993,10.230767
POL,Poland,country,1994,10.418508
POL,Poland,country,1995,10.606248
POL,Poland,country,1996,10.733565
POL,Poland,country,1997,10.860884
POL,Poland,country,1998,10.988202
POL,Poland,country,1999,11.11552
POL,Poland,country,2000,11.242838
POL,Poland,country,2001,11.346419
POL,Poland,country,2002,11.45
POL,Poland,country,2003,11.57
POL,Poland,country,2004,11.69
POL,Poland,country,2005,11.809999
POL,Poland,country,2006,11.93
POL,Poland,country,2007,12.05
POL,Poland,country,2008,12.17
POL,Poland,country,2009,12.34
POL,Poland,country,2010,12.31
POL,Poland,country,2011,12.55
POL,Poland,country,2012,12.78
POL,Poland,country,2013,12.78
POL,Poland,country,2014,12.84
POL,Poland,country,2015,12.92
POL,Poland,country,2016,13
POL,Poland,country,2017,13.04
POL,Poland,country,2018,13.08
POL,Poland,country,2019,13.12
POL,Poland,country,2020,13.16
POL,Poland,country,2021,13.208543
POL,Poland,country,2022,13.208543
POL,Poland,country,2023,13.208543
PRK,Democratic People's Republic of Korea,country,1990,
PRK,Democratic People's Republic of Korea,country,1991,
PRK,Democratic People's Republic of Korea,country,1992,
PRK,Democratic People's Republic of Korea,country,1993,
PRK,Democratic People's Republic of Korea,country,1994,
PRK,Democratic People's Republic of Korea,country,1995,
PRK,Democratic People's Republic of Korea,country,1996,
PRK,Democratic People's Republic of Korea,country,1997,
PRK,Democratic People's Republic of Korea,country,1998,
PRK,Democratic People's Republic of Korea,country,1999,
PRK,Democratic People's Republic of Korea,country,2000,
PRK,Democratic People's Republic of Korea,country,2001,
PRK,Democratic People's Republic of Korea,country,2002,
PRK,Democratic People's Republic of Korea,country,2003,
PRK,Democratic People's Republic of Korea,country,2004,
PRK,Democratic People's Republic of Korea,country,2005,
PRK,Democratic People's Republic of Korea,country,2006,
PRK,Democratic People's Republic of Korea,country,2007,
PRK,Democratic People's Republic of Korea,country,2008,
PRK,Democratic People's Republic of Korea,country,2009,
PRK,Democratic People's Republic of Korea,country,2010,
PRK,Democratic People's Republic of Korea,country,2011,
PRK,Democratic People's Republic of Korea,country,2012,
PRK,Democratic People's Republic of Korea,country,2013,
PRK,Democratic People's Republic of Korea,country,2014,
PRK,Democratic People's Republic of Korea,country,2015,
PRK,Democratic People's Republic of Korea,country,2016,
PRK,Democratic People's Republic of Korea,country,2017,
PRK,Democratic People's Republic of Korea,country,2018,
PRK,Democratic People's Republic of Korea,country,2019,
PRK,Democratic People's Republic of Korea,country,2020,
PRK,Democratic People's Republic of Korea,country,2021,
PRK,Democratic People's Republic of Korea,country,2022,
PRK,Democratic People's Republic of Korea,country,2023,
PRT,Portugal,country,1990,5.2711248
PRT,Portugal,country,1991,5.4400001
PRT,Portugal,country,1992,5.6142859
PRT,Portugal,country,1993,5.7885714
PRT,Portugal,country,1994,5.9628572
PRT,Portugal,country,1995,6.1371427
PRT,Portugal,country,1996,6.3114285
PRT,Portugal,country,1997,6.485714
PRT,Portugal,country,1998,6.6599998
PRT,Portugal,country,1999,6.71
PRT,Portugal,country,2000,6.79
PRT,Portugal,country,2001,6.8800001
PRT,Portugal,country,2002,6.96
PRT,Portugal,country,2003,7.1500001
PRT,Portugal,country,2004,7.3899999
PRT,Portugal,country,2005,7.4899998
PRT,Portugal,country,2006,7.6199999
PRT,Portugal,country,2007,7.6700001
PRT,Portugal,country,2008,7.7800002
PRT,Portugal,country,2009,7.9299998
PRT,Portugal,country,2010,8.0600004
PRT,Portugal,country,2011,8.2799997
PRT,Portugal,country,2012,8.5
PRT,Portugal,country,2013,8.6599998
PRT,Portugal,country,2014,8.8699999
PRT,Portugal,country,2015,8.9899998
PRT,Portugal,country,2016,9.1099997
PRT,Portugal,country,2017,9.2200003
PRT,Portugal,country,2018,9.1400003
PRT,Portugal,country,2019,9.3299999
PRT,Portugal,country,2020,9.5799999
PRT,Portugal,country,2021,9.7032547
PRT,Portugal,country,2022,9.7032547
PRT,Portugal,country,2023,9.7032547
PRY,Paraguay,country,1990,5.7445679
PRY,Paraguay,country,1991,5.8463817
PRY,Paraguay,country,1992,5.9499998
PRY,Paraguay,country,1993,6.0554543
PRY,Paraguay,country,1994,6.1609092
PRY,Paraguay,country,1995,6.2663636
PRY,Paraguay,country,1996,6.3718181
PRY,Paraguay,country,1997,6.4772725
PRY,Paraguay,country,1998,6.5827274
PRY,Paraguay,country,1999,6.6881819
PRY,Paraguay,country,2000,6.7936363
PRY,Paraguay,country,2001,6.8990908
PRY,Paraguay,country,2002,7.0045457
PRY,Paraguay,country,2003,7.1100001
PRY,Paraguay,country,2004,7.23
PRY,Paraguay,country,2005,7.3499999
PRY,Paraguay,country,2006,7.0700002
PRY,Paraguay,country,2007,7.1500001
PRY,Paraguay,country,2008,7.3899999
PRY,Paraguay,country,2009,7.0300002
PRY,Paraguay,country,2010,7.2800002
PRY,Paraguay,country,2011,7.5300002
PRY,Paraguay,country,2012,7.7800002
PRY,Paraguay,country,2013,8.29
PRY,Paraguay,country,2014,8.25
PRY,Paraguay,country,2015,8.5200005
PRY,Paraguay,country,2016,8.3500004
PRY,Paraguay,country,2017,8.4700003
PRY,Paraguay,country,2018,8.5900002
PRY,Paraguay,country,2019,8.8100004
PRY,Paraguay,country,2020,8.8599997
PRY,Paraguay,country,2021,8.9306536
PRY,Paraguay,country,2022,8.9306536
PRY,Paraguay,country,2023,8.9306536
PSE,State of Palestine,country,1990,
PSE,State of Palestine,country,1991,
PSE,State of Palestine,country,1992,
PSE,State of Palestine,country,1993,
PSE,State of Palestine,country,1994,
PSE,State of Palestine,country,1995,
PSE,State of Palestine,country,1996,
PSE,State of Palestine,country,1997,
PSE,State of Palestine,country,1998,
PSE,State of Palestine,country,1999,
PSE,State of Palestine,country,2000,
PSE,State of Palestine,country,2001,
PSE,State of Palestine,country,2002,
PSE,State of Palestine,country,2003,
PSE,State of Palestine,country,2004,7.5300002
PSE,State of Palestine,country,2005,7.6349998
PSE,State of Palestine,country,2006,7.7399998
PSE,State of Palestine,country,2007,7.9099998
PSE,State of Palestine,country,2008,8.0100002
PSE,State of Palestine,country,2009,8.3100004
PSE,State of Palestine,country,2010,8.3599997
PSE,State of Palestine,country,2011,8.5799999
PSE,State of Palestine,country,2012,8.8500004
PSE,State of Palestine,country,2013,8.8699999
PSE,State of Palestine,country,2014,8.9099998
PSE,State of Palestine,country,2015,9.0799999
PSE,State of Palestine,country,2016,9.1599998
PSE,State of Palestine,country,2017,9.2799997
PSE,State of Palestine,country,2018,9.5200005
PSE,State of Palestine,country,2019,9.7299995
PSE,State of Palestine,country,2020,9.9399996
PSE,State of Palestine,country,2021,10.035
PSE,State of Palestine,country,2022,10.13
PSE,State of Palestine,country,2023,10.13
QAT,Qatar,country,1990,6.4121194
QAT,Qatar,country,1991,6.5456061
QAT,Qatar,country,1992,6.6790924
QAT,Qatar,country,1993,6.8125792
QAT,Qatar,country,1994,6.9460654
QAT,Qatar,country,1995,7.0795522
QAT,Qatar,country,1996,7.1939692
QAT,Qatar,country,1997,7.3083863
QAT,Qatar,country,1998,7.4228029
QAT,Qatar,country,1999,7.53722
QAT,Qatar,country,2000,7.6516371
QAT,Qatar,country,2001,7.8137279
QAT,Qatar,country,2002,7.9758186
QAT,Qatar,country,2003,8.1379099
QAT,Qatar,country,2004,8.3000002
QAT,Qatar,country,2005,8.6933336
QAT,Qatar,country,2006,9.0866661
QAT,Qatar,country,2007,9.4799995
QAT,Qatar,country,2008,9.5900002
QAT,Qatar,country,2009,9.1599998
QAT,Qatar,country,2010,8.5500002
QAT,Qatar,country,2011,8.6499996
QAT,Qatar,country,2012,9.1199999
QAT,Qatar,country,2013,9.8000002
QAT,Qatar,country,2014,9.7200003
QAT,Qatar,country,2015,9.6950006
QAT,Qatar,country,2016,9.6700001
QAT,Qatar,country,2017,9.7299995
QAT,Qatar,country,2018,9.9379997
QAT,Qatar,country,2019,10.146
QAT,Qatar,country,2020,10.354
QAT,Qatar,country,2021,10.562
QAT,Qatar,country,2022,10.77
QAT,Qatar,country,2023,10.77
ROU,Romania,country,1990,8.4953327
ROU,Romania,country,1991,8.5921144
ROU,Romania,country,1992,8.6899996
ROU,Romania,country,1993,8.7889996
ROU,Romania,country,1994,8.8879995
ROU,Romania,country,1995,8.9869995
ROU,Romania,country,1996,9.0859995
ROU,Romania,country,1997,9.1850004
ROU,Romania,country,1998,9.2840004
ROU,Romania,country,1999,9.3830004
ROU,Romania,country,2000,9.4820004
ROU,Romania,country,2001,9.5810003
ROU,Romania,country,2002,9.6800003
ROU,Romania,country,2003,9.8620005
ROU,Romania,country,2004,10.044001
ROU,Romania,country,2005,10.226
ROU,Romania,country,2006,10.408
ROU,Romania,country,2007,10.59
ROU,Romania,country,2008,10.67
ROU,Romania,country,2009,10.7
ROU,Romania,country,2010,10.73
ROU,Romania,country,2011,10.86
ROU,Romania,country,2012,10.96
ROU,Romania,country,2013,11.02
ROU,Romania,country,2014,10.86
ROU,Romania,country,2015,10.98
ROU,Romania,country,2016,11.08
ROU,Romania,country,2017,11.15
ROU,Romania,country,2018,11.215
ROU,Romania,country,2019,11.28
ROU,Romania,country,2020,11.39
ROU,Romania,country,2021,11.46
ROU,Romania,country,2022,11.55
ROU,Romania,country,2023,11.55
RUS,Russian Federation,country,1990,9.6534252
RUS,Russian Federation,country,1991,9.8419428
RUS,Russian Federation,country,1992,10.030461
RUS,Russian Federation,country,1993,10.218979
RUS,Russian Federation,country,1994,10.407497
RUS,Russian Federation,country,1995,10.596015
RUS,Russian Federation,country,1996,10.888543
RUS,Russian Federation,country,1997,11.181071
RUS,Russian Federation,country,1998,11.473599
RUS,Russian Federation,country,1999,11.766128
RUS,Russian Federation,country,2000,12.058656
RUS,Russian Federation,country,2001,12.119328
RUS,Russian Federation,country,2002,12.18
RUS,Russian Federation,country,2003,12.200001
RUS,Russian Federation,country,2004,12.22
RUS,Russian Federation,country,2005,12.240001
RUS,Russian Federation,country,2006,12.26
RUS,Russian Federation,country,2007,12.280001
RUS,Russian Federation,country,2008,12.3
RUS,Russian Federation,country,2009,12.32
RUS,Russian Federation,country,2010,12.34
RUS,Russian Federation,country,2011,12.346364
RUS,Russian Federation,country,2012,12.352727
RUS,Russian Federation,country,2013,12.359091
RUS,Russian Federation,country,2014,12.365455
RUS,Russian Federation,country,2015,12.371819
RUS,Russian Federation,country,2016,12.378181
RUS,Russian Federation,country,2017,12.384545
RUS,Russian Federation,country,2018,12.390909
RUS,Russian Federation,country,2019,12.397273
RUS,Russian Federation,country,2020,12.403636
RUS,Russian Federation,country,2021,12.41
RUS,Russian Federation,country,2022,12.41
RUS,Russian Federation,country,2023,12.41
RWA,Rwanda,country,1990,1.9044776
RWA,Rwanda,country,1991,1.9499253
RWA,Rwanda,country,1992,1.9953731
RWA,Rwanda,country,1993,2.0408208
RWA,Rwanda,country,1994,2.0862687
RWA,Rwanda,country,1995,2.1317165
RWA,Rwanda,country,1996,2.1966417
RWA,Rwanda,country,1997,2.2615671
RWA,Rwanda,country,1998,2.3264925
RWA,Rwanda,country,1999,2.391418
RWA,Rwanda,country,2000,2.4563432
RWA,Rwanda,country,2001,2.573209
RWA,Rwanda,country,2002,2.6900747
RWA,Rwanda,country,2003,2.8069403
RWA,Rwanda,country,2004,2.923806
RWA,Rwanda,country,2005,3.0406716
RWA,Rwanda,country,2006,3.1856716
RWA,Rwanda,country,2007,3.3306715
RWA,Rwanda,country,2008,3.4756715
RWA,Rwanda,country,2009,3.6206715
RWA,Rwanda,country,2010,3.7656717
RWA,Rwanda,country,2011,3.7678359
RWA,Rwanda,country,2012,3.77
RWA,Rwanda,country,2013,3.915
RWA,Rwanda,country,2014,4.0599999
RWA,Rwanda,country,2015,4.09515
RWA,Rwanda,country,2016,4.1734333
RWA,Rwanda,country,2017,4.2517166
RWA,Rwanda,country,2018,4.3299999
RWA,Rwanda,country,2019,4.6041551
RWA,Rwanda,country,2020,4.8783102
RWA,Rwanda,country,2021,4.8791552
RWA,Rwanda,country,2022,4.8800001
RWA,Rwanda,country,2023,4.8800001
SAU,Saudi Arabia,country,1990,5.5750751
SAU,Saudi Arabia,country,1991,5.6755271
SAU,Saudi Arabia,country,1992,5.775979
SAU,Saudi Arabia,country,1993,5.876431
SAU,Saudi Arabia,country,1994,5.9768825
SAU,Saudi Arabia,country,1995,6.0773344
SAU,Saudi Arabia,country,1996,6.1958675
SAU,Saudi Arabia,country,1997,6.3144007
SAU,Saudi Arabia,country,1998,6.4329338
SAU,Saudi Arabia,country,1999,6.5514669
SAU,Saudi Arabia,country,2000,6.6700001
SAU,Saudi Arabia,country,2001,6.8825002
SAU,Saudi Arabia,country,2002,7.0950003
SAU,Saudi Arabia,country,2003,7.3074999
SAU,Saudi Arabia,country,2004,7.52
SAU,Saudi Arabia,country,2005,7.7577777
SAU,Saudi Arabia,country,2006,7.9955554
SAU,Saudi Arabia,country,2007,8.2333336
SAU,Saudi Arabia,country,2008,8.4711113
SAU,Saudi Arabia,country,2009,8.708889
SAU,Saudi Arabia,country,2010,8.9466667
SAU,Saudi Arabia,country,2011,9.1844444
SAU,Saudi Arabia,country,2012,9.4222221
SAU,Saudi Arabia,country,2013,9.6599998
SAU,Saudi Arabia,country,2014,9.8000002
SAU,Saudi Arabia,country,2015,9.9399996
SAU,Saudi Arabia,country,2016,10.08
SAU,Saudi Arabia,country,2017,10.22
SAU,Saudi Arabia,country,2018,10.583334
SAU,Saudi Arabia,country,2019,10.946667
SAU,Saudi Arabia,country,2020,11.31
SAU,Saudi Arabia,country,2021,11.606428
SAU,Saudi Arabia,country,2022,11.606428
SAU,Saudi Arabia,country,2023,11.606428
SDN,Sudan,country,1990,1.5
SDN,Sudan,country,1991,1.594
SDN,Sudan,country,1992,1.688
SDN,Sudan,country,1993,1.7819999
SDN,Sudan,country,1994,1.876
SDN,Sudan,country,1995,1.97
SDN,Sudan,country,1996,2.0639999
SDN,Sudan,country,1997,2.158
SDN,Sudan,country,1998,2.2520001
SDN,Sudan,country,1999,2.346
SDN,Sudan,country,2000,2.4400001
SDN,Sudan,country,2001,2.5380001
SDN,Sudan,country,2002,2.6359999
SDN,Sudan,country,2003,2.734
SDN,Sudan,country,2004,2.832
SDN,Sudan,country,2005,2.9300001
SDN,Sudan,country,2006,2.97
SDN,Sudan,country,2007,3.01
SDN,Sudan,country,2008,3.05
SDN,Sudan,country,2009,3.0899999
SDN,Sudan,country,2010,3.1300001
SDN,Sudan,country,2011,3.2279999
SDN,Sudan,country,2012,3.326
SDN,Sudan,country,2013,3.424
SDN,Sudan,country,2014,3.5220001
SDN,Sudan,country,2015,3.6199999
SDN,Sudan,country,2016,3.6700001
SDN,Sudan,country,2017,3.72
SDN,Sudan,country,2018,3.77
SDN,Sudan,country,2019,3.8199999
SDN,Sudan,country,2020,3.8699999
SDN,Sudan,country,2021,3.9619999
SDN,Sudan,country,2022,3.9619999
SDN,Sudan,country,2023,3.9619999
SEN,Senegal,country,1990,1.9976414
SEN,Senegal,country,1991,1.972217
SEN,Senegal,country,1992,1.9467924
SEN,Senegal,country,1993,1.9213679
SEN,Senegal,country,1994,1.8959434
SEN,Senegal,country,1995,1.8705188
SEN,Senegal,country,1996,1.8396462
SEN,Senegal,country,1997,1.8087735
SEN,Senegal,country,1998,1.7779009
SEN,Senegal,country,1999,1.7470282
SEN,Senegal,country,2000,1.7161556
SEN,Senegal,country,2001,1.6489623
SEN,Senegal,country,2002,1.5817689
SEN,Senegal,country,2003,1.5145755
SEN,Senegal,country,2004,1.4473821
SEN,Senegal,country,2005,1.3801887
SEN,Senegal,country,2006,1.54
SEN,Senegal,country,2007,1.71
SEN,Senegal,country,2008,1.88
SEN,Senegal,country,2009,2.05
SEN,Senegal,country,2010,2.22
SEN,Senegal,country,2011,2.3900001
SEN,Senegal,country,2012,2.585
SEN,Senegal,country,2013,2.78
SEN,Senegal,country,2014,2.655935
SEN,Senegal,country,2015,2.5318699
SEN,Senegal,country,2016,2.8919401
SEN,Senegal,country,2017,2.8299999
SEN,Senegal,country,2018,2.9983499
SEN,Senegal,country,2019,2.84146
SEN,Senegal,country,2020,2.8876319
SEN,Senegal,country,2021,2.9345541
SEN,Senegal,country,2022,2.9345541
SEN,Senegal,country,2023,2.9345541
SGP,Singapore,country,1990,7.54
SGP,Singapore,country,1991,7.7680001
SGP,Singapore,country,1992,7.9960003
SGP,Singapore,country,1993,8.224
SGP,Singapore,country,1994,8.4520006
SGP,Singapore,country,1995,8.6800003
SGP,Singapore,country,1996,8.8390007
SGP,Singapore,country,1997,8.9980001
SGP,Singapore,country,1998,9.1570005
SGP,Singapore,country,1999,9.316
SGP,Singapore,country,2000,9.4750004
SGP,Singapore,country,2001,9.6340008
SGP,Singapore,country,2002,9.7930002
SGP,Singapore,country,2003,9.9520006
SGP,Singapore,country,2004,10.111
SGP,Singapore,country,2005,10.27
SGP,Singapore,country,2006,10.11
SGP,Singapore,country,2007,10.21
SGP,Singapore,country,2008,10.49
SGP,Singapore,country,2009,10.5
SGP,Singapore,country,2010,10.94
SGP,Singapore,country,2011,11
SGP,Singapore,country,2012,11.02
SGP,Singapore,country,2013,11.15
SGP,Singapore,country,2014,11.22
SGP,Singapore,country,2015,11.37
SGP,Singapore,country,2016,11.38
SGP,Singapore,country,2017,11.34
SGP,Singapore,country,2018,11.56
SGP,Singapore,country,2019,11.68
SGP,Singapore,country,2020,11.76
SGP,Singapore,country,2021,12.08
SGP,Singapore,country,2022,11.99
SGP,Singapore,country,2023,11.99
SLB,Solomon Islands,country,1990,
SLB,Solomon Islands,country,1991,
SLB,Solomon Islands,country,1992,
SLB,Solomon Islands,country,1993,
SLB,Solomon Islands,country,1994,
SLB,Solomon Islands,country,1995,
SLB,Solomon Islands,country,1996,
SLB,Solomon Islands,country,1997,
SLB,Solomon Islands,country,1998,
SLB,Solomon Islands,country,1999,5.0534787
SLB,Solomon Islands,country,2000,5.0921102
SLB,Solomon Islands,country,2001,5.1310368
SLB,Solomon Islands,country,2002,5.1702604
SLB,Solomon Islands,country,2003,5.2097845
SLB,Solomon Islands,country,2004,5.2496104
SLB,Solomon Islands,country,2005,5.289741
SLB,Solomon Islands,country,2006,5.3301783
SLB,Solomon Islands,country,2007,5.3709249
SLB,Solomon Islands,country,2008,5.4119825
SLB,Solomon Islands,country,2009,5.4533544
SLB,Solomon Islands,country,2010,5.4950423
SLB,Solomon Islands,country,2011,5.5370493
SLB,Solomon Islands,country,2012,5.5793772
SLB,Solomon Islands,country,2013,5.6220284
SLB,Solomon Islands,country,2014,5.66468
SLB,Solomon Islands,country,2015,5.7073312
SLB,Solomon Islands,country,2016,5.7499828
SLB,Solomon Islands,country,2017,5.792634
SLB,Solomon Islands,country,2018,5.8216496
SLB,Solomon Islands,country,2019,5.8506646
SLB,Solomon Islands,country,2020,5.8796802
SLB,Solomon Islands,country,2021,5.8796802
SLB,Solomon Islands,country,2022,5.8796802
SLB,Solomon Islands,country,2023,5.8796802
SLE,Sierra Leone,country,1990,1.9052228
SLE,Sierra Leone,country,1991,1.9968665
SLE,Sierra Leone,country,1992,2.08851
SLE,Sierra Leone,country,1993,2.1801536
SLE,Sierra Leone,country,1994,2.2717974
SLE,Sierra Leone,country,1995,2.363441
SLE,Sierra Leone,country,1996,2.4454379
SLE,Sierra Leone,country,1997,2.5274348
SLE,Sierra Leone,country,1998,2.6094317
SLE,Sierra Leone,country,1999,2.6914287
SLE,Sierra Leone,country,2000,2.7734256
SLE,Sierra Leone,country,2001,2.8650692
SLE,Sierra Leone,country,2002,2.956713
SLE,Sierra Leone,country,2003,3.0483565
SLE,Sierra Leone,country,2004,3.1400001
SLE,Sierra Leone,country,2005,3.1684501
SLE,Sierra Leone,country,2006,3.1969001
SLE,Sierra Leone,country,2007,3.2253501
SLE,Sierra Leone,country,2008,3.2538002
SLE,Sierra Leone,country,2009,3.2822502
SLE,Sierra Leone,country,2010,3.3107002
SLE,Sierra Leone,country,2011,3.33915
SLE,Sierra Leone,country,2012,3.3676
SLE,Sierra Leone,country,2013,3.39605
SLE,Sierra Leone,country,2014,3.4245
SLE,Sierra Leone,country,2015,3.45295
SLE,Sierra Leone,country,2016,3.4814
SLE,Sierra Leone,country,2017,3.50985
SLE,Sierra Leone,country,2018,3.5065401
SLE,Sierra Leone,country,2019,3.5032301
SLE,Sierra Leone,country,2020,3.5192273
SLE,Sierra Leone,country,2021,3.5352976
SLE,Sierra Leone,country,2022,3.5352976
SLE,Sierra Leone,country,2023,3.5352976
SLV,El Salvador,country,1990,3.7300291
SLV,El Salvador,country,1991,3.8481445
SLV,El Salvador,country,1992,3.97
SLV,El Salvador,country,1993,4.0957141
SLV,El Salvador,country,1994,4.2214284
SLV,El Salvador,country,1995,4.3471427
SLV,El Salvador,country,1996,4.472857
SLV,El Salvador,country,1997,4.5985713
SLV,El Salvador,country,1998,4.7242856
SLV,El Salvador,country,1999,4.8499999
SLV,El Salvador,country,2000,4.9757142
SLV,El Salvador,country,2001,5.1014285
SLV,El Salvador,country,2002,5.2271428
SLV,El Salvador,country,2003,5.3528571
SLV,El Salvador,country,2004,5.4785714
SLV,El Salvador,country,2005,5.6042857
SLV,El Salvador,country,2006,5.73
SLV,El Salvador,country,2007,5.6300001
SLV,El Salvador,country,2008,6.0300002
SLV,El Salvador,country,2009,6.1300001
SLV,El Salvador,country,2010,6.3400002
SLV,El Salvador,country,2011,6.21
SLV,El Salvador,country,2012,6.3699999
SLV,El Salvador,country,2013,6.4299998
SLV,El Salvador,country,2014,6.5266666
SLV,El Salvador,country,2015,6.623333
SLV,El Salvador,country,2016,6.7199998
SLV,El Salvador,country,2017,6.8299999
SLV,El Salvador,country,2018,6.9700003
SLV,El Salvador,country,2019,7.1100001
SLV,El Salvador,country,2020,7.1500001
SLV,El Salvador,country,2021,7.2000003
SLV,El Salvador,country,2022,7.25
SLV,El Salvador,country,2023,7.3000002
SMR,San Marino,country,1990,8.1300297
SMR,San Marino,country,1991,8.2129059
SMR,San Marino,country,1992,8.296627
SMR,San Marino,country,1993,8.3812008
SMR,San Marino,country,1994,8.4666367
SMR,San Marino,country,1995,8.5529442
SMR,San Marino,country,1996,8.640131
SMR,San Marino,country,1997,8.7282076
SMR,San Marino,country,1998,8.8171806
SMR,San Marino,country,1999,8.9070616
SMR,San Marino,country,2000,8.997858
SMR,San Marino,country,2001,9.0895805
SMR,San Marino,country,2002,9.1822386
SMR,San Marino,country,2003,9.2758398
SMR,San Marino,country,2004,9.3703966
SMR,San Marino,country,2005,9.4659166
SMR,San Marino,country,2006,9.5624094
SMR,San Marino,country,2007,9.6598873
SMR,San Marino,country,2008,9.758358
SMR,San Marino,country,2009,9.8578329
SMR,San Marino,country,2010,9.9583216
SMR,San Marino,country,2011,10.059835
SMR,San Marino,country,2012,10.162383
SMR,San Marino,country,2013,10.265976
SMR,San Marino,country,2014,10.370625
SMR,San Marino,country,2015,10.476342
SMR,San Marino,country,2016,10.583136
SMR,San Marino,country,2017,10.691018
SMR,San Marino,country,2018,10.8
SMR,San Marino,country,2019,11.015
SMR,San Marino,country,2020,11.23
SMR,San Marino,country,2021,11.295
SMR,San Marino,country,2022,11.36
SMR,San Marino,country,2023,11.36
SOM,Somalia,country,1990,
SOM,Somalia,country,1991,
SOM,Somalia,country,1992,
SOM,Somalia,country,1993,
SOM,Somalia,country,1994,
SOM,Somalia,country,1995,
SOM,Somalia,country,1996,
SOM,Somalia,country,1997,
SOM,Somalia,country,1998,
SOM,Somalia,country,1999,
SOM,Somalia,country,2000,
SOM,Somalia,country,2001,
SOM,Somalia,country,2002,
SOM,Somalia,country,2003,
SOM,Somalia,country,2004,
SOM,Somalia,country,2005,
SOM,Somalia,country,2006,
SOM,Somalia,country,2007,
SOM,Somalia,country,2008,
SOM,Somalia,country,2009,
SOM,Somalia,country,2010,
SOM,Somalia,country,2011,
SOM,Somalia,country,2012,
SOM,Somalia,country,2013,
SOM,Somalia,country,2014,
SOM,Somalia,country,2015,
SOM,Somalia,country,2016,
SOM,Somalia,country,2017,
SOM,Somalia,country,2018,
SOM,Somalia,country,2019,
SOM,Somalia,country,2020,
SOM,Somalia,country,2021,
SOM,Somalia,country,2022,1.9
SOM,Somalia,country,2023,1.9
SRB,Serbia,country,1990,6.2991357
SRB,Serbia,country,1991,6.4354186
SRB,Serbia,country,1992,6.571702
SRB,Serbia,country,1993,6.7079849
SRB,Serbia,country,1994,6.8442683
SRB,Serbia,country,1995,6.9805512
SRB,Serbia,country,1996,7.0724635
SRB,Serbia,country,1997,7.1643753
SRB,Serbia,country,1998,7.2562871
SRB,Serbia,country,1999,7.3481989
SRB,Serbia,country,2000,7.4401112
SRB,Serbia,country,2001,7.5700555
SRB,Serbia,country,2002,7.6999998
SRB,Serbia,country,2003,8.123333
SRB,Serbia,country,2004,8.5466661
SRB,Serbia,country,2005,8.9699993
SRB,Serbia,country,2006,9.3933334
SRB,Serbia,country,2007,9.8166666
SRB,Serbia,country,2008,10.24
SRB,Serbia,country,2009,10.3
SRB,Serbia,country,2010,10.37
SRB,Serbia,country,2011,10.57
SRB,Serbia,country,2012,10.565001
SRB,Serbia,country,2013,10.56
SRB,Serbia,country,2014,10.72
SRB,Serbia,country,2015,11.02
SRB,Serbia,country,2016,11.13
SRB,Serbia,country,2017,11.16
SRB,Serbia,country,2018,11.265
SRB,Serbia,country,2019,11.37
SRB,Serbia,country,2020,11.505057
SRB,Serbia,country,2021,11.641718
SRB,Serbia,country,2022,11.641718
SRB,Serbia,country,2023,11.641718
SSD,South Sudan,country,1990,
SSD,South Sudan,country,1991,
SSD,South Sudan,country,1992,
SSD,South Sudan,country,1993,
SSD,South Sudan,country,1994,
SSD,South Sudan,country,1995,
SSD,South Sudan,country,1996,
SSD,South Sudan,country,1997,
SSD,South Sudan,country,1998,
SSD,South Sudan,country,1999,
SSD,South Sudan,country,2000,
SSD,South Sudan,country,2001,
SSD,South Sudan,country,2002,
SSD,South Sudan,country,2003,
SSD,South Sudan,country,2004,
SSD,South Sudan,country,2005,
SSD,South Sudan,country,2006,
SSD,South Sudan,country,2007,
SSD,South Sudan,country,2008,5.73
SSD,South Sudan,country,2009,5.73
SSD,South Sudan,country,2010,5.73
SSD,South Sudan,country,2011,5.73
SSD,South Sudan,country,2012,5.73
SSD,South Sudan,country,2013,5.73
SSD,South Sudan,country,2014,5.73
SSD,South Sudan,country,2015,5.73
SSD,South Sudan,country,2016,5.73
SSD,South Sudan,country,2017,5.73
SSD,South Sudan,country,2018,5.73
SSD,South Sudan,country,2019,5.73
SSD,South Sudan,country,2020,5.73
SSD,South Sudan,country,2021,5.73
SSD,South Sudan,country,2022,5.73
SSD,South Sudan,country,2023,5.73
STP,Sao Tome and Principe,country,1990,4.0992785
STP,Sao Tome and Principe,country,1991,4.1499014
STP,Sao Tome and Principe,country,1992,4.201149
STP,Sao Tome and Principe,country,1993,4.2530293
STP,Sao Tome and Principe,country,1994,4.3055506
STP,Sao Tome and Principe,country,1995,4.3587203
STP,Sao Tome and Principe,country,1996,4.4125466
STP,Sao Tome and Principe,country,1997,4.4670377
STP,Sao Tome and Principe,country,1998,4.5222015
STP,Sao Tome and Principe,country,1999,4.5780468
STP,Sao Tome and Principe,country,2000,4.6345816
STP,Sao Tome and Principe,country,2001,4.6918149
STP,Sao Tome and Principe,country,2002,4.7497544
STP,Sao Tome and Principe,country,2003,4.8084097
STP,Sao Tome and Principe,country,2004,4.8677897
STP,Sao Tome and Principe,country,2005,4.9279022
STP,Sao Tome and Principe,country,2006,4.9887576
STP,Sao Tome and Principe,country,2007,5.0503645
STP,Sao Tome and Principe,country,2008,5.1127319
STP,Sao Tome and Principe,country,2009,5.1758699
STP,Sao Tome and Principe,country,2010,5.2397871
STP,Sao Tome and Principe,country,2011,5.3044939
STP,Sao Tome and Principe,country,2012,5.3699999
STP,Sao Tome and Principe,country,2013,5.4379725
STP,Sao Tome and Principe,country,2014,5.5059457
STP,Sao Tome and Principe,country,2015,5.5739183
STP,Sao Tome and Principe,country,2016,5.6418915
STP,Sao Tome and Principe,country,2017,5.7098641
STP,Sao Tome and Principe,country,2018,5.7778373
STP,Sao Tome and Principe,country,2019,5.8458099
STP,Sao Tome and Principe,country,2020,5.9162602
STP,Sao Tome and Principe,country,2021,5.9875593
STP,Sao Tome and Principe,country,2022,5.9875593
STP,Sao Tome and Principe,country,2023,5.9875593
SUR,Suriname,country,1990,
SUR,Suriname,country,1991,
SUR,Suriname,country,1992,
SUR,Suriname,country,1993,
SUR,Suriname,country,1994,
SUR,Suriname,country,1995,
SUR,Suriname,country,1996,
SUR,Suriname,country,1997,
SUR,Suriname,country,1998,
SUR,Suriname,country,1999,
SUR,Suriname,country,2000,
SUR,Suriname,country,2001,
SUR,Suriname,country,2002,
SUR,Suriname,country,2003,
SUR,Suriname,country,2004,7.7399998
SUR,Suriname,country,2005,7.7804317
SUR,Suriname,country,2006,7.8208642
SUR,Suriname,country,2007,7.8612962
SUR,Suriname,country,2008,7.9017286
SUR,Suriname,country,2009,7.9421606
SUR,Suriname,country,2010,7.9825931
SUR,Suriname,country,2011,8.0230255
SUR,Suriname,country,2012,8.0634575
SUR,Suriname,country,2013,8.1038895
SUR,Suriname,country,2014,8.1443214
SUR,Suriname,country,2015,8.1847534
SUR,Suriname,country,2016,8.2251863
SUR,Suriname,country,2017,8.2656183
SUR,Suriname,country,2018,8.3060503
SUR,Suriname,country,2019,8.347084
SUR,Suriname,country,2020,8.38832
SUR,Suriname,country,2021,8.42976
SUR,Suriname,country,2022,8.42976
SUR,Suriname,country,2023,8.42976
SVK,Slovakia,country,1990,6.8628645
SVK,Slovakia,country,1991,7.1599998
SVK,Slovakia,country,1992,7.4699998
SVK,Slovakia,country,1993,7.7799997
SVK,Slovakia,country,1994,8.0900002
SVK,Slovakia,country,1995,8.3999996
SVK,Slovakia,country,1996,8.71
SVK,Slovakia,country,1997,9.0200005
SVK,Slovakia,country,1998,9.3299999
SVK,Slovakia,country,1999,9.6400003
SVK,Slovakia,country,2000,9.9499998
SVK,Slovakia,country,2001,10.26
SVK,Slovakia,country,2002,10.484
SVK,Slovakia,country,2003,10.708
SVK,Slovakia,country,2004,10.932
SVK,Slovakia,country,2005,11.156
SVK,Slovakia,country,2006,11.38
SVK,Slovakia,country,2007,11.604
SVK,Slovakia,country,2008,11.828
SVK,Slovakia,country,2009,12.052
SVK,Slovakia,country,2010,12.276
SVK,Slovakia,country,2011,12.5
SVK,Slovakia,country,2012,12.38
SVK,Slovakia,country,2013,12.44
SVK,Slovakia,country,2014,12.44
SVK,Slovakia,country,2015,12.64
SVK,Slovakia,country,2016,12.71
SVK,Slovakia,country,2017,12.77
SVK,Slovakia,country,2018,12.87
SVK,Slovakia,country,2019,12.91
SVK,Slovakia,country,2020,13.006243
SVK,Slovakia,country,2021,13.103204
SVK,Slovakia,country,2022,13.103204
SVK,Slovakia,country,2023,13.103204
SVN,Slovenia,country,1990,7.1917739
SVN,Slovenia,country,1991,7.5100002
SVN,Slovenia,country,1992,7.842308
SVN,Slovenia,country,1993,8.1746159
SVN,Slovenia,country,1994,8.5069237
SVN,Slovenia,country,1995,8.8392305
SVN,Slovenia,country,1996,9.1715384
SVN,Slovenia,country,1997,9.5038462
SVN,Slovenia,country,1998,9.836154
SVN,Slovenia,country,1999,10.168462
SVN,Slovenia,country,2000,10.50077
SVN,Slovenia,country,2001,10.833076
SVN,Slovenia,country,2002,11.165384
SVN,Slovenia,country,2003,11.497692
SVN,Slovenia,country,2004,11.83
SVN,Slovenia,country,2005,11.68
SVN,Slovenia,country,2006,11.81
SVN,Slovenia,country,2007,11.75
SVN,Slovenia,country,2008,11.91
SVN,Slovenia,country,2009,12.03
SVN,Slovenia,country,2010,12.06
SVN,Slovenia,country,2011,12.21
SVN,Slovenia,country,2012,12.28
SVN,Slovenia,country,2013,12.38
SVN,Slovenia,country,2014,12.43
SVN,Slovenia,country,2015,12.57
SVN,Slovenia,country,2016,12.67
SVN,Slovenia,country,2017,12.7
SVN,Slovenia,country,2018,12.75
SVN,Slovenia,country,2019,12.8
SVN,Slovenia,country,2020,12.87538
SVN,Slovenia,country,2021,12.951202
SVN,Slovenia,country,2022,12.951202
SVN,Slovenia,country,2023,12.951202
SWE,Sweden,country,1990,9.5500002
SWE,Sweden,country,1991,9.71
SWE,Sweden,country,1992,10.02
SWE,Sweden,country,1993,10.21
SWE,Sweden,country,1994,10.36
SWE,Sweden,country,1995,10.53
SWE,Sweden,country,1996,10.713333
SWE,Sweden,country,1997,10.896667
SWE,Sweden,country,1998,11.08
SWE,Sweden,country,1999,11.263333
SWE,Sweden,country,2000,11.446667
SWE,Sweden,country,2001,11.63
SWE,Sweden,country,2002,11.813334
SWE,Sweden,country,2003,11.996667
SWE,Sweden,country,2004,12.18
SWE,Sweden,country,2005,12.26
SWE,Sweden,country,2006,12.33
SWE,Sweden,country,2007,12.4
SWE,Sweden,country,2008,12.07
SWE,Sweden,country,2009,12.14
SWE,Sweden,country,2010,12.21
SWE,Sweden,country,2011,12.28
SWE,Sweden,country,2012,12.34
SWE,Sweden,country,2013,12.23
SWE,Sweden,country,2014,12.29
SWE,Sweden,country,2015,12.35
SWE,Sweden,country,2016,12.41
SWE,Sweden,country,2017,12.49
SWE,Sweden,country,2018,12.549999
SWE,Sweden,country,2019,12.61
SWE,Sweden,country,2020,12.674995
SWE,Sweden,country,2021,12.740326
SWE,Sweden,country,2022,12.740326
SWE,Sweden,country,2023,12.740326
SWZ,Eswatini,country,1990,6.2904792
SWZ,Eswatini,country,1991,6.2586656
SWZ,Eswatini,country,1992,6.2268515
SWZ,Eswatini,country,1993,6.1950374
SWZ,Eswatini,country,1994,6.1632237
SWZ,Eswatini,country,1995,6.1314096
SWZ,Eswatini,country,1996,6.0215073
SWZ,Eswatini,country,1997,5.9116044
SWZ,Eswatini,country,1998,5.801702
SWZ,Eswatini,country,1999,5.6917992
SWZ,Eswatini,country,2000,5.5818968
SWZ,Eswatini,country,2001,5.3707681
SWZ,Eswatini,country,2002,5.1596394
SWZ,Eswatini,country,2003,4.9485102
SWZ,Eswatini,country,2004,4.7373815
SWZ,Eswatini,country,2005,4.5262527
SWZ,Eswatini,country,2006,4.7836566
SWZ,Eswatini,country,2007,5.04106
SWZ,Eswatini,country,2008,5.2984633
SWZ,Eswatini,country,2009,5.5558672
SWZ,Eswatini,country,2010,5.8132706
SWZ,Eswatini,country,2011,6.1140566
SWZ,Eswatini,country,2012,6.4148426
SWZ,Eswatini,country,2013,6.7156291
SWZ,Eswatini,country,2014,7.0164151
SWZ,Eswatini,country,2015,7.3172011
SWZ,Eswatini,country,2016,7.5109768
SWZ,Eswatini,country,2017,7.7047524
SWZ,Eswatini,country,2018,7.8985281
SWZ,Eswatini,country,2019,8.0923042
SWZ,Eswatini,country,2020,8.2860794
SWZ,Eswatini,country,2021,8.4856396
SWZ,Eswatini,country,2022,8.6851997
SWZ,Eswatini,country,2023,8.6851997
SYC,Seychelles,country,1990,
SYC,Seychelles,country,1991,
SYC,Seychelles,country,1992,
SYC,Seychelles,country,1993,
SYC,Seychelles,country,1994,
SYC,Seychelles,country,1995,
SYC,Seychelles,country,1996,
SYC,Seychelles,country,1997,
SYC,Seychelles,country,1998,
SYC,Seychelles,country,1999,
SYC,Seychelles,country,2000,10.273938
SYC,Seychelles,country,2001,10.321857
SYC,Seychelles,country,2002,10.37
SYC,Seychelles,country,2003,10.41882
SYC,Seychelles,country,2004,10.467641
SYC,Seychelles,country,2005,10.516461
SYC,Seychelles,country,2006,10.565282
SYC,Seychelles,country,2007,10.614103
SYC,Seychelles,country,2008,10.662924
SYC,Seychelles,country,2009,10.711744
SYC,Seychelles,country,2010,10.760565
SYC,Seychelles,country,2011,10.809385
SYC,Seychelles,country,2012,10.858206
SYC,Seychelles,country,2013,10.907026
SYC,Seychelles,country,2014,10.955847
SYC,Seychelles,country,2015,11.004667
SYC,Seychelles,country,2016,11.053488
SYC,Seychelles,country,2017,11.102309
SYC,Seychelles,country,2018,11.15113
SYC,Seychelles,country,2019,11.19995
SYC,Seychelles,country,2020,11.19995
SYC,Seychelles,country,2021,11.19995
SYC,Seychelles,country,2022,11.19995
SYC,Seychelles,country,2023,11.19995
SYR,Syrian Arab Republic,country,1990,3.7828565
SYR,Syrian Arab Republic,country,1991,3.8800483
SYR,Syrian Arab Republic,country,1992,3.9772401
SYR,Syrian Arab Republic,country,1993,4.0744319
SYR,Syrian Arab Republic,country,1994,4.1716237
SYR,Syrian Arab Republic,country,1995,4.2688155
SYR,Syrian Arab Republic,country,1996,4.2878728
SYR,Syrian Arab Republic,country,1997,4.3069301
SYR,Syrian Arab Republic,country,1998,4.3259873
SYR,Syrian Arab Republic,country,1999,4.3450441
SYR,Syrian Arab Republic,country,2000,4.3641014
SYR,Syrian Arab Republic,country,2001,4.547051
SYR,Syrian Arab Republic,country,2002,4.73
SYR,Syrian Arab Republic,country,2003,5.1059999
SYR,Syrian Arab Republic,country,2004,5.4819999
SYR,Syrian Arab Republic,country,2005,5.8580003
SYR,Syrian Arab Republic,country,2006,6.2340002
SYR,Syrian Arab Republic,country,2007,6.6100001
SYR,Syrian Arab Republic,country,2008,6.1900001
SYR,Syrian Arab Republic,country,2009,6.4899998
SYR,Syrian Arab Republic,country,2010,6.4337573
SYR,Syrian Arab Republic,country,2011,6.3780026
SYR,Syrian Arab Republic,country,2012,6.3227305
SYR,Syrian Arab Republic,country,2013,6.2679377
SYR,Syrian Arab Republic,country,2014,6.2136197
SYR,Syrian Arab Republic,country,2015,6.1593018
SYR,Syrian Arab Republic,country,2016,6.1049838
SYR,Syrian Arab Republic,country,2017,6.0506659
SYR,Syrian Arab Republic,country,2018,5.9963479
SYR,Syrian Arab Republic,country,2019,5.9760718
SYR,Syrian Arab Republic,country,2020,5.9557958
SYR,Syrian Arab Republic,country,2021,5.9355202
SYR,Syrian Arab Republic,country,2022,5.9355202
SYR,Syrian Arab Republic,country,2023,5.9355202
TCD,Chad,country,1990,
TCD,Chad,country,1991,
TCD,Chad,country,1992,
TCD,Chad,country,1993,
TCD,Chad,country,1994,
TCD,Chad,country,1995,
TCD,Chad,country,1996,
TCD,Chad,country,1997,
TCD,Chad,country,1998,
TCD,Chad,country,1999,
TCD,Chad,country,2000,1.2802103
TCD,Chad,country,2001,1.3301578
TCD,Chad,country,2002,1.3801051
TCD,Chad,country,2003,1.4300526
TCD,Chad,country,2004,1.48
TCD,Chad,country,2005,1.536
TCD,Chad,country,2006,1.592
TCD,Chad,country,2007,1.648
TCD,Chad,country,2008,1.704
TCD,Chad,country,2009,1.76
TCD,Chad,country,2010,1.807277
TCD,Chad,country,2011,1.8545539
TCD,Chad,country,2012,1.901831
TCD,Chad,country,2013,1.949108
TCD,Chad,country,2014,1.996385
TCD,Chad,country,2015,2.0436621
TCD,Chad,country,2016,2.090939
TCD,Chad,country,2017,2.138216
TCD,Chad,country,2018,2.185493
TCD,Chad,country,2019,2.23277
TCD,Chad,country,2020,2.2833056
TCD,Chad,country,2021,2.3349848
TCD,Chad,country,2022,2.3349848
TCD,Chad,country,2023,2.3349848
TGO,Togo,country,1990,2.3170764
TGO,Togo,country,1991,2.4007702
TGO,Togo,country,1992,2.4844639
TGO,Togo,country,1993,2.5681577
TGO,Togo,country,1994,2.6518514
TGO,Togo,country,1995,2.7355452
TGO,Togo,country,1996,2.80529
TGO,Togo,country,1997,2.8750348
TGO,Togo,country,1998,2.9447794
TGO,Togo,country,1999,3.0145242
TGO,Togo,country,2000,3.084269
TGO,Togo,country,2001,3.1230161
TGO,Togo,country,2002,3.1617632
TGO,Togo,country,2003,3.2005103
TGO,Togo,country,2004,3.2392576
TGO,Togo,country,2005,3.2780046
TGO,Togo,country,2006,3.2935033
TGO,Togo,country,2007,3.3090022
TGO,Togo,country,2008,3.324501
TGO,Togo,country,2009,3.3399999
TGO,Togo,country,2010,3.49
TGO,Togo,country,2011,3.6400001
TGO,Togo,country,2012,3.8430967
TGO,Togo,country,2013,4.0461936
TGO,Togo,country,2014,4.24929
TGO,Togo,country,2015,4.4523869
TGO,Togo,country,2016,4.6554832
TGO,Togo,country,2017,4.8585801
TGO,Togo,country,2018,5.0918674
TGO,Togo,country,2019,5.3363562
TGO,Togo,country,2020,5.5925837
TGO,Togo,country,2021,5.8611145
TGO,Togo,country,2022,5.8611145
TGO,Togo,country,2023,5.8611145
THA,Thailand,country,1990,4.510304
THA,Thailand,country,1991,4.6280665
THA,Thailand,country,1992,4.7458291
THA,Thailand,country,1993,4.8635917
THA,Thailand,country,1994,4.9813542
THA,Thailand,country,1995,5.0991168
THA,Thailand,country,1996,5.2121687
THA,Thailand,country,1997,5.3252206
THA,Thailand,country,1998,5.4382725
THA,Thailand,country,1999,5.5513248
THA,Thailand,country,2000,5.6643767
THA,Thailand,country,2001,6.0482826
THA,Thailand,country,2002,6.432188
THA,Thailand,country,2003,6.8160939
THA,Thailand,country,2004,7.1999998
THA,Thailand,country,2005,7.085
THA,Thailand,country,2006,6.9699998
THA,Thailand,country,2007,7.1299996
THA,Thailand,country,2008,7.29
THA,Thailand,country,2009,7.4500003
THA,Thailand,country,2010,7.6100001
THA,Thailand,country,2011,7.71
THA,Thailand,country,2012,7.8099999
THA,Thailand,country,2013,7.9099998
THA,Thailand,country,2014,8.0466661
THA,Thailand,country,2015,8.1833334
THA,Thailand,country,2016,8.3199997
THA,Thailand,country,2017,8.3449993
THA,Thailand,country,2018,8.3699999
THA,Thailand,country,2019,8.6999998
THA,Thailand,country,2020,8.8133335
THA,Thailand,country,2021,8.9266663
THA,Thailand,country,2022,9.04
THA,Thailand,country,2023,9.04
TJK,Tajikistan,country,1990,9.3029709
TJK,Tajikistan,country,1991,9.4954453
TJK,Tajikistan,country,1992,9.6879206
TJK,Tajikistan,country,1993,9.8803959
TJK,Tajikistan,country,1994,10.072871
TJK,Tajikistan,country,1995,10.265347
TJK,Tajikistan,country,1996,10.372277
TJK,Tajikistan,country,1997,10.479208
TJK,Tajikistan,country,1998,10.586139
TJK,Tajikistan,country,1999,10.693069
TJK,Tajikistan,country,2000,10.8
TJK,Tajikistan,country,2001,10.836471
TJK,Tajikistan,country,2002,10.872941
TJK,Tajikistan,country,2003,10.909412
TJK,Tajikistan,country,2004,10.945883
TJK,Tajikistan,country,2005,10.982353
TJK,Tajikistan,country,2006,11.018824
TJK,Tajikistan,country,2007,11.055294
TJK,Tajikistan,country,2008,11.091764
TJK,Tajikistan,country,2009,11.128236
TJK,Tajikistan,country,2010,11.164706
TJK,Tajikistan,country,2011,11.201177
TJK,Tajikistan,country,2012,11.237647
TJK,Tajikistan,country,2013,11.274117
TJK,Tajikistan,country,2014,11.310588
TJK,Tajikistan,country,2015,11.347059
TJK,Tajikistan,country,2016,11.38353
TJK,Tajikistan,country,2017,11.42
TJK,Tajikistan,country,2018,11.376162
TJK,Tajikistan,country,2019,11.332322
TJK,Tajikistan,country,2020,11.288484
TJK,Tajikistan,country,2021,11.270948
TJK,Tajikistan,country,2022,11.270948
TJK,Tajikistan,country,2023,11.270948
TKM,Turkmenistan,country,1990,
TKM,Turkmenistan,country,1991,
TKM,Turkmenistan,country,1992,
TKM,Turkmenistan,country,1993,
TKM,Turkmenistan,country,1994,
TKM,Turkmenistan,country,1995,10.95
TKM,Turkmenistan,country,1996,10.943727
TKM,Turkmenistan,country,1997,10.937452
TKM,Turkmenistan,country,1998,10.931179
TKM,Turkmenistan,country,1999,10.924906
TKM,Turkmenistan,country,2000,10.918633
TKM,Turkmenistan,country,2001,10.912358
TKM,Turkmenistan,country,2002,10.906085
TKM,Turkmenistan,country,2003,10.899812
TKM,Turkmenistan,country,2004,10.893538
TKM,Turkmenistan,country,2005,10.887265
TKM,Turkmenistan,country,2006,10.880991
TKM,Turkmenistan,country,2007,10.874718
TKM,Turkmenistan,country,2008,10.868444
TKM,Turkmenistan,country,2009,10.862171
TKM,Turkmenistan,country,2010,10.855897
TKM,Turkmenistan,country,2011,10.849624
TKM,Turkmenistan,country,2012,10.84335
TKM,Turkmenistan,country,2013,10.837076
TKM,Turkmenistan,country,2014,10.830803
TKM,Turkmenistan,country,2015,10.82453
TKM,Turkmenistan,country,2016,10.888037
TKM,Turkmenistan,country,2017,10.951545
TKM,Turkmenistan,country,2018,11.015053
TKM,Turkmenistan,country,2019,11.07856
TKM,Turkmenistan,country,2020,11.142994
TKM,Turkmenistan,country,2021,11.207802
TKM,Turkmenistan,country,2022,11.207802
TKM,Turkmenistan,country,2023,11.207802
TLS,Timor-Leste,country,1990,
TLS,Timor-Leste,country,1991,
TLS,Timor-Leste,country,1992,
TLS,Timor-Leste,country,1993,
TLS,Timor-Leste,country,1994,
TLS,Timor-Leste,country,1995,
TLS,Timor-Leste,country,1996,
TLS,Timor-Leste,country,1997,
TLS,Timor-Leste,country,1998,
TLS,Timor-Leste,country,1999,
TLS,Timor-Leste,country,2000,3.7734511
TLS,Timor-Leste,country,2001,3.9075112
TLS,Timor-Leste,country,2002,4.0463338
TLS,Timor-Leste,country,2003,4.1900887
TLS,Timor-Leste,country,2004,4.3389511
TLS,Timor-Leste,country,2005,4.4931016
TLS,Timor-Leste,country,2006,4.652729
TLS,Timor-Leste,country,2007,4.8180275
TLS,Timor-Leste,country,2008,4.9891982
TLS,Timor-Leste,country,2009,5.1664505
TLS,Timor-Leste,country,2010,5.3499999
TLS,Timor-Leste,country,2011,5.3350401
TLS,Timor-Leste,country,2012,5.3200798
TLS,Timor-Leste,country,2013,5.30512
TLS,Timor-Leste,country,2014,5.2901602
TLS,Timor-Leste,country,2015,5.2751999
TLS,Timor-Leste,country,2016,5.2602401
TLS,Timor-Leste,country,2017,5.4406948
TLS,Timor-Leste,country,2018,5.6273403
TLS,Timor-Leste,country,2019,5.8203888
TLS,Timor-Leste,country,2020,6.0200596
TLS,Timor-Leste,country,2021,6.2265806
TLS,Timor-Leste,country,2022,6.2265806
TLS,Timor-Leste,country,2023,6.2265806
TON,Tonga,country,1990,9.1201792
TON,Tonga,country,1991,9.304781
TON,Tonga,country,1992,9.4893818
TON,Tonga,country,1993,9.6739826
TON,Tonga,country,1994,9.8585844
TON,Tonga,country,1995,10.043185
TON,Tonga,country,1996,10.03
TON,Tonga,country,1997,10.033999
TON,Tonga,country,1998,10.038
TON,Tonga,country,1999,10.042
TON,Tonga,country,2000,10.046
TON,Tonga,country,2001,10.049999
TON,Tonga,country,2002,10.054
TON,Tonga,country,2003,10.058
TON,Tonga,country,2004,10.061999
TON,Tonga,country,2005,10.066
TON,Tonga,country,2006,10.07
TON,Tonga,country,2007,10.24
TON,Tonga,country,2008,10.41
TON,Tonga,country,2009,10.58
TON,Tonga,country,2010,10.75
TON,Tonga,country,2011,10.92
TON,Tonga,country,2012,10.911425
TON,Tonga,country,2013,10.90285
TON,Tonga,country,2014,10.894276
TON,Tonga,country,2015,10.8857
TON,Tonga,country,2016,10.877125
TON,Tonga,country,2017,10.86855
TON,Tonga,country,2018,10.859976
TON,Tonga,country,2019,10.8514
TON,Tonga,country,2020,10.880286
TON,Tonga,country,2021,10.914949
TON,Tonga,country,2022,10.914949
TON,Tonga,country,2023,10.914949
TTO,Trinidad and Tobago,country,1990,7.25
TTO,Trinidad and Tobago,country,1991,7.4194446
TTO,Trinidad and Tobago,country,1992,7.5888891
TTO,Trinidad and Tobago,country,1993,7.7583332
TTO,Trinidad and Tobago,country,1994,7.9277778
TTO,Trinidad and Tobago,country,1995,8.0972223
TTO,Trinidad and Tobago,country,1996,8.2666664
TTO,Trinidad and Tobago,country,1997,8.4361115
TTO,Trinidad and Tobago,country,1998,8.6055555
TTO,Trinidad and Tobago,country,1999,8.7749996
TTO,Trinidad and Tobago,country,2000,8.9444447
TTO,Trinidad and Tobago,country,2001,9.1138887
TTO,Trinidad and Tobago,country,2002,9.2833338
TTO,Trinidad and Tobago,country,2003,9.4527779
TTO,Trinidad and Tobago,country,2004,9.6222219
TTO,Trinidad and Tobago,country,2005,9.791667
TTO,Trinidad and Tobago,country,2006,9.9611111
TTO,Trinidad and Tobago,country,2007,10.130556
TTO,Trinidad and Tobago,country,2008,10.3
TTO,Trinidad and Tobago,country,2009,10.3
TTO,Trinidad and Tobago,country,2010,10.47
TTO,Trinidad and Tobago,country,2011,10.64
TTO,Trinidad and Tobago,country,2012,10.653887
TTO,Trinidad and Tobago,country,2013,10.667773
TTO,Trinidad and Tobago,country,2014,10.68166
TTO,Trinidad and Tobago,country,2015,10.695546
TTO,Trinidad and Tobago,country,2016,10.709433
TTO,Trinidad and Tobago,country,2017,10.723318
TTO,Trinidad and Tobago,country,2018,10.737205
TTO,Trinidad and Tobago,country,2019,10.751091
TTO,Trinidad and Tobago,country,2020,10.764977
TTO,Trinidad and Tobago,country,2021,10.778864
TTO,Trinidad and Tobago,country,2022,10.79275
TTO,Trinidad and Tobago,country,2023,10.79275
TUN,Tunisia,country,1990,3.4640365
TUN,Tunisia,country,1991,3.6054256
TUN,Tunisia,country,1992,3.746815
TUN,Tunisia,country,1993,3.8882041
TUN,Tunisia,country,1994,4.0295935
TUN,Tunisia,country,1995,4.1709828
TUN,Tunisia,country,1996,4.3265109
TUN,Tunisia,country,1997,4.482039
TUN,Tunisia,country,1998,4.637567
TUN,Tunisia,country,1999,4.7930951
TUN,Tunisia,country,2000,4.9486237
TUN,Tunisia,country,2001,5.1203103
TUN,Tunisia,country,2002,5.2919974
TUN,Tunisia,country,2003,5.4636846
TUN,Tunisia,country,2004,5.6353712
TUN,Tunisia,country,2005,5.8070583
TUN,Tunisia,country,2006,5.9747052
TUN,Tunisia,country,2007,6.1423526
TUN,Tunisia,country,2008,6.3099999
TUN,Tunisia,country,2009,6.48
TUN,Tunisia,country,2010,6.6500001
TUN,Tunisia,country,2011,6.8200002
TUN,Tunisia,country,2012,6.7399998
TUN,Tunisia,country,2013,6.855
TUN,Tunisia,country,2014,6.9699998
TUN,Tunisia,country,2015,7.085
TUN,Tunisia,country,2016,7.1999998
TUN,Tunisia,country,2017,7.411305
TUN,Tunisia,country,2018,7.6226101
TUN,Tunisia,country,2019,7.29
TUN,Tunisia,country,2020,7.3916402
TUN,Tunisia,country,2021,7.4932799
TUN,Tunisia,country,2022,7.5949202
TUN,Tunisia,country,2023,7.5949202
TUR,Türkiye,country,1990,4.4569845
TUR,Türkiye,country,1991,4.5120821
TUR,Türkiye,country,1992,4.5671792
TUR,Türkiye,country,1993,4.6222768
TUR,Türkiye,country,1994,4.6773744
TUR,Türkiye,country,1995,4.7324715
TUR,Türkiye,country,1996,4.8761182
TUR,Türkiye,country,1997,5.0197649
TUR,Türkiye,country,1998,5.1634116
TUR,Türkiye,country,1999,5.3070583
TUR,Türkiye,country,2000,5.4507055
TUR,Türkiye,country,2001,5.5530291
TUR,Türkiye,country,2002,5.6553526
TUR,Türkiye,country,2003,5.7576766
TUR,Türkiye,country,2004,5.8600001
TUR,Türkiye,country,2005,5.9699998
TUR,Türkiye,country,2006,6.0599999
TUR,Türkiye,country,2007,6.1399999
TUR,Türkiye,country,2008,6.4000001
TUR,Türkiye,country,2009,6.5700002
TUR,Türkiye,country,2010,7.0900002
TUR,Türkiye,country,2011,7.3600001
TUR,Türkiye,country,2012,7.4899998
TUR,Türkiye,country,2013,7.6300001
TUR,Türkiye,country,2014,7.8000002
TUR,Türkiye,country,2015,7.96
TUR,Türkiye,country,2016,8.1000004
TUR,Türkiye,country,2017,8.2700005
TUR,Türkiye,country,2018,8.4499998
TUR,Türkiye,country,2019,8.6300001
TUR,Türkiye,country,2020,8.8063211
TUR,Türkiye,country,2021,8.9862432
TUR,Türkiye,country,2022,8.9862432
TUR,Türkiye,country,2023,8.9862432
TUV,Tuvalu,country,1990,7.1246057
TUV,Tuvalu,country,1991,7.2399998
TUV,Tuvalu,country,1992,7.3572626
TUV,Tuvalu,country,1993,7.4745255
TUV,Tuvalu,country,1994,7.5917883
TUV,Tuvalu,country,1995,7.7090511
TUV,Tuvalu,country,1996,7.826314
TUV,Tuvalu,country,1997,7.9435768
TUV,Tuvalu,country,1998,8.0608397
TUV,Tuvalu,country,1999,8.1781025
TUV,Tuvalu,country,2000,8.2953653
TUV,Tuvalu,country,2001,8.4126282
TUV,Tuvalu,country,2002,8.529891
TUV,Tuvalu,country,2003,8.6471539
TUV,Tuvalu,country,2004,8.7644167
TUV,Tuvalu,country,2005,8.8816805
TUV,Tuvalu,country,2006,8.9989433
TUV,Tuvalu,country,2007,9.1162062
TUV,Tuvalu,country,2008,9.233469
TUV,Tuvalu,country,2009,9.3507318
TUV,Tuvalu,country,2010,9.4679947
TUV,Tuvalu,country,2011,9.5852575
TUV,Tuvalu,country,2012,9.7025204
TUV,Tuvalu,country,2013,9.8197832
TUV,Tuvalu,country,2014,9.9370461
TUV,Tuvalu,country,2015,10.054309
TUV,Tuvalu,country,2016,10.171572
TUV,Tuvalu,country,2017,10.288835
TUV,Tuvalu,country,2018,10.406097
TUV,Tuvalu,country,2019,10.52336
TUV,Tuvalu,country,2020,10.644711
TUV,Tuvalu,country,2021,10.767461
TUV,Tuvalu,country,2022,10.767461
TUV,Tuvalu,country,2023,10.767461
TZA,United Republic of Tanzania,country,1990,3.3318985
TZA,United Republic of Tanzania,country,1991,3.4226003
TZA,United Republic of Tanzania,country,1992,3.5133018
TZA,United Republic of Tanzania,country,1993,3.6040037
TZA,United Republic of Tanzania,country,1994,3.6947052
TZA,United Republic of Tanzania,country,1995,3.7854071
TZA,United Republic of Tanzania,country,1996,3.8742576
TZA,United Republic of Tanzania,country,1997,3.9631083
TZA,United Republic of Tanzania,country,1998,4.051959
TZA,United Republic of Tanzania,country,1999,4.1408095
TZA,United Republic of Tanzania,country,2000,4.22966
TZA,United Republic of Tanzania,country,2001,4.2648301
TZA,United Republic of Tanzania,country,2002,4.3000002
TZA,United Republic of Tanzania,country,2003,4.415
TZA,United Republic of Tanzania,country,2004,4.5300002
TZA,United Republic of Tanzania,country,2005,4.645
TZA,United Republic of Tanzania,country,2006,4.7600002
TZA,United Republic of Tanzania,country,2007,4.875
TZA,United Republic of Tanzania,country,2008,4.9899998
TZA,United Republic of Tanzania,country,2009,5.105
TZA,United Republic of Tanzania,country,2010,5.2199998
TZA,United Republic of Tanzania,country,2011,5.335
TZA,United Republic of Tanzania,country,2012,5.4499998
TZA,United Republic of Tanzania,country,2013,5.4645233
TZA,United Republic of Tanzania,country,2014,5.4790463
TZA,United Republic of Tanzania,country,2015,5.4935699
TZA,United Republic of Tanzania,country,2016,5.5254297
TZA,United Republic of Tanzania,country,2017,5.5572901
TZA,United Republic of Tanzania,country,2018,5.58915
TZA,United Republic of Tanzania,country,2019,5.7082
TZA,United Republic of Tanzania,country,2020,5.82725
TZA,United Republic of Tanzania,country,2021,5.9463
TZA,United Republic of Tanzania,country,2022,6.0653501
TZA,United Republic of Tanzania,country,2023,6.0653501
UGA,Uganda,country,1990,3.1745219
UGA,Uganda,country,1991,3.25
UGA,Uganda,country,1992,3.3272727
UGA,Uganda,country,1993,3.4045455
UGA,Uganda,country,1994,3.4818182
UGA,Uganda,country,1995,3.5590909
UGA,Uganda,country,1996,3.6363635
UGA,Uganda,country,1997,3.7136364
UGA,Uganda,country,1998,3.7909091
UGA,Uganda,country,1999,3.8681817
UGA,Uganda,country,2000,3.9454544
UGA,Uganda,country,2001,4.022727
UGA,Uganda,country,2002,4.0999999
UGA,Uganda,country,2003,4.2750001
UGA,Uganda,country,2004,4.4499998
UGA,Uganda,country,2005,4.625
UGA,Uganda,country,2006,4.8000002
UGA,Uganda,country,2007,4.9749999
UGA,Uganda,country,2008,5.1500001
UGA,Uganda,country,2009,5.145
UGA,Uganda,country,2010,5.1400003
UGA,Uganda,country,2011,5.1350002
UGA,Uganda,country,2012,5.1300001
UGA,Uganda,country,2013,5.3199625
UGA,Uganda,country,2014,5.5099249
UGA,Uganda,country,2015,5.6998878
UGA,Uganda,country,2016,5.8898501
UGA,Uganda,country,2017,5.974164
UGA,Uganda,country,2018,6.0596848
UGA,Uganda,country,2019,6.14643
UGA,Uganda,country,2020,6.2344165
UGA,Uganda,country,2021,6.3236632
UGA,Uganda,country,2022,6.3236632
UGA,Uganda,country,2023,6.3236632
UKR,Ukraine,country,1990,9.2791014
UKR,Ukraine,country,1991,9.4618406
UKR,Ukraine,country,1992,9.6445799
UKR,Ukraine,country,1993,9.8273191
UKR,Ukraine,country,1994,10.010059
UKR,Ukraine,country,1995,10.192799
UKR,Ukraine,country,1996,10.322746
UKR,Ukraine,country,1997,10.452695
UKR,Ukraine,country,1998,10.582643
UKR,Ukraine,country,1999,10.71259
UKR,Ukraine,country,2000,10.842539
UKR,Ukraine,country,2001,10.94
UKR,Ukraine,country,2002,11.03746
UKR,Ukraine,country,2003,11.134922
UKR,Ukraine,country,2004,11.232383
UKR,Ukraine,country,2005,11.329844
UKR,Ukraine,country,2006,11.366391
UKR,Ukraine,country,2007,11.40294
UKR,Ukraine,country,2008,11.439487
UKR,Ukraine,country,2009,11.476035
UKR,Ukraine,country,2010,11.512583
UKR,Ukraine,country,2011,11.443548
UKR,Ukraine,country,2012,11.374514
UKR,Ukraine,country,2013,11.305478
UKR,Ukraine,country,2014,11.236444
UKR,Ukraine,country,2015,11.167409
UKR,Ukraine,country,2016,11.159286
UKR,Ukraine,country,2017,11.151165
UKR,Ukraine,country,2018,11.143044
UKR,Ukraine,country,2019,11.134922
UKR,Ukraine,country,2020,11.1268
UKR,Ukraine,country,2021,11.122739
UKR,Ukraine,country,2022,11.122739
UKR,Ukraine,country,2023,11.122739
URY,Uruguay,country,1990,7.1549029
URY,Uruguay,country,1991,7.1930356
URY,Uruguay,country,1992,7.2311687
URY,Uruguay,country,1993,7.2693014
URY,Uruguay,country,1994,7.3074341
URY,Uruguay,country,1995,7.3455667
URY,Uruguay,country,1996,7.4699998
URY,Uruguay,country,1997,7.6814284
URY,Uruguay,country,1998,7.8928571
URY,Uruguay,country,1999,8.1042852
URY,Uruguay,country,2000,8.3157139
URY,Uruguay,country,2001,8.5271425
URY,Uruguay,country,2002,8.7385712
URY,Uruguay,country,2003,8.9499998
URY,Uruguay,country,2004,8.6333332
URY,Uruguay,country,2005,8.3166666
URY,Uruguay,country,2006,8
URY,Uruguay,country,2007,8.1850004
URY,Uruguay,country,2008,8.3699999
URY,Uruguay,country,2009,8.3699999
URY,Uruguay,country,2010,8.3299999
URY,Uruguay,country,2011,8.3999996
URY,Uruguay,country,2012,8.4799995
URY,Uruguay,country,2013,8.5200005
URY,Uruguay,country,2014,8.6099997
URY,Uruguay,country,2015,8.6700001
URY,Uruguay,country,2016,8.6999998
URY,Uruguay,country,2017,8.8299999
URY,Uruguay,country,2018,8.9099998
URY,Uruguay,country,2019,8.9799995
URY,Uruguay,country,2020,9.5
URY,Uruguay,country,2021,10.02
URY,Uruguay,country,2022,10.54
URY,Uruguay,country,2023,10.54
USA,United States of America,country,1990,12.98
USA,United States of America,country,1991,13.0275
USA,United States of America,country,1992,13.075
USA,United States of America,country,1993,13.122499
USA,United States of America,country,1994,13.17
USA,United States of America,country,1995,13.135
USA,United States of America,country,1996,13.1
USA,United States of America,country,1997,13.065
USA,United States of America,country,1998,13.03
USA,United States of America,country,1999,12.995
USA,United States of America,country,2000,12.96
USA,United States of America,country,2001,12.925
USA,United States of America,country,2002,12.889999
USA,United States of America,country,2003,12.855
USA,United States of America,country,2004,12.82
USA,United States of America,country,2005,12.83
USA,United States of America,country,2006,12.91
USA,United States of America,country,2007,12.95
USA,United States of America,country,2008,12.99
USA,United States of America,country,2009,13.01
USA,United States of America,country,2010,13.05
USA,United States of America,country,2011,13.1
USA,United States of America,country,2012,13.14
USA,United States of America,country,2013,13.2
USA,United States of America,country,2014,13.22
USA,United States of America,country,2015,13.25
USA,United States of America,country,2016,13.34
USA,United States of America,country,2017,13.41329
USA,United States of America,country,2018,13.5
USA,United States of America,country,2019,13.59
USA,United States of America,country,2020,13.68
USA,United States of America,country,2021,13.5755
USA,United States of America,country,2022,13.91
USA,United States of America,country,2023,13.91
UZB,Uzbekistan,country,1990,
UZB,Uzbekistan,country,1991,
UZB,Uzbekistan,country,1992,
UZB,Uzbekistan,country,1993,
UZB,Uzbekistan,country,1994,
UZB,Uzbekistan,country,1995,
UZB,Uzbekistan,country,1996,
UZB,Uzbekistan,country,1997,
UZB,Uzbekistan,country,1998,
UZB,Uzbekistan,country,1999,
UZB,Uzbekistan,country,2000,10.061572
UZB,Uzbekistan,country,2001,10.14974
UZB,Uzbekistan,country,2002,10.238681
UZB,Uzbekistan,country,2003,10.328402
UZB,Uzbekistan,country,2004,10.418908
UZB,Uzbekistan,country,2005,10.510207
UZB,Uzbekistan,country,2006,10.602306
UZB,Uzbekistan,country,2007,10.695213
UZB,Uzbekistan,country,2008,10.788934
UZB,Uzbekistan,country,2009,10.883475
UZB,Uzbekistan,country,2010,10.978846
UZB,Uzbekistan,country,2011,11.075052
UZB,Uzbekistan,country,2012,11.172101
UZB,Uzbekistan,country,2013,11.27
UZB,Uzbekistan,country,2014,11.34
UZB,Uzbekistan,country,2015,11.36
UZB,Uzbekistan,country,2016,11.67
UZB,Uzbekistan,country,2017,11.72
UZB,Uzbekistan,country,2018,11.77
UZB,Uzbekistan,country,2019,11.9
UZB,Uzbekistan,country,2020,11.89
UZB,Uzbekistan,country,2021,11.88
UZB,Uzbekistan,country,2022,11.91
UZB,Uzbekistan,country,2023,11.91
VCT,Saint Vincent and the Grenadines,country,1990,
VCT,Saint Vincent and the Grenadines,country,1991,
VCT,Saint Vincent and the Grenadines,country,1992,
VCT,Saint Vincent and the Grenadines,country,1993,
VCT,Saint Vincent and the Grenadines,country,1994,
VCT,Saint Vincent and the Grenadines,country,1995,
VCT,Saint Vincent and the Grenadines,country,1996,
VCT,Saint Vincent and the Grenadines,country,1997,
VCT,Saint Vincent and the Grenadines,country,1998,
VCT,Saint Vincent and the Grenadines,country,1999,
VCT,Saint Vincent and the Grenadines,country,2000,9.3963413
VCT,Saint Vincent and the Grenadines,country,2001,9.4753866
VCT,Saint Vincent and the Grenadines,country,2002,9.5550976
VCT,Saint Vincent and the Grenadines,country,2003,9.635479
VCT,Saint Vincent and the Grenadines,country,2004,9.7165365
VCT,Saint Vincent and the Grenadines,country,2005,9.7982759
VCT,Saint Vincent and the Grenadines,country,2006,9.880703
VCT,Saint Vincent and the Grenadines,country,2007,9.9638233
VCT,Saint Vincent and the Grenadines,country,2008,10.047644
VCT,Saint Vincent and the Grenadines,country,2009,10.132168
VCT,Saint Vincent and the Grenadines,country,2010,10.217404
VCT,Saint Vincent and the Grenadines,country,2011,10.303357
VCT,Saint Vincent and the Grenadines,country,2012,10.390033
VCT,Saint Vincent and the Grenadines,country,2013,10.477438
VCT,Saint Vincent and the Grenadines,country,2014,10.565578
VCT,Saint Vincent and the Grenadines,country,2015,10.653719
VCT,Saint Vincent and the Grenadines,country,2016,10.741859
VCT,Saint Vincent and the Grenadines,country,2017,10.83
VCT,Saint Vincent and the Grenadines,country,2018,10.91814
VCT,Saint Vincent and the Grenadines,country,2019,11.043877
VCT,Saint Vincent and the Grenadines,country,2020,11.169613
VCT,Saint Vincent and the Grenadines,country,2021,11.29535
VCT,Saint Vincent and the Grenadines,country,2022,11.29535
VCT,Saint Vincent and the Grenadines,country,2023,11.29535
VEN,Venezuela (Bolivarian Republic of),country,1990,5.3400002
VEN,Venezuela (Bolivarian Republic of),country,1991,5.588182
VEN,Venezuela (Bolivarian Republic of),country,1992,5.8363638
VEN,Venezuela (Bolivarian Republic of),country,1993,6.0845456
VEN,Venezuela (Bolivarian Republic of),country,1994,6.3327274
VEN,Venezuela (Bolivarian Republic of),country,1995,6.5809093
VEN,Venezuela (Bolivarian Republic of),country,1996,6.8290906
VEN,Venezuela (Bolivarian Republic of),country,1997,7.0772724
VEN,Venezuela (Bolivarian Republic of),country,1998,7.3254542
VEN,Venezuela (Bolivarian Republic of),country,1999,7.5736361
VEN,Venezuela (Bolivarian Republic of),country,2000,7.8218179
VEN,Venezuela (Bolivarian Republic of),country,2001,8.0699997
VEN,Venezuela (Bolivarian Republic of),country,2002,7.9579997
VEN,Venezuela (Bolivarian Republic of),country,2003,7.8459997
VEN,Venezuela (Bolivarian Republic of),country,2004,7.7340002
VEN,Venezuela (Bolivarian Republic of),country,2005,7.6220002
VEN,Venezuela (Bolivarian Republic of),country,2006,7.5100002
VEN,Venezuela (Bolivarian Republic of),country,2007,7.9899998
VEN,Venezuela (Bolivarian Republic of),country,2008,8.1400003
VEN,Venezuela (Bolivarian Republic of),country,2009,8.25
VEN,Venezuela (Bolivarian Republic of),country,2010,8.6850004
VEN,Venezuela (Bolivarian Republic of),country,2011,9.1199999
VEN,Venezuela (Bolivarian Republic of),country,2012,9.25
VEN,Venezuela (Bolivarian Republic of),country,2013,9.3800001
VEN,Venezuela (Bolivarian Republic of),country,2014,9.5100002
VEN,Venezuela (Bolivarian Republic of),country,2015,9.6400003
VEN,Venezuela (Bolivarian Republic of),country,2016,10.31
VEN,Venezuela (Bolivarian Republic of),country,2017,10.136143
VEN,Venezuela (Bolivarian Republic of),country,2018,9.962285
VEN,Venezuela (Bolivarian Republic of),country,2019,9.8203354
VEN,Venezuela (Bolivarian Republic of),country,2020,9.6783857
VEN,Venezuela (Bolivarian Republic of),country,2021,9.6783857
VEN,Venezuela (Bolivarian Republic of),country,2022,9.6783857
VEN,Venezuela (Bolivarian Republic of),country,2023,9.6783857
VNM,Viet Nam,country,1990,4.0987306
VNM,Viet Nam,country,1991,4.2360487
VNM,Viet Nam,country,1992,4.3733664
VNM,Viet Nam,country,1993,4.5106845
VNM,Viet Nam,country,1994,4.6480021
VNM,Viet Nam,country,1995,4.7853203
VNM,Viet Nam,country,1996,4.9559269
VNM,Viet Nam,country,1997,5.126534
VNM,Viet Nam,country,1998,5.2971411
VNM,Viet Nam,country,1999,5.4677482
VNM,Viet Nam,country,2000,5.6383553
VNM,Viet Nam,country,2001,5.850574
VNM,Viet Nam,country,2002,6.0627923
VNM,Viet Nam,country,2003,6.2750111
VNM,Viet Nam,country,2004,6.4872293
VNM,Viet Nam,country,2005,6.6994481
VNM,Viet Nam,country,2006,6.909586
VNM,Viet Nam,country,2007,7.1197238
VNM,Viet Nam,country,2008,7.3298621
VNM,Viet Nam,country,2009,7.54
VNM,Viet Nam,country,2010,7.6300001
VNM,Viet Nam,country,2011,7.7199998
VNM,Viet Nam,country,2012,7.8099999
VNM,Viet Nam,country,2013,7.8999996
VNM,Viet Nam,country,2014,7.9899998
VNM,Viet Nam,country,2015,8.0799999
VNM,Viet Nam,country,2016,8.1700001
VNM,Viet Nam,country,2017,8.2599993
VNM,Viet Nam,country,2018,8.3499994
VNM,Viet Nam,country,2019,8.4399996
VNM,Viet Nam,country,2020,8.6199999
VNM,Viet Nam,country,2021,8.7999992
VNM,Viet Nam,country,2022,8.9799995
VNM,Viet Nam,country,2023,8.9799995
VUT,Vanuatu,country,1990,
VUT,Vanuatu,country,1991,
VUT,Vanuatu,country,1992,
VUT,Vanuatu,country,1993,
VUT,Vanuatu,country,1994,
VUT,Vanuatu,country,1995,
VUT,Vanuatu,country,1996,
VUT,Vanuatu,country,1997,
VUT,Vanuatu,country,1998,
VUT,Vanuatu,country,1999,
VUT,Vanuatu,country,2000,
VUT,Vanuatu,country,2001,
VUT,Vanuatu,country,2002,
VUT,Vanuatu,country,2003,
VUT,Vanuatu,country,2004,
VUT,Vanuatu,country,2005,5.5755153
VUT,Vanuatu,country,2006,5.667716
VUT,Vanuatu,country,2007,5.7614417
VUT,Vanuatu,country,2008,5.8567171
VUT,Vanuatu,country,2009,5.953568
VUT,Vanuatu,country,2010,6.052021
VUT,Vanuatu,country,2011,6.1521015
VUT,Vanuatu,country,2012,6.2538371
VUT,Vanuatu,country,2013,6.3572555
VUT,Vanuatu,country,2014,6.4606733
VUT,Vanuatu,country,2015,6.5640917
VUT,Vanuatu,country,2016,6.6675096
VUT,Vanuatu,country,2017,6.7709279
VUT,Vanuatu,country,2018,6.9083552
VUT,Vanuatu,country,2019,7.0457826
VUT,Vanuatu,country,2020,7.1832099
VUT,Vanuatu,country,2021,7.1832099
VUT,Vanuatu,country,2022,7.1832099
VUT,Vanuatu,country,2023,7.1832099
WSM,Samoa,country,1990,10.128377
WSM,Samoa,country,1991,10.197906
WSM,Samoa,country,1992,10.267913
WSM,Samoa,country,1993,10.3384
WSM,Samoa,country,1994,10.409371
WSM,Samoa,country,1995,10.480829
WSM,Samoa,country,1996,10.552778
WSM,Samoa,country,1997,10.625221
WSM,Samoa,country,1998,10.698161
WSM,Samoa,country,1999,10.771603
WSM,Samoa,country,2000,10.845548
WSM,Samoa,country,2001,10.92
WSM,Samoa,country,2002,10.996
WSM,Samoa,country,2003,11.072001
WSM,Samoa,country,2004,11.148
WSM,Samoa,country,2005,11.224
WSM,Samoa,country,2006,11.3
WSM,Samoa,country,2007,11.376
WSM,Samoa,country,2008,11.452001
WSM,Samoa,country,2009,11.528
WSM,Samoa,country,2010,11.604
WSM,Samoa,country,2011,11.68
WSM,Samoa,country,2012,11.645226
WSM,Samoa,country,2013,11.610451
WSM,Samoa,country,2014,11.575675
WSM,Samoa,country,2015,11.5409
WSM,Samoa,country,2016,11.506125
WSM,Samoa,country,2017,11.47135
WSM,Samoa,country,2018,11.436575
WSM,Samoa,country,2019,11.4018
WSM,Samoa,country,2020,11.36734
WSM,Samoa,country,2021,11.332984
WSM,Samoa,country,2022,11.332984
WSM,Samoa,country,2023,11.332984
YEM,Yemen,country,1990,.3231214
YEM,Yemen,country,1991,.40334463
YEM,Yemen,country,1992,.48356786
YEM,Yemen,country,1993,.5637911
YEM,Yemen,country,1994,.64401436
YEM,Yemen,country,1995,.72423762
YEM,Yemen,country,1996,.84680086
YEM,Yemen,country,1997,.96936417
YEM,Yemen,country,1998,1.0919274
YEM,Yemen,country,1999,1.2144908
YEM,Yemen,country,2000,1.337054
YEM,Yemen,country,2001,1.48413
YEM,Yemen,country,2002,1.6312059
YEM,Yemen,country,2003,1.7782818
YEM,Yemen,country,2004,1.9253578
YEM,Yemen,country,2005,2.0724337
YEM,Yemen,country,2006,2.2373371
YEM,Yemen,country,2007,2.4022405
YEM,Yemen,country,2008,2.5671437
YEM,Yemen,country,2009,2.7320471
YEM,Yemen,country,2010,2.8969505
YEM,Yemen,country,2011,3.1197927
YEM,Yemen,country,2012,3.3426352
YEM,Yemen,country,2013,3.5654774
YEM,Yemen,country,2014,3.7883198
YEM,Yemen,country,2015,4.0111623
YEM,Yemen,country,2016,4.1760654
YEM,Yemen,country,2017,4.3409686
YEM,Yemen,country,2018,4.5058722
YEM,Yemen,country,2019,4.6707754
YEM,Yemen,country,2020,4.8356786
YEM,Yemen,country,2021,5.051836
YEM,Yemen,country,2022,5.267993
YEM,Yemen,country,2023,5.4841499
ZAF,South Africa,country,1990,6.6996365
ZAF,South Africa,country,1991,7.0568128
ZAF,South Africa,country,1992,7.4139895
ZAF,South Africa,country,1993,7.7711658
ZAF,South Africa,country,1994,8.1283417
ZAF,South Africa,country,1995,8.4855185
ZAF,South Africa,country,1996,8.2811222
ZAF,South Africa,country,1997,8.0767269
ZAF,South Africa,country,1998,7.8723311
ZAF,South Africa,country,1999,7.6679354
ZAF,South Africa,country,2000,7.4635396
ZAF,South Africa,country,2001,7.6700001
ZAF,South Africa,country,2002,8.5200005
ZAF,South Africa,country,2003,8.7600002
ZAF,South Africa,country,2004,8.8199997
ZAF,South Africa,country,2005,8.8999996
ZAF,South Africa,country,2006,8.9499998
ZAF,South Africa,country,2007,9.0799999
ZAF,South Africa,country,2008,9.2200003
ZAF,South Africa,country,2009,9.6000004
ZAF,South Africa,country,2010,9.6700001
ZAF,South Africa,country,2011,9.6899996
ZAF,South Africa,country,2012,9.9300003
ZAF,South Africa,country,2013,10.04
ZAF,South Africa,country,2014,10.15
ZAF,South Africa,country,2015,10.23
ZAF,South Africa,country,2016,10.184999
ZAF,South Africa,country,2017,10.14
ZAF,South Africa,country,2018,10.755
ZAF,South Africa,country,2019,11.37
ZAF,South Africa,country,2020,10.55466
ZAF,South Africa,country,2021,11.61
ZAF,South Africa,country,2022,11.61
ZAF,South Africa,country,2023,11.61
ZMB,Zambia,country,1990,4.48
ZMB,Zambia,country,1991,4.5710483
ZMB,Zambia,country,1992,4.6620965
ZMB,Zambia,country,1993,4.7531447
ZMB,Zambia,country,1994,4.844193
ZMB,Zambia,country,1995,4.9352412
ZMB,Zambia,country,1996,5.0262895
ZMB,Zambia,country,1997,5.1173372
ZMB,Zambia,country,1998,5.2083855
ZMB,Zambia,country,1999,5.2994337
ZMB,Zambia,country,2000,5.3904819
ZMB,Zambia,country,2001,5.4815302
ZMB,Zambia,country,2002,5.5725784
ZMB,Zambia,country,2003,5.6636267
ZMB,Zambia,country,2004,5.7546749
ZMB,Zambia,country,2005,5.8457232
ZMB,Zambia,country,2006,5.9367714
ZMB,Zambia,country,2007,6.0278196
ZMB,Zambia,country,2008,6.1188679
ZMB,Zambia,country,2009,6.2099161
ZMB,Zambia,country,2010,6.3009644
ZMB,Zambia,country,2011,6.3920126
ZMB,Zambia,country,2012,6.4830604
ZMB,Zambia,country,2013,6.5741086
ZMB,Zambia,country,2014,6.6651568
ZMB,Zambia,country,2015,6.7562051
ZMB,Zambia,country,2016,6.8472533
ZMB,Zambia,country,2017,6.9383016
ZMB,Zambia,country,2018,7.0293498
ZMB,Zambia,country,2019,7.1571217
ZMB,Zambia,country,2020,7.284893
ZMB,Zambia,country,2021,7.3974085
ZMB,Zambia,country,2022,7.3974085
ZMB,Zambia,country,2023,7.3974085
ZWE,Zimbabwe,country,1990,5.0267124
ZWE,Zimbabwe,country,1991,5.1712775
ZWE,Zimbabwe,country,1992,5.3200002
ZWE,Zimbabwe,country,1993,5.473
ZWE,Zimbabwe,country,1994,5.6259999
ZWE,Zimbabwe,country,1995,5.7790003
ZWE,Zimbabwe,country,1996,5.9320002
ZWE,Zimbabwe,country,1997,6.085
ZWE,Zimbabwe,country,1998,6.2379999
ZWE,Zimbabwe,country,1999,6.3909998
ZWE,Zimbabwe,country,2000,6.5440001
ZWE,Zimbabwe,country,2001,6.697
ZWE,Zimbabwe,country,2002,6.8499999
ZWE,Zimbabwe,country,2003,6.9520001
ZWE,Zimbabwe,country,2004,7.0539999
ZWE,Zimbabwe,country,2005,7.1560001
ZWE,Zimbabwe,country,2006,7.2579999
ZWE,Zimbabwe,country,2007,7.3599997
ZWE,Zimbabwe,country,2008,7.4619999
ZWE,Zimbabwe,country,2009,7.5639997
ZWE,Zimbabwe,country,2010,7.6659999
ZWE,Zimbabwe,country,2011,7.7679996
ZWE,Zimbabwe,country,2012,7.8699999
ZWE,Zimbabwe,country,2013,7.9899998
ZWE,Zimbabwe,country,2014,8.1099997
ZWE,Zimbabwe,country,2015,8.3890495
ZWE,Zimbabwe,country,2016,8.4245243
ZWE,Zimbabwe,country,2017,8.46
ZWE,Zimbabwe,country,2018,8.5737305
ZWE,Zimbabwe,country,2019,8.6874599
ZWE,Zimbabwe,country,2020,8.8083134
ZWE,Zimbabwe,country,2021,8.9308472
ZWE,Zimbabwe,country,2022,8.9308472
ZWE,Zimbabwe,country,2023,8.9308472
ZZA.VHHD,Very high human development,benchmark,1990,9.8438272
ZZA.VHHD,Very high human development,benchmark,1991,9.9614773
ZZA.VHHD,Very high human development,benchmark,1992,10.078694
ZZA.VHHD,Very high human development,benchmark,1993,10.195422
ZZA.VHHD,Very high human development,benchmark,1994,10.310664
ZZA.VHHD,Very high human development,benchmark,1995,10.40685
ZZA.VHHD,Very high human development,benchmark,1996,10.51826
ZZA.VHHD,Very high human development,benchmark,1997,10.629623
ZZA.VHHD,Very high human development,benchmark,1998,10.739899
ZZA.VHHD,Very high human development,benchmark,1999,10.848433
ZZA.VHHD,Very high human development,benchmark,2000,10.941226
ZZA.VHHD,Very high human development,benchmark,2001,11.031425
ZZA.VHHD,Very high human development,benchmark,2002,11.129016
ZZA.VHHD,Very high human development,benchmark,2003,11.225434
ZZA.VHHD,Very high human development,benchmark,2004,11.309674
ZZA.VHHD,Very high human development,benchmark,2005,11.371242
ZZA.VHHD,Very high human development,benchmark,2006,11.450751
ZZA.VHHD,Very high human development,benchmark,2007,11.527969
ZZA.VHHD,Very high human development,benchmark,2008,11.60613
ZZA.VHHD,Very high human development,benchmark,2009,11.664224
ZZA.VHHD,Very high human development,benchmark,2010,11.759161
ZZA.VHHD,Very high human development,benchmark,2011,11.82256
ZZA.VHHD,Very high human development,benchmark,2012,11.891034
ZZA.VHHD,Very high human development,benchmark,2013,11.925663
ZZA.VHHD,Very high human development,benchmark,2014,11.97723
ZZA.VHHD,Very high human development,benchmark,2015,12.039427
ZZA.VHHD,Very high human development,benchmark,2016,12.102042
ZZA.VHHD,Very high human development,benchmark,2017,12.167729
ZZA.VHHD,Very high human development,benchmark,2018,12.240841
ZZA.VHHD,Very high human development,benchmark,2019,12.325458
ZZA.VHHD,Very high human development,benchmark,2020,12.411964
ZZA.VHHD,Very high human development,benchmark,2021,12.451179
ZZA.VHHD,Very high human development,benchmark,2022,12.527603
ZZA.VHHD,Very high human development,benchmark,2023,12.52677
ZZB.HHD,High human development,benchmark,1990,4.6161447
ZZB.HHD,High human development,benchmark,1991,4.7974315
ZZB.HHD,High human development,benchmark,1992,4.9789476
ZZB.HHD,High human development,benchmark,1993,5.1599779
ZZB.HHD,High human development,benchmark,1994,5.3392015
ZZB.HHD,High human development,benchmark,1995,5.5406866
ZZB.HHD,High human development,benchmark,1996,5.7116203
ZZB.HHD,High human development,benchmark,1997,5.8791785
ZZB.HHD,High human development,benchmark,1998,6.0480738
ZZB.HHD,High human development,benchmark,1999,6.2177038
ZZB.HHD,High human development,benchmark,2000,6.4172893
ZZB.HHD,High human development,benchmark,2001,6.5489659
ZZB.HHD,High human development,benchmark,2002,6.6867304
ZZB.HHD,High human development,benchmark,2003,6.8162894
ZZB.HHD,High human development,benchmark,2004,6.9447446
ZZB.HHD,High human development,benchmark,2005,7.0511546
ZZB.HHD,High human development,benchmark,2006,7.1611238
ZZB.HHD,High human development,benchmark,2007,7.211648
ZZB.HHD,High human development,benchmark,2008,7.3046947
ZZB.HHD,High human development,benchmark,2009,7.4218631
ZZB.HHD,High human development,benchmark,2010,7.5209908
ZZB.HHD,High human development,benchmark,2011,7.6240015
ZZB.HHD,High human development,benchmark,2012,7.7389235
ZZB.HHD,High human development,benchmark,2013,7.8305726
ZZB.HHD,High human development,benchmark,2014,7.9181423
ZZB.HHD,High human development,benchmark,2015,8.0138626
ZZB.HHD,High human development,benchmark,2016,8.1164646
ZZB.HHD,High human development,benchmark,2017,8.2172852
ZZB.HHD,High human development,benchmark,2018,8.3213511
ZZB.HHD,High human development,benchmark,2019,8.4397211
ZZB.HHD,High human development,benchmark,2020,8.5214834
ZZB.HHD,High human development,benchmark,2021,8.6611681
ZZB.HHD,High human development,benchmark,2022,8.6867418
ZZB.HHD,High human development,benchmark,2023,8.6878576
ZZC.MHD,Medium human development,benchmark,1990,2.9174106
ZZC.MHD,Medium human development,benchmark,1991,3.0229766
ZZC.MHD,Medium human development,benchmark,1992,3.1287038
ZZC.MHD,Medium human development,benchmark,1993,3.2344353
ZZC.MHD,Medium human development,benchmark,1994,3.3414626
ZZC.MHD,Medium human development,benchmark,1995,3.448379
ZZC.MHD,Medium human development,benchmark,1996,3.5956001
ZZC.MHD,Medium human development,benchmark,1997,3.7425983
ZZC.MHD,Medium human development,benchmark,1998,3.8898995
ZZC.MHD,Medium human development,benchmark,1999,4.0323749
ZZC.MHD,Medium human development,benchmark,2000,4.1803036
ZZC.MHD,Medium human development,benchmark,2001,4.2681079
ZZC.MHD,Medium human development,benchmark,2002,4.3525152
ZZC.MHD,Medium human development,benchmark,2003,4.4407735
ZZC.MHD,Medium human development,benchmark,2004,4.5365796
ZZC.MHD,Medium human development,benchmark,2005,4.6282649
ZZC.MHD,Medium human development,benchmark,2006,4.7396212
ZZC.MHD,Medium human development,benchmark,2007,4.8522387
ZZC.MHD,Medium human development,benchmark,2008,4.9624553
ZZC.MHD,Medium human development,benchmark,2009,5.06426
ZZC.MHD,Medium human development,benchmark,2010,5.1528974
ZZC.MHD,Medium human development,benchmark,2011,5.3379388
ZZC.MHD,Medium human development,benchmark,2012,5.4326034
ZZC.MHD,Medium human development,benchmark,2013,5.5030875
ZZC.MHD,Medium human development,benchmark,2014,5.6181178
ZZC.MHD,Medium human development,benchmark,2015,5.7831874
ZZC.MHD,Medium human development,benchmark,2016,5.8926196
ZZC.MHD,Medium human development,benchmark,2017,6.0820351
ZZC.MHD,Medium human development,benchmark,2018,6.269269
ZZC.MHD,Medium human development,benchmark,2019,6.3646965
ZZC.MHD,Medium human development,benchmark,2020,6.563005
ZZC.MHD,Medium human development,benchmark,2021,6.602984
ZZC.MHD,Medium human development,benchmark,2022,6.6429353
ZZC.MHD,Medium human development,benchmark,2023,6.8432784
ZZD.LHD,Low human development,benchmark,1990,2.0724127
ZZD.LHD,Low human development,benchmark,1991,2.1685579
ZZD.LHD,Low human development,benchmark,1992,2.2619743
ZZD.LHD,Low human development,benchmark,1993,2.3540509
ZZD.LHD,Low human development,benchmark,1994,2.4503374
ZZD.LHD,Low human development,benchmark,1995,2.5431435
ZZD.LHD,Low human development,benchmark,1996,2.6232562
ZZD.LHD,Low human development,benchmark,1997,2.7026989
ZZD.LHD,Low human development,benchmark,1998,2.7868593
ZZD.LHD,Low human development,benchmark,1999,2.9131098
ZZD.LHD,Low human development,benchmark,2000,2.7620595
ZZD.LHD,Low human development,benchmark,2001,2.900986
ZZD.LHD,Low human development,benchmark,2002,3.0353453
ZZD.LHD,Low human development,benchmark,2003,3.1661627
ZZD.LHD,Low human development,benchmark,2004,3.3000474
ZZD.LHD,Low human development,benchmark,2005,3.3840232
ZZD.LHD,Low human development,benchmark,2006,3.4204535
ZZD.LHD,Low human development,benchmark,2007,3.4506557
ZZD.LHD,Low human development,benchmark,2008,3.5192378
ZZD.LHD,Low human development,benchmark,2009,3.5532095
ZZD.LHD,Low human development,benchmark,2010,3.6381578
ZZD.LHD,Low human development,benchmark,2011,3.7381549
ZZD.LHD,Low human development,benchmark,2012,3.8171122
ZZD.LHD,Low human development,benchmark,2013,3.8885276
ZZD.LHD,Low human development,benchmark,2014,4.0074348
ZZD.LHD,Low human development,benchmark,2015,4.0701513
ZZD.LHD,Low human development,benchmark,2016,4.1269646
ZZD.LHD,Low human development,benchmark,2017,4.1483545
ZZD.LHD,Low human development,benchmark,2018,4.0807686
ZZD.LHD,Low human development,benchmark,2019,4.0456438
ZZD.LHD,Low human development,benchmark,2020,4.0407162
ZZD.LHD,Low human development,benchmark,2021,4.0653267
ZZD.LHD,Low human development,benchmark,2022,4.0275202
ZZD.LHD,Low human development,benchmark,2023,4.034071
ZZK.WORLD,World,world,1990,5.8544493
ZZK.WORLD,World,world,1991,5.9742179
ZZK.WORLD,World,world,1992,6.0941553
ZZK.WORLD,World,world,1993,6.2128043
ZZK.WORLD,World,world,1994,6.3316331
ZZK.WORLD,World,world,1995,6.4617629
ZZK.WORLD,World,world,1996,6.5855722
ZZK.WORLD,World,world,1997,6.7085667
ZZK.WORLD,World,world,1998,6.8315454
ZZK.WORLD,World,world,1999,6.9426508
ZZK.WORLD,World,world,2000,7.0346117
ZZK.WORLD,World,world,2001,7.1268539
ZZK.WORLD,World,world,2002,7.2240896
ZZK.WORLD,World,world,2003,7.3192062
ZZK.WORLD,World,world,2004,7.4106007
ZZK.WORLD,World,world,2005,7.4760222
ZZK.WORLD,World,world,2006,7.5574188
ZZK.WORLD,World,world,2007,7.6128592
ZZK.WORLD,World,world,2008,7.6850171
ZZK.WORLD,World,world,2009,7.7610016
ZZK.WORLD,World,world,2010,7.8381848
ZZK.WORLD,World,world,2011,7.9337912
ZZK.WORLD,World,world,2012,8.0133486
ZZK.WORLD,World,world,2013,8.0684414
ZZK.WORLD,World,world,2014,8.1411877
ZZK.WORLD,World,world,2015,8.2301397
ZZK.WORLD,World,world,2016,8.3073578
ZZK.WORLD,World,world,2017,8.4014091
ZZK.WORLD,World,world,2018,8.4915724
ZZK.WORLD,World,world,2019,8.5687561
ZZK.WORLD,World,world,2020,8.6580515
ZZK.WORLD,World,world,2021,8.7206936
ZZK.WORLD,World,world,2022,8.7363453
ZZK.WORLD,World,world,2023,8.7752094
