iso3,area_name,area_type,year,ihdi
AFG,Afghanistan,country,1990,
AFG,Afghanistan,country,1991,
AFG,Afghanistan,country,1992,
AFG,Afghanistan,country,1993,
AFG,Afghanistan,country,1994,
AFG,Afghanistan,country,1995,
AFG,Afghanistan,country,1996,
AFG,Afghanistan,country,1997,
AFG,Afghanistan,country,1998,
AFG,Afghanistan,country,1999,
AFG,Afghanistan,country,2000,
AFG,Afghanistan,country,2001,
AFG,Afghanistan,country,2002,
AFG,Afghanistan,country,2003,
AFG,Afghanistan,country,2004,
AFG,Afghanistan,country,2005,
AFG,Afghanistan,country,2006,
AFG,Afghanistan,country,2007,
AFG,Afghanistan,country,2008,
AFG,Afghanistan,country,2009,
AFG,Afghanistan,country,2010,.29699999
AFG,Afghanistan,country,2011,.303
AFG,Afghanistan,country,2012,.31299999
AFG,Afghanistan,country,2013,.31999999
AFG,Afghanistan,country,2014,.32300001
AFG,Afghanistan,country,2015,.322
AFG,Afghanistan,country,2016,.32300001
AFG,Afghanistan,country,2017,.322
AFG,Afghanistan,country,2018,.32499999
AFG,Afghanistan,country,2019,.331
AFG,Afghanistan,country,2020,.32800001
AFG,Afghanistan,country,2021,.31900001
AFG,Afghanistan,country,2022,.31900001
AFG,Afghanistan,country,2023,.32100001
AGO,Angola,country,1990,
AGO,Angola,country,1991,
AGO,Angola,country,1992,
AGO,Angola,country,1993,
AGO,Angola,country,1994,
AGO,Angola,country,1995,
AGO,Angola,country,1996,
AGO,Angola,country,1997,
AGO,Angola,country,1998,
AGO,Angola,country,1999,
AGO,Angola,country,2000,
AGO,Angola,country,2001,
AGO,Angola,country,2002,
AGO,Angola,country,2003,
AGO,Angola,country,2004,
AGO,Angola,country,2005,
AGO,Angola,country,2006,
AGO,Angola,country,2007,
AGO,Angola,country,2008,
AGO,Angola,country,2009,
AGO,Angola,country,2010,
AGO,Angola,country,2011,
AGO,Angola,country,2012,
AGO,Angola,country,2013,
AGO,Angola,country,2014,
AGO,Angola,country,2015,.37200001
AGO,Angola,country,2016,.37799999
AGO,Angola,country,2017,.38
AGO,Angola,country,2018,.382
AGO,Angola,country,2019,.354
AGO,Angola,country,2020,.354
AGO,Angola,country,2021,.35499999
AGO,Angola,country,2022,.359
AGO,Angola,country,2023,.36000001
ALB,Albania,country,1990,
ALB,Albania,country,1991,
ALB,Albania,country,1992,
ALB,Albania,country,1993,
ALB,Albania,country,1994,
ALB,Albania,country,1995,
ALB,Albania,country,1996,
ALB,Albania,country,1997,
ALB,Albania,country,1998,
ALB,Albania,country,1999,
ALB,Albania,country,2000,
ALB,Albania,country,2001,
ALB,Albania,country,2002,
ALB,Albania,country,2003,
ALB,Albania,country,2004,
ALB,Albania,country,2005,
ALB,Albania,country,2006,
ALB,Albania,country,2007,
ALB,Albania,country,2008,
ALB,Albania,country,2009,
ALB,Albania,country,2010,.66500002
ALB,Albania,country,2011,.676
ALB,Albania,country,2012,.68599999
ALB,Albania,country,2013,.69
ALB,Albania,country,2014,.67699999
ALB,Albania,country,2015,.685
ALB,Albania,country,2016,.68099999
ALB,Albania,country,2017,.68400002
ALB,Albania,country,2018,.68900001
ALB,Albania,country,2019,.69599998
ALB,Albania,country,2020,.69099998
ALB,Albania,country,2021,.69
ALB,Albania,country,2022,.70099998
ALB,Albania,country,2023,.70499998
AND,Andorra,country,1990,
AND,Andorra,country,1991,
AND,Andorra,country,1992,
AND,Andorra,country,1993,
AND,Andorra,country,1994,
AND,Andorra,country,1995,
AND,Andorra,country,1996,
AND,Andorra,country,1997,
AND,Andorra,country,1998,
AND,Andorra,country,1999,
AND,Andorra,country,2000,
AND,Andorra,country,2001,
AND,Andorra,country,2002,
AND,Andorra,country,2003,
AND,Andorra,country,2004,
AND,Andorra,country,2005,
AND,Andorra,country,2006,
AND,Andorra,country,2007,
AND,Andorra,country,2008,
AND,Andorra,country,2009,
AND,Andorra,country,2010,
AND,Andorra,country,2011,
AND,Andorra,country,2012,
AND,Andorra,country,2013,
AND,Andorra,country,2014,
AND,Andorra,country,2015,
AND,Andorra,country,2016,.787
AND,Andorra,country,2017,.78799999
AND,Andorra,country,2018,.78899997
AND,Andorra,country,2019,.79100001
AND,Andorra,country,2020,.764
AND,Andorra,country,2021,.78600001
AND,Andorra,country,2022,.81900001
AND,Andorra,country,2023,.83700001
ARE,United Arab Emirates,country,1990,
ARE,United Arab Emirates,country,1991,
ARE,United Arab Emirates,country,1992,
ARE,United Arab Emirates,country,1993,
ARE,United Arab Emirates,country,1994,
ARE,United Arab Emirates,country,1995,
ARE,United Arab Emirates,country,1996,
ARE,United Arab Emirates,country,1997,
ARE,United Arab Emirates,country,1998,
ARE,United Arab Emirates,country,1999,
ARE,United Arab Emirates,country,2000,
ARE,United Arab Emirates,country,2001,
ARE,United Arab Emirates,country,2002,
ARE,United Arab Emirates,country,2003,
ARE,United Arab Emirates,country,2004,
ARE,United Arab Emirates,country,2005,
ARE,United Arab Emirates,country,2006,
ARE,United Arab Emirates,country,2007,
ARE,United Arab Emirates,country,2008,
ARE,United Arab Emirates,country,2009,
ARE,United Arab Emirates,country,2010,
ARE,United Arab Emirates,country,2011,
ARE,United Arab Emirates,country,2012,
ARE,United Arab Emirates,country,2013,
ARE,United Arab Emirates,country,2014,
ARE,United Arab Emirates,country,2015,
ARE,United Arab Emirates,country,2016,.74199998
ARE,United Arab Emirates,country,2017,.77399999
ARE,United Arab Emirates,country,2018,.79400003
ARE,United Arab Emirates,country,2019,.83899999
ARE,United Arab Emirates,country,2020,.83399999
ARE,United Arab Emirates,country,2021,.82999998
ARE,United Arab Emirates,country,2022,.847
ARE,United Arab Emirates,country,2023,.866
ARG,Argentina,country,1990,
ARG,Argentina,country,1991,
ARG,Argentina,country,1992,
ARG,Argentina,country,1993,
ARG,Argentina,country,1994,
ARG,Argentina,country,1995,
ARG,Argentina,country,1996,
ARG,Argentina,country,1997,
ARG,Argentina,country,1998,
ARG,Argentina,country,1999,
ARG,Argentina,country,2000,
ARG,Argentina,country,2001,
ARG,Argentina,country,2002,
ARG,Argentina,country,2003,
ARG,Argentina,country,2004,
ARG,Argentina,country,2005,
ARG,Argentina,country,2006,
ARG,Argentina,country,2007,
ARG,Argentina,country,2008,
ARG,Argentina,country,2009,
ARG,Argentina,country,2010,.72299999
ARG,Argentina,country,2011,.73199999
ARG,Argentina,country,2012,.73900002
ARG,Argentina,country,2013,.741
ARG,Argentina,country,2014,.74400002
ARG,Argentina,country,2015,.74800003
ARG,Argentina,country,2016,.74699998
ARG,Argentina,country,2017,.75199997
ARG,Argentina,country,2018,.75
ARG,Argentina,country,2019,.75
ARG,Argentina,country,2020,.74199998
ARG,Argentina,country,2021,.74299997
ARG,Argentina,country,2022,.75400001
ARG,Argentina,country,2023,.76099998
ARM,Armenia,country,1990,
ARM,Armenia,country,1991,
ARM,Armenia,country,1992,
ARM,Armenia,country,1993,
ARM,Armenia,country,1994,
ARM,Armenia,country,1995,
ARM,Armenia,country,1996,
ARM,Armenia,country,1997,
ARM,Armenia,country,1998,
ARM,Armenia,country,1999,
ARM,Armenia,country,2000,
ARM,Armenia,country,2001,
ARM,Armenia,country,2002,
ARM,Armenia,country,2003,
ARM,Armenia,country,2004,
ARM,Armenia,country,2005,
ARM,Armenia,country,2006,
ARM,Armenia,country,2007,
ARM,Armenia,country,2008,
ARM,Armenia,country,2009,
ARM,Armenia,country,2010,.66799998
ARM,Armenia,country,2011,.67500001
ARM,Armenia,country,2012,.68300003
ARM,Armenia,country,2013,.68699998
ARM,Armenia,country,2014,.69099998
ARM,Armenia,country,2015,.69599998
ARM,Armenia,country,2016,.70200002
ARM,Armenia,country,2017,.704
ARM,Armenia,country,2018,.70599997
ARM,Armenia,country,2019,.72299999
ARM,Armenia,country,2020,.69300002
ARM,Armenia,country,2021,.71799999
ARM,Armenia,country,2022,.73299998
ARM,Armenia,country,2023,.74299997
ATG,Antigua and Barbuda,country,1990,
ATG,Antigua and Barbuda,country,1991,
ATG,Antigua and Barbuda,country,1992,
ATG,Antigua and Barbuda,country,1993,
ATG,Antigua and Barbuda,country,1994,
ATG,Antigua and Barbuda,country,1995,
ATG,Antigua and Barbuda,country,1996,
ATG,Antigua and Barbuda,country,1997,
ATG,Antigua and Barbuda,country,1998,
ATG,Antigua and Barbuda,country,1999,
ATG,Antigua and Barbuda,country,2000,
ATG,Antigua and Barbuda,country,2001,
ATG,Antigua and Barbuda,country,2002,
ATG,Antigua and Barbuda,country,2003,
ATG,Antigua and Barbuda,country,2004,
ATG,Antigua and Barbuda,country,2005,
ATG,Antigua and Barbuda,country,2006,
ATG,Antigua and Barbuda,country,2007,
ATG,Antigua and Barbuda,country,2008,
ATG,Antigua and Barbuda,country,2009,
ATG,Antigua and Barbuda,country,2010,
ATG,Antigua and Barbuda,country,2011,
ATG,Antigua and Barbuda,country,2012,
ATG,Antigua and Barbuda,country,2013,
ATG,Antigua and Barbuda,country,2014,
ATG,Antigua and Barbuda,country,2015,
ATG,Antigua and Barbuda,country,2016,
ATG,Antigua and Barbuda,country,2017,
ATG,Antigua and Barbuda,country,2018,
ATG,Antigua and Barbuda,country,2019,
ATG,Antigua and Barbuda,country,2020,
ATG,Antigua and Barbuda,country,2021,
ATG,Antigua and Barbuda,country,2022,
ATG,Antigua and Barbuda,country,2023,
AUS,Australia,country,1990,
AUS,Australia,country,1991,
AUS,Australia,country,1992,
AUS,Australia,country,1993,
AUS,Australia,country,1994,
AUS,Australia,country,1995,
AUS,Australia,country,1996,
AUS,Australia,country,1997,
AUS,Australia,country,1998,
AUS,Australia,country,1999,
AUS,Australia,country,2000,
AUS,Australia,country,2001,
AUS,Australia,country,2002,
AUS,Australia,country,2003,
AUS,Australia,country,2004,
AUS,Australia,country,2005,
AUS,Australia,country,2006,
AUS,Australia,country,2007,
AUS,Australia,country,2008,
AUS,Australia,country,2009,
AUS,Australia,country,2010,.838
AUS,Australia,country,2011,.84100002
AUS,Australia,country,2012,.847
AUS,Australia,country,2013,.84399998
AUS,Australia,country,2014,.85000002
AUS,Australia,country,2015,.85100001
AUS,Australia,country,2016,.85600001
AUS,Australia,country,2017,.85699999
AUS,Australia,country,2018,.86000001
AUS,Australia,country,2019,.861
AUS,Australia,country,2020,.86400002
AUS,Australia,country,2021,.86699998
AUS,Australia,country,2022,.86699998
AUS,Australia,country,2023,.87300003
AUT,Austria,country,1990,
AUT,Austria,country,1991,
AUT,Austria,country,1992,
AUT,Austria,country,1993,
AUT,Austria,country,1994,
AUT,Austria,country,1995,
AUT,Austria,country,1996,
AUT,Austria,country,1997,
AUT,Austria,country,1998,
AUT,Austria,country,1999,
AUT,Austria,country,2000,
AUT,Austria,country,2001,
AUT,Austria,country,2002,
AUT,Austria,country,2003,
AUT,Austria,country,2004,
AUT,Austria,country,2005,
AUT,Austria,country,2006,
AUT,Austria,country,2007,
AUT,Austria,country,2008,
AUT,Austria,country,2009,
AUT,Austria,country,2010,.83499998
AUT,Austria,country,2011,.84500003
AUT,Austria,country,2012,.84600002
AUT,Austria,country,2013,.84299999
AUT,Austria,country,2014,.85100001
AUT,Austria,country,2015,.85100001
AUT,Austria,country,2016,.852
AUT,Austria,country,2017,.852
AUT,Austria,country,2018,.86000001
AUT,Austria,country,2019,.85900003
AUT,Austria,country,2020,.85900003
AUT,Austria,country,2021,.86400002
AUT,Austria,country,2022,.85799998
AUT,Austria,country,2023,.861
AZE,Azerbaijan,country,1990,
AZE,Azerbaijan,country,1991,
AZE,Azerbaijan,country,1992,
AZE,Azerbaijan,country,1993,
AZE,Azerbaijan,country,1994,
AZE,Azerbaijan,country,1995,
AZE,Azerbaijan,country,1996,
AZE,Azerbaijan,country,1997,
AZE,Azerbaijan,country,1998,
AZE,Azerbaijan,country,1999,
AZE,Azerbaijan,country,2000,
AZE,Azerbaijan,country,2001,
AZE,Azerbaijan,country,2002,
AZE,Azerbaijan,country,2003,
AZE,Azerbaijan,country,2004,
AZE,Azerbaijan,country,2005,
AZE,Azerbaijan,country,2006,
AZE,Azerbaijan,country,2007,
AZE,Azerbaijan,country,2008,
AZE,Azerbaijan,country,2009,
AZE,Azerbaijan,country,2010,.653
AZE,Azerbaijan,country,2011,.65700001
AZE,Azerbaijan,country,2012,.66399997
AZE,Azerbaijan,country,2013,.67199999
AZE,Azerbaijan,country,2014,.68099999
AZE,Azerbaijan,country,2015,.71200001
AZE,Azerbaijan,country,2016,.71499997
AZE,Azerbaijan,country,2017,.71899998
AZE,Azerbaijan,country,2018,.71700001
AZE,Azerbaijan,country,2019,.722
AZE,Azerbaijan,country,2020,.70099998
AZE,Azerbaijan,country,2021,.71100003
AZE,Azerbaijan,country,2022,.72899997
AZE,Azerbaijan,country,2023,.73500001
BDI,Burundi,country,1990,
BDI,Burundi,country,1991,
BDI,Burundi,country,1992,
BDI,Burundi,country,1993,
BDI,Burundi,country,1994,
BDI,Burundi,country,1995,
BDI,Burundi,country,1996,
BDI,Burundi,country,1997,
BDI,Burundi,country,1998,
BDI,Burundi,country,1999,
BDI,Burundi,country,2000,
BDI,Burundi,country,2001,
BDI,Burundi,country,2002,
BDI,Burundi,country,2003,
BDI,Burundi,country,2004,
BDI,Burundi,country,2005,
BDI,Burundi,country,2006,
BDI,Burundi,country,2007,
BDI,Burundi,country,2008,
BDI,Burundi,country,2009,
BDI,Burundi,country,2010,.264
BDI,Burundi,country,2011,
BDI,Burundi,country,2012,.278
BDI,Burundi,country,2013,.28200001
BDI,Burundi,country,2014,.27599999
BDI,Burundi,country,2015,.278
BDI,Burundi,country,2016,.278
BDI,Burundi,country,2017,.27700001
BDI,Burundi,country,2018,.278
BDI,Burundi,country,2019,.28
BDI,Burundi,country,2020,.28099999
BDI,Burundi,country,2021,.28099999
BDI,Burundi,country,2022,.28400001
BDI,Burundi,country,2023,.28600001
BEL,Belgium,country,1990,
BEL,Belgium,country,1991,
BEL,Belgium,country,1992,
BEL,Belgium,country,1993,
BEL,Belgium,country,1994,
BEL,Belgium,country,1995,
BEL,Belgium,country,1996,
BEL,Belgium,country,1997,
BEL,Belgium,country,1998,
BEL,Belgium,country,1999,
BEL,Belgium,country,2000,
BEL,Belgium,country,2001,
BEL,Belgium,country,2002,
BEL,Belgium,country,2003,
BEL,Belgium,country,2004,
BEL,Belgium,country,2005,
BEL,Belgium,country,2006,
BEL,Belgium,country,2007,
BEL,Belgium,country,2008,
BEL,Belgium,country,2009,
BEL,Belgium,country,2010,.83600003
BEL,Belgium,country,2011,.84299999
BEL,Belgium,country,2012,.84200001
BEL,Belgium,country,2013,.84899998
BEL,Belgium,country,2014,.852
BEL,Belgium,country,2015,.85900003
BEL,Belgium,country,2016,.861
BEL,Belgium,country,2017,.86500001
BEL,Belgium,country,2018,.866
BEL,Belgium,country,2019,.875
BEL,Belgium,country,2020,.87300003
BEL,Belgium,country,2021,.88499999
BEL,Belgium,country,2022,.87900001
BEL,Belgium,country,2023,.89099997
BEN,Benin,country,1990,
BEN,Benin,country,1991,
BEN,Benin,country,1992,
BEN,Benin,country,1993,
BEN,Benin,country,1994,
BEN,Benin,country,1995,
BEN,Benin,country,1996,
BEN,Benin,country,1997,
BEN,Benin,country,1998,
BEN,Benin,country,1999,
BEN,Benin,country,2000,
BEN,Benin,country,2001,
BEN,Benin,country,2002,
BEN,Benin,country,2003,
BEN,Benin,country,2004,
BEN,Benin,country,2005,
BEN,Benin,country,2006,
BEN,Benin,country,2007,
BEN,Benin,country,2008,
BEN,Benin,country,2009,
BEN,Benin,country,2010,
BEN,Benin,country,2011,
BEN,Benin,country,2012,
BEN,Benin,country,2013,
BEN,Benin,country,2014,
BEN,Benin,country,2015,
BEN,Benin,country,2016,
BEN,Benin,country,2017,
BEN,Benin,country,2018,
BEN,Benin,country,2019,.30899999
BEN,Benin,country,2020,.308
BEN,Benin,country,2021,.30899999
BEN,Benin,country,2022,.31299999
BEN,Benin,country,2023,.31600001
BFA,Burkina Faso,country,1990,
BFA,Burkina Faso,country,1991,
BFA,Burkina Faso,country,1992,
BFA,Burkina Faso,country,1993,
BFA,Burkina Faso,country,1994,
BFA,Burkina Faso,country,1995,
BFA,Burkina Faso,country,1996,
BFA,Burkina Faso,country,1997,
BFA,Burkina Faso,country,1998,
BFA,Burkina Faso,country,1999,
BFA,Burkina Faso,country,2000,
BFA,Burkina Faso,country,2001,
BFA,Burkina Faso,country,2002,
BFA,Burkina Faso,country,2003,
BFA,Burkina Faso,country,2004,
BFA,Burkina Faso,country,2005,
BFA,Burkina Faso,country,2006,
BFA,Burkina Faso,country,2007,
BFA,Burkina Faso,country,2008,
BFA,Burkina Faso,country,2009,
BFA,Burkina Faso,country,2010,.227
BFA,Burkina Faso,country,2011,.235
BFA,Burkina Faso,country,2012,.242
BFA,Burkina Faso,country,2013,.24699999
BFA,Burkina Faso,country,2014,.25799999
BFA,Burkina Faso,country,2015,.26499999
BFA,Burkina Faso,country,2016,.27200001
BFA,Burkina Faso,country,2017,.27900001
BFA,Burkina Faso,country,2018,.287
BFA,Burkina Faso,country,2019,.278
BFA,Burkina Faso,country,2020,.27900001
BFA,Burkina Faso,country,2021,.26899999
BFA,Burkina Faso,country,2022,.271
BFA,Burkina Faso,country,2023,.273
BGD,Bangladesh,country,1990,
BGD,Bangladesh,country,1991,
BGD,Bangladesh,country,1992,
BGD,Bangladesh,country,1993,
BGD,Bangladesh,country,1994,
BGD,Bangladesh,country,1995,
BGD,Bangladesh,country,1996,
BGD,Bangladesh,country,1997,
BGD,Bangladesh,country,1998,
BGD,Bangladesh,country,1999,
BGD,Bangladesh,country,2000,
BGD,Bangladesh,country,2001,
BGD,Bangladesh,country,2002,
BGD,Bangladesh,country,2003,
BGD,Bangladesh,country,2004,
BGD,Bangladesh,country,2005,
BGD,Bangladesh,country,2006,
BGD,Bangladesh,country,2007,
BGD,Bangladesh,country,2008,
BGD,Bangladesh,country,2009,
BGD,Bangladesh,country,2010,.38499999
BGD,Bangladesh,country,2011,.39500001
BGD,Bangladesh,country,2012,.40200001
BGD,Bangladesh,country,2013,.40700001
BGD,Bangladesh,country,2014,.421
BGD,Bangladesh,country,2015,.43700001
BGD,Bangladesh,country,2016,.435
BGD,Bangladesh,country,2017,.44100001
BGD,Bangladesh,country,2018,.44999999
BGD,Bangladesh,country,2019,.45500001
BGD,Bangladesh,country,2020,.461
BGD,Bangladesh,country,2021,.461
BGD,Bangladesh,country,2022,.479
BGD,Bangladesh,country,2023,.48199999
BGR,Bulgaria,country,1990,
BGR,Bulgaria,country,1991,
BGR,Bulgaria,country,1992,
BGR,Bulgaria,country,1993,
BGR,Bulgaria,country,1994,
BGR,Bulgaria,country,1995,
BGR,Bulgaria,country,1996,
BGR,Bulgaria,country,1997,
BGR,Bulgaria,country,1998,
BGR,Bulgaria,country,1999,
BGR,Bulgaria,country,2000,
BGR,Bulgaria,country,2001,
BGR,Bulgaria,country,2002,
BGR,Bulgaria,country,2003,
BGR,Bulgaria,country,2004,
BGR,Bulgaria,country,2005,
BGR,Bulgaria,country,2006,
BGR,Bulgaria,country,2007,
BGR,Bulgaria,country,2008,
BGR,Bulgaria,country,2009,
BGR,Bulgaria,country,2010,.70899999
BGR,Bulgaria,country,2011,.708
BGR,Bulgaria,country,2012,.71600002
BGR,Bulgaria,country,2013,.71899998
BGR,Bulgaria,country,2014,.72000003
BGR,Bulgaria,country,2015,.72399998
BGR,Bulgaria,country,2016,.71899998
BGR,Bulgaria,country,2017,.71799999
BGR,Bulgaria,country,2018,.72500002
BGR,Bulgaria,country,2019,.72600001
BGR,Bulgaria,country,2020,.72299999
BGR,Bulgaria,country,2021,.71499997
BGR,Bulgaria,country,2022,.73299998
BGR,Bulgaria,country,2023,.74800003
BHR,Bahrain,country,1990,
BHR,Bahrain,country,1991,
BHR,Bahrain,country,1992,
BHR,Bahrain,country,1993,
BHR,Bahrain,country,1994,
BHR,Bahrain,country,1995,
BHR,Bahrain,country,1996,
BHR,Bahrain,country,1997,
BHR,Bahrain,country,1998,
BHR,Bahrain,country,1999,
BHR,Bahrain,country,2000,
BHR,Bahrain,country,2001,
BHR,Bahrain,country,2002,
BHR,Bahrain,country,2003,
BHR,Bahrain,country,2004,
BHR,Bahrain,country,2005,
BHR,Bahrain,country,2006,
BHR,Bahrain,country,2007,
BHR,Bahrain,country,2008,
BHR,Bahrain,country,2009,
BHR,Bahrain,country,2010,
BHR,Bahrain,country,2011,
BHR,Bahrain,country,2012,
BHR,Bahrain,country,2013,
BHR,Bahrain,country,2014,
BHR,Bahrain,country,2015,
BHR,Bahrain,country,2016,
BHR,Bahrain,country,2017,
BHR,Bahrain,country,2018,
BHR,Bahrain,country,2019,
BHR,Bahrain,country,2020,
BHR,Bahrain,country,2021,
BHR,Bahrain,country,2022,
BHR,Bahrain,country,2023,
BHS,Bahamas,country,1990,
BHS,Bahamas,country,1991,
BHS,Bahamas,country,1992,
BHS,Bahamas,country,1993,
BHS,Bahamas,country,1994,
BHS,Bahamas,country,1995,
BHS,Bahamas,country,1996,
BHS,Bahamas,country,1997,
BHS,Bahamas,country,1998,
BHS,Bahamas,country,1999,
BHS,Bahamas,country,2000,
BHS,Bahamas,country,2001,
BHS,Bahamas,country,2002,
BHS,Bahamas,country,2003,
BHS,Bahamas,country,2004,
BHS,Bahamas,country,2005,
BHS,Bahamas,country,2006,
BHS,Bahamas,country,2007,
BHS,Bahamas,country,2008,
BHS,Bahamas,country,2009,
BHS,Bahamas,country,2010,
BHS,Bahamas,country,2011,
BHS,Bahamas,country,2012,
BHS,Bahamas,country,2013,.648
BHS,Bahamas,country,2014,.64899999
BHS,Bahamas,country,2015,.648
BHS,Bahamas,country,2016,.65100002
BHS,Bahamas,country,2017,.653
BHS,Bahamas,country,2018,.65499997
BHS,Bahamas,country,2019,.63700002
BHS,Bahamas,country,2020,.648
BHS,Bahamas,country,2021,.64499998
BHS,Bahamas,country,2022,.66399997
BHS,Bahamas,country,2023,.67000002
BIH,Bosnia and Herzegovina,country,1990,
BIH,Bosnia and Herzegovina,country,1991,
BIH,Bosnia and Herzegovina,country,1992,
BIH,Bosnia and Herzegovina,country,1993,
BIH,Bosnia and Herzegovina,country,1994,
BIH,Bosnia and Herzegovina,country,1995,
BIH,Bosnia and Herzegovina,country,1996,
BIH,Bosnia and Herzegovina,country,1997,
BIH,Bosnia and Herzegovina,country,1998,
BIH,Bosnia and Herzegovina,country,1999,
BIH,Bosnia and Herzegovina,country,2000,
BIH,Bosnia and Herzegovina,country,2001,
BIH,Bosnia and Herzegovina,country,2002,
BIH,Bosnia and Herzegovina,country,2003,
BIH,Bosnia and Herzegovina,country,2004,
BIH,Bosnia and Herzegovina,country,2005,
BIH,Bosnia and Herzegovina,country,2006,
BIH,Bosnia and Herzegovina,country,2007,
BIH,Bosnia and Herzegovina,country,2008,
BIH,Bosnia and Herzegovina,country,2009,
BIH,Bosnia and Herzegovina,country,2010,.59399998
BIH,Bosnia and Herzegovina,country,2011,.60000002
BIH,Bosnia and Herzegovina,country,2012,.60799998
BIH,Bosnia and Herzegovina,country,2013,.62
BIH,Bosnia and Herzegovina,country,2014,.62800002
BIH,Bosnia and Herzegovina,country,2015,.62800002
BIH,Bosnia and Herzegovina,country,2016,.64700001
BIH,Bosnia and Herzegovina,country,2017,.64600003
BIH,Bosnia and Herzegovina,country,2018,.66000003
BIH,Bosnia and Herzegovina,country,2019,.65399998
BIH,Bosnia and Herzegovina,country,2020,.66900003
BIH,Bosnia and Herzegovina,country,2021,.66900003
BIH,Bosnia and Herzegovina,country,2022,.68099999
BIH,Bosnia and Herzegovina,country,2023,.68900001
BLR,Belarus,country,1990,
BLR,Belarus,country,1991,
BLR,Belarus,country,1992,
BLR,Belarus,country,1993,
BLR,Belarus,country,1994,
BLR,Belarus,country,1995,
BLR,Belarus,country,1996,
BLR,Belarus,country,1997,
BLR,Belarus,country,1998,
BLR,Belarus,country,1999,
BLR,Belarus,country,2000,
BLR,Belarus,country,2001,
BLR,Belarus,country,2002,
BLR,Belarus,country,2003,
BLR,Belarus,country,2004,
BLR,Belarus,country,2005,
BLR,Belarus,country,2006,
BLR,Belarus,country,2007,
BLR,Belarus,country,2008,
BLR,Belarus,country,2009,
BLR,Belarus,country,2010,
BLR,Belarus,country,2011,
BLR,Belarus,country,2012,.75300002
BLR,Belarus,country,2013,.75700003
BLR,Belarus,country,2014,.75999999
BLR,Belarus,country,2015,.76300001
BLR,Belarus,country,2016,.76599997
BLR,Belarus,country,2017,.76800001
BLR,Belarus,country,2018,.76800001
BLR,Belarus,country,2019,.76999998
BLR,Belarus,country,2020,.76200002
BLR,Belarus,country,2021,.764
BLR,Belarus,country,2022,.77100003
BLR,Belarus,country,2023,.77100003
BLZ,Belize,country,1990,
BLZ,Belize,country,1991,
BLZ,Belize,country,1992,
BLZ,Belize,country,1993,
BLZ,Belize,country,1994,
BLZ,Belize,country,1995,
BLZ,Belize,country,1996,
BLZ,Belize,country,1997,
BLZ,Belize,country,1998,
BLZ,Belize,country,1999,
BLZ,Belize,country,2000,
BLZ,Belize,country,2001,
BLZ,Belize,country,2002,
BLZ,Belize,country,2003,
BLZ,Belize,country,2004,
BLZ,Belize,country,2005,
BLZ,Belize,country,2006,
BLZ,Belize,country,2007,
BLZ,Belize,country,2008,
BLZ,Belize,country,2009,
BLZ,Belize,country,2010,
BLZ,Belize,country,2011,
BLZ,Belize,country,2012,
BLZ,Belize,country,2013,
BLZ,Belize,country,2014,
BLZ,Belize,country,2015,
BLZ,Belize,country,2016,
BLZ,Belize,country,2017,
BLZ,Belize,country,2018,
BLZ,Belize,country,2019,
BLZ,Belize,country,2020,
BLZ,Belize,country,2021,
BLZ,Belize,country,2022,
BLZ,Belize,country,2023,
BOL,Bolivia (Plurinational State of),country,1990,
BOL,Bolivia (Plurinational State of),country,1991,
BOL,Bolivia (Plurinational State of),country,1992,
BOL,Bolivia (Plurinational State of),country,1993,
BOL,Bolivia (Plurinational State of),country,1994,
BOL,Bolivia (Plurinational State of),country,1995,
BOL,Bolivia (Plurinational State of),country,1996,
BOL,Bolivia (Plurinational State of),country,1997,
BOL,Bolivia (Plurinational State of),country,1998,
BOL,Bolivia (Plurinational State of),country,1999,
BOL,Bolivia (Plurinational State of),country,2000,
BOL,Bolivia (Plurinational State of),country,2001,
BOL,Bolivia (Plurinational State of),country,2002,
BOL,Bolivia (Plurinational State of),country,2003,
BOL,Bolivia (Plurinational State of),country,2004,
BOL,Bolivia (Plurinational State of),country,2005,
BOL,Bolivia (Plurinational State of),country,2006,
BOL,Bolivia (Plurinational State of),country,2007,
BOL,Bolivia (Plurinational State of),country,2008,
BOL,Bolivia (Plurinational State of),country,2009,
BOL,Bolivia (Plurinational State of),country,2010,.46799999
BOL,Bolivia (Plurinational State of),country,2011,.49399999
BOL,Bolivia (Plurinational State of),country,2012,.49399999
BOL,Bolivia (Plurinational State of),country,2013,.50800002
BOL,Bolivia (Plurinational State of),country,2014,.514
BOL,Bolivia (Plurinational State of),country,2015,.52399999
BOL,Bolivia (Plurinational State of),country,2016,.52499998
BOL,Bolivia (Plurinational State of),country,2017,.53100002
BOL,Bolivia (Plurinational State of),country,2018,.55000001
BOL,Bolivia (Plurinational State of),country,2019,.56300002
BOL,Bolivia (Plurinational State of),country,2020,.53299999
BOL,Bolivia (Plurinational State of),country,2021,.54699999
BOL,Bolivia (Plurinational State of),country,2022,.57200003
BOL,Bolivia (Plurinational State of),country,2023,.57800001
BRA,Brazil,country,1990,
BRA,Brazil,country,1991,
BRA,Brazil,country,1992,
BRA,Brazil,country,1993,
BRA,Brazil,country,1994,
BRA,Brazil,country,1995,
BRA,Brazil,country,1996,
BRA,Brazil,country,1997,
BRA,Brazil,country,1998,
BRA,Brazil,country,1999,
BRA,Brazil,country,2000,
BRA,Brazil,country,2001,
BRA,Brazil,country,2002,
BRA,Brazil,country,2003,
BRA,Brazil,country,2004,
BRA,Brazil,country,2005,
BRA,Brazil,country,2006,
BRA,Brazil,country,2007,
BRA,Brazil,country,2008,
BRA,Brazil,country,2009,
BRA,Brazil,country,2010,.56599998
BRA,Brazil,country,2011,.56900001
BRA,Brazil,country,2012,.52899998
BRA,Brazil,country,2013,.53899997
BRA,Brazil,country,2014,.54500002
BRA,Brazil,country,2015,.54900002
BRA,Brazil,country,2016,.579
BRA,Brazil,country,2017,.58099997
BRA,Brazil,country,2018,.58499998
BRA,Brazil,country,2019,.58899999
BRA,Brazil,country,2020,.59799999
BRA,Brazil,country,2021,.58200002
BRA,Brazil,country,2022,.58899999
BRA,Brazil,country,2023,.59399998
BRB,Barbados,country,1990,
BRB,Barbados,country,1991,
BRB,Barbados,country,1992,
BRB,Barbados,country,1993,
BRB,Barbados,country,1994,
BRB,Barbados,country,1995,
BRB,Barbados,country,1996,
BRB,Barbados,country,1997,
BRB,Barbados,country,1998,
BRB,Barbados,country,1999,
BRB,Barbados,country,2000,
BRB,Barbados,country,2001,
BRB,Barbados,country,2002,
BRB,Barbados,country,2003,
BRB,Barbados,country,2004,
BRB,Barbados,country,2005,
BRB,Barbados,country,2006,
BRB,Barbados,country,2007,
BRB,Barbados,country,2008,
BRB,Barbados,country,2009,
BRB,Barbados,country,2010,
BRB,Barbados,country,2011,
BRB,Barbados,country,2012,.60500002
BRB,Barbados,country,2013,.60600001
BRB,Barbados,country,2014,.60699999
BRB,Barbados,country,2015,.60799998
BRB,Barbados,country,2016,.611
BRB,Barbados,country,2017,.61199999
BRB,Barbados,country,2018,.61400002
BRB,Barbados,country,2019,.616
BRB,Barbados,country,2020,.61299998
BRB,Barbados,country,2021,.61299998
BRB,Barbados,country,2022,.61699998
BRB,Barbados,country,2023,.62
BRN,Brunei Darussalam,country,1990,
BRN,Brunei Darussalam,country,1991,
BRN,Brunei Darussalam,country,1992,
BRN,Brunei Darussalam,country,1993,
BRN,Brunei Darussalam,country,1994,
BRN,Brunei Darussalam,country,1995,
BRN,Brunei Darussalam,country,1996,
BRN,Brunei Darussalam,country,1997,
BRN,Brunei Darussalam,country,1998,
BRN,Brunei Darussalam,country,1999,
BRN,Brunei Darussalam,country,2000,
BRN,Brunei Darussalam,country,2001,
BRN,Brunei Darussalam,country,2002,
BRN,Brunei Darussalam,country,2003,
BRN,Brunei Darussalam,country,2004,
BRN,Brunei Darussalam,country,2005,
BRN,Brunei Darussalam,country,2006,
BRN,Brunei Darussalam,country,2007,
BRN,Brunei Darussalam,country,2008,
BRN,Brunei Darussalam,country,2009,
BRN,Brunei Darussalam,country,2010,
BRN,Brunei Darussalam,country,2011,.74199998
BRN,Brunei Darussalam,country,2012,.74800003
BRN,Brunei Darussalam,country,2013,.74800003
BRN,Brunei Darussalam,country,2014,.74800003
BRN,Brunei Darussalam,country,2015,.745
BRN,Brunei Darussalam,country,2016,.74199998
BRN,Brunei Darussalam,country,2017,.74900001
BRN,Brunei Darussalam,country,2018,.75199997
BRN,Brunei Darussalam,country,2019,.75
BRN,Brunei Darussalam,country,2020,.75199997
BRN,Brunei Darussalam,country,2021,.75
BRN,Brunei Darussalam,country,2022,.74400002
BRN,Brunei Darussalam,country,2023,.75599998
BTN,Bhutan,country,1990,
BTN,Bhutan,country,1991,
BTN,Bhutan,country,1992,
BTN,Bhutan,country,1993,
BTN,Bhutan,country,1994,
BTN,Bhutan,country,1995,
BTN,Bhutan,country,1996,
BTN,Bhutan,country,1997,
BTN,Bhutan,country,1998,
BTN,Bhutan,country,1999,
BTN,Bhutan,country,2000,
BTN,Bhutan,country,2001,
BTN,Bhutan,country,2002,
BTN,Bhutan,country,2003,
BTN,Bhutan,country,2004,
BTN,Bhutan,country,2005,
BTN,Bhutan,country,2006,
BTN,Bhutan,country,2007,
BTN,Bhutan,country,2008,
BTN,Bhutan,country,2009,
BTN,Bhutan,country,2010,.384
BTN,Bhutan,country,2011,.391
BTN,Bhutan,country,2012,.403
BTN,Bhutan,country,2013,.40900001
BTN,Bhutan,country,2014,.417
BTN,Bhutan,country,2015,.42500001
BTN,Bhutan,country,2016,.433
BTN,Bhutan,country,2017,.42500001
BTN,Bhutan,country,2018,.433
BTN,Bhutan,country,2019,.442
BTN,Bhutan,country,2020,.447
BTN,Bhutan,country,2021,.44999999
BTN,Bhutan,country,2022,.47499999
BTN,Bhutan,country,2023,.47799999
BWA,Botswana,country,1990,
BWA,Botswana,country,1991,
BWA,Botswana,country,1992,
BWA,Botswana,country,1993,
BWA,Botswana,country,1994,
BWA,Botswana,country,1995,
BWA,Botswana,country,1996,
BWA,Botswana,country,1997,
BWA,Botswana,country,1998,
BWA,Botswana,country,1999,
BWA,Botswana,country,2000,
BWA,Botswana,country,2001,
BWA,Botswana,country,2002,
BWA,Botswana,country,2003,
BWA,Botswana,country,2004,
BWA,Botswana,country,2005,
BWA,Botswana,country,2006,
BWA,Botswana,country,2007,
BWA,Botswana,country,2008,
BWA,Botswana,country,2009,
BWA,Botswana,country,2010,
BWA,Botswana,country,2011,
BWA,Botswana,country,2012,
BWA,Botswana,country,2013,
BWA,Botswana,country,2014,
BWA,Botswana,country,2015,.449
BWA,Botswana,country,2016,.47799999
BWA,Botswana,country,2017,.48500001
BWA,Botswana,country,2018,.49000001
BWA,Botswana,country,2019,.49599999
BWA,Botswana,country,2020,.498
BWA,Botswana,country,2021,.486
BWA,Botswana,country,2022,.50700003
BWA,Botswana,country,2023,.509
CAF,Central African Republic,country,1990,
CAF,Central African Republic,country,1991,
CAF,Central African Republic,country,1992,
CAF,Central African Republic,country,1993,
CAF,Central African Republic,country,1994,
CAF,Central African Republic,country,1995,
CAF,Central African Republic,country,1996,
CAF,Central African Republic,country,1997,
CAF,Central African Republic,country,1998,
CAF,Central African Republic,country,1999,
CAF,Central African Republic,country,2000,
CAF,Central African Republic,country,2001,
CAF,Central African Republic,country,2002,
CAF,Central African Republic,country,2003,
CAF,Central African Republic,country,2004,
CAF,Central African Republic,country,2005,
CAF,Central African Republic,country,2006,
CAF,Central African Republic,country,2007,
CAF,Central African Republic,country,2008,
CAF,Central African Republic,country,2009,
CAF,Central African Republic,country,2010,.184
CAF,Central African Republic,country,2011,.197
CAF,Central African Republic,country,2012,.20299999
CAF,Central African Republic,country,2013,.18700001
CAF,Central African Republic,country,2014,.16
CAF,Central African Republic,country,2015,.199
CAF,Central African Republic,country,2016,.198
CAF,Central African Republic,country,2017,.183
CAF,Central African Republic,country,2018,.207
CAF,Central African Republic,country,2019,.134
CAF,Central African Republic,country,2020,.204
CAF,Central African Republic,country,2021,.193
CAF,Central African Republic,country,2022,
CAF,Central African Republic,country,2023,.25299999
CAN,Canada,country,1990,
CAN,Canada,country,1991,
CAN,Canada,country,1992,
CAN,Canada,country,1993,
CAN,Canada,country,1994,
CAN,Canada,country,1995,
CAN,Canada,country,1996,
CAN,Canada,country,1997,
CAN,Canada,country,1998,
CAN,Canada,country,1999,
CAN,Canada,country,2000,
CAN,Canada,country,2001,
CAN,Canada,country,2002,
CAN,Canada,country,2003,
CAN,Canada,country,2004,
CAN,Canada,country,2005,
CAN,Canada,country,2006,
CAN,Canada,country,2007,
CAN,Canada,country,2008,
CAN,Canada,country,2009,
CAN,Canada,country,2010,.838
CAN,Canada,country,2011,.84399998
CAN,Canada,country,2012,.847
CAN,Canada,country,2013,.84799999
CAN,Canada,country,2014,.85399997
CAN,Canada,country,2015,.85100001
CAN,Canada,country,2016,.85600001
CAN,Canada,country,2017,.85600001
CAN,Canada,country,2018,.85900003
CAN,Canada,country,2019,.86500001
CAN,Canada,country,2020,.85900003
CAN,Canada,country,2021,.86500001
CAN,Canada,country,2022,.86199999
CAN,Canada,country,2023,.86699998
CHE,Switzerland,country,1990,
CHE,Switzerland,country,1991,
CHE,Switzerland,country,1992,
CHE,Switzerland,country,1993,
CHE,Switzerland,country,1994,
CHE,Switzerland,country,1995,
CHE,Switzerland,country,1996,
CHE,Switzerland,country,1997,
CHE,Switzerland,country,1998,
CHE,Switzerland,country,1999,
CHE,Switzerland,country,2000,
CHE,Switzerland,country,2001,
CHE,Switzerland,country,2002,
CHE,Switzerland,country,2003,
CHE,Switzerland,country,2004,
CHE,Switzerland,country,2005,
CHE,Switzerland,country,2006,
CHE,Switzerland,country,2007,
CHE,Switzerland,country,2008,
CHE,Switzerland,country,2009,
CHE,Switzerland,country,2010,.87
CHE,Switzerland,country,2011,.87300003
CHE,Switzerland,country,2012,.87900001
CHE,Switzerland,country,2013,.884
CHE,Switzerland,country,2014,.884
CHE,Switzerland,country,2015,.884
CHE,Switzerland,country,2016,.88700002
CHE,Switzerland,country,2017,.88599998
CHE,Switzerland,country,2018,.889
CHE,Switzerland,country,2019,.89099997
CHE,Switzerland,country,2020,.88499999
CHE,Switzerland,country,2021,.89099997
CHE,Switzerland,country,2022,.88999999
CHE,Switzerland,country,2023,.89399999
CHL,Chile,country,1990,
CHL,Chile,country,1991,
CHL,Chile,country,1992,
CHL,Chile,country,1993,
CHL,Chile,country,1994,
CHL,Chile,country,1995,
CHL,Chile,country,1996,
CHL,Chile,country,1997,
CHL,Chile,country,1998,
CHL,Chile,country,1999,
CHL,Chile,country,2000,
CHL,Chile,country,2001,
CHL,Chile,country,2002,
CHL,Chile,country,2003,
CHL,Chile,country,2004,
CHL,Chile,country,2005,
CHL,Chile,country,2006,
CHL,Chile,country,2007,
CHL,Chile,country,2008,
CHL,Chile,country,2009,
CHL,Chile,country,2010,.67000002
CHL,Chile,country,2011,.67900002
CHL,Chile,country,2012,.68599999
CHL,Chile,country,2013,.70200002
CHL,Chile,country,2014,.70599997
CHL,Chile,country,2015,.71700001
CHL,Chile,country,2016,.72100002
CHL,Chile,country,2017,.72000003
CHL,Chile,country,2018,.72399998
CHL,Chile,country,2019,.72500002
CHL,Chile,country,2020,.70099998
CHL,Chile,country,2021,.708
CHL,Chile,country,2022,.71499997
CHL,Chile,country,2023,.72299999
CHN,China,country,1990,
CHN,China,country,1991,
CHN,China,country,1992,
CHN,China,country,1993,
CHN,China,country,1994,
CHN,China,country,1995,
CHN,China,country,1996,
CHN,China,country,1997,
CHN,China,country,1998,
CHN,China,country,1999,
CHN,China,country,2000,
CHN,China,country,2001,
CHN,China,country,2002,
CHN,China,country,2003,
CHN,China,country,2004,
CHN,China,country,2005,
CHN,China,country,2006,
CHN,China,country,2007,
CHN,China,country,2008,
CHN,China,country,2009,
CHN,China,country,2010,
CHN,China,country,2011,
CHN,China,country,2012,
CHN,China,country,2013,.60299999
CHN,China,country,2014,.61900002
CHN,China,country,2015,.62199998
CHN,China,country,2016,.62800002
CHN,China,country,2017,.63300002
CHN,China,country,2018,.64300001
CHN,China,country,2019,.653
CHN,China,country,2020,.65799999
CHN,China,country,2021,.667
CHN,China,country,2022,.66900003
CHN,China,country,2023,.67000002
CIV,Côte d’Ivoire,country,1990,
CIV,Côte d’Ivoire,country,1991,
CIV,Côte d’Ivoire,country,1992,
CIV,Côte d’Ivoire,country,1993,
CIV,Côte d’Ivoire,country,1994,
CIV,Côte d’Ivoire,country,1995,
CIV,Côte d’Ivoire,country,1996,
CIV,Côte d’Ivoire,country,1997,
CIV,Côte d’Ivoire,country,1998,
CIV,Côte d’Ivoire,country,1999,
CIV,Côte d’Ivoire,country,2000,
CIV,Côte d’Ivoire,country,2001,
CIV,Côte d’Ivoire,country,2002,
CIV,Côte d’Ivoire,country,2003,
CIV,Côte d’Ivoire,country,2004,
CIV,Côte d’Ivoire,country,2005,
CIV,Côte d’Ivoire,country,2006,
CIV,Côte d’Ivoire,country,2007,
CIV,Côte d’Ivoire,country,2008,
CIV,Côte d’Ivoire,country,2009,
CIV,Côte d’Ivoire,country,2010,.271
CIV,Côte d’Ivoire,country,2011,.271
CIV,Côte d’Ivoire,country,2012,.27700001
CIV,Côte d’Ivoire,country,2013,.28299999
CIV,Côte d’Ivoire,country,2014,.29800001
CIV,Côte d’Ivoire,country,2015,.28600001
CIV,Côte d’Ivoire,country,2016,.292
CIV,Côte d’Ivoire,country,2017,.29800001
CIV,Côte d’Ivoire,country,2018,.303
CIV,Côte d’Ivoire,country,2019,.33000001
CIV,Côte d’Ivoire,country,2020,.33199999
CIV,Côte d’Ivoire,country,2021,.33399999
CIV,Côte d’Ivoire,country,2022,.33899999
CIV,Côte d’Ivoire,country,2023,.34999999
CMR,Cameroon,country,1990,
CMR,Cameroon,country,1991,
CMR,Cameroon,country,1992,
CMR,Cameroon,country,1993,
CMR,Cameroon,country,1994,
CMR,Cameroon,country,1995,
CMR,Cameroon,country,1996,
CMR,Cameroon,country,1997,
CMR,Cameroon,country,1998,
CMR,Cameroon,country,1999,
CMR,Cameroon,country,2000,
CMR,Cameroon,country,2001,
CMR,Cameroon,country,2002,
CMR,Cameroon,country,2003,
CMR,Cameroon,country,2004,
CMR,Cameroon,country,2005,
CMR,Cameroon,country,2006,
CMR,Cameroon,country,2007,
CMR,Cameroon,country,2008,
CMR,Cameroon,country,2009,
CMR,Cameroon,country,2010,
CMR,Cameroon,country,2011,.331
CMR,Cameroon,country,2012,.33899999
CMR,Cameroon,country,2013,.34599999
CMR,Cameroon,country,2014,.33500001
CMR,Cameroon,country,2015,.34200001
CMR,Cameroon,country,2016,.34599999
CMR,Cameroon,country,2017,.34799999
CMR,Cameroon,country,2018,.352
CMR,Cameroon,country,2019,.354
CMR,Cameroon,country,2020,.35299999
CMR,Cameroon,country,2021,.35100001
CMR,Cameroon,country,2022,.35600001
CMR,Cameroon,country,2023,.361
COD,Democratic Republic of the Congo,country,1990,
COD,Democratic Republic of the Congo,country,1991,
COD,Democratic Republic of the Congo,country,1992,
COD,Democratic Republic of the Congo,country,1993,
COD,Democratic Republic of the Congo,country,1994,
COD,Democratic Republic of the Congo,country,1995,
COD,Democratic Republic of the Congo,country,1996,
COD,Democratic Republic of the Congo,country,1997,
COD,Democratic Republic of the Congo,country,1998,
COD,Democratic Republic of the Congo,country,1999,
COD,Democratic Republic of the Congo,country,2000,
COD,Democratic Republic of the Congo,country,2001,
COD,Democratic Republic of the Congo,country,2002,
COD,Democratic Republic of the Congo,country,2003,
COD,Democratic Republic of the Congo,country,2004,
COD,Democratic Republic of the Congo,country,2005,
COD,Democratic Republic of the Congo,country,2006,
COD,Democratic Republic of the Congo,country,2007,
COD,Democratic Republic of the Congo,country,2008,
COD,Democratic Republic of the Congo,country,2009,
COD,Democratic Republic of the Congo,country,2010,.273
COD,Democratic Republic of the Congo,country,2011,.27900001
COD,Democratic Republic of the Congo,country,2012,.28200001
COD,Democratic Republic of the Congo,country,2013,.28799999
COD,Democratic Republic of the Congo,country,2014,.29499999
COD,Democratic Republic of the Congo,country,2015,.303
COD,Democratic Republic of the Congo,country,2016,.31
COD,Democratic Republic of the Congo,country,2017,.315
COD,Democratic Republic of the Congo,country,2018,.31999999
COD,Democratic Republic of the Congo,country,2019,.324
COD,Democratic Republic of the Congo,country,2020,.32800001
COD,Democratic Republic of the Congo,country,2021,.331
COD,Democratic Republic of the Congo,country,2022,.336
COD,Democratic Republic of the Congo,country,2023,.34099999
COG,Congo,country,1990,
COG,Congo,country,1991,
COG,Congo,country,1992,
COG,Congo,country,1993,
COG,Congo,country,1994,
COG,Congo,country,1995,
COG,Congo,country,1996,
COG,Congo,country,1997,
COG,Congo,country,1998,
COG,Congo,country,1999,
COG,Congo,country,2000,
COG,Congo,country,2001,
COG,Congo,country,2002,
COG,Congo,country,2003,
COG,Congo,country,2004,
COG,Congo,country,2005,
COG,Congo,country,2006,
COG,Congo,country,2007,
COG,Congo,country,2008,
COG,Congo,country,2009,
COG,Congo,country,2010,.39300001
COG,Congo,country,2011,.40400001
COG,Congo,country,2012,.39899999
COG,Congo,country,2013,.40400001
COG,Congo,country,2014,.41299999
COG,Congo,country,2015,.41600001
COG,Congo,country,2016,.41499999
COG,Congo,country,2017,.41299999
COG,Congo,country,2018,.417
COG,Congo,country,2019,.41
COG,Congo,country,2020,.41999999
COG,Congo,country,2021,.421
COG,Congo,country,2022,.42300001
COG,Congo,country,2023,.426
COL,Colombia,country,1990,
COL,Colombia,country,1991,
COL,Colombia,country,1992,
COL,Colombia,country,1993,
COL,Colombia,country,1994,
COL,Colombia,country,1995,
COL,Colombia,country,1996,
COL,Colombia,country,1997,
COL,Colombia,country,1998,
COL,Colombia,country,1999,
COL,Colombia,country,2000,
COL,Colombia,country,2001,
COL,Colombia,country,2002,
COL,Colombia,country,2003,
COL,Colombia,country,2004,
COL,Colombia,country,2005,
COL,Colombia,country,2006,
COL,Colombia,country,2007,
COL,Colombia,country,2008,
COL,Colombia,country,2009,
COL,Colombia,country,2010,.54299998
COL,Colombia,country,2011,.55199999
COL,Colombia,country,2012,.56
COL,Colombia,country,2013,.56800002
COL,Colombia,country,2014,.574
COL,Colombia,country,2015,.58499998
COL,Colombia,country,2016,.59100002
COL,Colombia,country,2017,.59799999
COL,Colombia,country,2018,.59899998
COL,Colombia,country,2019,.59500003
COL,Colombia,country,2020,.574
COL,Colombia,country,2021,.57099998
COL,Colombia,country,2022,.58700001
COL,Colombia,country,2023,.59299999
COM,Comoros,country,1990,
COM,Comoros,country,1991,
COM,Comoros,country,1992,
COM,Comoros,country,1993,
COM,Comoros,country,1994,
COM,Comoros,country,1995,
COM,Comoros,country,1996,
COM,Comoros,country,1997,
COM,Comoros,country,1998,
COM,Comoros,country,1999,
COM,Comoros,country,2000,
COM,Comoros,country,2001,
COM,Comoros,country,2002,
COM,Comoros,country,2003,
COM,Comoros,country,2004,
COM,Comoros,country,2005,
COM,Comoros,country,2006,
COM,Comoros,country,2007,
COM,Comoros,country,2008,
COM,Comoros,country,2009,
COM,Comoros,country,2010,
COM,Comoros,country,2011,
COM,Comoros,country,2012,
COM,Comoros,country,2013,
COM,Comoros,country,2014,.317
COM,Comoros,country,2015,.32100001
COM,Comoros,country,2016,.32499999
COM,Comoros,country,2017,.33000001
COM,Comoros,country,2018,.33399999
COM,Comoros,country,2019,.338
COM,Comoros,country,2020,.34099999
COM,Comoros,country,2021,.34299999
COM,Comoros,country,2022,.35499999
COM,Comoros,country,2023,.35600001
CPV,Cabo Verde,country,1990,
CPV,Cabo Verde,country,1991,
CPV,Cabo Verde,country,1992,
CPV,Cabo Verde,country,1993,
CPV,Cabo Verde,country,1994,
CPV,Cabo Verde,country,1995,
CPV,Cabo Verde,country,1996,
CPV,Cabo Verde,country,1997,
CPV,Cabo Verde,country,1998,
CPV,Cabo Verde,country,1999,
CPV,Cabo Verde,country,2000,
CPV,Cabo Verde,country,2001,
CPV,Cabo Verde,country,2002,
CPV,Cabo Verde,country,2003,
CPV,Cabo Verde,country,2004,
CPV,Cabo Verde,country,2005,
CPV,Cabo Verde,country,2006,
CPV,Cabo Verde,country,2007,
CPV,Cabo Verde,country,2008,
CPV,Cabo Verde,country,2009,
CPV,Cabo Verde,country,2010,
CPV,Cabo Verde,country,2011,
CPV,Cabo Verde,country,2012,
CPV,Cabo Verde,country,2013,
CPV,Cabo Verde,country,2014,
CPV,Cabo Verde,country,2015,.465
CPV,Cabo Verde,country,2016,.46799999
CPV,Cabo Verde,country,2017,.47
CPV,Cabo Verde,country,2018,.47099999
CPV,Cabo Verde,country,2019,.47499999
CPV,Cabo Verde,country,2020,.461
CPV,Cabo Verde,country,2021,.46399999
CPV,Cabo Verde,country,2022,.47499999
CPV,Cabo Verde,country,2023,.47799999
CRI,Costa Rica,country,1990,
CRI,Costa Rica,country,1991,
CRI,Costa Rica,country,1992,
CRI,Costa Rica,country,1993,
CRI,Costa Rica,country,1994,
CRI,Costa Rica,country,1995,
CRI,Costa Rica,country,1996,
CRI,Costa Rica,country,1997,
CRI,Costa Rica,country,1998,
CRI,Costa Rica,country,1999,
CRI,Costa Rica,country,2000,
CRI,Costa Rica,country,2001,
CRI,Costa Rica,country,2002,
CRI,Costa Rica,country,2003,
CRI,Costa Rica,country,2004,
CRI,Costa Rica,country,2005,
CRI,Costa Rica,country,2006,
CRI,Costa Rica,country,2007,
CRI,Costa Rica,country,2008,
CRI,Costa Rica,country,2009,
CRI,Costa Rica,country,2010,.62599999
CRI,Costa Rica,country,2011,.63
CRI,Costa Rica,country,2012,.63499999
CRI,Costa Rica,country,2013,.63700002
CRI,Costa Rica,country,2014,.64700001
CRI,Costa Rica,country,2015,.648
CRI,Costa Rica,country,2016,.64899999
CRI,Costa Rica,country,2017,.65600002
CRI,Costa Rica,country,2018,.65899998
CRI,Costa Rica,country,2019,.66600001
CRI,Costa Rica,country,2020,.66799998
CRI,Costa Rica,country,2021,.66299999
CRI,Costa Rica,country,2022,.66900003
CRI,Costa Rica,country,2023,.67799997
CUB,Cuba,country,1990,
CUB,Cuba,country,1991,
CUB,Cuba,country,1992,
CUB,Cuba,country,1993,
CUB,Cuba,country,1994,
CUB,Cuba,country,1995,
CUB,Cuba,country,1996,
CUB,Cuba,country,1997,
CUB,Cuba,country,1998,
CUB,Cuba,country,1999,
CUB,Cuba,country,2000,
CUB,Cuba,country,2001,
CUB,Cuba,country,2002,
CUB,Cuba,country,2003,
CUB,Cuba,country,2004,
CUB,Cuba,country,2005,
CUB,Cuba,country,2006,
CUB,Cuba,country,2007,
CUB,Cuba,country,2008,
CUB,Cuba,country,2009,
CUB,Cuba,country,2010,
CUB,Cuba,country,2011,
CUB,Cuba,country,2012,
CUB,Cuba,country,2013,
CUB,Cuba,country,2014,
CUB,Cuba,country,2015,
CUB,Cuba,country,2016,
CUB,Cuba,country,2017,
CUB,Cuba,country,2018,
CUB,Cuba,country,2019,
CUB,Cuba,country,2020,
CUB,Cuba,country,2021,
CUB,Cuba,country,2022,
CUB,Cuba,country,2023,
CYP,Cyprus,country,1990,
CYP,Cyprus,country,1991,
CYP,Cyprus,country,1992,
CYP,Cyprus,country,1993,
CYP,Cyprus,country,1994,
CYP,Cyprus,country,1995,
CYP,Cyprus,country,1996,
CYP,Cyprus,country,1997,
CYP,Cyprus,country,1998,
CYP,Cyprus,country,1999,
CYP,Cyprus,country,2000,
CYP,Cyprus,country,2001,
CYP,Cyprus,country,2002,
CYP,Cyprus,country,2003,
CYP,Cyprus,country,2004,
CYP,Cyprus,country,2005,
CYP,Cyprus,country,2006,
CYP,Cyprus,country,2007,
CYP,Cyprus,country,2008,
CYP,Cyprus,country,2009,
CYP,Cyprus,country,2010,.76800001
CYP,Cyprus,country,2011,.77399999
CYP,Cyprus,country,2012,.77399999
CYP,Cyprus,country,2013,.773
CYP,Cyprus,country,2014,.76800001
CYP,Cyprus,country,2015,.78200001
CYP,Cyprus,country,2016,.792
CYP,Cyprus,country,2017,.80599999
CYP,Cyprus,country,2018,.81599998
CYP,Cyprus,country,2019,.81699997
CYP,Cyprus,country,2020,.82099998
CYP,Cyprus,country,2021,.82200003
CYP,Cyprus,country,2022,.82499999
CYP,Cyprus,country,2023,.84100002
CZE,Czechia,country,1990,
CZE,Czechia,country,1991,
CZE,Czechia,country,1992,
CZE,Czechia,country,1993,
CZE,Czechia,country,1994,
CZE,Czechia,country,1995,
CZE,Czechia,country,1996,
CZE,Czechia,country,1997,
CZE,Czechia,country,1998,
CZE,Czechia,country,1999,
CZE,Czechia,country,2000,
CZE,Czechia,country,2001,
CZE,Czechia,country,2002,
CZE,Czechia,country,2003,
CZE,Czechia,country,2004,
CZE,Czechia,country,2005,
CZE,Czechia,country,2006,
CZE,Czechia,country,2007,
CZE,Czechia,country,2008,
CZE,Czechia,country,2009,
CZE,Czechia,country,2010,.83399999
CZE,Czechia,country,2011,.83499998
CZE,Czechia,country,2012,.83700001
CZE,Czechia,country,2013,.84299999
CZE,Czechia,country,2014,.84899998
CZE,Czechia,country,2015,.85100001
CZE,Czechia,country,2016,.85299999
CZE,Czechia,country,2017,.85699999
CZE,Czechia,country,2018,.85600001
CZE,Czechia,country,2019,.85900003
CZE,Czechia,country,2020,.85299999
CZE,Czechia,country,2021,.85299999
CZE,Czechia,country,2022,.86299998
CZE,Czechia,country,2023,.86699998
DEU,Germany,country,1990,
DEU,Germany,country,1991,
DEU,Germany,country,1992,
DEU,Germany,country,1993,
DEU,Germany,country,1994,
DEU,Germany,country,1995,
DEU,Germany,country,1996,
DEU,Germany,country,1997,
DEU,Germany,country,1998,
DEU,Germany,country,1999,
DEU,Germany,country,2000,
DEU,Germany,country,2001,
DEU,Germany,country,2002,
DEU,Germany,country,2003,
DEU,Germany,country,2004,
DEU,Germany,country,2005,
DEU,Germany,country,2006,
DEU,Germany,country,2007,
DEU,Germany,country,2008,
DEU,Germany,country,2009,
DEU,Germany,country,2010,.87099999
DEU,Germany,country,2011,.87599999
DEU,Germany,country,2012,.87800002
DEU,Germany,country,2013,.87599999
DEU,Germany,country,2014,.87900001
DEU,Germany,country,2015,.87900001
DEU,Germany,country,2016,.87800002
DEU,Germany,country,2017,.88099998
DEU,Germany,country,2018,.87800002
DEU,Germany,country,2019,.88499999
DEU,Germany,country,2020,.88099998
DEU,Germany,country,2021,.88099998
DEU,Germany,country,2022,.88499999
DEU,Germany,country,2023,.88999999
DJI,Djibouti,country,1990,
DJI,Djibouti,country,1991,
DJI,Djibouti,country,1992,
DJI,Djibouti,country,1993,
DJI,Djibouti,country,1994,
DJI,Djibouti,country,1995,
DJI,Djibouti,country,1996,
DJI,Djibouti,country,1997,
DJI,Djibouti,country,1998,
DJI,Djibouti,country,1999,
DJI,Djibouti,country,2000,
DJI,Djibouti,country,2001,
DJI,Djibouti,country,2002,
DJI,Djibouti,country,2003,
DJI,Djibouti,country,2004,
DJI,Djibouti,country,2005,
DJI,Djibouti,country,2006,
DJI,Djibouti,country,2007,
DJI,Djibouti,country,2008,
DJI,Djibouti,country,2009,
DJI,Djibouti,country,2010,
DJI,Djibouti,country,2011,
DJI,Djibouti,country,2012,.27700001
DJI,Djibouti,country,2013,.28600001
DJI,Djibouti,country,2014,.292
DJI,Djibouti,country,2015,.29899999
DJI,Djibouti,country,2016,.30599999
DJI,Djibouti,country,2017,.317
DJI,Djibouti,country,2018,.32300001
DJI,Djibouti,country,2019,.32600001
DJI,Djibouti,country,2020,.329
DJI,Djibouti,country,2021,.331
DJI,Djibouti,country,2022,.338
DJI,Djibouti,country,2023,.34099999
DMA,Dominica,country,1990,
DMA,Dominica,country,1991,
DMA,Dominica,country,1992,
DMA,Dominica,country,1993,
DMA,Dominica,country,1994,
DMA,Dominica,country,1995,
DMA,Dominica,country,1996,
DMA,Dominica,country,1997,
DMA,Dominica,country,1998,
DMA,Dominica,country,1999,
DMA,Dominica,country,2000,
DMA,Dominica,country,2001,
DMA,Dominica,country,2002,
DMA,Dominica,country,2003,
DMA,Dominica,country,2004,
DMA,Dominica,country,2005,
DMA,Dominica,country,2006,
DMA,Dominica,country,2007,
DMA,Dominica,country,2008,
DMA,Dominica,country,2009,
DMA,Dominica,country,2010,
DMA,Dominica,country,2011,
DMA,Dominica,country,2012,
DMA,Dominica,country,2013,
DMA,Dominica,country,2014,
DMA,Dominica,country,2015,
DMA,Dominica,country,2016,
DMA,Dominica,country,2017,
DMA,Dominica,country,2018,
DMA,Dominica,country,2019,
DMA,Dominica,country,2020,
DMA,Dominica,country,2021,
DMA,Dominica,country,2022,
DMA,Dominica,country,2023,
DNK,Denmark,country,1990,
DNK,Denmark,country,1991,
DNK,Denmark,country,1992,
DNK,Denmark,country,1993,
DNK,Denmark,country,1994,
DNK,Denmark,country,1995,
DNK,Denmark,country,1996,
DNK,Denmark,country,1997,
DNK,Denmark,country,1998,
DNK,Denmark,country,1999,
DNK,Denmark,country,2000,
DNK,Denmark,country,2001,
DNK,Denmark,country,2002,
DNK,Denmark,country,2003,
DNK,Denmark,country,2004,
DNK,Denmark,country,2005,
DNK,Denmark,country,2006,
DNK,Denmark,country,2007,
DNK,Denmark,country,2008,
DNK,Denmark,country,2009,
DNK,Denmark,country,2010,
DNK,Denmark,country,2011,
DNK,Denmark,country,2012,
DNK,Denmark,country,2013,
DNK,Denmark,country,2014,.88300002
DNK,Denmark,country,2015,.88800001
DNK,Denmark,country,2016,.89399999
DNK,Denmark,country,2017,.89399999
DNK,Denmark,country,2018,.89200002
DNK,Denmark,country,2019,.898
DNK,Denmark,country,2020,.898
DNK,Denmark,country,2021,.90399998
DNK,Denmark,country,2022,.90399998
DNK,Denmark,country,2023,.90899998
DOM,Dominican Republic,country,1990,
DOM,Dominican Republic,country,1991,
DOM,Dominican Republic,country,1992,
DOM,Dominican Republic,country,1993,
DOM,Dominican Republic,country,1994,
DOM,Dominican Republic,country,1995,
DOM,Dominican Republic,country,1996,
DOM,Dominican Republic,country,1997,
DOM,Dominican Republic,country,1998,
DOM,Dominican Republic,country,1999,
DOM,Dominican Republic,country,2000,
DOM,Dominican Republic,country,2001,
DOM,Dominican Republic,country,2002,
DOM,Dominican Republic,country,2003,
DOM,Dominican Republic,country,2004,
DOM,Dominican Republic,country,2005,
DOM,Dominican Republic,country,2006,
DOM,Dominican Republic,country,2007,
DOM,Dominican Republic,country,2008,
DOM,Dominican Republic,country,2009,
DOM,Dominican Republic,country,2010,.542
DOM,Dominican Republic,country,2011,.54799998
DOM,Dominican Republic,country,2012,.55900002
DOM,Dominican Republic,country,2013,.55800003
DOM,Dominican Republic,country,2014,.57099998
DOM,Dominican Republic,country,2015,.579
DOM,Dominican Republic,country,2016,.56099999
DOM,Dominican Republic,country,2017,.61299998
DOM,Dominican Republic,country,2018,.61400002
DOM,Dominican Republic,country,2019,.616
DOM,Dominican Republic,country,2020,.62199998
DOM,Dominican Republic,country,2021,.62199998
DOM,Dominican Republic,country,2022,.63599998
DOM,Dominican Republic,country,2023,.634
DZA,Algeria,country,1990,
DZA,Algeria,country,1991,
DZA,Algeria,country,1992,
DZA,Algeria,country,1993,
DZA,Algeria,country,1994,
DZA,Algeria,country,1995,
DZA,Algeria,country,1996,
DZA,Algeria,country,1997,
DZA,Algeria,country,1998,
DZA,Algeria,country,1999,
DZA,Algeria,country,2000,
DZA,Algeria,country,2001,
DZA,Algeria,country,2002,
DZA,Algeria,country,2003,
DZA,Algeria,country,2004,
DZA,Algeria,country,2005,
DZA,Algeria,country,2006,
DZA,Algeria,country,2007,
DZA,Algeria,country,2008,
DZA,Algeria,country,2009,
DZA,Algeria,country,2010,
DZA,Algeria,country,2011,
DZA,Algeria,country,2012,.56199998
DZA,Algeria,country,2013,.56599998
DZA,Algeria,country,2014,.57099998
DZA,Algeria,country,2015,.57499999
DZA,Algeria,country,2016,.57999998
DZA,Algeria,country,2017,.583
DZA,Algeria,country,2018,.58700001
DZA,Algeria,country,2019,.58999997
DZA,Algeria,country,2020,.583
DZA,Algeria,country,2021,.59399998
DZA,Algeria,country,2022,.59899998
DZA,Algeria,country,2023,.60100001
ECU,Ecuador,country,1990,
ECU,Ecuador,country,1991,
ECU,Ecuador,country,1992,
ECU,Ecuador,country,1993,
ECU,Ecuador,country,1994,
ECU,Ecuador,country,1995,
ECU,Ecuador,country,1996,
ECU,Ecuador,country,1997,
ECU,Ecuador,country,1998,
ECU,Ecuador,country,1999,
ECU,Ecuador,country,2000,
ECU,Ecuador,country,2001,
ECU,Ecuador,country,2002,
ECU,Ecuador,country,2003,
ECU,Ecuador,country,2004,
ECU,Ecuador,country,2005,
ECU,Ecuador,country,2006,
ECU,Ecuador,country,2007,
ECU,Ecuador,country,2008,
ECU,Ecuador,country,2009,
ECU,Ecuador,country,2010,.57700002
ECU,Ecuador,country,2011,.59600002
ECU,Ecuador,country,2012,.59799999
ECU,Ecuador,country,2013,.60699999
ECU,Ecuador,country,2014,.62099999
ECU,Ecuador,country,2015,.62199998
ECU,Ecuador,country,2016,.62400001
ECU,Ecuador,country,2017,.62800002
ECU,Ecuador,country,2018,.62699997
ECU,Ecuador,country,2019,.62699997
ECU,Ecuador,country,2020,.60500002
ECU,Ecuador,country,2021,.62
ECU,Ecuador,country,2022,.63499999
ECU,Ecuador,country,2023,.63999999
EGY,Egypt,country,1990,
EGY,Egypt,country,1991,
EGY,Egypt,country,1992,
EGY,Egypt,country,1993,
EGY,Egypt,country,1994,
EGY,Egypt,country,1995,
EGY,Egypt,country,1996,
EGY,Egypt,country,1997,
EGY,Egypt,country,1998,
EGY,Egypt,country,1999,
EGY,Egypt,country,2000,
EGY,Egypt,country,2001,
EGY,Egypt,country,2002,
EGY,Egypt,country,2003,
EGY,Egypt,country,2004,
EGY,Egypt,country,2005,
EGY,Egypt,country,2006,
EGY,Egypt,country,2007,
EGY,Egypt,country,2008,
EGY,Egypt,country,2009,
EGY,Egypt,country,2010,.50400001
EGY,Egypt,country,2011,.509
EGY,Egypt,country,2012,.52499998
EGY,Egypt,country,2013,.53299999
EGY,Egypt,country,2014,.54000002
EGY,Egypt,country,2015,.53600001
EGY,Egypt,country,2016,.542
EGY,Egypt,country,2017,.54799998
EGY,Egypt,country,2018,.55800003
EGY,Egypt,country,2019,.56599998
EGY,Egypt,country,2020,.56699997
EGY,Egypt,country,2021,.56900001
EGY,Egypt,country,2022,.579
EGY,Egypt,country,2023,.58200002
ERI,Eritrea,country,1990,
ERI,Eritrea,country,1991,
ERI,Eritrea,country,1992,
ERI,Eritrea,country,1993,
ERI,Eritrea,country,1994,
ERI,Eritrea,country,1995,
ERI,Eritrea,country,1996,
ERI,Eritrea,country,1997,
ERI,Eritrea,country,1998,
ERI,Eritrea,country,1999,
ERI,Eritrea,country,2000,
ERI,Eritrea,country,2001,
ERI,Eritrea,country,2002,
ERI,Eritrea,country,2003,
ERI,Eritrea,country,2004,
ERI,Eritrea,country,2005,
ERI,Eritrea,country,2006,
ERI,Eritrea,country,2007,
ERI,Eritrea,country,2008,
ERI,Eritrea,country,2009,
ERI,Eritrea,country,2010,
ERI,Eritrea,country,2011,
ERI,Eritrea,country,2012,
ERI,Eritrea,country,2013,
ERI,Eritrea,country,2014,
ERI,Eritrea,country,2015,
ERI,Eritrea,country,2016,
ERI,Eritrea,country,2017,
ERI,Eritrea,country,2018,
ERI,Eritrea,country,2019,
ERI,Eritrea,country,2020,
ERI,Eritrea,country,2021,
ERI,Eritrea,country,2022,
ERI,Eritrea,country,2023,
ESP,Spain,country,1990,
ESP,Spain,country,1991,
ESP,Spain,country,1992,
ESP,Spain,country,1993,
ESP,Spain,country,1994,
ESP,Spain,country,1995,
ESP,Spain,country,1996,
ESP,Spain,country,1997,
ESP,Spain,country,1998,
ESP,Spain,country,1999,
ESP,Spain,country,2000,
ESP,Spain,country,2001,
ESP,Spain,country,2002,
ESP,Spain,country,2003,
ESP,Spain,country,2004,
ESP,Spain,country,2005,
ESP,Spain,country,2006,
ESP,Spain,country,2007,
ESP,Spain,country,2008,
ESP,Spain,country,2009,
ESP,Spain,country,2010,
ESP,Spain,country,2011,
ESP,Spain,country,2012,
ESP,Spain,country,2013,
ESP,Spain,country,2014,.75300002
ESP,Spain,country,2015,.75700003
ESP,Spain,country,2016,.76300001
ESP,Spain,country,2017,.77200001
ESP,Spain,country,2018,.78100002
ESP,Spain,country,2019,.787
ESP,Spain,country,2020,.78200001
ESP,Spain,country,2021,.787
ESP,Spain,country,2022,.79500002
ESP,Spain,country,2023,.81900001
EST,Estonia,country,1990,
EST,Estonia,country,1991,
EST,Estonia,country,1992,
EST,Estonia,country,1993,
EST,Estonia,country,1994,
EST,Estonia,country,1995,
EST,Estonia,country,1996,
EST,Estonia,country,1997,
EST,Estonia,country,1998,
EST,Estonia,country,1999,
EST,Estonia,country,2000,
EST,Estonia,country,2001,
EST,Estonia,country,2002,
EST,Estonia,country,2003,
EST,Estonia,country,2004,
EST,Estonia,country,2005,
EST,Estonia,country,2006,
EST,Estonia,country,2007,
EST,Estonia,country,2008,
EST,Estonia,country,2009,
EST,Estonia,country,2010,.80199999
EST,Estonia,country,2011,.80599999
EST,Estonia,country,2012,
EST,Estonia,country,2013,
EST,Estonia,country,2014,.80400002
EST,Estonia,country,2015,
EST,Estonia,country,2016,
EST,Estonia,country,2017,.82800001
EST,Estonia,country,2018,.83499998
EST,Estonia,country,2019,.83899999
EST,Estonia,country,2020,.83899999
EST,Estonia,country,2021,.83499998
EST,Estonia,country,2022,.83700001
EST,Estonia,country,2023,.84100002
ETH,Ethiopia,country,1990,
ETH,Ethiopia,country,1991,
ETH,Ethiopia,country,1992,
ETH,Ethiopia,country,1993,
ETH,Ethiopia,country,1994,
ETH,Ethiopia,country,1995,
ETH,Ethiopia,country,1996,
ETH,Ethiopia,country,1997,
ETH,Ethiopia,country,1998,
ETH,Ethiopia,country,1999,
ETH,Ethiopia,country,2000,
ETH,Ethiopia,country,2001,
ETH,Ethiopia,country,2002,
ETH,Ethiopia,country,2003,
ETH,Ethiopia,country,2004,
ETH,Ethiopia,country,2005,
ETH,Ethiopia,country,2006,
ETH,Ethiopia,country,2007,
ETH,Ethiopia,country,2008,
ETH,Ethiopia,country,2009,
ETH,Ethiopia,country,2010,
ETH,Ethiopia,country,2011,.26699999
ETH,Ethiopia,country,2012,.273
ETH,Ethiopia,country,2013,.28
ETH,Ethiopia,country,2014,.28600001
ETH,Ethiopia,country,2015,.292
ETH,Ethiopia,country,2016,.296
ETH,Ethiopia,country,2017,.30199999
ETH,Ethiopia,country,2018,.30599999
ETH,Ethiopia,country,2019,.31299999
ETH,Ethiopia,country,2020,.317
ETH,Ethiopia,country,2021,.31799999
ETH,Ethiopia,country,2022,.32300001
ETH,Ethiopia,country,2023,.32600001
FIN,Finland,country,1990,
FIN,Finland,country,1991,
FIN,Finland,country,1992,
FIN,Finland,country,1993,
FIN,Finland,country,1994,
FIN,Finland,country,1995,
FIN,Finland,country,1996,
FIN,Finland,country,1997,
FIN,Finland,country,1998,
FIN,Finland,country,1999,
FIN,Finland,country,2000,
FIN,Finland,country,2001,
FIN,Finland,country,2002,
FIN,Finland,country,2003,
FIN,Finland,country,2004,
FIN,Finland,country,2005,
FIN,Finland,country,2006,
FIN,Finland,country,2007,
FIN,Finland,country,2008,
FIN,Finland,country,2009,
FIN,Finland,country,2010,.86400002
FIN,Finland,country,2011,.86799997
FIN,Finland,country,2012,.86799997
FIN,Finland,country,2013,.87900001
FIN,Finland,country,2014,.88200003
FIN,Finland,country,2015,.88599998
FIN,Finland,country,2016,.88700002
FIN,Finland,country,2017,.889
FIN,Finland,country,2018,.88999999
FIN,Finland,country,2019,.89300001
FIN,Finland,country,2020,.89200002
FIN,Finland,country,2021,.89600003
FIN,Finland,country,2022,.88800001
FIN,Finland,country,2023,.89099997
FJI,Fiji,country,1990,
FJI,Fiji,country,1991,
FJI,Fiji,country,1992,
FJI,Fiji,country,1993,
FJI,Fiji,country,1994,
FJI,Fiji,country,1995,
FJI,Fiji,country,1996,
FJI,Fiji,country,1997,
FJI,Fiji,country,1998,
FJI,Fiji,country,1999,
FJI,Fiji,country,2000,
FJI,Fiji,country,2001,
FJI,Fiji,country,2002,
FJI,Fiji,country,2003,
FJI,Fiji,country,2004,
FJI,Fiji,country,2005,
FJI,Fiji,country,2006,
FJI,Fiji,country,2007,
FJI,Fiji,country,2008,
FJI,Fiji,country,2009,
FJI,Fiji,country,2010,
FJI,Fiji,country,2011,
FJI,Fiji,country,2012,
FJI,Fiji,country,2013,
FJI,Fiji,country,2014,
FJI,Fiji,country,2015,
FJI,Fiji,country,2016,
FJI,Fiji,country,2017,
FJI,Fiji,country,2018,
FJI,Fiji,country,2019,
FJI,Fiji,country,2020,
FJI,Fiji,country,2021,.60600001
FJI,Fiji,country,2022,.62300003
FJI,Fiji,country,2023,.62599999
FRA,France,country,1990,
FRA,France,country,1991,
FRA,France,country,1992,
FRA,France,country,1993,
FRA,France,country,1994,
FRA,France,country,1995,
FRA,France,country,1996,
FRA,France,country,1997,
FRA,France,country,1998,
FRA,France,country,1999,
FRA,France,country,2000,
FRA,France,country,2001,
FRA,France,country,2002,
FRA,France,country,2003,
FRA,France,country,2004,
FRA,France,country,2005,
FRA,France,country,2006,
FRA,France,country,2007,
FRA,France,country,2008,
FRA,France,country,2009,
FRA,France,country,2010,.79699999
FRA,France,country,2011,.80199999
FRA,France,country,2012,.80500001
FRA,France,country,2013,.81300002
FRA,France,country,2014,.81400001
FRA,France,country,2015,.81599998
FRA,France,country,2016,.81900001
FRA,France,country,2017,.81599998
FRA,France,country,2018,.81599998
FRA,France,country,2019,.81800002
FRA,France,country,2020,.81999999
FRA,France,country,2021,.82700002
FRA,France,country,2022,.824
FRA,France,country,2023,.83600003
FSM,Micronesia (Federated States of),country,1990,
FSM,Micronesia (Federated States of),country,1991,
FSM,Micronesia (Federated States of),country,1992,
FSM,Micronesia (Federated States of),country,1993,
FSM,Micronesia (Federated States of),country,1994,
FSM,Micronesia (Federated States of),country,1995,
FSM,Micronesia (Federated States of),country,1996,
FSM,Micronesia (Federated States of),country,1997,
FSM,Micronesia (Federated States of),country,1998,
FSM,Micronesia (Federated States of),country,1999,
FSM,Micronesia (Federated States of),country,2000,
FSM,Micronesia (Federated States of),country,2001,
FSM,Micronesia (Federated States of),country,2002,
FSM,Micronesia (Federated States of),country,2003,
FSM,Micronesia (Federated States of),country,2004,
FSM,Micronesia (Federated States of),country,2005,
FSM,Micronesia (Federated States of),country,2006,
FSM,Micronesia (Federated States of),country,2007,
FSM,Micronesia (Federated States of),country,2008,
FSM,Micronesia (Federated States of),country,2009,
FSM,Micronesia (Federated States of),country,2010,
FSM,Micronesia (Federated States of),country,2011,
FSM,Micronesia (Federated States of),country,2012,
FSM,Micronesia (Federated States of),country,2013,
FSM,Micronesia (Federated States of),country,2014,
FSM,Micronesia (Federated States of),country,2015,
FSM,Micronesia (Federated States of),country,2016,
FSM,Micronesia (Federated States of),country,2017,
FSM,Micronesia (Federated States of),country,2018,
FSM,Micronesia (Federated States of),country,2019,
FSM,Micronesia (Federated States of),country,2020,
FSM,Micronesia (Federated States of),country,2021,
FSM,Micronesia (Federated States of),country,2022,
FSM,Micronesia (Federated States of),country,2023,
GAB,Gabon,country,1990,
GAB,Gabon,country,1991,
GAB,Gabon,country,1992,
GAB,Gabon,country,1993,
GAB,Gabon,country,1994,
GAB,Gabon,country,1995,
GAB,Gabon,country,1996,
GAB,Gabon,country,1997,
GAB,Gabon,country,1998,
GAB,Gabon,country,1999,
GAB,Gabon,country,2000,
GAB,Gabon,country,2001,
GAB,Gabon,country,2002,
GAB,Gabon,country,2003,
GAB,Gabon,country,2004,
GAB,Gabon,country,2005,
GAB,Gabon,country,2006,
GAB,Gabon,country,2007,
GAB,Gabon,country,2008,
GAB,Gabon,country,2009,
GAB,Gabon,country,2010,
GAB,Gabon,country,2011,
GAB,Gabon,country,2012,.50400001
GAB,Gabon,country,2013,.51099998
GAB,Gabon,country,2014,.51999998
GAB,Gabon,country,2015,.52399999
GAB,Gabon,country,2016,.528
GAB,Gabon,country,2017,.54000002
GAB,Gabon,country,2018,.542
GAB,Gabon,country,2019,.551
GAB,Gabon,country,2020,.55400002
GAB,Gabon,country,2021,.546
GAB,Gabon,country,2022,.55500001
GAB,Gabon,country,2023,.55800003
GBR,United Kingdom of Great Britain and Northern Ireland,country,1990,
GBR,United Kingdom of Great Britain and Northern Ireland,country,1991,
GBR,United Kingdom of Great Britain and Northern Ireland,country,1992,
GBR,United Kingdom of Great Britain and Northern Ireland,country,1993,
GBR,United Kingdom of Great Britain and Northern Ireland,country,1994,
GBR,United Kingdom of Great Britain and Northern Ireland,country,1995,
GBR,United Kingdom of Great Britain and Northern Ireland,country,1996,
GBR,United Kingdom of Great Britain and Northern Ireland,country,1997,
GBR,United Kingdom of Great Britain and Northern Ireland,country,1998,
GBR,United Kingdom of Great Britain and Northern Ireland,country,1999,
GBR,United Kingdom of Great Britain and Northern Ireland,country,2000,
GBR,United Kingdom of Great Britain and Northern Ireland,country,2001,
GBR,United Kingdom of Great Britain and Northern Ireland,country,2002,
GBR,United Kingdom of Great Britain and Northern Ireland,country,2003,
GBR,United Kingdom of Great Britain and Northern Ireland,country,2004,
GBR,United Kingdom of Great Britain and Northern Ireland,country,2005,
GBR,United Kingdom of Great Britain and Northern Ireland,country,2006,
GBR,United Kingdom of Great Britain and Northern Ireland,country,2007,
GBR,United Kingdom of Great Britain and Northern Ireland,country,2008,
GBR,United Kingdom of Great Britain and Northern Ireland,country,2009,
GBR,United Kingdom of Great Britain and Northern Ireland,country,2010,.83899999
GBR,United Kingdom of Great Britain and Northern Ireland,country,2011,.84100002
GBR,United Kingdom of Great Britain and Northern Ireland,country,2012,.84399998
GBR,United Kingdom of Great Britain and Northern Ireland,country,2013,.85699999
GBR,United Kingdom of Great Britain and Northern Ireland,country,2014,.85799998
GBR,United Kingdom of Great Britain and Northern Ireland,country,2015,.85500002
GBR,United Kingdom of Great Britain and Northern Ireland,country,2016,.85600001
GBR,United Kingdom of Great Britain and Northern Ireland,country,2017,.86199999
GBR,United Kingdom of Great Britain and Northern Ireland,country,2018,.861
GBR,United Kingdom of Great Britain and Northern Ireland,country,2019,.861
GBR,United Kingdom of Great Britain and Northern Ireland,country,2020,.85399997
GBR,United Kingdom of Great Britain and Northern Ireland,country,2021,.86400002
GBR,United Kingdom of Great Britain and Northern Ireland,country,2022,.86900002
GBR,United Kingdom of Great Britain and Northern Ireland,country,2023,.86900002
GEO,Georgia,country,1990,
GEO,Georgia,country,1991,
GEO,Georgia,country,1992,
GEO,Georgia,country,1993,
GEO,Georgia,country,1994,
GEO,Georgia,country,1995,
GEO,Georgia,country,1996,
GEO,Georgia,country,1997,
GEO,Georgia,country,1998,
GEO,Georgia,country,1999,
GEO,Georgia,country,2000,
GEO,Georgia,country,2001,
GEO,Georgia,country,2002,
GEO,Georgia,country,2003,
GEO,Georgia,country,2004,
GEO,Georgia,country,2005,
GEO,Georgia,country,2006,
GEO,Georgia,country,2007,
GEO,Georgia,country,2008,
GEO,Georgia,country,2009,
GEO,Georgia,country,2010,.64600003
GEO,Georgia,country,2011,.65100002
GEO,Georgia,country,2012,.67699999
GEO,Georgia,country,2013,.69
GEO,Georgia,country,2014,.69499999
GEO,Georgia,country,2015,.70499998
GEO,Georgia,country,2016,.70700002
GEO,Georgia,country,2017,.70099998
GEO,Georgia,country,2018,.72299999
GEO,Georgia,country,2019,.72600001
GEO,Georgia,country,2020,.72899997
GEO,Georgia,country,2021,.73100001
GEO,Georgia,country,2022,.74900001
GEO,Georgia,country,2023,.75400001
GHA,Ghana,country,1990,
GHA,Ghana,country,1991,
GHA,Ghana,country,1992,
GHA,Ghana,country,1993,
GHA,Ghana,country,1994,
GHA,Ghana,country,1995,
GHA,Ghana,country,1996,
GHA,Ghana,country,1997,
GHA,Ghana,country,1998,
GHA,Ghana,country,1999,
GHA,Ghana,country,2000,
GHA,Ghana,country,2001,
GHA,Ghana,country,2002,
GHA,Ghana,country,2003,
GHA,Ghana,country,2004,
GHA,Ghana,country,2005,
GHA,Ghana,country,2006,
GHA,Ghana,country,2007,
GHA,Ghana,country,2008,
GHA,Ghana,country,2009,
GHA,Ghana,country,2010,.33399999
GHA,Ghana,country,2011,.34900001
GHA,Ghana,country,2012,.354
GHA,Ghana,country,2013,.36399999
GHA,Ghana,country,2014,.36700001
GHA,Ghana,country,2015,.373
GHA,Ghana,country,2016,.375
GHA,Ghana,country,2017,.368
GHA,Ghana,country,2018,.37200001
GHA,Ghana,country,2019,.38
GHA,Ghana,country,2020,.384
GHA,Ghana,country,2021,.38699999
GHA,Ghana,country,2022,.396
GHA,Ghana,country,2023,.39899999
GIN,Guinea,country,1990,
GIN,Guinea,country,1991,
GIN,Guinea,country,1992,
GIN,Guinea,country,1993,
GIN,Guinea,country,1994,
GIN,Guinea,country,1995,
GIN,Guinea,country,1996,
GIN,Guinea,country,1997,
GIN,Guinea,country,1998,
GIN,Guinea,country,1999,
GIN,Guinea,country,2000,
GIN,Guinea,country,2001,
GIN,Guinea,country,2002,
GIN,Guinea,country,2003,
GIN,Guinea,country,2004,
GIN,Guinea,country,2005,
GIN,Guinea,country,2006,
GIN,Guinea,country,2007,
GIN,Guinea,country,2008,
GIN,Guinea,country,2009,
GIN,Guinea,country,2010,.25099999
GIN,Guinea,country,2011,.255
GIN,Guinea,country,2012,.257
GIN,Guinea,country,2013,.25999999
GIN,Guinea,country,2014,.264
GIN,Guinea,country,2015,.273
GIN,Guinea,country,2016,.27900001
GIN,Guinea,country,2017,.27900001
GIN,Guinea,country,2018,.28
GIN,Guinea,country,2019,.28999999
GIN,Guinea,country,2020,.29300001
GIN,Guinea,country,2021,.29499999
GIN,Guinea,country,2022,.30000001
GIN,Guinea,country,2023,.30199999
GMB,Gambia,country,1990,
GMB,Gambia,country,1991,
GMB,Gambia,country,1992,
GMB,Gambia,country,1993,
GMB,Gambia,country,1994,
GMB,Gambia,country,1995,
GMB,Gambia,country,1996,
GMB,Gambia,country,1997,
GMB,Gambia,country,1998,
GMB,Gambia,country,1999,
GMB,Gambia,country,2000,
GMB,Gambia,country,2001,
GMB,Gambia,country,2002,
GMB,Gambia,country,2003,
GMB,Gambia,country,2004,
GMB,Gambia,country,2005,
GMB,Gambia,country,2006,
GMB,Gambia,country,2007,
GMB,Gambia,country,2008,
GMB,Gambia,country,2009,
GMB,Gambia,country,2010,
GMB,Gambia,country,2011,.27000001
GMB,Gambia,country,2012,.27500001
GMB,Gambia,country,2013,.27700001
GMB,Gambia,country,2014,.27900001
GMB,Gambia,country,2015,.28299999
GMB,Gambia,country,2016,.301
GMB,Gambia,country,2017,.30599999
GMB,Gambia,country,2018,.31400001
GMB,Gambia,country,2019,.322
GMB,Gambia,country,2020,.32499999
GMB,Gambia,country,2021,.31999999
GMB,Gambia,country,2022,.32499999
GMB,Gambia,country,2023,.329
GNB,Guinea-Bissau,country,1990,
GNB,Guinea-Bissau,country,1991,
GNB,Guinea-Bissau,country,1992,
GNB,Guinea-Bissau,country,1993,
GNB,Guinea-Bissau,country,1994,
GNB,Guinea-Bissau,country,1995,
GNB,Guinea-Bissau,country,1996,
GNB,Guinea-Bissau,country,1997,
GNB,Guinea-Bissau,country,1998,
GNB,Guinea-Bissau,country,1999,
GNB,Guinea-Bissau,country,2000,
GNB,Guinea-Bissau,country,2001,
GNB,Guinea-Bissau,country,2002,
GNB,Guinea-Bissau,country,2003,
GNB,Guinea-Bissau,country,2004,
GNB,Guinea-Bissau,country,2005,
GNB,Guinea-Bissau,country,2006,
GNB,Guinea-Bissau,country,2007,
GNB,Guinea-Bissau,country,2008,
GNB,Guinea-Bissau,country,2009,
GNB,Guinea-Bissau,country,2010,.249
GNB,Guinea-Bissau,country,2011,.255
GNB,Guinea-Bissau,country,2012,.25799999
GNB,Guinea-Bissau,country,2013,.26300001
GNB,Guinea-Bissau,country,2014,.26499999
GNB,Guinea-Bissau,country,2015,.26899999
GNB,Guinea-Bissau,country,2016,.273
GNB,Guinea-Bissau,country,2017,.27700001
GNB,Guinea-Bissau,country,2018,.278
GNB,Guinea-Bissau,country,2019,.31900001
GNB,Guinea-Bissau,country,2020,.31900001
GNB,Guinea-Bissau,country,2021,.322
GNB,Guinea-Bissau,country,2022,.329
GNB,Guinea-Bissau,country,2023,.331
GNQ,Equatorial Guinea,country,1990,
GNQ,Equatorial Guinea,country,1991,
GNQ,Equatorial Guinea,country,1992,
GNQ,Equatorial Guinea,country,1993,
GNQ,Equatorial Guinea,country,1994,
GNQ,Equatorial Guinea,country,1995,
GNQ,Equatorial Guinea,country,1996,
GNQ,Equatorial Guinea,country,1997,
GNQ,Equatorial Guinea,country,1998,
GNQ,Equatorial Guinea,country,1999,
GNQ,Equatorial Guinea,country,2000,
GNQ,Equatorial Guinea,country,2001,
GNQ,Equatorial Guinea,country,2002,
GNQ,Equatorial Guinea,country,2003,
GNQ,Equatorial Guinea,country,2004,
GNQ,Equatorial Guinea,country,2005,
GNQ,Equatorial Guinea,country,2006,
GNQ,Equatorial Guinea,country,2007,
GNQ,Equatorial Guinea,country,2008,
GNQ,Equatorial Guinea,country,2009,
GNQ,Equatorial Guinea,country,2010,
GNQ,Equatorial Guinea,country,2011,
GNQ,Equatorial Guinea,country,2012,
GNQ,Equatorial Guinea,country,2013,
GNQ,Equatorial Guinea,country,2014,
GNQ,Equatorial Guinea,country,2015,
GNQ,Equatorial Guinea,country,2016,
GNQ,Equatorial Guinea,country,2017,
GNQ,Equatorial Guinea,country,2018,
GNQ,Equatorial Guinea,country,2019,
GNQ,Equatorial Guinea,country,2020,
GNQ,Equatorial Guinea,country,2021,
GNQ,Equatorial Guinea,country,2022,
GNQ,Equatorial Guinea,country,2023,
GRC,Greece,country,1990,
GRC,Greece,country,1991,
GRC,Greece,country,1992,
GRC,Greece,country,1993,
GRC,Greece,country,1994,
GRC,Greece,country,1995,
GRC,Greece,country,1996,
GRC,Greece,country,1997,
GRC,Greece,country,1998,
GRC,Greece,country,1999,
GRC,Greece,country,2000,
GRC,Greece,country,2001,
GRC,Greece,country,2002,
GRC,Greece,country,2003,
GRC,Greece,country,2004,
GRC,Greece,country,2005,
GRC,Greece,country,2006,
GRC,Greece,country,2007,
GRC,Greece,country,2008,
GRC,Greece,country,2009,
GRC,Greece,country,2010,.76599997
GRC,Greece,country,2011,.76300001
GRC,Greece,country,2012,.76499999
GRC,Greece,country,2013,.76899999
GRC,Greece,country,2014,.76999998
GRC,Greece,country,2015,.77499998
GRC,Greece,country,2016,.773
GRC,Greece,country,2017,.77899998
GRC,Greece,country,2018,.79400003
GRC,Greece,country,2019,.801
GRC,Greece,country,2020,.79799998
GRC,Greece,country,2021,.79500002
GRC,Greece,country,2022,.80400002
GRC,Greece,country,2023,.82499999
GRD,Grenada,country,1990,
GRD,Grenada,country,1991,
GRD,Grenada,country,1992,
GRD,Grenada,country,1993,
GRD,Grenada,country,1994,
GRD,Grenada,country,1995,
GRD,Grenada,country,1996,
GRD,Grenada,country,1997,
GRD,Grenada,country,1998,
GRD,Grenada,country,1999,
GRD,Grenada,country,2000,
GRD,Grenada,country,2001,
GRD,Grenada,country,2002,
GRD,Grenada,country,2003,
GRD,Grenada,country,2004,
GRD,Grenada,country,2005,
GRD,Grenada,country,2006,
GRD,Grenada,country,2007,
GRD,Grenada,country,2008,
GRD,Grenada,country,2009,
GRD,Grenada,country,2010,
GRD,Grenada,country,2011,
GRD,Grenada,country,2012,
GRD,Grenada,country,2013,
GRD,Grenada,country,2014,
GRD,Grenada,country,2015,
GRD,Grenada,country,2016,
GRD,Grenada,country,2017,
GRD,Grenada,country,2018,
GRD,Grenada,country,2019,
GRD,Grenada,country,2020,
GRD,Grenada,country,2021,
GRD,Grenada,country,2022,
GRD,Grenada,country,2023,
GTM,Guatemala,country,1990,
GTM,Guatemala,country,1991,
GTM,Guatemala,country,1992,
GTM,Guatemala,country,1993,
GTM,Guatemala,country,1994,
GTM,Guatemala,country,1995,
GTM,Guatemala,country,1996,
GTM,Guatemala,country,1997,
GTM,Guatemala,country,1998,
GTM,Guatemala,country,1999,
GTM,Guatemala,country,2000,
GTM,Guatemala,country,2001,
GTM,Guatemala,country,2002,
GTM,Guatemala,country,2003,
GTM,Guatemala,country,2004,
GTM,Guatemala,country,2005,
GTM,Guatemala,country,2006,
GTM,Guatemala,country,2007,
GTM,Guatemala,country,2008,
GTM,Guatemala,country,2009,
GTM,Guatemala,country,2010,
GTM,Guatemala,country,2011,
GTM,Guatemala,country,2012,
GTM,Guatemala,country,2013,
GTM,Guatemala,country,2014,
GTM,Guatemala,country,2015,.456
GTM,Guatemala,country,2016,.46000001
GTM,Guatemala,country,2017,.46399999
GTM,Guatemala,country,2018,.46700001
GTM,Guatemala,country,2019,.47099999
GTM,Guatemala,country,2020,.46599999
GTM,Guatemala,country,2021,.46200001
GTM,Guatemala,country,2022,.47400001
GTM,Guatemala,country,2023,.479
GUY,Guyana,country,1990,
GUY,Guyana,country,1991,
GUY,Guyana,country,1992,
GUY,Guyana,country,1993,
GUY,Guyana,country,1994,
GUY,Guyana,country,1995,
GUY,Guyana,country,1996,
GUY,Guyana,country,1997,
GUY,Guyana,country,1998,
GUY,Guyana,country,1999,
GUY,Guyana,country,2000,
GUY,Guyana,country,2001,
GUY,Guyana,country,2002,
GUY,Guyana,country,2003,
GUY,Guyana,country,2004,
GUY,Guyana,country,2005,
GUY,Guyana,country,2006,
GUY,Guyana,country,2007,
GUY,Guyana,country,2008,
GUY,Guyana,country,2009,
GUY,Guyana,country,2010,
GUY,Guyana,country,2011,
GUY,Guyana,country,2012,
GUY,Guyana,country,2013,
GUY,Guyana,country,2014,
GUY,Guyana,country,2015,
GUY,Guyana,country,2016,
GUY,Guyana,country,2017,
GUY,Guyana,country,2018,
GUY,Guyana,country,2019,
GUY,Guyana,country,2020,
GUY,Guyana,country,2021,
GUY,Guyana,country,2022,
GUY,Guyana,country,2023,
HKG,"China, Hong Kong Special Administrative Region",country,1990,
HKG,"China, Hong Kong Special Administrative Region",country,1991,
HKG,"China, Hong Kong Special Administrative Region",country,1992,
HKG,"China, Hong Kong Special Administrative Region",country,1993,
HKG,"China, Hong Kong Special Administrative Region",country,1994,
HKG,"China, Hong Kong Special Administrative Region",country,1995,
HKG,"China, Hong Kong Special Administrative Region",country,1996,
HKG,"China, Hong Kong Special Administrative Region",country,1997,
HKG,"China, Hong Kong Special Administrative Region",country,1998,
HKG,"China, Hong Kong Special Administrative Region",country,1999,
HKG,"China, Hong Kong Special Administrative Region",country,2000,
HKG,"China, Hong Kong Special Administrative Region",country,2001,
HKG,"China, Hong Kong Special Administrative Region",country,2002,
HKG,"China, Hong Kong Special Administrative Region",country,2003,
HKG,"China, Hong Kong Special Administrative Region",country,2004,
HKG,"China, Hong Kong Special Administrative Region",country,2005,
HKG,"China, Hong Kong Special Administrative Region",country,2006,
HKG,"China, Hong Kong Special Administrative Region",country,2007,
HKG,"China, Hong Kong Special Administrative Region",country,2008,
HKG,"China, Hong Kong Special Administrative Region",country,2009,
HKG,"China, Hong Kong Special Administrative Region",country,2010,.79000002
HKG,"China, Hong Kong Special Administrative Region",country,2011,.796
HKG,"China, Hong Kong Special Administrative Region",country,2012,.80000001
HKG,"China, Hong Kong Special Administrative Region",country,2013,.80500001
HKG,"China, Hong Kong Special Administrative Region",country,2014,.81199998
HKG,"China, Hong Kong Special Administrative Region",country,2015,.81800002
HKG,"China, Hong Kong Special Administrative Region",country,2016,.82099998
HKG,"China, Hong Kong Special Administrative Region",country,2017,.82800001
HKG,"China, Hong Kong Special Administrative Region",country,2018,.83399999
HKG,"China, Hong Kong Special Administrative Region",country,2019,.83399999
HKG,"China, Hong Kong Special Administrative Region",country,2020,.83200002
HKG,"China, Hong Kong Special Administrative Region",country,2021,.84200001
HKG,"China, Hong Kong Special Administrative Region",country,2022,.83399999
HKG,"China, Hong Kong Special Administrative Region",country,2023,.83899999
HND,Honduras,country,1990,
HND,Honduras,country,1991,
HND,Honduras,country,1992,
HND,Honduras,country,1993,
HND,Honduras,country,1994,
HND,Honduras,country,1995,
HND,Honduras,country,1996,
HND,Honduras,country,1997,
HND,Honduras,country,1998,
HND,Honduras,country,1999,
HND,Honduras,country,2000,
HND,Honduras,country,2001,
HND,Honduras,country,2002,
HND,Honduras,country,2003,
HND,Honduras,country,2004,
HND,Honduras,country,2005,
HND,Honduras,country,2006,
HND,Honduras,country,2007,
HND,Honduras,country,2008,
HND,Honduras,country,2009,
HND,Honduras,country,2010,.44100001
HND,Honduras,country,2011,.433
HND,Honduras,country,2012,.43399999
HND,Honduras,country,2013,.449
HND,Honduras,country,2014,.46200001
HND,Honduras,country,2015,.47099999
HND,Honduras,country,2016,.47299999
HND,Honduras,country,2017,.47499999
HND,Honduras,country,2018,.477
HND,Honduras,country,2019,.484
HND,Honduras,country,2020,.479
HND,Honduras,country,2021,.48199999
HND,Honduras,country,2022,.49399999
HND,Honduras,country,2023,.49599999
HRV,Croatia,country,1990,
HRV,Croatia,country,1991,
HRV,Croatia,country,1992,
HRV,Croatia,country,1993,
HRV,Croatia,country,1994,
HRV,Croatia,country,1995,
HRV,Croatia,country,1996,
HRV,Croatia,country,1997,
HRV,Croatia,country,1998,
HRV,Croatia,country,1999,
HRV,Croatia,country,2000,
HRV,Croatia,country,2001,
HRV,Croatia,country,2002,
HRV,Croatia,country,2003,
HRV,Croatia,country,2004,
HRV,Croatia,country,2005,
HRV,Croatia,country,2006,
HRV,Croatia,country,2007,
HRV,Croatia,country,2008,
HRV,Croatia,country,2009,
HRV,Croatia,country,2010,.75
HRV,Croatia,country,2011,.755
HRV,Croatia,country,2012,.76099998
HRV,Croatia,country,2013,.76700002
HRV,Croatia,country,2014,.773
HRV,Croatia,country,2015,.77600002
HRV,Croatia,country,2016,.78299999
HRV,Croatia,country,2017,.78899997
HRV,Croatia,country,2018,.796
HRV,Croatia,country,2019,.80400002
HRV,Croatia,country,2020,.80299997
HRV,Croatia,country,2021,.80900002
HRV,Croatia,country,2022,.82200003
HRV,Croatia,country,2023,.82800001
HTI,Haiti,country,1990,
HTI,Haiti,country,1991,
HTI,Haiti,country,1992,
HTI,Haiti,country,1993,
HTI,Haiti,country,1994,
HTI,Haiti,country,1995,
HTI,Haiti,country,1996,
HTI,Haiti,country,1997,
HTI,Haiti,country,1998,
HTI,Haiti,country,1999,
HTI,Haiti,country,2000,
HTI,Haiti,country,2001,
HTI,Haiti,country,2002,
HTI,Haiti,country,2003,
HTI,Haiti,country,2004,
HTI,Haiti,country,2005,
HTI,Haiti,country,2006,
HTI,Haiti,country,2007,
HTI,Haiti,country,2008,
HTI,Haiti,country,2009,
HTI,Haiti,country,2010,
HTI,Haiti,country,2011,
HTI,Haiti,country,2012,.31799999
HTI,Haiti,country,2013,.322
HTI,Haiti,country,2014,.32499999
HTI,Haiti,country,2015,.32800001
HTI,Haiti,country,2016,.331
HTI,Haiti,country,2017,.33500001
HTI,Haiti,country,2018,.33700001
HTI,Haiti,country,2019,.33700001
HTI,Haiti,country,2020,.33500001
HTI,Haiti,country,2021,.331
HTI,Haiti,country,2022,.33399999
HTI,Haiti,country,2023,.33700001
HUN,Hungary,country,1990,
HUN,Hungary,country,1991,
HUN,Hungary,country,1992,
HUN,Hungary,country,1993,
HUN,Hungary,country,1994,
HUN,Hungary,country,1995,
HUN,Hungary,country,1996,
HUN,Hungary,country,1997,
HUN,Hungary,country,1998,
HUN,Hungary,country,1999,
HUN,Hungary,country,2000,
HUN,Hungary,country,2001,
HUN,Hungary,country,2002,
HUN,Hungary,country,2003,
HUN,Hungary,country,2004,
HUN,Hungary,country,2005,
HUN,Hungary,country,2006,
HUN,Hungary,country,2007,
HUN,Hungary,country,2008,
HUN,Hungary,country,2009,
HUN,Hungary,country,2010,.77399999
HUN,Hungary,country,2011,.77700001
HUN,Hungary,country,2012,.77200001
HUN,Hungary,country,2013,.78100002
HUN,Hungary,country,2014,.77999997
HUN,Hungary,country,2015,.79000002
HUN,Hungary,country,2016,.79400003
HUN,Hungary,country,2017,.79500002
HUN,Hungary,country,2018,.801
HUN,Hungary,country,2019,.80699998
HUN,Hungary,country,2020,.80400002
HUN,Hungary,country,2021,.80000001
HUN,Hungary,country,2022,.81400001
HUN,Hungary,country,2023,.81900001
IDN,Indonesia,country,1990,
IDN,Indonesia,country,1991,
IDN,Indonesia,country,1992,
IDN,Indonesia,country,1993,
IDN,Indonesia,country,1994,
IDN,Indonesia,country,1995,
IDN,Indonesia,country,1996,
IDN,Indonesia,country,1997,
IDN,Indonesia,country,1998,
IDN,Indonesia,country,1999,
IDN,Indonesia,country,2000,
IDN,Indonesia,country,2001,
IDN,Indonesia,country,2002,
IDN,Indonesia,country,2003,
IDN,Indonesia,country,2004,
IDN,Indonesia,country,2005,
IDN,Indonesia,country,2006,
IDN,Indonesia,country,2007,
IDN,Indonesia,country,2008,
IDN,Indonesia,country,2009,
IDN,Indonesia,country,2010,.53500003
IDN,Indonesia,country,2011,.53600001
IDN,Indonesia,country,2012,.54400003
IDN,Indonesia,country,2013,.55000001
IDN,Indonesia,country,2014,.55500001
IDN,Indonesia,country,2015,.56
IDN,Indonesia,country,2016,.57200003
IDN,Indonesia,country,2017,.574
IDN,Indonesia,country,2018,.57999998
IDN,Indonesia,country,2019,.58700001
IDN,Indonesia,country,2020,.58399999
IDN,Indonesia,country,2021,.58899999
IDN,Indonesia,country,2022,.60500002
IDN,Indonesia,country,2023,.60799998
IND,India,country,1990,
IND,India,country,1991,
IND,India,country,1992,
IND,India,country,1993,
IND,India,country,1994,
IND,India,country,1995,
IND,India,country,1996,
IND,India,country,1997,
IND,India,country,1998,
IND,India,country,1999,
IND,India,country,2000,
IND,India,country,2001,
IND,India,country,2002,
IND,India,country,2003,
IND,India,country,2004,
IND,India,country,2005,
IND,India,country,2006,
IND,India,country,2007,
IND,India,country,2008,
IND,India,country,2009,
IND,India,country,2010,.38100001
IND,India,country,2011,.391
IND,India,country,2012,.39399999
IND,India,country,2013,.39899999
IND,India,country,2014,.40700001
IND,India,country,2015,.42300001
IND,India,country,2016,.43399999
IND,India,country,2017,.43799999
IND,India,country,2018,.43599999
IND,India,country,2019,.44499999
IND,India,country,2020,.44400001
IND,India,country,2021,.44299999
IND,India,country,2022,.46799999
IND,India,country,2023,.47499999
IRL,Ireland,country,1990,
IRL,Ireland,country,1991,
IRL,Ireland,country,1992,
IRL,Ireland,country,1993,
IRL,Ireland,country,1994,
IRL,Ireland,country,1995,
IRL,Ireland,country,1996,
IRL,Ireland,country,1997,
IRL,Ireland,country,1998,
IRL,Ireland,country,1999,
IRL,Ireland,country,2000,
IRL,Ireland,country,2001,
IRL,Ireland,country,2002,
IRL,Ireland,country,2003,
IRL,Ireland,country,2004,
IRL,Ireland,country,2005,
IRL,Ireland,country,2006,
IRL,Ireland,country,2007,
IRL,Ireland,country,2008,
IRL,Ireland,country,2009,
IRL,Ireland,country,2010,.83499998
IRL,Ireland,country,2011,.82999998
IRL,Ireland,country,2012,.82999998
IRL,Ireland,country,2013,.83600003
IRL,Ireland,country,2014,.84500003
IRL,Ireland,country,2015,.86000001
IRL,Ireland,country,2016,.86400002
IRL,Ireland,country,2017,.86699998
IRL,Ireland,country,2018,.875
IRL,Ireland,country,2019,.88099998
IRL,Ireland,country,2020,.88300002
IRL,Ireland,country,2021,.88499999
IRL,Ireland,country,2022,.88200003
IRL,Ireland,country,2023,.88599998
IRN,Iran (Islamic Republic of),country,1990,
IRN,Iran (Islamic Republic of),country,1991,
IRN,Iran (Islamic Republic of),country,1992,
IRN,Iran (Islamic Republic of),country,1993,
IRN,Iran (Islamic Republic of),country,1994,
IRN,Iran (Islamic Republic of),country,1995,
IRN,Iran (Islamic Republic of),country,1996,
IRN,Iran (Islamic Republic of),country,1997,
IRN,Iran (Islamic Republic of),country,1998,
IRN,Iran (Islamic Republic of),country,1999,
IRN,Iran (Islamic Republic of),country,2000,
IRN,Iran (Islamic Republic of),country,2001,
IRN,Iran (Islamic Republic of),country,2002,
IRN,Iran (Islamic Republic of),country,2003,
IRN,Iran (Islamic Republic of),country,2004,
IRN,Iran (Islamic Republic of),country,2005,
IRN,Iran (Islamic Republic of),country,2006,
IRN,Iran (Islamic Republic of),country,2007,
IRN,Iran (Islamic Republic of),country,2008,
IRN,Iran (Islamic Republic of),country,2009,
IRN,Iran (Islamic Republic of),country,2010,.58700001
IRN,Iran (Islamic Republic of),country,2011,.59899998
IRN,Iran (Islamic Republic of),country,2012,.602
IRN,Iran (Islamic Republic of),country,2013,.60699999
IRN,Iran (Islamic Republic of),country,2014,.62099999
IRN,Iran (Islamic Republic of),country,2015,.61799997
IRN,Iran (Islamic Republic of),country,2016,.61799997
IRN,Iran (Islamic Republic of),country,2017,.61900002
IRN,Iran (Islamic Republic of),country,2018,.62800002
IRN,Iran (Islamic Republic of),country,2019,.625
IRN,Iran (Islamic Republic of),country,2020,.62
IRN,Iran (Islamic Republic of),country,2021,.62300003
IRN,Iran (Islamic Republic of),country,2022,.63800001
IRN,Iran (Islamic Republic of),country,2023,.64300001
IRQ,Iraq,country,1990,
IRQ,Iraq,country,1991,
IRQ,Iraq,country,1992,
IRQ,Iraq,country,1993,
IRQ,Iraq,country,1994,
IRQ,Iraq,country,1995,
IRQ,Iraq,country,1996,
IRQ,Iraq,country,1997,
IRQ,Iraq,country,1998,
IRQ,Iraq,country,1999,
IRQ,Iraq,country,2000,
IRQ,Iraq,country,2001,
IRQ,Iraq,country,2002,
IRQ,Iraq,country,2003,
IRQ,Iraq,country,2004,
IRQ,Iraq,country,2005,
IRQ,Iraq,country,2006,
IRQ,Iraq,country,2007,
IRQ,Iraq,country,2008,
IRQ,Iraq,country,2009,
IRQ,Iraq,country,2010,
IRQ,Iraq,country,2011,.493
IRQ,Iraq,country,2012,.49900001
IRQ,Iraq,country,2013,.50300002
IRQ,Iraq,country,2014,.50700003
IRQ,Iraq,country,2015,.50999999
IRQ,Iraq,country,2016,.50999999
IRQ,Iraq,country,2017,.51599997
IRQ,Iraq,country,2018,.52600002
IRQ,Iraq,country,2019,.52899998
IRQ,Iraq,country,2020,.52100003
IRQ,Iraq,country,2021,.52600002
IRQ,Iraq,country,2022,.53399998
IRQ,Iraq,country,2023,.53399998
ISL,Iceland,country,1990,
ISL,Iceland,country,1991,
ISL,Iceland,country,1992,
ISL,Iceland,country,1993,
ISL,Iceland,country,1994,
ISL,Iceland,country,1995,
ISL,Iceland,country,1996,
ISL,Iceland,country,1997,
ISL,Iceland,country,1998,
ISL,Iceland,country,1999,
ISL,Iceland,country,2000,
ISL,Iceland,country,2001,
ISL,Iceland,country,2002,
ISL,Iceland,country,2003,
ISL,Iceland,country,2004,
ISL,Iceland,country,2005,
ISL,Iceland,country,2006,
ISL,Iceland,country,2007,
ISL,Iceland,country,2008,
ISL,Iceland,country,2009,
ISL,Iceland,country,2010,.87300003
ISL,Iceland,country,2011,.889
ISL,Iceland,country,2012,.89200002
ISL,Iceland,country,2013,.89499998
ISL,Iceland,country,2014,.903
ISL,Iceland,country,2015,.898
ISL,Iceland,country,2016,.90600002
ISL,Iceland,country,2017,.90600002
ISL,Iceland,country,2018,.91399997
ISL,Iceland,country,2019,.91900003
ISL,Iceland,country,2020,.912
ISL,Iceland,country,2021,.91299999
ISL,Iceland,country,2022,.91399997
ISL,Iceland,country,2023,.92299998
ISR,Israel,country,1990,
ISR,Israel,country,1991,
ISR,Israel,country,1992,
ISR,Israel,country,1993,
ISR,Israel,country,1994,
ISR,Israel,country,1995,
ISR,Israel,country,1996,
ISR,Israel,country,1997,
ISR,Israel,country,1998,
ISR,Israel,country,1999,
ISR,Israel,country,2000,
ISR,Israel,country,2001,
ISR,Israel,country,2002,
ISR,Israel,country,2003,
ISR,Israel,country,2004,
ISR,Israel,country,2005,
ISR,Israel,country,2006,
ISR,Israel,country,2007,
ISR,Israel,country,2008,
ISR,Israel,country,2009,
ISR,Israel,country,2010,.764
ISR,Israel,country,2011,.77100003
ISR,Israel,country,2012,.77100003
ISR,Israel,country,2013,.78600001
ISR,Israel,country,2014,.78899997
ISR,Israel,country,2015,.79100001
ISR,Israel,country,2016,.79699999
ISR,Israel,country,2017,.801
ISR,Israel,country,2018,.80699998
ISR,Israel,country,2019,.80800003
ISR,Israel,country,2020,.80900002
ISR,Israel,country,2021,.81300002
ISR,Israel,country,2022,.81599998
ISR,Israel,country,2023,.81300002
ITA,Italy,country,1990,
ITA,Italy,country,1991,
ITA,Italy,country,1992,
ITA,Italy,country,1993,
ITA,Italy,country,1994,
ITA,Italy,country,1995,
ITA,Italy,country,1996,
ITA,Italy,country,1997,
ITA,Italy,country,1998,
ITA,Italy,country,1999,
ITA,Italy,country,2000,
ITA,Italy,country,2001,
ITA,Italy,country,2002,
ITA,Italy,country,2003,
ITA,Italy,country,2004,
ITA,Italy,country,2005,
ITA,Italy,country,2006,
ITA,Italy,country,2007,
ITA,Italy,country,2008,
ITA,Italy,country,2009,
ITA,Italy,country,2010,.77700001
ITA,Italy,country,2011,.77499998
ITA,Italy,country,2012,.77600002
ITA,Italy,country,2013,.77999997
ITA,Italy,country,2014,.77100003
ITA,Italy,country,2015,.773
ITA,Italy,country,2016,.773
ITA,Italy,country,2017,.78200001
ITA,Italy,country,2018,.78600001
ITA,Italy,country,2019,.79400003
ITA,Italy,country,2020,.792
ITA,Italy,country,2021,.79900002
ITA,Italy,country,2022,.79900002
ITA,Italy,country,2023,.81699997
JAM,Jamaica,country,1990,
JAM,Jamaica,country,1991,
JAM,Jamaica,country,1992,
JAM,Jamaica,country,1993,
JAM,Jamaica,country,1994,
JAM,Jamaica,country,1995,
JAM,Jamaica,country,1996,
JAM,Jamaica,country,1997,
JAM,Jamaica,country,1998,
JAM,Jamaica,country,1999,
JAM,Jamaica,country,2000,
JAM,Jamaica,country,2001,
JAM,Jamaica,country,2002,
JAM,Jamaica,country,2003,
JAM,Jamaica,country,2004,
JAM,Jamaica,country,2005,
JAM,Jamaica,country,2006,
JAM,Jamaica,country,2007,
JAM,Jamaica,country,2008,
JAM,Jamaica,country,2009,
JAM,Jamaica,country,2010,
JAM,Jamaica,country,2011,.57999998
JAM,Jamaica,country,2012,.58200002
JAM,Jamaica,country,2013,.57099998
JAM,Jamaica,country,2014,.58700001
JAM,Jamaica,country,2015,.58600003
JAM,Jamaica,country,2016,.58700001
JAM,Jamaica,country,2017,.58700001
JAM,Jamaica,country,2018,.58600003
JAM,Jamaica,country,2019,.58600003
JAM,Jamaica,country,2020,.58200002
JAM,Jamaica,country,2021,.57599998
JAM,Jamaica,country,2022,.58899999
JAM,Jamaica,country,2023,.58999997
JOR,Jordan,country,1990,
JOR,Jordan,country,1991,
JOR,Jordan,country,1992,
JOR,Jordan,country,1993,
JOR,Jordan,country,1994,
JOR,Jordan,country,1995,
JOR,Jordan,country,1996,
JOR,Jordan,country,1997,
JOR,Jordan,country,1998,
JOR,Jordan,country,1999,
JOR,Jordan,country,2000,
JOR,Jordan,country,2001,
JOR,Jordan,country,2002,
JOR,Jordan,country,2003,
JOR,Jordan,country,2004,
JOR,Jordan,country,2005,
JOR,Jordan,country,2006,
JOR,Jordan,country,2007,
JOR,Jordan,country,2008,
JOR,Jordan,country,2009,
JOR,Jordan,country,2010,.58600003
JOR,Jordan,country,2011,.58499998
JOR,Jordan,country,2012,.60399997
JOR,Jordan,country,2013,.60600001
JOR,Jordan,country,2014,.61199999
JOR,Jordan,country,2015,.61299998
JOR,Jordan,country,2016,.616
JOR,Jordan,country,2017,.62099999
JOR,Jordan,country,2018,.62199998
JOR,Jordan,country,2019,.625
JOR,Jordan,country,2020,.62
JOR,Jordan,country,2021,.61500001
JOR,Jordan,country,2022,.62699997
JOR,Jordan,country,2023,.63700002
JPN,Japan,country,1990,
JPN,Japan,country,1991,
JPN,Japan,country,1992,
JPN,Japan,country,1993,
JPN,Japan,country,1994,
JPN,Japan,country,1995,
JPN,Japan,country,1996,
JPN,Japan,country,1997,
JPN,Japan,country,1998,
JPN,Japan,country,1999,
JPN,Japan,country,2000,
JPN,Japan,country,2001,
JPN,Japan,country,2002,
JPN,Japan,country,2003,
JPN,Japan,country,2004,
JPN,Japan,country,2005,
JPN,Japan,country,2006,
JPN,Japan,country,2007,
JPN,Japan,country,2008,
JPN,Japan,country,2009,
JPN,Japan,country,2010,.82200003
JPN,Japan,country,2011,.833
JPN,Japan,country,2012,.83700001
JPN,Japan,country,2013,.83999997
JPN,Japan,country,2014,.83700001
JPN,Japan,country,2015,.83999997
JPN,Japan,country,2016,.84100002
JPN,Japan,country,2017,.84100002
JPN,Japan,country,2018,.83700001
JPN,Japan,country,2019,.83999997
JPN,Japan,country,2020,.84100002
JPN,Japan,country,2021,.84200001
JPN,Japan,country,2022,.84100002
JPN,Japan,country,2023,.84500003
KAZ,Kazakhstan,country,1990,
KAZ,Kazakhstan,country,1991,
KAZ,Kazakhstan,country,1992,
KAZ,Kazakhstan,country,1993,
KAZ,Kazakhstan,country,1994,
KAZ,Kazakhstan,country,1995,
KAZ,Kazakhstan,country,1996,
KAZ,Kazakhstan,country,1997,
KAZ,Kazakhstan,country,1998,
KAZ,Kazakhstan,country,1999,
KAZ,Kazakhstan,country,2000,
KAZ,Kazakhstan,country,2001,
KAZ,Kazakhstan,country,2002,
KAZ,Kazakhstan,country,2003,
KAZ,Kazakhstan,country,2004,
KAZ,Kazakhstan,country,2005,
KAZ,Kazakhstan,country,2006,
KAZ,Kazakhstan,country,2007,
KAZ,Kazakhstan,country,2008,
KAZ,Kazakhstan,country,2009,
KAZ,Kazakhstan,country,2010,.69099998
KAZ,Kazakhstan,country,2011,.70300001
KAZ,Kazakhstan,country,2012,.713
KAZ,Kazakhstan,country,2013,.72500002
KAZ,Kazakhstan,country,2014,.73199999
KAZ,Kazakhstan,country,2015,.74699998
KAZ,Kazakhstan,country,2016,.74699998
KAZ,Kazakhstan,country,2017,.75199997
KAZ,Kazakhstan,country,2018,.75599998
KAZ,Kazakhstan,country,2019,.76200002
KAZ,Kazakhstan,country,2020,.755
KAZ,Kazakhstan,country,2021,.74599999
KAZ,Kazakhstan,country,2022,.75999999
KAZ,Kazakhstan,country,2023,.76599997
KEN,Kenya,country,1990,
KEN,Kenya,country,1991,
KEN,Kenya,country,1992,
KEN,Kenya,country,1993,
KEN,Kenya,country,1994,
KEN,Kenya,country,1995,
KEN,Kenya,country,1996,
KEN,Kenya,country,1997,
KEN,Kenya,country,1998,
KEN,Kenya,country,1999,
KEN,Kenya,country,2000,
KEN,Kenya,country,2001,
KEN,Kenya,country,2002,
KEN,Kenya,country,2003,
KEN,Kenya,country,2004,
KEN,Kenya,country,2005,
KEN,Kenya,country,2006,
KEN,Kenya,country,2007,
KEN,Kenya,country,2008,
KEN,Kenya,country,2009,
KEN,Kenya,country,2010,.35600001
KEN,Kenya,country,2011,.36199999
KEN,Kenya,country,2012,.366
KEN,Kenya,country,2013,.37
KEN,Kenya,country,2014,.37900001
KEN,Kenya,country,2015,.38499999
KEN,Kenya,country,2016,.414
KEN,Kenya,country,2017,.41800001
KEN,Kenya,country,2018,.42300001
KEN,Kenya,country,2019,.428
KEN,Kenya,country,2020,.43200001
KEN,Kenya,country,2021,.433
KEN,Kenya,country,2022,.454
KEN,Kenya,country,2023,.456
KGZ,Kyrgyzstan,country,1990,
KGZ,Kyrgyzstan,country,1991,
KGZ,Kyrgyzstan,country,1992,
KGZ,Kyrgyzstan,country,1993,
KGZ,Kyrgyzstan,country,1994,
KGZ,Kyrgyzstan,country,1995,
KGZ,Kyrgyzstan,country,1996,
KGZ,Kyrgyzstan,country,1997,
KGZ,Kyrgyzstan,country,1998,
KGZ,Kyrgyzstan,country,1999,
KGZ,Kyrgyzstan,country,2000,
KGZ,Kyrgyzstan,country,2001,
KGZ,Kyrgyzstan,country,2002,
KGZ,Kyrgyzstan,country,2003,
KGZ,Kyrgyzstan,country,2004,
KGZ,Kyrgyzstan,country,2005,
KGZ,Kyrgyzstan,country,2006,
KGZ,Kyrgyzstan,country,2007,
KGZ,Kyrgyzstan,country,2008,
KGZ,Kyrgyzstan,country,2009,
KGZ,Kyrgyzstan,country,2010,.579
KGZ,Kyrgyzstan,country,2011,.588
KGZ,Kyrgyzstan,country,2012,.60000002
KGZ,Kyrgyzstan,country,2013,.60699999
KGZ,Kyrgyzstan,country,2014,.616
KGZ,Kyrgyzstan,country,2015,.61699998
KGZ,Kyrgyzstan,country,2016,.62699997
KGZ,Kyrgyzstan,country,2017,.63099998
KGZ,Kyrgyzstan,country,2018,.63800001
KGZ,Kyrgyzstan,country,2019,.63599998
KGZ,Kyrgyzstan,country,2020,.63
KGZ,Kyrgyzstan,country,2021,.634
KGZ,Kyrgyzstan,country,2022,.64600003
KGZ,Kyrgyzstan,country,2023,.64899999
KHM,Cambodia,country,1990,
KHM,Cambodia,country,1991,
KHM,Cambodia,country,1992,
KHM,Cambodia,country,1993,
KHM,Cambodia,country,1994,
KHM,Cambodia,country,1995,
KHM,Cambodia,country,1996,
KHM,Cambodia,country,1997,
KHM,Cambodia,country,1998,
KHM,Cambodia,country,1999,
KHM,Cambodia,country,2000,
KHM,Cambodia,country,2001,
KHM,Cambodia,country,2002,
KHM,Cambodia,country,2003,
KHM,Cambodia,country,2004,
KHM,Cambodia,country,2005,
KHM,Cambodia,country,2006,
KHM,Cambodia,country,2007,
KHM,Cambodia,country,2008,
KHM,Cambodia,country,2009,
KHM,Cambodia,country,2010,.38699999
KHM,Cambodia,country,2011,.39700001
KHM,Cambodia,country,2012,.40400001
KHM,Cambodia,country,2013,.40799999
KHM,Cambodia,country,2014,.403
KHM,Cambodia,country,2015,.40700001
KHM,Cambodia,country,2016,.414
KHM,Cambodia,country,2017,.421
KHM,Cambodia,country,2018,.42699999
KHM,Cambodia,country,2019,.433
KHM,Cambodia,country,2020,.435
KHM,Cambodia,country,2021,.43399999
KHM,Cambodia,country,2022,.44
KHM,Cambodia,country,2023,.44400001
KIR,Kiribati,country,1990,
KIR,Kiribati,country,1991,
KIR,Kiribati,country,1992,
KIR,Kiribati,country,1993,
KIR,Kiribati,country,1994,
KIR,Kiribati,country,1995,
KIR,Kiribati,country,1996,
KIR,Kiribati,country,1997,
KIR,Kiribati,country,1998,
KIR,Kiribati,country,1999,
KIR,Kiribati,country,2000,
KIR,Kiribati,country,2001,
KIR,Kiribati,country,2002,
KIR,Kiribati,country,2003,
KIR,Kiribati,country,2004,
KIR,Kiribati,country,2005,
KIR,Kiribati,country,2006,
KIR,Kiribati,country,2007,
KIR,Kiribati,country,2008,
KIR,Kiribati,country,2009,
KIR,Kiribati,country,2010,
KIR,Kiribati,country,2011,
KIR,Kiribati,country,2012,
KIR,Kiribati,country,2013,
KIR,Kiribati,country,2014,
KIR,Kiribati,country,2015,
KIR,Kiribati,country,2016,
KIR,Kiribati,country,2017,
KIR,Kiribati,country,2018,.50800002
KIR,Kiribati,country,2019,.50999999
KIR,Kiribati,country,2020,.523
KIR,Kiribati,country,2021,.523
KIR,Kiribati,country,2022,.53299999
KIR,Kiribati,country,2023,.53500003
KNA,Saint Kitts and Nevis,country,1990,
KNA,Saint Kitts and Nevis,country,1991,
KNA,Saint Kitts and Nevis,country,1992,
KNA,Saint Kitts and Nevis,country,1993,
KNA,Saint Kitts and Nevis,country,1994,
KNA,Saint Kitts and Nevis,country,1995,
KNA,Saint Kitts and Nevis,country,1996,
KNA,Saint Kitts and Nevis,country,1997,
KNA,Saint Kitts and Nevis,country,1998,
KNA,Saint Kitts and Nevis,country,1999,
KNA,Saint Kitts and Nevis,country,2000,
KNA,Saint Kitts and Nevis,country,2001,
KNA,Saint Kitts and Nevis,country,2002,
KNA,Saint Kitts and Nevis,country,2003,
KNA,Saint Kitts and Nevis,country,2004,
KNA,Saint Kitts and Nevis,country,2005,
KNA,Saint Kitts and Nevis,country,2006,
KNA,Saint Kitts and Nevis,country,2007,
KNA,Saint Kitts and Nevis,country,2008,
KNA,Saint Kitts and Nevis,country,2009,
KNA,Saint Kitts and Nevis,country,2010,
KNA,Saint Kitts and Nevis,country,2011,
KNA,Saint Kitts and Nevis,country,2012,
KNA,Saint Kitts and Nevis,country,2013,
KNA,Saint Kitts and Nevis,country,2014,
KNA,Saint Kitts and Nevis,country,2015,
KNA,Saint Kitts and Nevis,country,2016,
KNA,Saint Kitts and Nevis,country,2017,
KNA,Saint Kitts and Nevis,country,2018,
KNA,Saint Kitts and Nevis,country,2019,
KNA,Saint Kitts and Nevis,country,2020,
KNA,Saint Kitts and Nevis,country,2021,
KNA,Saint Kitts and Nevis,country,2022,
KNA,Saint Kitts and Nevis,country,2023,
KOR,Republic of Korea,country,1990,
KOR,Republic of Korea,country,1991,
KOR,Republic of Korea,country,1992,
KOR,Republic of Korea,country,1993,
KOR,Republic of Korea,country,1994,
KOR,Republic of Korea,country,1995,
KOR,Republic of Korea,country,1996,
KOR,Republic of Korea,country,1997,
KOR,Republic of Korea,country,1998,
KOR,Republic of Korea,country,1999,
KOR,Republic of Korea,country,2000,
KOR,Republic of Korea,country,2001,
KOR,Republic of Korea,country,2002,
KOR,Republic of Korea,country,2003,
KOR,Republic of Korea,country,2004,
KOR,Republic of Korea,country,2005,
KOR,Republic of Korea,country,2006,
KOR,Republic of Korea,country,2007,
KOR,Republic of Korea,country,2008,
KOR,Republic of Korea,country,2009,
KOR,Republic of Korea,country,2010,.79799998
KOR,Republic of Korea,country,2011,.80500001
KOR,Republic of Korea,country,2012,.81099999
KOR,Republic of Korea,country,2013,.81699997
KOR,Republic of Korea,country,2014,.824
KOR,Republic of Korea,country,2015,.82700002
KOR,Republic of Korea,country,2016,.833
KOR,Republic of Korea,country,2017,.83700001
KOR,Republic of Korea,country,2018,.83999997
KOR,Republic of Korea,country,2019,.84299999
KOR,Republic of Korea,country,2020,.84399998
KOR,Republic of Korea,country,2021,.85000002
KOR,Republic of Korea,country,2022,.84600002
KOR,Republic of Korea,country,2023,.85699999
KWT,Kuwait,country,1990,
KWT,Kuwait,country,1991,
KWT,Kuwait,country,1992,
KWT,Kuwait,country,1993,
KWT,Kuwait,country,1994,
KWT,Kuwait,country,1995,
KWT,Kuwait,country,1996,
KWT,Kuwait,country,1997,
KWT,Kuwait,country,1998,
KWT,Kuwait,country,1999,
KWT,Kuwait,country,2000,
KWT,Kuwait,country,2001,
KWT,Kuwait,country,2002,
KWT,Kuwait,country,2003,
KWT,Kuwait,country,2004,
KWT,Kuwait,country,2005,
KWT,Kuwait,country,2006,
KWT,Kuwait,country,2007,
KWT,Kuwait,country,2008,
KWT,Kuwait,country,2009,
KWT,Kuwait,country,2010,
KWT,Kuwait,country,2011,
KWT,Kuwait,country,2012,
KWT,Kuwait,country,2013,
KWT,Kuwait,country,2014,
KWT,Kuwait,country,2015,
KWT,Kuwait,country,2016,
KWT,Kuwait,country,2017,
KWT,Kuwait,country,2018,
KWT,Kuwait,country,2019,
KWT,Kuwait,country,2020,
KWT,Kuwait,country,2021,
KWT,Kuwait,country,2022,
KWT,Kuwait,country,2023,
LAO,Lao People's Democratic Republic,country,1990,
LAO,Lao People's Democratic Republic,country,1991,
LAO,Lao People's Democratic Republic,country,1992,
LAO,Lao People's Democratic Republic,country,1993,
LAO,Lao People's Democratic Republic,country,1994,
LAO,Lao People's Democratic Republic,country,1995,
LAO,Lao People's Democratic Republic,country,1996,
LAO,Lao People's Democratic Republic,country,1997,
LAO,Lao People's Democratic Republic,country,1998,
LAO,Lao People's Democratic Republic,country,1999,
LAO,Lao People's Democratic Republic,country,2000,
LAO,Lao People's Democratic Republic,country,2001,
LAO,Lao People's Democratic Republic,country,2002,
LAO,Lao People's Democratic Republic,country,2003,
LAO,Lao People's Democratic Republic,country,2004,
LAO,Lao People's Democratic Republic,country,2005,
LAO,Lao People's Democratic Republic,country,2006,
LAO,Lao People's Democratic Republic,country,2007,
LAO,Lao People's Democratic Republic,country,2008,
LAO,Lao People's Democratic Republic,country,2009,
LAO,Lao People's Democratic Republic,country,2010,.40599999
LAO,Lao People's Democratic Republic,country,2011,.41
LAO,Lao People's Democratic Republic,country,2012,.419
LAO,Lao People's Democratic Republic,country,2013,.426
LAO,Lao People's Democratic Republic,country,2014,.43599999
LAO,Lao People's Democratic Republic,country,2015,.442
LAO,Lao People's Democratic Republic,country,2016,.447
LAO,Lao People's Democratic Republic,country,2017,.45699999
LAO,Lao People's Democratic Republic,country,2018,.45899999
LAO,Lao People's Democratic Republic,country,2019,.458
LAO,Lao People's Democratic Republic,country,2020,.45899999
LAO,Lao People's Democratic Republic,country,2021,.458
LAO,Lao People's Democratic Republic,country,2022,.46000001
LAO,Lao People's Democratic Republic,country,2023,.46200001
LBN,Lebanon,country,1990,
LBN,Lebanon,country,1991,
LBN,Lebanon,country,1992,
LBN,Lebanon,country,1993,
LBN,Lebanon,country,1994,
LBN,Lebanon,country,1995,
LBN,Lebanon,country,1996,
LBN,Lebanon,country,1997,
LBN,Lebanon,country,1998,
LBN,Lebanon,country,1999,
LBN,Lebanon,country,2000,
LBN,Lebanon,country,2001,
LBN,Lebanon,country,2002,
LBN,Lebanon,country,2003,
LBN,Lebanon,country,2004,
LBN,Lebanon,country,2005,
LBN,Lebanon,country,2006,
LBN,Lebanon,country,2007,
LBN,Lebanon,country,2008,
LBN,Lebanon,country,2009,
LBN,Lebanon,country,2010,
LBN,Lebanon,country,2011,
LBN,Lebanon,country,2012,
LBN,Lebanon,country,2013,
LBN,Lebanon,country,2014,
LBN,Lebanon,country,2015,
LBN,Lebanon,country,2016,
LBN,Lebanon,country,2017,
LBN,Lebanon,country,2018,
LBN,Lebanon,country,2019,
LBN,Lebanon,country,2020,
LBN,Lebanon,country,2021,
LBN,Lebanon,country,2022,
LBN,Lebanon,country,2023,
LBR,Liberia,country,1990,
LBR,Liberia,country,1991,
LBR,Liberia,country,1992,
LBR,Liberia,country,1993,
LBR,Liberia,country,1994,
LBR,Liberia,country,1995,
LBR,Liberia,country,1996,
LBR,Liberia,country,1997,
LBR,Liberia,country,1998,
LBR,Liberia,country,1999,
LBR,Liberia,country,2000,
LBR,Liberia,country,2001,
LBR,Liberia,country,2002,
LBR,Liberia,country,2003,
LBR,Liberia,country,2004,
LBR,Liberia,country,2005,
LBR,Liberia,country,2006,
LBR,Liberia,country,2007,
LBR,Liberia,country,2008,
LBR,Liberia,country,2009,
LBR,Liberia,country,2010,
LBR,Liberia,country,2011,
LBR,Liberia,country,2012,
LBR,Liberia,country,2013,.294
LBR,Liberia,country,2014,.30000001
LBR,Liberia,country,2015,.301
LBR,Liberia,country,2016,.303
LBR,Liberia,country,2017,.308
LBR,Liberia,country,2018,.31099999
LBR,Liberia,country,2019,.31400001
LBR,Liberia,country,2020,.31600001
LBR,Liberia,country,2021,.31999999
LBR,Liberia,country,2022,.32300001
LBR,Liberia,country,2023,.32600001
LBY,Libya,country,1990,
LBY,Libya,country,1991,
LBY,Libya,country,1992,
LBY,Libya,country,1993,
LBY,Libya,country,1994,
LBY,Libya,country,1995,
LBY,Libya,country,1996,
LBY,Libya,country,1997,
LBY,Libya,country,1998,
LBY,Libya,country,1999,
LBY,Libya,country,2000,
LBY,Libya,country,2001,
LBY,Libya,country,2002,
LBY,Libya,country,2003,
LBY,Libya,country,2004,
LBY,Libya,country,2005,
LBY,Libya,country,2006,
LBY,Libya,country,2007,
LBY,Libya,country,2008,
LBY,Libya,country,2009,
LBY,Libya,country,2010,
LBY,Libya,country,2011,
LBY,Libya,country,2012,
LBY,Libya,country,2013,
LBY,Libya,country,2014,
LBY,Libya,country,2015,
LBY,Libya,country,2016,
LBY,Libya,country,2017,
LBY,Libya,country,2018,
LBY,Libya,country,2019,
LBY,Libya,country,2020,
LBY,Libya,country,2021,
LBY,Libya,country,2022,
LBY,Libya,country,2023,
LCA,Saint Lucia,country,1990,
LCA,Saint Lucia,country,1991,
LCA,Saint Lucia,country,1992,
LCA,Saint Lucia,country,1993,
LCA,Saint Lucia,country,1994,
LCA,Saint Lucia,country,1995,
LCA,Saint Lucia,country,1996,
LCA,Saint Lucia,country,1997,
LCA,Saint Lucia,country,1998,
LCA,Saint Lucia,country,1999,
LCA,Saint Lucia,country,2000,
LCA,Saint Lucia,country,2001,
LCA,Saint Lucia,country,2002,
LCA,Saint Lucia,country,2003,
LCA,Saint Lucia,country,2004,
LCA,Saint Lucia,country,2005,
LCA,Saint Lucia,country,2006,
LCA,Saint Lucia,country,2007,
LCA,Saint Lucia,country,2008,
LCA,Saint Lucia,country,2009,
LCA,Saint Lucia,country,2010,
LCA,Saint Lucia,country,2011,
LCA,Saint Lucia,country,2012,
LCA,Saint Lucia,country,2013,
LCA,Saint Lucia,country,2014,
LCA,Saint Lucia,country,2015,
LCA,Saint Lucia,country,2016,
LCA,Saint Lucia,country,2017,.50999999
LCA,Saint Lucia,country,2018,.51999998
LCA,Saint Lucia,country,2019,.51099998
LCA,Saint Lucia,country,2020,.51800001
LCA,Saint Lucia,country,2021,.5
LCA,Saint Lucia,country,2022,.52200001
LCA,Saint Lucia,country,2023,.523
LIE,Liechtenstein,country,1990,
LIE,Liechtenstein,country,1991,
LIE,Liechtenstein,country,1992,
LIE,Liechtenstein,country,1993,
LIE,Liechtenstein,country,1994,
LIE,Liechtenstein,country,1995,
LIE,Liechtenstein,country,1996,
LIE,Liechtenstein,country,1997,
LIE,Liechtenstein,country,1998,
LIE,Liechtenstein,country,1999,
LIE,Liechtenstein,country,2000,
LIE,Liechtenstein,country,2001,
LIE,Liechtenstein,country,2002,
LIE,Liechtenstein,country,2003,
LIE,Liechtenstein,country,2004,
LIE,Liechtenstein,country,2005,
LIE,Liechtenstein,country,2006,
LIE,Liechtenstein,country,2007,
LIE,Liechtenstein,country,2008,
LIE,Liechtenstein,country,2009,
LIE,Liechtenstein,country,2010,
LIE,Liechtenstein,country,2011,
LIE,Liechtenstein,country,2012,
LIE,Liechtenstein,country,2013,
LIE,Liechtenstein,country,2014,
LIE,Liechtenstein,country,2015,
LIE,Liechtenstein,country,2016,
LIE,Liechtenstein,country,2017,
LIE,Liechtenstein,country,2018,
LIE,Liechtenstein,country,2019,
LIE,Liechtenstein,country,2020,
LIE,Liechtenstein,country,2021,
LIE,Liechtenstein,country,2022,
LIE,Liechtenstein,country,2023,
LKA,Sri Lanka,country,1990,
LKA,Sri Lanka,country,1991,
LKA,Sri Lanka,country,1992,
LKA,Sri Lanka,country,1993,
LKA,Sri Lanka,country,1994,
LKA,Sri Lanka,country,1995,
LKA,Sri Lanka,country,1996,
LKA,Sri Lanka,country,1997,
LKA,Sri Lanka,country,1998,
LKA,Sri Lanka,country,1999,
LKA,Sri Lanka,country,2000,
LKA,Sri Lanka,country,2001,
LKA,Sri Lanka,country,2002,
LKA,Sri Lanka,country,2003,
LKA,Sri Lanka,country,2004,
LKA,Sri Lanka,country,2005,
LKA,Sri Lanka,country,2006,
LKA,Sri Lanka,country,2007,
LKA,Sri Lanka,country,2008,
LKA,Sri Lanka,country,2009,
LKA,Sri Lanka,country,2010,.579
LKA,Sri Lanka,country,2011,.58600003
LKA,Sri Lanka,country,2012,.59100002
LKA,Sri Lanka,country,2013,.59899998
LKA,Sri Lanka,country,2014,.60399997
LKA,Sri Lanka,country,2015,.60600001
LKA,Sri Lanka,country,2016,.61699998
LKA,Sri Lanka,country,2017,.62099999
LKA,Sri Lanka,country,2018,.62599999
LKA,Sri Lanka,country,2019,.63200003
LKA,Sri Lanka,country,2020,.63200003
LKA,Sri Lanka,country,2021,.63
LKA,Sri Lanka,country,2022,.63
LKA,Sri Lanka,country,2023,.63
LSO,Lesotho,country,1990,
LSO,Lesotho,country,1991,
LSO,Lesotho,country,1992,
LSO,Lesotho,country,1993,
LSO,Lesotho,country,1994,
LSO,Lesotho,country,1995,
LSO,Lesotho,country,1996,
LSO,Lesotho,country,1997,
LSO,Lesotho,country,1998,
LSO,Lesotho,country,1999,
LSO,Lesotho,country,2000,
LSO,Lesotho,country,2001,
LSO,Lesotho,country,2002,
LSO,Lesotho,country,2003,
LSO,Lesotho,country,2004,
LSO,Lesotho,country,2005,
LSO,Lesotho,country,2006,
LSO,Lesotho,country,2007,
LSO,Lesotho,country,2008,
LSO,Lesotho,country,2009,
LSO,Lesotho,country,2010,.271
LSO,Lesotho,country,2011,.27599999
LSO,Lesotho,country,2012,.28299999
LSO,Lesotho,country,2013,.28799999
LSO,Lesotho,country,2014,.29499999
LSO,Lesotho,country,2015,.30000001
LSO,Lesotho,country,2016,.30599999
LSO,Lesotho,country,2017,.30899999
LSO,Lesotho,country,2018,.347
LSO,Lesotho,country,2019,.34900001
LSO,Lesotho,country,2020,.347
LSO,Lesotho,country,2021,.345
LSO,Lesotho,country,2022,.354
LSO,Lesotho,country,2023,.35699999
LTU,Lithuania,country,1990,
LTU,Lithuania,country,1991,
LTU,Lithuania,country,1992,
LTU,Lithuania,country,1993,
LTU,Lithuania,country,1994,
LTU,Lithuania,country,1995,
LTU,Lithuania,country,1996,
LTU,Lithuania,country,1997,
LTU,Lithuania,country,1998,
LTU,Lithuania,country,1999,
LTU,Lithuania,country,2000,
LTU,Lithuania,country,2001,
LTU,Lithuania,country,2002,
LTU,Lithuania,country,2003,
LTU,Lithuania,country,2004,
LTU,Lithuania,country,2005,
LTU,Lithuania,country,2006,
LTU,Lithuania,country,2007,
LTU,Lithuania,country,2008,
LTU,Lithuania,country,2009,
LTU,Lithuania,country,2010,.75300002
LTU,Lithuania,country,2011,.76999998
LTU,Lithuania,country,2012,.77999997
LTU,Lithuania,country,2013,.77700001
LTU,Lithuania,country,2014,.77899998
LTU,Lithuania,country,2015,.773
LTU,Lithuania,country,2016,.78100002
LTU,Lithuania,country,2017,.79000002
LTU,Lithuania,country,2018,.79699999
LTU,Lithuania,country,2019,.80699998
LTU,Lithuania,country,2020,.80800003
LTU,Lithuania,country,2021,.80400002
LTU,Lithuania,country,2022,.80199999
LTU,Lithuania,country,2023,.81199998
LUX,Luxembourg,country,1990,
LUX,Luxembourg,country,1991,
LUX,Luxembourg,country,1992,
LUX,Luxembourg,country,1993,
LUX,Luxembourg,country,1994,
LUX,Luxembourg,country,1995,
LUX,Luxembourg,country,1996,
LUX,Luxembourg,country,1997,
LUX,Luxembourg,country,1998,
LUX,Luxembourg,country,1999,
LUX,Luxembourg,country,2000,
LUX,Luxembourg,country,2001,
LUX,Luxembourg,country,2002,
LUX,Luxembourg,country,2003,
LUX,Luxembourg,country,2004,
LUX,Luxembourg,country,2005,
LUX,Luxembourg,country,2006,
LUX,Luxembourg,country,2007,
LUX,Luxembourg,country,2008,
LUX,Luxembourg,country,2009,
LUX,Luxembourg,country,2010,.82700002
LUX,Luxembourg,country,2011,.82999998
LUX,Luxembourg,country,2012,.83499998
LUX,Luxembourg,country,2013,.83899999
LUX,Luxembourg,country,2014,.83600003
LUX,Luxembourg,country,2015,.82599998
LUX,Luxembourg,country,2016,.82300001
LUX,Luxembourg,country,2017,.82599998
LUX,Luxembourg,country,2018,.82599998
LUX,Luxembourg,country,2019,.82599998
LUX,Luxembourg,country,2020,.83099997
LUX,Luxembourg,country,2021,.83499998
LUX,Luxembourg,country,2022,.83200002
LUX,Luxembourg,country,2023,.838
LVA,Latvia,country,1990,
LVA,Latvia,country,1991,
LVA,Latvia,country,1992,
LVA,Latvia,country,1993,
LVA,Latvia,country,1994,
LVA,Latvia,country,1995,
LVA,Latvia,country,1996,
LVA,Latvia,country,1997,
LVA,Latvia,country,1998,
LVA,Latvia,country,1999,
LVA,Latvia,country,2000,
LVA,Latvia,country,2001,
LVA,Latvia,country,2002,
LVA,Latvia,country,2003,
LVA,Latvia,country,2004,
LVA,Latvia,country,2005,
LVA,Latvia,country,2006,
LVA,Latvia,country,2007,
LVA,Latvia,country,2008,
LVA,Latvia,country,2009,
LVA,Latvia,country,2010,.74400002
LVA,Latvia,country,2011,.75199997
LVA,Latvia,country,2012,.75599998
LVA,Latvia,country,2013,.76700002
LVA,Latvia,country,2014,.76899999
LVA,Latvia,country,2015,.77499998
LVA,Latvia,country,2016,.78399998
LVA,Latvia,country,2017,.78899997
LVA,Latvia,country,2018,.792
LVA,Latvia,country,2019,.79900002
LVA,Latvia,country,2020,.801
LVA,Latvia,country,2021,.79000002
LVA,Latvia,country,2022,.80400002
LVA,Latvia,country,2023,.81199998
MAR,Morocco,country,1990,
MAR,Morocco,country,1991,
MAR,Morocco,country,1992,
MAR,Morocco,country,1993,
MAR,Morocco,country,1994,
MAR,Morocco,country,1995,
MAR,Morocco,country,1996,
MAR,Morocco,country,1997,
MAR,Morocco,country,1998,
MAR,Morocco,country,1999,
MAR,Morocco,country,2000,
MAR,Morocco,country,2001,
MAR,Morocco,country,2002,
MAR,Morocco,country,2003,
MAR,Morocco,country,2004,
MAR,Morocco,country,2005,
MAR,Morocco,country,2006,
MAR,Morocco,country,2007,
MAR,Morocco,country,2008,
MAR,Morocco,country,2009,
MAR,Morocco,country,2010,.41999999
MAR,Morocco,country,2011,.42899999
MAR,Morocco,country,2012,.43700001
MAR,Morocco,country,2013,.44600001
MAR,Morocco,country,2014,.45500001
MAR,Morocco,country,2015,.463
MAR,Morocco,country,2016,.46900001
MAR,Morocco,country,2017,.47600001
MAR,Morocco,country,2018,.49200001
MAR,Morocco,country,2019,.498
MAR,Morocco,country,2020,.495
MAR,Morocco,country,2021,.50099999
MAR,Morocco,country,2022,.51200002
MAR,Morocco,country,2023,.51700002
MCO,Monaco,country,1990,
MCO,Monaco,country,1991,
MCO,Monaco,country,1992,
MCO,Monaco,country,1993,
MCO,Monaco,country,1994,
MCO,Monaco,country,1995,
MCO,Monaco,country,1996,
MCO,Monaco,country,1997,
MCO,Monaco,country,1998,
MCO,Monaco,country,1999,
MCO,Monaco,country,2000,
MCO,Monaco,country,2001,
MCO,Monaco,country,2002,
MCO,Monaco,country,2003,
MCO,Monaco,country,2004,
MCO,Monaco,country,2005,
MCO,Monaco,country,2006,
MCO,Monaco,country,2007,
MCO,Monaco,country,2008,
MCO,Monaco,country,2009,
MCO,Monaco,country,2010,
MCO,Monaco,country,2011,
MCO,Monaco,country,2012,
MCO,Monaco,country,2013,
MCO,Monaco,country,2014,
MCO,Monaco,country,2015,
MCO,Monaco,country,2016,
MCO,Monaco,country,2017,
MCO,Monaco,country,2018,
MCO,Monaco,country,2019,
MCO,Monaco,country,2020,
MCO,Monaco,country,2021,
MCO,Monaco,country,2022,
MCO,Monaco,country,2023,
MDA,Republic of Moldova,country,1990,
MDA,Republic of Moldova,country,1991,
MDA,Republic of Moldova,country,1992,
MDA,Republic of Moldova,country,1993,
MDA,Republic of Moldova,country,1994,
MDA,Republic of Moldova,country,1995,
MDA,Republic of Moldova,country,1996,
MDA,Republic of Moldova,country,1997,
MDA,Republic of Moldova,country,1998,
MDA,Republic of Moldova,country,1999,
MDA,Republic of Moldova,country,2000,
MDA,Republic of Moldova,country,2001,
MDA,Republic of Moldova,country,2002,
MDA,Republic of Moldova,country,2003,
MDA,Republic of Moldova,country,2004,
MDA,Republic of Moldova,country,2005,
MDA,Republic of Moldova,country,2006,
MDA,Republic of Moldova,country,2007,
MDA,Republic of Moldova,country,2008,
MDA,Republic of Moldova,country,2009,
MDA,Republic of Moldova,country,2010,.65700001
MDA,Republic of Moldova,country,2011,.66799998
MDA,Republic of Moldova,country,2012,.67299998
MDA,Republic of Moldova,country,2013,.68400002
MDA,Republic of Moldova,country,2014,.68699998
MDA,Republic of Moldova,country,2015,.68599999
MDA,Republic of Moldova,country,2016,.69499999
MDA,Republic of Moldova,country,2017,.70200002
MDA,Republic of Moldova,country,2018,.70499998
MDA,Republic of Moldova,country,2019,.70700002
MDA,Republic of Moldova,country,2020,.704
MDA,Republic of Moldova,country,2021,.708
MDA,Republic of Moldova,country,2022,.71799999
MDA,Republic of Moldova,country,2023,.71899998
MDG,Madagascar,country,1990,
MDG,Madagascar,country,1991,
MDG,Madagascar,country,1992,
MDG,Madagascar,country,1993,
MDG,Madagascar,country,1994,
MDG,Madagascar,country,1995,
MDG,Madagascar,country,1996,
MDG,Madagascar,country,1997,
MDG,Madagascar,country,1998,
MDG,Madagascar,country,1999,
MDG,Madagascar,country,2000,
MDG,Madagascar,country,2001,
MDG,Madagascar,country,2002,
MDG,Madagascar,country,2003,
MDG,Madagascar,country,2004,
MDG,Madagascar,country,2005,
MDG,Madagascar,country,2006,
MDG,Madagascar,country,2007,
MDG,Madagascar,country,2008,
MDG,Madagascar,country,2009,
MDG,Madagascar,country,2010,.32100001
MDG,Madagascar,country,2011,.322
MDG,Madagascar,country,2012,.324
MDG,Madagascar,country,2013,.32300001
MDG,Madagascar,country,2014,.324
MDG,Madagascar,country,2015,.32600001
MDG,Madagascar,country,2016,.32600001
MDG,Madagascar,country,2017,.32800001
MDG,Madagascar,country,2018,.32699999
MDG,Madagascar,country,2019,.32300001
MDG,Madagascar,country,2020,.315
MDG,Madagascar,country,2021,.315
MDG,Madagascar,country,2022,.317
MDG,Madagascar,country,2023,.31900001
MDV,Maldives,country,1990,
MDV,Maldives,country,1991,
MDV,Maldives,country,1992,
MDV,Maldives,country,1993,
MDV,Maldives,country,1994,
MDV,Maldives,country,1995,
MDV,Maldives,country,1996,
MDV,Maldives,country,1997,
MDV,Maldives,country,1998,
MDV,Maldives,country,1999,
MDV,Maldives,country,2000,
MDV,Maldives,country,2001,
MDV,Maldives,country,2002,
MDV,Maldives,country,2003,
MDV,Maldives,country,2004,
MDV,Maldives,country,2005,
MDV,Maldives,country,2006,
MDV,Maldives,country,2007,
MDV,Maldives,country,2008,
MDV,Maldives,country,2009,
MDV,Maldives,country,2010,.47499999
MDV,Maldives,country,2011,.48199999
MDV,Maldives,country,2012,.48699999
MDV,Maldives,country,2013,.49200001
MDV,Maldives,country,2014,.49900001
MDV,Maldives,country,2015,.50400001
MDV,Maldives,country,2016,.565
MDV,Maldives,country,2017,.57099998
MDV,Maldives,country,2018,.57599998
MDV,Maldives,country,2019,.57999998
MDV,Maldives,country,2020,.57200003
MDV,Maldives,country,2021,.58499998
MDV,Maldives,country,2022,.60100001
MDV,Maldives,country,2023,.602
MEX,Mexico,country,1990,
MEX,Mexico,country,1991,
MEX,Mexico,country,1992,
MEX,Mexico,country,1993,
MEX,Mexico,country,1994,
MEX,Mexico,country,1995,
MEX,Mexico,country,1996,
MEX,Mexico,country,1997,
MEX,Mexico,country,1998,
MEX,Mexico,country,1999,
MEX,Mexico,country,2000,
MEX,Mexico,country,2001,
MEX,Mexico,country,2002,
MEX,Mexico,country,2003,
MEX,Mexico,country,2004,
MEX,Mexico,country,2005,
MEX,Mexico,country,2006,
MEX,Mexico,country,2007,
MEX,Mexico,country,2008,
MEX,Mexico,country,2009,
MEX,Mexico,country,2010,.57800001
MEX,Mexico,country,2011,.583
MEX,Mexico,country,2012,.588
MEX,Mexico,country,2013,.58899999
MEX,Mexico,country,2014,.597
MEX,Mexico,country,2015,.60100001
MEX,Mexico,country,2016,.61299998
MEX,Mexico,country,2017,.616
MEX,Mexico,country,2018,.63
MEX,Mexico,country,2019,.63300002
MEX,Mexico,country,2020,.61799997
MEX,Mexico,country,2021,.616
MEX,Mexico,country,2022,.639
MEX,Mexico,country,2023,.64600003
MHL,Marshall Islands,country,1990,
MHL,Marshall Islands,country,1991,
MHL,Marshall Islands,country,1992,
MHL,Marshall Islands,country,1993,
MHL,Marshall Islands,country,1994,
MHL,Marshall Islands,country,1995,
MHL,Marshall Islands,country,1996,
MHL,Marshall Islands,country,1997,
MHL,Marshall Islands,country,1998,
MHL,Marshall Islands,country,1999,
MHL,Marshall Islands,country,2000,
MHL,Marshall Islands,country,2001,
MHL,Marshall Islands,country,2002,
MHL,Marshall Islands,country,2003,
MHL,Marshall Islands,country,2004,
MHL,Marshall Islands,country,2005,
MHL,Marshall Islands,country,2006,
MHL,Marshall Islands,country,2007,
MHL,Marshall Islands,country,2008,
MHL,Marshall Islands,country,2009,
MHL,Marshall Islands,country,2010,
MHL,Marshall Islands,country,2011,
MHL,Marshall Islands,country,2012,
MHL,Marshall Islands,country,2013,
MHL,Marshall Islands,country,2014,
MHL,Marshall Islands,country,2015,
MHL,Marshall Islands,country,2016,
MHL,Marshall Islands,country,2017,
MHL,Marshall Islands,country,2018,
MHL,Marshall Islands,country,2019,
MHL,Marshall Islands,country,2020,.61400002
MHL,Marshall Islands,country,2021,.61500001
MHL,Marshall Islands,country,2022,.62400001
MHL,Marshall Islands,country,2023,.62599999
MKD,North Macedonia,country,1990,
MKD,North Macedonia,country,1991,
MKD,North Macedonia,country,1992,
MKD,North Macedonia,country,1993,
MKD,North Macedonia,country,1994,
MKD,North Macedonia,country,1995,
MKD,North Macedonia,country,1996,
MKD,North Macedonia,country,1997,
MKD,North Macedonia,country,1998,
MKD,North Macedonia,country,1999,
MKD,North Macedonia,country,2000,
MKD,North Macedonia,country,2001,
MKD,North Macedonia,country,2002,
MKD,North Macedonia,country,2003,
MKD,North Macedonia,country,2004,
MKD,North Macedonia,country,2005,
MKD,North Macedonia,country,2006,
MKD,North Macedonia,country,2007,
MKD,North Macedonia,country,2008,
MKD,North Macedonia,country,2009,
MKD,North Macedonia,country,2010,.625
MKD,North Macedonia,country,2011,.64700001
MKD,North Macedonia,country,2012,.65399998
MKD,North Macedonia,country,2013,.66600001
MKD,North Macedonia,country,2014,.67799997
MKD,North Macedonia,country,2015,.68900001
MKD,North Macedonia,country,2016,.68900001
MKD,North Macedonia,country,2017,.70200002
MKD,North Macedonia,country,2018,.71799999
MKD,North Macedonia,country,2019,.71600002
MKD,North Macedonia,country,2020,.69300002
MKD,North Macedonia,country,2021,.69199997
MKD,North Macedonia,country,2022,.722
MKD,North Macedonia,country,2023,.72299999
MLI,Mali,country,1990,
MLI,Mali,country,1991,
MLI,Mali,country,1992,
MLI,Mali,country,1993,
MLI,Mali,country,1994,
MLI,Mali,country,1995,
MLI,Mali,country,1996,
MLI,Mali,country,1997,
MLI,Mali,country,1998,
MLI,Mali,country,1999,
MLI,Mali,country,2000,
MLI,Mali,country,2001,
MLI,Mali,country,2002,
MLI,Mali,country,2003,
MLI,Mali,country,2004,
MLI,Mali,country,2005,
MLI,Mali,country,2006,
MLI,Mali,country,2007,
MLI,Mali,country,2008,
MLI,Mali,country,2009,
MLI,Mali,country,2010,
MLI,Mali,country,2011,.234
MLI,Mali,country,2012,.24699999
MLI,Mali,country,2013,.25099999
MLI,Mali,country,2014,.25999999
MLI,Mali,country,2015,.271
MLI,Mali,country,2016,.27200001
MLI,Mali,country,2017,.27399999
MLI,Mali,country,2018,.27599999
MLI,Mali,country,2019,.28200001
MLI,Mali,country,2020,.273
MLI,Mali,country,2021,.27599999
MLI,Mali,country,2022,.27900001
MLI,Mali,country,2023,.28099999
MLT,Malta,country,1990,
MLT,Malta,country,1991,
MLT,Malta,country,1992,
MLT,Malta,country,1993,
MLT,Malta,country,1994,
MLT,Malta,country,1995,
MLT,Malta,country,1996,
MLT,Malta,country,1997,
MLT,Malta,country,1998,
MLT,Malta,country,1999,
MLT,Malta,country,2000,
MLT,Malta,country,2001,
MLT,Malta,country,2002,
MLT,Malta,country,2003,
MLT,Malta,country,2004,
MLT,Malta,country,2005,
MLT,Malta,country,2006,
MLT,Malta,country,2007,
MLT,Malta,country,2008,
MLT,Malta,country,2009,
MLT,Malta,country,2010,.78899997
MLT,Malta,country,2011,.787
MLT,Malta,country,2012,.79699999
MLT,Malta,country,2013,.80299997
MLT,Malta,country,2014,.81300002
MLT,Malta,country,2015,.81599998
MLT,Malta,country,2016,.81199998
MLT,Malta,country,2017,.82499999
MLT,Malta,country,2018,.833
MLT,Malta,country,2019,.83700001
MLT,Malta,country,2020,.829
MLT,Malta,country,2021,.83700001
MLT,Malta,country,2022,.83600003
MLT,Malta,country,2023,.84299999
MMR,Myanmar,country,1990,
MMR,Myanmar,country,1991,
MMR,Myanmar,country,1992,
MMR,Myanmar,country,1993,
MMR,Myanmar,country,1994,
MMR,Myanmar,country,1995,
MMR,Myanmar,country,1996,
MMR,Myanmar,country,1997,
MMR,Myanmar,country,1998,
MMR,Myanmar,country,1999,
MMR,Myanmar,country,2000,
MMR,Myanmar,country,2001,
MMR,Myanmar,country,2002,
MMR,Myanmar,country,2003,
MMR,Myanmar,country,2004,
MMR,Myanmar,country,2005,
MMR,Myanmar,country,2006,
MMR,Myanmar,country,2007,
MMR,Myanmar,country,2008,
MMR,Myanmar,country,2009,
MMR,Myanmar,country,2010,
MMR,Myanmar,country,2011,
MMR,Myanmar,country,2012,
MMR,Myanmar,country,2013,
MMR,Myanmar,country,2014,
MMR,Myanmar,country,2015,.426
MMR,Myanmar,country,2016,.433
MMR,Myanmar,country,2017,.454
MMR,Myanmar,country,2018,.465
MMR,Myanmar,country,2019,.47400001
MMR,Myanmar,country,2020,.47499999
MMR,Myanmar,country,2021,.472
MMR,Myanmar,country,2022,.47400001
MMR,Myanmar,country,2023,.477
MNE,Montenegro,country,1990,
MNE,Montenegro,country,1991,
MNE,Montenegro,country,1992,
MNE,Montenegro,country,1993,
MNE,Montenegro,country,1994,
MNE,Montenegro,country,1995,
MNE,Montenegro,country,1996,
MNE,Montenegro,country,1997,
MNE,Montenegro,country,1998,
MNE,Montenegro,country,1999,
MNE,Montenegro,country,2000,
MNE,Montenegro,country,2001,
MNE,Montenegro,country,2002,
MNE,Montenegro,country,2003,
MNE,Montenegro,country,2004,
MNE,Montenegro,country,2005,
MNE,Montenegro,country,2006,
MNE,Montenegro,country,2007,
MNE,Montenegro,country,2008,
MNE,Montenegro,country,2009,
MNE,Montenegro,country,2010,.71499997
MNE,Montenegro,country,2011,.71499997
MNE,Montenegro,country,2012,.71799999
MNE,Montenegro,country,2013,.72399998
MNE,Montenegro,country,2014,.73400003
MNE,Montenegro,country,2015,.74199998
MNE,Montenegro,country,2016,.73799998
MNE,Montenegro,country,2017,.741
MNE,Montenegro,country,2018,.745
MNE,Montenegro,country,2019,.75199997
MNE,Montenegro,country,2020,.75
MNE,Montenegro,country,2021,.75099999
MNE,Montenegro,country,2022,.75999999
MNE,Montenegro,country,2023,.77100003
MNG,Mongolia,country,1990,
MNG,Mongolia,country,1991,
MNG,Mongolia,country,1992,
MNG,Mongolia,country,1993,
MNG,Mongolia,country,1994,
MNG,Mongolia,country,1995,
MNG,Mongolia,country,1996,
MNG,Mongolia,country,1997,
MNG,Mongolia,country,1998,
MNG,Mongolia,country,1999,
MNG,Mongolia,country,2000,
MNG,Mongolia,country,2001,
MNG,Mongolia,country,2002,
MNG,Mongolia,country,2003,
MNG,Mongolia,country,2004,
MNG,Mongolia,country,2005,
MNG,Mongolia,country,2006,
MNG,Mongolia,country,2007,
MNG,Mongolia,country,2008,
MNG,Mongolia,country,2009,
MNG,Mongolia,country,2010,.60299999
MNG,Mongolia,country,2011,.61299998
MNG,Mongolia,country,2012,.62300003
MNG,Mongolia,country,2013,.63200003
MNG,Mongolia,country,2014,.63999999
MNG,Mongolia,country,2015,.64600003
MNG,Mongolia,country,2016,.65200001
MNG,Mongolia,country,2017,.653
MNG,Mongolia,country,2018,.66000003
MNG,Mongolia,country,2019,.653
MNG,Mongolia,country,2020,.63800001
MNG,Mongolia,country,2021,.62699997
MNG,Mongolia,country,2022,.64200002
MNG,Mongolia,country,2023,.64700001
MOZ,Mozambique,country,1990,
MOZ,Mozambique,country,1991,
MOZ,Mozambique,country,1992,
MOZ,Mozambique,country,1993,
MOZ,Mozambique,country,1994,
MOZ,Mozambique,country,1995,
MOZ,Mozambique,country,1996,
MOZ,Mozambique,country,1997,
MOZ,Mozambique,country,1998,
MOZ,Mozambique,country,1999,
MOZ,Mozambique,country,2000,
MOZ,Mozambique,country,2001,
MOZ,Mozambique,country,2002,
MOZ,Mozambique,country,2003,
MOZ,Mozambique,country,2004,
MOZ,Mozambique,country,2005,
MOZ,Mozambique,country,2006,
MOZ,Mozambique,country,2007,
MOZ,Mozambique,country,2008,
MOZ,Mozambique,country,2009,
MOZ,Mozambique,country,2010,
MOZ,Mozambique,country,2011,.25400001
MOZ,Mozambique,country,2012,.259
MOZ,Mozambique,country,2013,.26800001
MOZ,Mozambique,country,2014,.273
MOZ,Mozambique,country,2015,.259
MOZ,Mozambique,country,2016,.26199999
MOZ,Mozambique,country,2017,.26300001
MOZ,Mozambique,country,2018,.26899999
MOZ,Mozambique,country,2019,.273
MOZ,Mozambique,country,2020,.27900001
MOZ,Mozambique,country,2021,.28099999
MOZ,Mozambique,country,2022,.29499999
MOZ,Mozambique,country,2023,.29699999
MRT,Mauritania,country,1990,
MRT,Mauritania,country,1991,
MRT,Mauritania,country,1992,
MRT,Mauritania,country,1993,
MRT,Mauritania,country,1994,
MRT,Mauritania,country,1995,
MRT,Mauritania,country,1996,
MRT,Mauritania,country,1997,
MRT,Mauritania,country,1998,
MRT,Mauritania,country,1999,
MRT,Mauritania,country,2000,
MRT,Mauritania,country,2001,
MRT,Mauritania,country,2002,
MRT,Mauritania,country,2003,
MRT,Mauritania,country,2004,
MRT,Mauritania,country,2005,
MRT,Mauritania,country,2006,
MRT,Mauritania,country,2007,
MRT,Mauritania,country,2008,
MRT,Mauritania,country,2009,
MRT,Mauritania,country,2010,.338
MRT,Mauritania,country,2011,.34400001
MRT,Mauritania,country,2012,.34999999
MRT,Mauritania,country,2013,.35499999
MRT,Mauritania,country,2014,.36399999
MRT,Mauritania,country,2015,.36399999
MRT,Mauritania,country,2016,.36300001
MRT,Mauritania,country,2017,.366
MRT,Mauritania,country,2018,.373
MRT,Mauritania,country,2019,.37400001
MRT,Mauritania,country,2020,.36700001
MRT,Mauritania,country,2021,.36700001
MRT,Mauritania,country,2022,.37200001
MRT,Mauritania,country,2023,.37400001
MUS,Mauritius,country,1990,
MUS,Mauritius,country,1991,
MUS,Mauritius,country,1992,
MUS,Mauritius,country,1993,
MUS,Mauritius,country,1994,
MUS,Mauritius,country,1995,
MUS,Mauritius,country,1996,
MUS,Mauritius,country,1997,
MUS,Mauritius,country,1998,
MUS,Mauritius,country,1999,
MUS,Mauritius,country,2000,
MUS,Mauritius,country,2001,
MUS,Mauritius,country,2002,
MUS,Mauritius,country,2003,
MUS,Mauritius,country,2004,
MUS,Mauritius,country,2005,
MUS,Mauritius,country,2006,
MUS,Mauritius,country,2007,
MUS,Mauritius,country,2008,
MUS,Mauritius,country,2009,
MUS,Mauritius,country,2010,.61699998
MUS,Mauritius,country,2011,.62300003
MUS,Mauritius,country,2012,.62699997
MUS,Mauritius,country,2013,.63
MUS,Mauritius,country,2014,.63999999
MUS,Mauritius,country,2015,.64300001
MUS,Mauritius,country,2016,.64600003
MUS,Mauritius,country,2017,.65399998
MUS,Mauritius,country,2018,.65399998
MUS,Mauritius,country,2019,.65700001
MUS,Mauritius,country,2020,.64999998
MUS,Mauritius,country,2021,.64999998
MUS,Mauritius,country,2022,.65899998
MUS,Mauritius,country,2023,.66900003
MWI,Malawi,country,1990,
MWI,Malawi,country,1991,
MWI,Malawi,country,1992,
MWI,Malawi,country,1993,
MWI,Malawi,country,1994,
MWI,Malawi,country,1995,
MWI,Malawi,country,1996,
MWI,Malawi,country,1997,
MWI,Malawi,country,1998,
MWI,Malawi,country,1999,
MWI,Malawi,country,2000,
MWI,Malawi,country,2001,
MWI,Malawi,country,2002,
MWI,Malawi,country,2003,
MWI,Malawi,country,2004,
MWI,Malawi,country,2005,
MWI,Malawi,country,2006,
MWI,Malawi,country,2007,
MWI,Malawi,country,2008,
MWI,Malawi,country,2009,
MWI,Malawi,country,2010,.31299999
MWI,Malawi,country,2011,.308
MWI,Malawi,country,2012,.31299999
MWI,Malawi,country,2013,.322
MWI,Malawi,country,2014,.32699999
MWI,Malawi,country,2015,.331
MWI,Malawi,country,2016,.33399999
MWI,Malawi,country,2017,.34200001
MWI,Malawi,country,2018,.345
MWI,Malawi,country,2019,.34799999
MWI,Malawi,country,2020,.35800001
MWI,Malawi,country,2021,.35800001
MWI,Malawi,country,2022,.361
MWI,Malawi,country,2023,.36500001
MYS,Malaysia,country,1990,
MYS,Malaysia,country,1991,
MYS,Malaysia,country,1992,
MYS,Malaysia,country,1993,
MYS,Malaysia,country,1994,
MYS,Malaysia,country,1995,
MYS,Malaysia,country,1996,
MYS,Malaysia,country,1997,
MYS,Malaysia,country,1998,
MYS,Malaysia,country,1999,
MYS,Malaysia,country,2000,
MYS,Malaysia,country,2001,
MYS,Malaysia,country,2002,
MYS,Malaysia,country,2003,
MYS,Malaysia,country,2004,
MYS,Malaysia,country,2005,
MYS,Malaysia,country,2006,
MYS,Malaysia,country,2007,
MYS,Malaysia,country,2008,
MYS,Malaysia,country,2009,
MYS,Malaysia,country,2010,.64200002
MYS,Malaysia,country,2011,.64399999
MYS,Malaysia,country,2012,.65499997
MYS,Malaysia,country,2013,.65799999
MYS,Malaysia,country,2014,.671
MYS,Malaysia,country,2015,.67500001
MYS,Malaysia,country,2016,.68599999
MYS,Malaysia,country,2017,.699
MYS,Malaysia,country,2018,.69999999
MYS,Malaysia,country,2019,.699
MYS,Malaysia,country,2020,.704
MYS,Malaysia,country,2021,.69599998
MYS,Malaysia,country,2022,.699
MYS,Malaysia,country,2023,.70700002
NAM,Namibia,country,1990,
NAM,Namibia,country,1991,
NAM,Namibia,country,1992,
NAM,Namibia,country,1993,
NAM,Namibia,country,1994,
NAM,Namibia,country,1995,
NAM,Namibia,country,1996,
NAM,Namibia,country,1997,
NAM,Namibia,country,1998,
NAM,Namibia,country,1999,
NAM,Namibia,country,2000,
NAM,Namibia,country,2001,
NAM,Namibia,country,2002,
NAM,Namibia,country,2003,
NAM,Namibia,country,2004,
NAM,Namibia,country,2005,
NAM,Namibia,country,2006,
NAM,Namibia,country,2007,
NAM,Namibia,country,2008,
NAM,Namibia,country,2009,
NAM,Namibia,country,2010,.37599999
NAM,Namibia,country,2011,.38
NAM,Namibia,country,2012,.38800001
NAM,Namibia,country,2013,.39899999
NAM,Namibia,country,2014,.40400001
NAM,Namibia,country,2015,.40900001
NAM,Namibia,country,2016,.412
NAM,Namibia,country,2017,.41499999
NAM,Namibia,country,2018,.41800001
NAM,Namibia,country,2019,.42199999
NAM,Namibia,country,2020,.42399999
NAM,Namibia,country,2021,.414
NAM,Namibia,country,2022,.426
NAM,Namibia,country,2023,.43799999
NER,Niger,country,1990,
NER,Niger,country,1991,
NER,Niger,country,1992,
NER,Niger,country,1993,
NER,Niger,country,1994,
NER,Niger,country,1995,
NER,Niger,country,1996,
NER,Niger,country,1997,
NER,Niger,country,1998,
NER,Niger,country,1999,
NER,Niger,country,2000,
NER,Niger,country,2001,
NER,Niger,country,2002,
NER,Niger,country,2003,
NER,Niger,country,2004,
NER,Niger,country,2005,
NER,Niger,country,2006,
NER,Niger,country,2007,
NER,Niger,country,2008,
NER,Niger,country,2009,
NER,Niger,country,2010,
NER,Niger,country,2011,
NER,Niger,country,2012,.228
NER,Niger,country,2013,.23199999
NER,Niger,country,2014,.233
NER,Niger,country,2015,.237
NER,Niger,country,2016,.241
NER,Niger,country,2017,.243
NER,Niger,country,2018,.248
NER,Niger,country,2019,.25099999
NER,Niger,country,2020,.255
NER,Niger,country,2021,.25999999
NER,Niger,country,2022,.26199999
NER,Niger,country,2023,.26499999
NGA,Nigeria,country,1990,
NGA,Nigeria,country,1991,
NGA,Nigeria,country,1992,
NGA,Nigeria,country,1993,
NGA,Nigeria,country,1994,
NGA,Nigeria,country,1995,
NGA,Nigeria,country,1996,
NGA,Nigeria,country,1997,
NGA,Nigeria,country,1998,
NGA,Nigeria,country,1999,
NGA,Nigeria,country,2000,
NGA,Nigeria,country,2001,
NGA,Nigeria,country,2002,
NGA,Nigeria,country,2003,
NGA,Nigeria,country,2004,
NGA,Nigeria,country,2005,
NGA,Nigeria,country,2006,
NGA,Nigeria,country,2007,
NGA,Nigeria,country,2008,
NGA,Nigeria,country,2009,
NGA,Nigeria,country,2010,
NGA,Nigeria,country,2011,.31999999
NGA,Nigeria,country,2012,.32300001
NGA,Nigeria,country,2013,.33000001
NGA,Nigeria,country,2014,.336
NGA,Nigeria,country,2015,.34
NGA,Nigeria,country,2016,.352
NGA,Nigeria,country,2017,.354
NGA,Nigeria,country,2018,.352
NGA,Nigeria,country,2019,.359
NGA,Nigeria,country,2020,.36199999
NGA,Nigeria,country,2021,.373
NGA,Nigeria,country,2022,.37599999
NGA,Nigeria,country,2023,.37900001
NIC,Nicaragua,country,1990,
NIC,Nicaragua,country,1991,
NIC,Nicaragua,country,1992,
NIC,Nicaragua,country,1993,
NIC,Nicaragua,country,1994,
NIC,Nicaragua,country,1995,
NIC,Nicaragua,country,1996,
NIC,Nicaragua,country,1997,
NIC,Nicaragua,country,1998,
NIC,Nicaragua,country,1999,
NIC,Nicaragua,country,2000,
NIC,Nicaragua,country,2001,
NIC,Nicaragua,country,2002,
NIC,Nicaragua,country,2003,
NIC,Nicaragua,country,2004,
NIC,Nicaragua,country,2005,
NIC,Nicaragua,country,2006,
NIC,Nicaragua,country,2007,
NIC,Nicaragua,country,2008,
NIC,Nicaragua,country,2009,
NIC,Nicaragua,country,2010,.48800001
NIC,Nicaragua,country,2011,.49399999
NIC,Nicaragua,country,2012,.5
NIC,Nicaragua,country,2013,.50400001
NIC,Nicaragua,country,2014,.50599998
NIC,Nicaragua,country,2015,.50999999
NIC,Nicaragua,country,2016,.514
NIC,Nicaragua,country,2017,.51800001
NIC,Nicaragua,country,2018,.51999998
NIC,Nicaragua,country,2019,.52100003
NIC,Nicaragua,country,2020,.51099998
NIC,Nicaragua,country,2021,.51499999
NIC,Nicaragua,country,2022,.52999997
NIC,Nicaragua,country,2023,.53500003
NLD,Netherlands (Kingdom of the),country,1990,
NLD,Netherlands (Kingdom of the),country,1991,
NLD,Netherlands (Kingdom of the),country,1992,
NLD,Netherlands (Kingdom of the),country,1993,
NLD,Netherlands (Kingdom of the),country,1994,
NLD,Netherlands (Kingdom of the),country,1995,
NLD,Netherlands (Kingdom of the),country,1996,
NLD,Netherlands (Kingdom of the),country,1997,
NLD,Netherlands (Kingdom of the),country,1998,
NLD,Netherlands (Kingdom of the),country,1999,
NLD,Netherlands (Kingdom of the),country,2000,
NLD,Netherlands (Kingdom of the),country,2001,
NLD,Netherlands (Kingdom of the),country,2002,
NLD,Netherlands (Kingdom of the),country,2003,
NLD,Netherlands (Kingdom of the),country,2004,
NLD,Netherlands (Kingdom of the),country,2005,
NLD,Netherlands (Kingdom of the),country,2006,
NLD,Netherlands (Kingdom of the),country,2007,
NLD,Netherlands (Kingdom of the),country,2008,
NLD,Netherlands (Kingdom of the),country,2009,
NLD,Netherlands (Kingdom of the),country,2010,.85600001
NLD,Netherlands (Kingdom of the),country,2011,.87
NLD,Netherlands (Kingdom of the),country,2012,.87
NLD,Netherlands (Kingdom of the),country,2013,.87199998
NLD,Netherlands (Kingdom of the),country,2014,.87199998
NLD,Netherlands (Kingdom of the),country,2015,.87400001
NLD,Netherlands (Kingdom of the),country,2016,.87199998
NLD,Netherlands (Kingdom of the),country,2017,.87599999
NLD,Netherlands (Kingdom of the),country,2018,.87599999
NLD,Netherlands (Kingdom of the),country,2019,.88
NLD,Netherlands (Kingdom of the),country,2020,.87400001
NLD,Netherlands (Kingdom of the),country,2021,.88700002
NLD,Netherlands (Kingdom of the),country,2022,.89099997
NLD,Netherlands (Kingdom of the),country,2023,.89200002
NOR,Norway,country,1990,
NOR,Norway,country,1991,
NOR,Norway,country,1992,
NOR,Norway,country,1993,
NOR,Norway,country,1994,
NOR,Norway,country,1995,
NOR,Norway,country,1996,
NOR,Norway,country,1997,
NOR,Norway,country,1998,
NOR,Norway,country,1999,
NOR,Norway,country,2000,
NOR,Norway,country,2001,
NOR,Norway,country,2002,
NOR,Norway,country,2003,
NOR,Norway,country,2004,
NOR,Norway,country,2005,
NOR,Norway,country,2006,
NOR,Norway,country,2007,
NOR,Norway,country,2008,
NOR,Norway,country,2009,
NOR,Norway,country,2010,.89300001
NOR,Norway,country,2011,.89499998
NOR,Norway,country,2012,.89600003
NOR,Norway,country,2013,.898
NOR,Norway,country,2014,.89999998
NOR,Norway,country,2015,.903
NOR,Norway,country,2016,.903
NOR,Norway,country,2017,.90600002
NOR,Norway,country,2018,.90600002
NOR,Norway,country,2019,.90899998
NOR,Norway,country,2020,.91000003
NOR,Norway,country,2021,.90600002
NOR,Norway,country,2022,.90399998
NOR,Norway,country,2023,.90899998
NPL,Nepal,country,1990,
NPL,Nepal,country,1991,
NPL,Nepal,country,1992,
NPL,Nepal,country,1993,
NPL,Nepal,country,1994,
NPL,Nepal,country,1995,
NPL,Nepal,country,1996,
NPL,Nepal,country,1997,
NPL,Nepal,country,1998,
NPL,Nepal,country,1999,
NPL,Nepal,country,2000,
NPL,Nepal,country,2001,
NPL,Nepal,country,2002,
NPL,Nepal,country,2003,
NPL,Nepal,country,2004,
NPL,Nepal,country,2005,
NPL,Nepal,country,2006,
NPL,Nepal,country,2007,
NPL,Nepal,country,2008,
NPL,Nepal,country,2009,
NPL,Nepal,country,2010,
NPL,Nepal,country,2011,.37900001
NPL,Nepal,country,2012,.384
NPL,Nepal,country,2013,.38800001
NPL,Nepal,country,2014,.38600001
NPL,Nepal,country,2015,.38699999
NPL,Nepal,country,2016,.40000001
NPL,Nepal,country,2017,.40599999
NPL,Nepal,country,2018,.41299999
NPL,Nepal,country,2019,.419
NPL,Nepal,country,2020,.41600001
NPL,Nepal,country,2021,.41499999
NPL,Nepal,country,2022,.42500001
NPL,Nepal,country,2023,.43700001
NRU,Nauru,country,1990,
NRU,Nauru,country,1991,
NRU,Nauru,country,1992,
NRU,Nauru,country,1993,
NRU,Nauru,country,1994,
NRU,Nauru,country,1995,
NRU,Nauru,country,1996,
NRU,Nauru,country,1997,
NRU,Nauru,country,1998,
NRU,Nauru,country,1999,
NRU,Nauru,country,2000,
NRU,Nauru,country,2001,
NRU,Nauru,country,2002,
NRU,Nauru,country,2003,
NRU,Nauru,country,2004,
NRU,Nauru,country,2005,
NRU,Nauru,country,2006,
NRU,Nauru,country,2007,
NRU,Nauru,country,2008,
NRU,Nauru,country,2009,
NRU,Nauru,country,2010,
NRU,Nauru,country,2011,
NRU,Nauru,country,2012,
NRU,Nauru,country,2013,
NRU,Nauru,country,2014,
NRU,Nauru,country,2015,
NRU,Nauru,country,2016,
NRU,Nauru,country,2017,
NRU,Nauru,country,2018,
NRU,Nauru,country,2019,
NRU,Nauru,country,2020,
NRU,Nauru,country,2021,.588
NRU,Nauru,country,2022,.59600002
NRU,Nauru,country,2023,.59899998
NZL,New Zealand,country,1990,
NZL,New Zealand,country,1991,
NZL,New Zealand,country,1992,
NZL,New Zealand,country,1993,
NZL,New Zealand,country,1994,
NZL,New Zealand,country,1995,
NZL,New Zealand,country,1996,
NZL,New Zealand,country,1997,
NZL,New Zealand,country,1998,
NZL,New Zealand,country,1999,
NZL,New Zealand,country,2000,
NZL,New Zealand,country,2001,
NZL,New Zealand,country,2002,
NZL,New Zealand,country,2003,
NZL,New Zealand,country,2004,
NZL,New Zealand,country,2005,
NZL,New Zealand,country,2006,
NZL,New Zealand,country,2007,
NZL,New Zealand,country,2008,
NZL,New Zealand,country,2009,
NZL,New Zealand,country,2010,
NZL,New Zealand,country,2011,
NZL,New Zealand,country,2012,
NZL,New Zealand,country,2013,
NZL,New Zealand,country,2014,
NZL,New Zealand,country,2015,
NZL,New Zealand,country,2016,
NZL,New Zealand,country,2017,
NZL,New Zealand,country,2018,
NZL,New Zealand,country,2019,.852
NZL,New Zealand,country,2020,.85600001
NZL,New Zealand,country,2021,.85399997
NZL,New Zealand,country,2022,.847
NZL,New Zealand,country,2023,.85299999
OMN,Oman,country,1990,
OMN,Oman,country,1991,
OMN,Oman,country,1992,
OMN,Oman,country,1993,
OMN,Oman,country,1994,
OMN,Oman,country,1995,
OMN,Oman,country,1996,
OMN,Oman,country,1997,
OMN,Oman,country,1998,
OMN,Oman,country,1999,
OMN,Oman,country,2000,
OMN,Oman,country,2001,
OMN,Oman,country,2002,
OMN,Oman,country,2003,
OMN,Oman,country,2004,
OMN,Oman,country,2005,
OMN,Oman,country,2006,
OMN,Oman,country,2007,
OMN,Oman,country,2008,
OMN,Oman,country,2009,
OMN,Oman,country,2010,
OMN,Oman,country,2011,.64899999
OMN,Oman,country,2012,.65100002
OMN,Oman,country,2013,.653
OMN,Oman,country,2014,.65600002
OMN,Oman,country,2015,.68199998
OMN,Oman,country,2016,.68900001
OMN,Oman,country,2017,.72399998
OMN,Oman,country,2018,.72899997
OMN,Oman,country,2019,.73199999
OMN,Oman,country,2020,.72100002
OMN,Oman,country,2021,.699
OMN,Oman,country,2022,.73900002
OMN,Oman,country,2023,.75
PAK,Pakistan,country,1990,
PAK,Pakistan,country,1991,
PAK,Pakistan,country,1992,
PAK,Pakistan,country,1993,
PAK,Pakistan,country,1994,
PAK,Pakistan,country,1995,
PAK,Pakistan,country,1996,
PAK,Pakistan,country,1997,
PAK,Pakistan,country,1998,
PAK,Pakistan,country,1999,
PAK,Pakistan,country,2000,
PAK,Pakistan,country,2001,
PAK,Pakistan,country,2002,
PAK,Pakistan,country,2003,
PAK,Pakistan,country,2004,
PAK,Pakistan,country,2005,
PAK,Pakistan,country,2006,
PAK,Pakistan,country,2007,
PAK,Pakistan,country,2008,
PAK,Pakistan,country,2009,
PAK,Pakistan,country,2010,.31999999
PAK,Pakistan,country,2011,.32499999
PAK,Pakistan,country,2012,.329
PAK,Pakistan,country,2013,.33199999
PAK,Pakistan,country,2014,.33899999
PAK,Pakistan,country,2015,.34400001
PAK,Pakistan,country,2016,.34799999
PAK,Pakistan,country,2017,.35100001
PAK,Pakistan,country,2018,.35299999
PAK,Pakistan,country,2019,.35800001
PAK,Pakistan,country,2020,.35699999
PAK,Pakistan,country,2021,.35800001
PAK,Pakistan,country,2022,.36399999
PAK,Pakistan,country,2023,.36399999
PAN,Panama,country,1990,
PAN,Panama,country,1991,
PAN,Panama,country,1992,
PAN,Panama,country,1993,
PAN,Panama,country,1994,
PAN,Panama,country,1995,
PAN,Panama,country,1996,
PAN,Panama,country,1997,
PAN,Panama,country,1998,
PAN,Panama,country,1999,
PAN,Panama,country,2000,
PAN,Panama,country,2001,
PAN,Panama,country,2002,
PAN,Panama,country,2003,
PAN,Panama,country,2004,
PAN,Panama,country,2005,
PAN,Panama,country,2006,
PAN,Panama,country,2007,
PAN,Panama,country,2008,
PAN,Panama,country,2009,
PAN,Panama,country,2010,.602
PAN,Panama,country,2011,.60600001
PAN,Panama,country,2012,.62
PAN,Panama,country,2013,.625
PAN,Panama,country,2014,.62599999
PAN,Panama,country,2015,.62900001
PAN,Panama,country,2016,.639
PAN,Panama,country,2017,.63999999
PAN,Panama,country,2018,.64499998
PAN,Panama,country,2019,.648
PAN,Panama,country,2020,.639
PAN,Panama,country,2021,.64999998
PAN,Panama,country,2022,.66000003
PAN,Panama,country,2023,.66399997
PER,Peru,country,1990,
PER,Peru,country,1991,
PER,Peru,country,1992,
PER,Peru,country,1993,
PER,Peru,country,1994,
PER,Peru,country,1995,
PER,Peru,country,1996,
PER,Peru,country,1997,
PER,Peru,country,1998,
PER,Peru,country,1999,
PER,Peru,country,2000,
PER,Peru,country,2001,
PER,Peru,country,2002,
PER,Peru,country,2003,
PER,Peru,country,2004,
PER,Peru,country,2005,
PER,Peru,country,2006,
PER,Peru,country,2007,
PER,Peru,country,2008,
PER,Peru,country,2009,
PER,Peru,country,2010,.54100001
PER,Peru,country,2011,.54699999
PER,Peru,country,2012,.55699998
PER,Peru,country,2013,.574
PER,Peru,country,2014,.579
PER,Peru,country,2015,.58600003
PER,Peru,country,2016,.59600002
PER,Peru,country,2017,.60100001
PER,Peru,country,2018,.61000001
PER,Peru,country,2019,.62
PER,Peru,country,2020,.59100002
PER,Peru,country,2021,.60799998
PER,Peru,country,2022,.63
PER,Peru,country,2023,.63300002
PHL,Philippines,country,1990,
PHL,Philippines,country,1991,
PHL,Philippines,country,1992,
PHL,Philippines,country,1993,
PHL,Philippines,country,1994,
PHL,Philippines,country,1995,
PHL,Philippines,country,1996,
PHL,Philippines,country,1997,
PHL,Philippines,country,1998,
PHL,Philippines,country,1999,
PHL,Philippines,country,2000,
PHL,Philippines,country,2001,
PHL,Philippines,country,2002,
PHL,Philippines,country,2003,
PHL,Philippines,country,2004,
PHL,Philippines,country,2005,
PHL,Philippines,country,2006,
PHL,Philippines,country,2007,
PHL,Philippines,country,2008,
PHL,Philippines,country,2009,
PHL,Philippines,country,2010,.53399998
PHL,Philippines,country,2011,.53799999
PHL,Philippines,country,2012,.54299998
PHL,Philippines,country,2013,.55299997
PHL,Philippines,country,2014,.55400002
PHL,Philippines,country,2015,.56199998
PHL,Philippines,country,2016,.56099999
PHL,Philippines,country,2017,.56800002
PHL,Philippines,country,2018,.57999998
PHL,Philippines,country,2019,.58700001
PHL,Philippines,country,2020,.57999998
PHL,Philippines,country,2021,.57599998
PHL,Philippines,country,2022,.59200001
PHL,Philippines,country,2023,.597
PLW,Palau,country,1990,
PLW,Palau,country,1991,
PLW,Palau,country,1992,
PLW,Palau,country,1993,
PLW,Palau,country,1994,
PLW,Palau,country,1995,
PLW,Palau,country,1996,
PLW,Palau,country,1997,
PLW,Palau,country,1998,
PLW,Palau,country,1999,
PLW,Palau,country,2000,
PLW,Palau,country,2001,
PLW,Palau,country,2002,
PLW,Palau,country,2003,
PLW,Palau,country,2004,
PLW,Palau,country,2005,
PLW,Palau,country,2006,
PLW,Palau,country,2007,
PLW,Palau,country,2008,
PLW,Palau,country,2009,
PLW,Palau,country,2010,
PLW,Palau,country,2011,
PLW,Palau,country,2012,
PLW,Palau,country,2013,
PLW,Palau,country,2014,.62800002
PLW,Palau,country,2015,.634
PLW,Palau,country,2016,.63499999
PLW,Palau,country,2017,.634
PLW,Palau,country,2018,.634
PLW,Palau,country,2019,.63499999
PLW,Palau,country,2020,.62599999
PLW,Palau,country,2021,.61799997
PLW,Palau,country,2022,.61500001
PLW,Palau,country,2023,.616
PNG,Papua New Guinea,country,1990,
PNG,Papua New Guinea,country,1991,
PNG,Papua New Guinea,country,1992,
PNG,Papua New Guinea,country,1993,
PNG,Papua New Guinea,country,1994,
PNG,Papua New Guinea,country,1995,
PNG,Papua New Guinea,country,1996,
PNG,Papua New Guinea,country,1997,
PNG,Papua New Guinea,country,1998,
PNG,Papua New Guinea,country,1999,
PNG,Papua New Guinea,country,2000,
PNG,Papua New Guinea,country,2001,
PNG,Papua New Guinea,country,2002,
PNG,Papua New Guinea,country,2003,
PNG,Papua New Guinea,country,2004,
PNG,Papua New Guinea,country,2005,
PNG,Papua New Guinea,country,2006,
PNG,Papua New Guinea,country,2007,
PNG,Papua New Guinea,country,2008,
PNG,Papua New Guinea,country,2009,
PNG,Papua New Guinea,country,2010,
PNG,Papua New Guinea,country,2011,
PNG,Papua New Guinea,country,2012,
PNG,Papua New Guinea,country,2013,
PNG,Papua New Guinea,country,2014,
PNG,Papua New Guinea,country,2015,
PNG,Papua New Guinea,country,2016,.38999999
PNG,Papua New Guinea,country,2017,.39500001
PNG,Papua New Guinea,country,2018,.39899999
PNG,Papua New Guinea,country,2019,.40400001
PNG,Papua New Guinea,country,2020,.40599999
PNG,Papua New Guinea,country,2021,.40700001
PNG,Papua New Guinea,country,2022,.419
PNG,Papua New Guinea,country,2023,.42300001
POL,Poland,country,1990,
POL,Poland,country,1991,
POL,Poland,country,1992,
POL,Poland,country,1993,
POL,Poland,country,1994,
POL,Poland,country,1995,
POL,Poland,country,1996,
POL,Poland,country,1997,
POL,Poland,country,1998,
POL,Poland,country,1999,
POL,Poland,country,2000,
POL,Poland,country,2001,
POL,Poland,country,2002,
POL,Poland,country,2003,
POL,Poland,country,2004,
POL,Poland,country,2005,
POL,Poland,country,2006,
POL,Poland,country,2007,
POL,Poland,country,2008,
POL,Poland,country,2009,
POL,Poland,country,2010,.76499999
POL,Poland,country,2011,.77100003
POL,Poland,country,2012,.77399999
POL,Poland,country,2013,.78299999
POL,Poland,country,2014,.78899997
POL,Poland,country,2015,.79699999
POL,Poland,country,2016,.80699998
POL,Poland,country,2017,.80900002
POL,Poland,country,2018,.80900002
POL,Poland,country,2019,.81099999
POL,Poland,country,2020,.79500002
POL,Poland,country,2021,.79699999
POL,Poland,country,2022,.815
POL,Poland,country,2023,.81699997
PRK,Democratic People's Republic of Korea,country,1990,
PRK,Democratic People's Republic of Korea,country,1991,
PRK,Democratic People's Republic of Korea,country,1992,
PRK,Democratic People's Republic of Korea,country,1993,
PRK,Democratic People's Republic of Korea,country,1994,
PRK,Democratic People's Republic of Korea,country,1995,
PRK,Democratic People's Republic of Korea,country,1996,
PRK,Democratic People's Republic of Korea,country,1997,
PRK,Democratic People's Republic of Korea,country,1998,
PRK,Democratic People's Republic of Korea,country,1999,
PRK,Democratic People's Republic of Korea,country,2000,
PRK,Democratic People's Republic of Korea,country,2001,
PRK,Democratic People's Republic of Korea,country,2002,
PRK,Democratic People's Republic of Korea,country,2003,
PRK,Democratic People's Republic of Korea,country,2004,
PRK,Democratic People's Republic of Korea,country,2005,
PRK,Democratic People's Republic of Korea,country,2006,
PRK,Democratic People's Republic of Korea,country,2007,
PRK,Democratic People's Republic of Korea,country,2008,
PRK,Democratic People's Republic of Korea,country,2009,
PRK,Democratic People's Republic of Korea,country,2010,
PRK,Democratic People's Republic of Korea,country,2011,
PRK,Democratic People's Republic of Korea,country,2012,
PRK,Democratic People's Republic of Korea,country,2013,
PRK,Democratic People's Republic of Korea,country,2014,
PRK,Democratic People's Republic of Korea,country,2015,
PRK,Democratic People's Republic of Korea,country,2016,
PRK,Democratic People's Republic of Korea,country,2017,
PRK,Democratic People's Republic of Korea,country,2018,
PRK,Democratic People's Republic of Korea,country,2019,
PRK,Democratic People's Republic of Korea,country,2020,
PRK,Democratic People's Republic of Korea,country,2021,
PRK,Democratic People's Republic of Korea,country,2022,
PRK,Democratic People's Republic of Korea,country,2023,
PRT,Portugal,country,1990,
PRT,Portugal,country,1991,
PRT,Portugal,country,1992,
PRT,Portugal,country,1993,
PRT,Portugal,country,1994,
PRT,Portugal,country,1995,
PRT,Portugal,country,1996,
PRT,Portugal,country,1997,
PRT,Portugal,country,1998,
PRT,Portugal,country,1999,
PRT,Portugal,country,2000,
PRT,Portugal,country,2001,
PRT,Portugal,country,2002,
PRT,Portugal,country,2003,
PRT,Portugal,country,2004,
PRT,Portugal,country,2005,
PRT,Portugal,country,2006,
PRT,Portugal,country,2007,
PRT,Portugal,country,2008,
PRT,Portugal,country,2009,
PRT,Portugal,country,2010,.722
PRT,Portugal,country,2011,.722
PRT,Portugal,country,2012,.71799999
PRT,Portugal,country,2013,.72500002
PRT,Portugal,country,2014,.73000002
PRT,Portugal,country,2015,.73699999
PRT,Portugal,country,2016,.74299997
PRT,Portugal,country,2017,.75099999
PRT,Portugal,country,2018,.759
PRT,Portugal,country,2019,.76700002
PRT,Portugal,country,2020,.773
PRT,Portugal,country,2021,.77200001
PRT,Portugal,country,2022,.77999997
PRT,Portugal,country,2023,.79500002
PRY,Paraguay,country,1990,
PRY,Paraguay,country,1991,
PRY,Paraguay,country,1992,
PRY,Paraguay,country,1993,
PRY,Paraguay,country,1994,
PRY,Paraguay,country,1995,
PRY,Paraguay,country,1996,
PRY,Paraguay,country,1997,
PRY,Paraguay,country,1998,
PRY,Paraguay,country,1999,
PRY,Paraguay,country,2000,
PRY,Paraguay,country,2001,
PRY,Paraguay,country,2002,
PRY,Paraguay,country,2003,
PRY,Paraguay,country,2004,
PRY,Paraguay,country,2005,
PRY,Paraguay,country,2006,
PRY,Paraguay,country,2007,
PRY,Paraguay,country,2008,
PRY,Paraguay,country,2009,
PRY,Paraguay,country,2010,.53799999
PRY,Paraguay,country,2011,.53899997
PRY,Paraguay,country,2012,.56099999
PRY,Paraguay,country,2013,.56900001
PRY,Paraguay,country,2014,.56300002
PRY,Paraguay,country,2015,.57800001
PRY,Paraguay,country,2016,.57599998
PRY,Paraguay,country,2017,.57999998
PRY,Paraguay,country,2018,.59200001
PRY,Paraguay,country,2019,.59399998
PRY,Paraguay,country,2020,.59299999
PRY,Paraguay,country,2021,.58099997
PRY,Paraguay,country,2022,.59200001
PRY,Paraguay,country,2023,.59899998
PSE,State of Palestine,country,1990,
PSE,State of Palestine,country,1991,
PSE,State of Palestine,country,1992,
PSE,State of Palestine,country,1993,
PSE,State of Palestine,country,1994,
PSE,State of Palestine,country,1995,
PSE,State of Palestine,country,1996,
PSE,State of Palestine,country,1997,
PSE,State of Palestine,country,1998,
PSE,State of Palestine,country,1999,
PSE,State of Palestine,country,2000,
PSE,State of Palestine,country,2001,
PSE,State of Palestine,country,2002,
PSE,State of Palestine,country,2003,
PSE,State of Palestine,country,2004,
PSE,State of Palestine,country,2005,
PSE,State of Palestine,country,2006,
PSE,State of Palestine,country,2007,
PSE,State of Palestine,country,2008,
PSE,State of Palestine,country,2009,
PSE,State of Palestine,country,2010,.55699998
PSE,State of Palestine,country,2011,.56099999
PSE,State of Palestine,country,2012,.57300001
PSE,State of Palestine,country,2013,.57800001
PSE,State of Palestine,country,2014,.56999999
PSE,State of Palestine,country,2015,.58499998
PSE,State of Palestine,country,2016,.59100002
PSE,State of Palestine,country,2017,.58700001
PSE,State of Palestine,country,2018,.59299999
PSE,State of Palestine,country,2019,.59799999
PSE,State of Palestine,country,2020,.59100002
PSE,State of Palestine,country,2021,.58899999
PSE,State of Palestine,country,2022,.60500002
PSE,State of Palestine,country,2023,.53799999
QAT,Qatar,country,1990,
QAT,Qatar,country,1991,
QAT,Qatar,country,1992,
QAT,Qatar,country,1993,
QAT,Qatar,country,1994,
QAT,Qatar,country,1995,
QAT,Qatar,country,1996,
QAT,Qatar,country,1997,
QAT,Qatar,country,1998,
QAT,Qatar,country,1999,
QAT,Qatar,country,2000,
QAT,Qatar,country,2001,
QAT,Qatar,country,2002,
QAT,Qatar,country,2003,
QAT,Qatar,country,2004,
QAT,Qatar,country,2005,
QAT,Qatar,country,2006,
QAT,Qatar,country,2007,
QAT,Qatar,country,2008,
QAT,Qatar,country,2009,
QAT,Qatar,country,2010,
QAT,Qatar,country,2011,
QAT,Qatar,country,2012,
QAT,Qatar,country,2013,
QAT,Qatar,country,2014,
QAT,Qatar,country,2015,
QAT,Qatar,country,2016,
QAT,Qatar,country,2017,
QAT,Qatar,country,2018,
QAT,Qatar,country,2019,
QAT,Qatar,country,2020,
QAT,Qatar,country,2021,
QAT,Qatar,country,2022,
QAT,Qatar,country,2023,
ROU,Romania,country,1990,
ROU,Romania,country,1991,
ROU,Romania,country,1992,
ROU,Romania,country,1993,
ROU,Romania,country,1994,
ROU,Romania,country,1995,
ROU,Romania,country,1996,
ROU,Romania,country,1997,
ROU,Romania,country,1998,
ROU,Romania,country,1999,
ROU,Romania,country,2000,
ROU,Romania,country,2001,
ROU,Romania,country,2002,
ROU,Romania,country,2003,
ROU,Romania,country,2004,
ROU,Romania,country,2005,
ROU,Romania,country,2006,
ROU,Romania,country,2007,
ROU,Romania,country,2008,
ROU,Romania,country,2009,
ROU,Romania,country,2010,.722
ROU,Romania,country,2011,.72299999
ROU,Romania,country,2012,.71399999
ROU,Romania,country,2013,.71700001
ROU,Romania,country,2014,.71600002
ROU,Romania,country,2015,.71100003
ROU,Romania,country,2016,.72299999
ROU,Romania,country,2017,.73500001
ROU,Romania,country,2018,.73400003
ROU,Romania,country,2019,.741
ROU,Romania,country,2020,.73799998
ROU,Romania,country,2021,.73199999
ROU,Romania,country,2022,.74900001
ROU,Romania,country,2023,.75800002
RUS,Russian Federation,country,1990,
RUS,Russian Federation,country,1991,
RUS,Russian Federation,country,1992,
RUS,Russian Federation,country,1993,
RUS,Russian Federation,country,1994,
RUS,Russian Federation,country,1995,
RUS,Russian Federation,country,1996,
RUS,Russian Federation,country,1997,
RUS,Russian Federation,country,1998,
RUS,Russian Federation,country,1999,
RUS,Russian Federation,country,2000,
RUS,Russian Federation,country,2001,
RUS,Russian Federation,country,2002,
RUS,Russian Federation,country,2003,
RUS,Russian Federation,country,2004,
RUS,Russian Federation,country,2005,
RUS,Russian Federation,country,2006,
RUS,Russian Federation,country,2007,
RUS,Russian Federation,country,2008,
RUS,Russian Federation,country,2009,
RUS,Russian Federation,country,2010,.71700001
RUS,Russian Federation,country,2011,.73299998
RUS,Russian Federation,country,2012,.72899997
RUS,Russian Federation,country,2013,.73500001
RUS,Russian Federation,country,2014,.741
RUS,Russian Federation,country,2015,.74800003
RUS,Russian Federation,country,2016,.75199997
RUS,Russian Federation,country,2017,.75599998
RUS,Russian Federation,country,2018,.76700002
RUS,Russian Federation,country,2019,.77100003
RUS,Russian Federation,country,2020,.74400002
RUS,Russian Federation,country,2021,.74000001
RUS,Russian Federation,country,2022,.75300002
RUS,Russian Federation,country,2023,.75800002
RWA,Rwanda,country,1990,
RWA,Rwanda,country,1991,
RWA,Rwanda,country,1992,
RWA,Rwanda,country,1993,
RWA,Rwanda,country,1994,
RWA,Rwanda,country,1995,
RWA,Rwanda,country,1996,
RWA,Rwanda,country,1997,
RWA,Rwanda,country,1998,
RWA,Rwanda,country,1999,
RWA,Rwanda,country,2000,
RWA,Rwanda,country,2001,
RWA,Rwanda,country,2002,
RWA,Rwanda,country,2003,
RWA,Rwanda,country,2004,
RWA,Rwanda,country,2005,
RWA,Rwanda,country,2006,
RWA,Rwanda,country,2007,
RWA,Rwanda,country,2008,
RWA,Rwanda,country,2009,
RWA,Rwanda,country,2010,.31
RWA,Rwanda,country,2011,.33199999
RWA,Rwanda,country,2012,.34
RWA,Rwanda,country,2013,.32699999
RWA,Rwanda,country,2014,.34999999
RWA,Rwanda,country,2015,.35100001
RWA,Rwanda,country,2016,.35800001
RWA,Rwanda,country,2017,.36399999
RWA,Rwanda,country,2018,.366
RWA,Rwanda,country,2019,.377
RWA,Rwanda,country,2020,.38
RWA,Rwanda,country,2021,.38600001
RWA,Rwanda,country,2022,.39199999
RWA,Rwanda,country,2023,.39899999
SAU,Saudi Arabia,country,1990,
SAU,Saudi Arabia,country,1991,
SAU,Saudi Arabia,country,1992,
SAU,Saudi Arabia,country,1993,
SAU,Saudi Arabia,country,1994,
SAU,Saudi Arabia,country,1995,
SAU,Saudi Arabia,country,1996,
SAU,Saudi Arabia,country,1997,
SAU,Saudi Arabia,country,1998,
SAU,Saudi Arabia,country,1999,
SAU,Saudi Arabia,country,2000,
SAU,Saudi Arabia,country,2001,
SAU,Saudi Arabia,country,2002,
SAU,Saudi Arabia,country,2003,
SAU,Saudi Arabia,country,2004,
SAU,Saudi Arabia,country,2005,
SAU,Saudi Arabia,country,2006,
SAU,Saudi Arabia,country,2007,
SAU,Saudi Arabia,country,2008,
SAU,Saudi Arabia,country,2009,
SAU,Saudi Arabia,country,2010,
SAU,Saudi Arabia,country,2011,
SAU,Saudi Arabia,country,2012,
SAU,Saudi Arabia,country,2013,
SAU,Saudi Arabia,country,2014,
SAU,Saudi Arabia,country,2015,
SAU,Saudi Arabia,country,2016,
SAU,Saudi Arabia,country,2017,
SAU,Saudi Arabia,country,2018,
SAU,Saudi Arabia,country,2019,
SAU,Saudi Arabia,country,2020,
SAU,Saudi Arabia,country,2021,
SAU,Saudi Arabia,country,2022,
SAU,Saudi Arabia,country,2023,
SDN,Sudan,country,1990,
SDN,Sudan,country,1991,
SDN,Sudan,country,1992,
SDN,Sudan,country,1993,
SDN,Sudan,country,1994,
SDN,Sudan,country,1995,
SDN,Sudan,country,1996,
SDN,Sudan,country,1997,
SDN,Sudan,country,1998,
SDN,Sudan,country,1999,
SDN,Sudan,country,2000,
SDN,Sudan,country,2001,
SDN,Sudan,country,2002,
SDN,Sudan,country,2003,
SDN,Sudan,country,2004,
SDN,Sudan,country,2005,
SDN,Sudan,country,2006,
SDN,Sudan,country,2007,
SDN,Sudan,country,2008,
SDN,Sudan,country,2009,
SDN,Sudan,country,2010,.292
SDN,Sudan,country,2011,.28999999
SDN,Sudan,country,2012,.29499999
SDN,Sudan,country,2013,.29899999
SDN,Sudan,country,2014,.31200001
SDN,Sudan,country,2015,.31400001
SDN,Sudan,country,2016,.31799999
SDN,Sudan,country,2017,.31999999
SDN,Sudan,country,2018,.32699999
SDN,Sudan,country,2019,.329
SDN,Sudan,country,2020,.32800001
SDN,Sudan,country,2021,.32800001
SDN,Sudan,country,2022,.331
SDN,Sudan,country,2023,.32800001
SEN,Senegal,country,1990,
SEN,Senegal,country,1991,
SEN,Senegal,country,1992,
SEN,Senegal,country,1993,
SEN,Senegal,country,1994,
SEN,Senegal,country,1995,
SEN,Senegal,country,1996,
SEN,Senegal,country,1997,
SEN,Senegal,country,1998,
SEN,Senegal,country,1999,
SEN,Senegal,country,2000,
SEN,Senegal,country,2001,
SEN,Senegal,country,2002,
SEN,Senegal,country,2003,
SEN,Senegal,country,2004,
SEN,Senegal,country,2005,
SEN,Senegal,country,2006,
SEN,Senegal,country,2007,
SEN,Senegal,country,2008,
SEN,Senegal,country,2009,
SEN,Senegal,country,2010,.294
SEN,Senegal,country,2011,.30399999
SEN,Senegal,country,2012,.308
SEN,Senegal,country,2013,.31299999
SEN,Senegal,country,2014,.315
SEN,Senegal,country,2015,.31600001
SEN,Senegal,country,2016,.31900001
SEN,Senegal,country,2017,.322
SEN,Senegal,country,2018,.324
SEN,Senegal,country,2019,.33000001
SEN,Senegal,country,2020,.33199999
SEN,Senegal,country,2021,.333
SEN,Senegal,country,2022,.33700001
SEN,Senegal,country,2023,.34
SGP,Singapore,country,1990,
SGP,Singapore,country,1991,
SGP,Singapore,country,1992,
SGP,Singapore,country,1993,
SGP,Singapore,country,1994,
SGP,Singapore,country,1995,
SGP,Singapore,country,1996,
SGP,Singapore,country,1997,
SGP,Singapore,country,1998,
SGP,Singapore,country,1999,
SGP,Singapore,country,2000,
SGP,Singapore,country,2001,
SGP,Singapore,country,2002,
SGP,Singapore,country,2003,
SGP,Singapore,country,2004,
SGP,Singapore,country,2005,
SGP,Singapore,country,2006,
SGP,Singapore,country,2007,
SGP,Singapore,country,2008,
SGP,Singapore,country,2009,
SGP,Singapore,country,2010,.80599999
SGP,Singapore,country,2011,.80199999
SGP,Singapore,country,2012,.801
SGP,Singapore,country,2013,.80299997
SGP,Singapore,country,2014,.80400002
SGP,Singapore,country,2015,.80699998
SGP,Singapore,country,2016,.80500001
SGP,Singapore,country,2017,.80599999
SGP,Singapore,country,2018,.81300002
SGP,Singapore,country,2019,.81699997
SGP,Singapore,country,2020,.81900001
SGP,Singapore,country,2021,.82499999
SGP,Singapore,country,2022,.81900001
SGP,Singapore,country,2023,.82300001
SLB,Solomon Islands,country,1990,
SLB,Solomon Islands,country,1991,
SLB,Solomon Islands,country,1992,
SLB,Solomon Islands,country,1993,
SLB,Solomon Islands,country,1994,
SLB,Solomon Islands,country,1995,
SLB,Solomon Islands,country,1996,
SLB,Solomon Islands,country,1997,
SLB,Solomon Islands,country,1998,
SLB,Solomon Islands,country,1999,
SLB,Solomon Islands,country,2000,
SLB,Solomon Islands,country,2001,
SLB,Solomon Islands,country,2002,
SLB,Solomon Islands,country,2003,
SLB,Solomon Islands,country,2004,
SLB,Solomon Islands,country,2005,
SLB,Solomon Islands,country,2006,
SLB,Solomon Islands,country,2007,
SLB,Solomon Islands,country,2008,
SLB,Solomon Islands,country,2009,
SLB,Solomon Islands,country,2010,
SLB,Solomon Islands,country,2011,
SLB,Solomon Islands,country,2012,
SLB,Solomon Islands,country,2013,.47099999
SLB,Solomon Islands,country,2014,.47
SLB,Solomon Islands,country,2015,.472
SLB,Solomon Islands,country,2016,.47400001
SLB,Solomon Islands,country,2017,.477
SLB,Solomon Islands,country,2018,.479
SLB,Solomon Islands,country,2019,.47999999
SLB,Solomon Islands,country,2020,.477
SLB,Solomon Islands,country,2021,.47600001
SLB,Solomon Islands,country,2022,.48100001
SLB,Solomon Islands,country,2023,.48300001
SLE,Sierra Leone,country,1990,
SLE,Sierra Leone,country,1991,
SLE,Sierra Leone,country,1992,
SLE,Sierra Leone,country,1993,
SLE,Sierra Leone,country,1994,
SLE,Sierra Leone,country,1995,
SLE,Sierra Leone,country,1996,
SLE,Sierra Leone,country,1997,
SLE,Sierra Leone,country,1998,
SLE,Sierra Leone,country,1999,
SLE,Sierra Leone,country,2000,
SLE,Sierra Leone,country,2001,
SLE,Sierra Leone,country,2002,
SLE,Sierra Leone,country,2003,
SLE,Sierra Leone,country,2004,
SLE,Sierra Leone,country,2005,
SLE,Sierra Leone,country,2006,
SLE,Sierra Leone,country,2007,
SLE,Sierra Leone,country,2008,
SLE,Sierra Leone,country,2009,
SLE,Sierra Leone,country,2010,
SLE,Sierra Leone,country,2011,.233
SLE,Sierra Leone,country,2012,.236
SLE,Sierra Leone,country,2013,.25
SLE,Sierra Leone,country,2014,.252
SLE,Sierra Leone,country,2015,.25099999
SLE,Sierra Leone,country,2016,.25799999
SLE,Sierra Leone,country,2017,.26199999
SLE,Sierra Leone,country,2018,.26699999
SLE,Sierra Leone,country,2019,.26899999
SLE,Sierra Leone,country,2020,.27000001
SLE,Sierra Leone,country,2021,.27399999
SLE,Sierra Leone,country,2022,.278
SLE,Sierra Leone,country,2023,.28099999
SLV,El Salvador,country,1990,
SLV,El Salvador,country,1991,
SLV,El Salvador,country,1992,
SLV,El Salvador,country,1993,
SLV,El Salvador,country,1994,
SLV,El Salvador,country,1995,
SLV,El Salvador,country,1996,
SLV,El Salvador,country,1997,
SLV,El Salvador,country,1998,
SLV,El Salvador,country,1999,
SLV,El Salvador,country,2000,
SLV,El Salvador,country,2001,
SLV,El Salvador,country,2002,
SLV,El Salvador,country,2003,
SLV,El Salvador,country,2004,
SLV,El Salvador,country,2005,
SLV,El Salvador,country,2006,
SLV,El Salvador,country,2007,
SLV,El Salvador,country,2008,
SLV,El Salvador,country,2009,
SLV,El Salvador,country,2010,.50099999
SLV,El Salvador,country,2011,.505
SLV,El Salvador,country,2012,.51599997
SLV,El Salvador,country,2013,.51599997
SLV,El Salvador,country,2014,.523
SLV,El Salvador,country,2015,.52499998
SLV,El Salvador,country,2016,.52600002
SLV,El Salvador,country,2017,.53299999
SLV,El Salvador,country,2018,.53799999
SLV,El Salvador,country,2019,.54000002
SLV,El Salvador,country,2020,.52700001
SLV,El Salvador,country,2021,.53899997
SLV,El Salvador,country,2022,.55000001
SLV,El Salvador,country,2023,.55500001
SMR,San Marino,country,1990,
SMR,San Marino,country,1991,
SMR,San Marino,country,1992,
SMR,San Marino,country,1993,
SMR,San Marino,country,1994,
SMR,San Marino,country,1995,
SMR,San Marino,country,1996,
SMR,San Marino,country,1997,
SMR,San Marino,country,1998,
SMR,San Marino,country,1999,
SMR,San Marino,country,2000,
SMR,San Marino,country,2001,
SMR,San Marino,country,2002,
SMR,San Marino,country,2003,
SMR,San Marino,country,2004,
SMR,San Marino,country,2005,
SMR,San Marino,country,2006,
SMR,San Marino,country,2007,
SMR,San Marino,country,2008,
SMR,San Marino,country,2009,
SMR,San Marino,country,2010,
SMR,San Marino,country,2011,
SMR,San Marino,country,2012,
SMR,San Marino,country,2013,
SMR,San Marino,country,2014,
SMR,San Marino,country,2015,
SMR,San Marino,country,2016,
SMR,San Marino,country,2017,
SMR,San Marino,country,2018,
SMR,San Marino,country,2019,
SMR,San Marino,country,2020,
SMR,San Marino,country,2021,
SMR,San Marino,country,2022,
SMR,San Marino,country,2023,
SOM,Somalia,country,1990,
SOM,Somalia,country,1991,
SOM,Somalia,country,1992,
SOM,Somalia,country,1993,
SOM,Somalia,country,1994,
SOM,Somalia,country,1995,
SOM,Somalia,country,1996,
SOM,Somalia,country,1997,
SOM,Somalia,country,1998,
SOM,Somalia,country,1999,
SOM,Somalia,country,2000,
SOM,Somalia,country,2001,
SOM,Somalia,country,2002,
SOM,Somalia,country,2003,
SOM,Somalia,country,2004,
SOM,Somalia,country,2005,
SOM,Somalia,country,2006,
SOM,Somalia,country,2007,
SOM,Somalia,country,2008,
SOM,Somalia,country,2009,
SOM,Somalia,country,2010,
SOM,Somalia,country,2011,
SOM,Somalia,country,2012,
SOM,Somalia,country,2013,
SOM,Somalia,country,2014,
SOM,Somalia,country,2015,
SOM,Somalia,country,2016,
SOM,Somalia,country,2017,
SOM,Somalia,country,2018,
SOM,Somalia,country,2019,
SOM,Somalia,country,2020,
SOM,Somalia,country,2021,
SOM,Somalia,country,2022,.20999999
SOM,Somalia,country,2023,.229
SRB,Serbia,country,1990,
SRB,Serbia,country,1991,
SRB,Serbia,country,1992,
SRB,Serbia,country,1993,
SRB,Serbia,country,1994,
SRB,Serbia,country,1995,
SRB,Serbia,country,1996,
SRB,Serbia,country,1997,
SRB,Serbia,country,1998,
SRB,Serbia,country,1999,
SRB,Serbia,country,2000,
SRB,Serbia,country,2001,
SRB,Serbia,country,2002,
SRB,Serbia,country,2003,
SRB,Serbia,country,2004,
SRB,Serbia,country,2005,
SRB,Serbia,country,2006,
SRB,Serbia,country,2007,
SRB,Serbia,country,2008,
SRB,Serbia,country,2009,
SRB,Serbia,country,2010,
SRB,Serbia,country,2011,
SRB,Serbia,country,2012,
SRB,Serbia,country,2013,.68699998
SRB,Serbia,country,2014,.69
SRB,Serbia,country,2015,.69800001
SRB,Serbia,country,2016,.713
SRB,Serbia,country,2017,.72000003
SRB,Serbia,country,2018,.73400003
SRB,Serbia,country,2019,.73900002
SRB,Serbia,country,2020,.741
SRB,Serbia,country,2021,.741
SRB,Serbia,country,2022,.76499999
SRB,Serbia,country,2023,.77200001
SSD,South Sudan,country,1990,
SSD,South Sudan,country,1991,
SSD,South Sudan,country,1992,
SSD,South Sudan,country,1993,
SSD,South Sudan,country,1994,
SSD,South Sudan,country,1995,
SSD,South Sudan,country,1996,
SSD,South Sudan,country,1997,
SSD,South Sudan,country,1998,
SSD,South Sudan,country,1999,
SSD,South Sudan,country,2000,
SSD,South Sudan,country,2001,
SSD,South Sudan,country,2002,
SSD,South Sudan,country,2003,
SSD,South Sudan,country,2004,
SSD,South Sudan,country,2005,
SSD,South Sudan,country,2006,
SSD,South Sudan,country,2007,
SSD,South Sudan,country,2008,
SSD,South Sudan,country,2009,
SSD,South Sudan,country,2010,.23100001
SSD,South Sudan,country,2011,.233
SSD,South Sudan,country,2012,.21600001
SSD,South Sudan,country,2013,.21699999
SSD,South Sudan,country,2014,.175
SSD,South Sudan,country,2015,.153
SSD,South Sudan,country,2016,.141
SSD,South Sudan,country,2017,.142
SSD,South Sudan,country,2018,.206
SSD,South Sudan,country,2019,.234
SSD,South Sudan,country,2020,.23100001
SSD,South Sudan,country,2021,.228
SSD,South Sudan,country,2022,.22499999
SSD,South Sudan,country,2023,.226
STP,Sao Tome and Principe,country,1990,
STP,Sao Tome and Principe,country,1991,
STP,Sao Tome and Principe,country,1992,
STP,Sao Tome and Principe,country,1993,
STP,Sao Tome and Principe,country,1994,
STP,Sao Tome and Principe,country,1995,
STP,Sao Tome and Principe,country,1996,
STP,Sao Tome and Principe,country,1997,
STP,Sao Tome and Principe,country,1998,
STP,Sao Tome and Principe,country,1999,
STP,Sao Tome and Principe,country,2000,
STP,Sao Tome and Principe,country,2001,
STP,Sao Tome and Principe,country,2002,
STP,Sao Tome and Principe,country,2003,
STP,Sao Tome and Principe,country,2004,
STP,Sao Tome and Principe,country,2005,
STP,Sao Tome and Principe,country,2006,
STP,Sao Tome and Principe,country,2007,
STP,Sao Tome and Principe,country,2008,
STP,Sao Tome and Principe,country,2009,
STP,Sao Tome and Principe,country,2010,.42699999
STP,Sao Tome and Principe,country,2011,.43200001
STP,Sao Tome and Principe,country,2012,.43799999
STP,Sao Tome and Principe,country,2013,.44800001
STP,Sao Tome and Principe,country,2014,.461
STP,Sao Tome and Principe,country,2015,.47299999
STP,Sao Tome and Principe,country,2016,.47799999
STP,Sao Tome and Principe,country,2017,.458
STP,Sao Tome and Principe,country,2018,.463
STP,Sao Tome and Principe,country,2019,.465
STP,Sao Tome and Principe,country,2020,.46900001
STP,Sao Tome and Principe,country,2021,.47099999
STP,Sao Tome and Principe,country,2022,.47600001
STP,Sao Tome and Principe,country,2023,.47799999
SUR,Suriname,country,1990,
SUR,Suriname,country,1991,
SUR,Suriname,country,1992,
SUR,Suriname,country,1993,
SUR,Suriname,country,1994,
SUR,Suriname,country,1995,
SUR,Suriname,country,1996,
SUR,Suriname,country,1997,
SUR,Suriname,country,1998,
SUR,Suriname,country,1999,
SUR,Suriname,country,2000,
SUR,Suriname,country,2001,
SUR,Suriname,country,2002,
SUR,Suriname,country,2003,
SUR,Suriname,country,2004,
SUR,Suriname,country,2005,
SUR,Suriname,country,2006,
SUR,Suriname,country,2007,
SUR,Suriname,country,2008,
SUR,Suriname,country,2009,
SUR,Suriname,country,2010,
SUR,Suriname,country,2011,
SUR,Suriname,country,2012,
SUR,Suriname,country,2013,
SUR,Suriname,country,2014,
SUR,Suriname,country,2015,
SUR,Suriname,country,2016,
SUR,Suriname,country,2017,
SUR,Suriname,country,2018,
SUR,Suriname,country,2019,
SUR,Suriname,country,2020,
SUR,Suriname,country,2021,
SUR,Suriname,country,2022,
SUR,Suriname,country,2023,
SVK,Slovakia,country,1990,
SVK,Slovakia,country,1991,
SVK,Slovakia,country,1992,
SVK,Slovakia,country,1993,
SVK,Slovakia,country,1994,
SVK,Slovakia,country,1995,
SVK,Slovakia,country,1996,
SVK,Slovakia,country,1997,
SVK,Slovakia,country,1998,
SVK,Slovakia,country,1999,
SVK,Slovakia,country,2000,
SVK,Slovakia,country,2001,
SVK,Slovakia,country,2002,
SVK,Slovakia,country,2003,
SVK,Slovakia,country,2004,
SVK,Slovakia,country,2005,
SVK,Slovakia,country,2006,
SVK,Slovakia,country,2007,
SVK,Slovakia,country,2008,
SVK,Slovakia,country,2009,
SVK,Slovakia,country,2010,.801
SVK,Slovakia,country,2011,.79799998
SVK,Slovakia,country,2012,.79699999
SVK,Slovakia,country,2013,.801
SVK,Slovakia,country,2014,.79900002
SVK,Slovakia,country,2015,.80699998
SVK,Slovakia,country,2016,.80800003
SVK,Slovakia,country,2017,.81599998
SVK,Slovakia,country,2018,.82099998
SVK,Slovakia,country,2019,.81900001
SVK,Slovakia,country,2020,.82099998
SVK,Slovakia,country,2021,.81099999
SVK,Slovakia,country,2022,.824
SVK,Slovakia,country,2023,.833
SVN,Slovenia,country,1990,
SVN,Slovenia,country,1991,
SVN,Slovenia,country,1992,
SVN,Slovenia,country,1993,
SVN,Slovenia,country,1994,
SVN,Slovenia,country,1995,
SVN,Slovenia,country,1996,
SVN,Slovenia,country,1997,
SVN,Slovenia,country,1998,
SVN,Slovenia,country,1999,
SVN,Slovenia,country,2000,
SVN,Slovenia,country,2001,
SVN,Slovenia,country,2002,
SVN,Slovenia,country,2003,
SVN,Slovenia,country,2004,
SVN,Slovenia,country,2005,
SVN,Slovenia,country,2006,
SVN,Slovenia,country,2007,
SVN,Slovenia,country,2008,
SVN,Slovenia,country,2009,
SVN,Slovenia,country,2010,.84899998
SVN,Slovenia,country,2011,.84500003
SVN,Slovenia,country,2012,.84200001
SVN,Slovenia,country,2013,.852
SVN,Slovenia,country,2014,.85399997
SVN,Slovenia,country,2015,.85900003
SVN,Slovenia,country,2016,.86500001
SVN,Slovenia,country,2017,.87
SVN,Slovenia,country,2018,.875
SVN,Slovenia,country,2019,.87599999
SVN,Slovenia,country,2020,.87300003
SVN,Slovenia,country,2021,.87900001
SVN,Slovenia,country,2022,.87800002
SVN,Slovenia,country,2023,.88499999
SWE,Sweden,country,1990,
SWE,Sweden,country,1991,
SWE,Sweden,country,1992,
SWE,Sweden,country,1993,
SWE,Sweden,country,1994,
SWE,Sweden,country,1995,
SWE,Sweden,country,1996,
SWE,Sweden,country,1997,
SWE,Sweden,country,1998,
SWE,Sweden,country,1999,
SWE,Sweden,country,2000,
SWE,Sweden,country,2001,
SWE,Sweden,country,2002,
SWE,Sweden,country,2003,
SWE,Sweden,country,2004,
SWE,Sweden,country,2005,
SWE,Sweden,country,2006,
SWE,Sweden,country,2007,
SWE,Sweden,country,2008,
SWE,Sweden,country,2009,
SWE,Sweden,country,2010,.85600001
SWE,Sweden,country,2011,.85799998
SWE,Sweden,country,2012,.85799998
SWE,Sweden,country,2013,.87199998
SWE,Sweden,country,2014,.87699997
SWE,Sweden,country,2015,.875
SWE,Sweden,country,2016,.87599999
SWE,Sweden,country,2017,.88
SWE,Sweden,country,2018,.88
SWE,Sweden,country,2019,.884
SWE,Sweden,country,2020,.88499999
SWE,Sweden,country,2021,.88800001
SWE,Sweden,country,2022,.88499999
SWE,Sweden,country,2023,.88599998
SWZ,Eswatini,country,1990,
SWZ,Eswatini,country,1991,
SWZ,Eswatini,country,1992,
SWZ,Eswatini,country,1993,
SWZ,Eswatini,country,1994,
SWZ,Eswatini,country,1995,
SWZ,Eswatini,country,1996,
SWZ,Eswatini,country,1997,
SWZ,Eswatini,country,1998,
SWZ,Eswatini,country,1999,
SWZ,Eswatini,country,2000,
SWZ,Eswatini,country,2001,
SWZ,Eswatini,country,2002,
SWZ,Eswatini,country,2003,
SWZ,Eswatini,country,2004,
SWZ,Eswatini,country,2005,
SWZ,Eswatini,country,2006,
SWZ,Eswatini,country,2007,
SWZ,Eswatini,country,2008,
SWZ,Eswatini,country,2009,
SWZ,Eswatini,country,2010,.31600001
SWZ,Eswatini,country,2011,.32499999
SWZ,Eswatini,country,2012,.33700001
SWZ,Eswatini,country,2013,.34799999
SWZ,Eswatini,country,2014,.36199999
SWZ,Eswatini,country,2015,.37200001
SWZ,Eswatini,country,2016,.38
SWZ,Eswatini,country,2017,.38
SWZ,Eswatini,country,2018,.38800001
SWZ,Eswatini,country,2019,.39500001
SWZ,Eswatini,country,2020,.39899999
SWZ,Eswatini,country,2021,.40599999
SWZ,Eswatini,country,2022,.43000001
SWZ,Eswatini,country,2023,.43099999
SYC,Seychelles,country,1990,
SYC,Seychelles,country,1991,
SYC,Seychelles,country,1992,
SYC,Seychelles,country,1993,
SYC,Seychelles,country,1994,
SYC,Seychelles,country,1995,
SYC,Seychelles,country,1996,
SYC,Seychelles,country,1997,
SYC,Seychelles,country,1998,
SYC,Seychelles,country,1999,
SYC,Seychelles,country,2000,
SYC,Seychelles,country,2001,
SYC,Seychelles,country,2002,
SYC,Seychelles,country,2003,
SYC,Seychelles,country,2004,
SYC,Seychelles,country,2005,
SYC,Seychelles,country,2006,
SYC,Seychelles,country,2007,
SYC,Seychelles,country,2008,
SYC,Seychelles,country,2009,
SYC,Seychelles,country,2010,
SYC,Seychelles,country,2011,
SYC,Seychelles,country,2012,
SYC,Seychelles,country,2013,
SYC,Seychelles,country,2014,
SYC,Seychelles,country,2015,
SYC,Seychelles,country,2016,
SYC,Seychelles,country,2017,
SYC,Seychelles,country,2018,
SYC,Seychelles,country,2019,.75599998
SYC,Seychelles,country,2020,.75700003
SYC,Seychelles,country,2021,.745
SYC,Seychelles,country,2022,.74299997
SYC,Seychelles,country,2023,.755
SYR,Syrian Arab Republic,country,1990,
SYR,Syrian Arab Republic,country,1991,
SYR,Syrian Arab Republic,country,1992,
SYR,Syrian Arab Republic,country,1993,
SYR,Syrian Arab Republic,country,1994,
SYR,Syrian Arab Republic,country,1995,
SYR,Syrian Arab Republic,country,1996,
SYR,Syrian Arab Republic,country,1997,
SYR,Syrian Arab Republic,country,1998,
SYR,Syrian Arab Republic,country,1999,
SYR,Syrian Arab Republic,country,2000,
SYR,Syrian Arab Republic,country,2001,
SYR,Syrian Arab Republic,country,2002,
SYR,Syrian Arab Republic,country,2003,
SYR,Syrian Arab Republic,country,2004,
SYR,Syrian Arab Republic,country,2005,
SYR,Syrian Arab Republic,country,2006,
SYR,Syrian Arab Republic,country,2007,
SYR,Syrian Arab Republic,country,2008,
SYR,Syrian Arab Republic,country,2009,
SYR,Syrian Arab Republic,country,2010,.52899998
SYR,Syrian Arab Republic,country,2011,.523
SYR,Syrian Arab Republic,country,2012,.48100001
SYR,Syrian Arab Republic,country,2013,.43399999
SYR,Syrian Arab Republic,country,2014,.43000001
SYR,Syrian Arab Republic,country,2015,.419
SYR,Syrian Arab Republic,country,2016,
SYR,Syrian Arab Republic,country,2017,
SYR,Syrian Arab Republic,country,2018,
SYR,Syrian Arab Republic,country,2019,
SYR,Syrian Arab Republic,country,2020,
SYR,Syrian Arab Republic,country,2021,
SYR,Syrian Arab Republic,country,2022,
SYR,Syrian Arab Republic,country,2023,
TCD,Chad,country,1990,
TCD,Chad,country,1991,
TCD,Chad,country,1992,
TCD,Chad,country,1993,
TCD,Chad,country,1994,
TCD,Chad,country,1995,
TCD,Chad,country,1996,
TCD,Chad,country,1997,
TCD,Chad,country,1998,
TCD,Chad,country,1999,
TCD,Chad,country,2000,
TCD,Chad,country,2001,
TCD,Chad,country,2002,
TCD,Chad,country,2003,
TCD,Chad,country,2004,
TCD,Chad,country,2005,
TCD,Chad,country,2006,
TCD,Chad,country,2007,
TCD,Chad,country,2008,
TCD,Chad,country,2009,
TCD,Chad,country,2010,
TCD,Chad,country,2011,.211
TCD,Chad,country,2012,.21600001
TCD,Chad,country,2013,.219
TCD,Chad,country,2014,.221
TCD,Chad,country,2015,.219
TCD,Chad,country,2016,.22
TCD,Chad,country,2017,.222
TCD,Chad,country,2018,.22499999
TCD,Chad,country,2019,.242
TCD,Chad,country,2020,.244
TCD,Chad,country,2021,.245
TCD,Chad,country,2022,.249
TCD,Chad,country,2023,.252
TGO,Togo,country,1990,
TGO,Togo,country,1991,
TGO,Togo,country,1992,
TGO,Togo,country,1993,
TGO,Togo,country,1994,
TGO,Togo,country,1995,
TGO,Togo,country,1996,
TGO,Togo,country,1997,
TGO,Togo,country,1998,
TGO,Togo,country,1999,
TGO,Togo,country,2000,
TGO,Togo,country,2001,
TGO,Togo,country,2002,
TGO,Togo,country,2003,
TGO,Togo,country,2004,
TGO,Togo,country,2005,
TGO,Togo,country,2006,
TGO,Togo,country,2007,
TGO,Togo,country,2008,
TGO,Togo,country,2009,
TGO,Togo,country,2010,.294
TGO,Togo,country,2011,.29300001
TGO,Togo,country,2012,.29699999
TGO,Togo,country,2013,.30199999
TGO,Togo,country,2014,.30700001
TGO,Togo,country,2015,.31600001
TGO,Togo,country,2016,.32100001
TGO,Togo,country,2017,.32699999
TGO,Togo,country,2018,.333
TGO,Togo,country,2019,.345
TGO,Togo,country,2020,.34900001
TGO,Togo,country,2021,.354
TGO,Togo,country,2022,.359
TGO,Togo,country,2023,.36300001
THA,Thailand,country,1990,
THA,Thailand,country,1991,
THA,Thailand,country,1992,
THA,Thailand,country,1993,
THA,Thailand,country,1994,
THA,Thailand,country,1995,
THA,Thailand,country,1996,
THA,Thailand,country,1997,
THA,Thailand,country,1998,
THA,Thailand,country,1999,
THA,Thailand,country,2000,
THA,Thailand,country,2001,
THA,Thailand,country,2002,
THA,Thailand,country,2003,
THA,Thailand,country,2004,
THA,Thailand,country,2005,
THA,Thailand,country,2006,
THA,Thailand,country,2007,
THA,Thailand,country,2008,
THA,Thailand,country,2009,
THA,Thailand,country,2010,
THA,Thailand,country,2011,
THA,Thailand,country,2012,.62199998
THA,Thailand,country,2013,.62699997
THA,Thailand,country,2014,.65600002
THA,Thailand,country,2015,.66100001
THA,Thailand,country,2016,.662
THA,Thailand,country,2017,.66500002
THA,Thailand,country,2018,.667
THA,Thailand,country,2019,.676
THA,Thailand,country,2020,.67500001
THA,Thailand,country,2021,.676
THA,Thailand,country,2022,.67000002
THA,Thailand,country,2023,.67699999
TJK,Tajikistan,country,1990,
TJK,Tajikistan,country,1991,
TJK,Tajikistan,country,1992,
TJK,Tajikistan,country,1993,
TJK,Tajikistan,country,1994,
TJK,Tajikistan,country,1995,
TJK,Tajikistan,country,1996,
TJK,Tajikistan,country,1997,
TJK,Tajikistan,country,1998,
TJK,Tajikistan,country,1999,
TJK,Tajikistan,country,2000,
TJK,Tajikistan,country,2001,
TJK,Tajikistan,country,2002,
TJK,Tajikistan,country,2003,
TJK,Tajikistan,country,2004,
TJK,Tajikistan,country,2005,
TJK,Tajikistan,country,2006,
TJK,Tajikistan,country,2007,
TJK,Tajikistan,country,2008,
TJK,Tajikistan,country,2009,
TJK,Tajikistan,country,2010,
TJK,Tajikistan,country,2011,
TJK,Tajikistan,country,2012,.55299997
TJK,Tajikistan,country,2013,.56
TJK,Tajikistan,country,2014,.56199998
TJK,Tajikistan,country,2015,.55699998
TJK,Tajikistan,country,2016,.56099999
TJK,Tajikistan,country,2017,.56800002
TJK,Tajikistan,country,2018,.57099998
TJK,Tajikistan,country,2019,.57499999
TJK,Tajikistan,country,2020,.56800002
TJK,Tajikistan,country,2021,.57599998
TJK,Tajikistan,country,2022,.58899999
TJK,Tajikistan,country,2023,.59399998
TKM,Turkmenistan,country,1990,
TKM,Turkmenistan,country,1991,
TKM,Turkmenistan,country,1992,
TKM,Turkmenistan,country,1993,
TKM,Turkmenistan,country,1994,
TKM,Turkmenistan,country,1995,
TKM,Turkmenistan,country,1996,
TKM,Turkmenistan,country,1997,
TKM,Turkmenistan,country,1998,
TKM,Turkmenistan,country,1999,
TKM,Turkmenistan,country,2000,
TKM,Turkmenistan,country,2001,
TKM,Turkmenistan,country,2002,
TKM,Turkmenistan,country,2003,
TKM,Turkmenistan,country,2004,
TKM,Turkmenistan,country,2005,
TKM,Turkmenistan,country,2006,
TKM,Turkmenistan,country,2007,
TKM,Turkmenistan,country,2008,
TKM,Turkmenistan,country,2009,
TKM,Turkmenistan,country,2010,
TKM,Turkmenistan,country,2011,
TKM,Turkmenistan,country,2012,
TKM,Turkmenistan,country,2013,
TKM,Turkmenistan,country,2014,
TKM,Turkmenistan,country,2015,
TKM,Turkmenistan,country,2016,
TKM,Turkmenistan,country,2017,
TKM,Turkmenistan,country,2018,
TKM,Turkmenistan,country,2019,
TKM,Turkmenistan,country,2020,
TKM,Turkmenistan,country,2021,
TKM,Turkmenistan,country,2022,
TKM,Turkmenistan,country,2023,
TLS,Timor-Leste,country,1990,
TLS,Timor-Leste,country,1991,
TLS,Timor-Leste,country,1992,
TLS,Timor-Leste,country,1993,
TLS,Timor-Leste,country,1994,
TLS,Timor-Leste,country,1995,
TLS,Timor-Leste,country,1996,
TLS,Timor-Leste,country,1997,
TLS,Timor-Leste,country,1998,
TLS,Timor-Leste,country,1999,
TLS,Timor-Leste,country,2000,
TLS,Timor-Leste,country,2001,
TLS,Timor-Leste,country,2002,
TLS,Timor-Leste,country,2003,
TLS,Timor-Leste,country,2004,
TLS,Timor-Leste,country,2005,
TLS,Timor-Leste,country,2006,
TLS,Timor-Leste,country,2007,
TLS,Timor-Leste,country,2008,
TLS,Timor-Leste,country,2009,
TLS,Timor-Leste,country,2010,.43799999
TLS,Timor-Leste,country,2011,.44499999
TLS,Timor-Leste,country,2012,.44400001
TLS,Timor-Leste,country,2013,.442
TLS,Timor-Leste,country,2014,.43599999
TLS,Timor-Leste,country,2015,.43099999
TLS,Timor-Leste,country,2016,.43200001
TLS,Timor-Leste,country,2017,.43599999
TLS,Timor-Leste,country,2018,.43900001
TLS,Timor-Leste,country,2019,.45199999
TLS,Timor-Leste,country,2020,.45899999
TLS,Timor-Leste,country,2021,.456
TLS,Timor-Leste,country,2022,.449
TLS,Timor-Leste,country,2023,.45100001
TON,Tonga,country,1990,
TON,Tonga,country,1991,
TON,Tonga,country,1992,
TON,Tonga,country,1993,
TON,Tonga,country,1994,
TON,Tonga,country,1995,
TON,Tonga,country,1996,
TON,Tonga,country,1997,
TON,Tonga,country,1998,
TON,Tonga,country,1999,
TON,Tonga,country,2000,
TON,Tonga,country,2001,
TON,Tonga,country,2002,
TON,Tonga,country,2003,
TON,Tonga,country,2004,
TON,Tonga,country,2005,
TON,Tonga,country,2006,
TON,Tonga,country,2007,
TON,Tonga,country,2008,
TON,Tonga,country,2009,
TON,Tonga,country,2010,
TON,Tonga,country,2011,
TON,Tonga,country,2012,
TON,Tonga,country,2013,
TON,Tonga,country,2014,
TON,Tonga,country,2015,
TON,Tonga,country,2016,
TON,Tonga,country,2017,
TON,Tonga,country,2018,
TON,Tonga,country,2019,.67500001
TON,Tonga,country,2020,.67799997
TON,Tonga,country,2021,.676
TON,Tonga,country,2022,.67699999
TON,Tonga,country,2023,.68199998
TTO,Trinidad and Tobago,country,1990,
TTO,Trinidad and Tobago,country,1991,
TTO,Trinidad and Tobago,country,1992,
TTO,Trinidad and Tobago,country,1993,
TTO,Trinidad and Tobago,country,1994,
TTO,Trinidad and Tobago,country,1995,
TTO,Trinidad and Tobago,country,1996,
TTO,Trinidad and Tobago,country,1997,
TTO,Trinidad and Tobago,country,1998,
TTO,Trinidad and Tobago,country,1999,
TTO,Trinidad and Tobago,country,2000,
TTO,Trinidad and Tobago,country,2001,
TTO,Trinidad and Tobago,country,2002,
TTO,Trinidad and Tobago,country,2003,
TTO,Trinidad and Tobago,country,2004,
TTO,Trinidad and Tobago,country,2005,
TTO,Trinidad and Tobago,country,2006,
TTO,Trinidad and Tobago,country,2007,
TTO,Trinidad and Tobago,country,2008,
TTO,Trinidad and Tobago,country,2009,
TTO,Trinidad and Tobago,country,2010,
TTO,Trinidad and Tobago,country,2011,
TTO,Trinidad and Tobago,country,2012,
TTO,Trinidad and Tobago,country,2013,
TTO,Trinidad and Tobago,country,2014,
TTO,Trinidad and Tobago,country,2015,
TTO,Trinidad and Tobago,country,2016,
TTO,Trinidad and Tobago,country,2017,
TTO,Trinidad and Tobago,country,2018,
TTO,Trinidad and Tobago,country,2019,
TTO,Trinidad and Tobago,country,2020,
TTO,Trinidad and Tobago,country,2021,
TTO,Trinidad and Tobago,country,2022,
TTO,Trinidad and Tobago,country,2023,
TUN,Tunisia,country,1990,
TUN,Tunisia,country,1991,
TUN,Tunisia,country,1992,
TUN,Tunisia,country,1993,
TUN,Tunisia,country,1994,
TUN,Tunisia,country,1995,
TUN,Tunisia,country,1996,
TUN,Tunisia,country,1997,
TUN,Tunisia,country,1998,
TUN,Tunisia,country,1999,
TUN,Tunisia,country,2000,
TUN,Tunisia,country,2001,
TUN,Tunisia,country,2002,
TUN,Tunisia,country,2003,
TUN,Tunisia,country,2004,
TUN,Tunisia,country,2005,
TUN,Tunisia,country,2006,
TUN,Tunisia,country,2007,
TUN,Tunisia,country,2008,
TUN,Tunisia,country,2009,
TUN,Tunisia,country,2010,
TUN,Tunisia,country,2011,.54299998
TUN,Tunisia,country,2012,.54500002
TUN,Tunisia,country,2013,.54699999
TUN,Tunisia,country,2014,.54900002
TUN,Tunisia,country,2015,.55199999
TUN,Tunisia,country,2016,.56300002
TUN,Tunisia,country,2017,.56699997
TUN,Tunisia,country,2018,.583
TUN,Tunisia,country,2019,.58200002
TUN,Tunisia,country,2020,.57800001
TUN,Tunisia,country,2021,.57499999
TUN,Tunisia,country,2022,.58899999
TUN,Tunisia,country,2023,.59500003
TUR,Türkiye,country,1990,
TUR,Türkiye,country,1991,
TUR,Türkiye,country,1992,
TUR,Türkiye,country,1993,
TUR,Türkiye,country,1994,
TUR,Türkiye,country,1995,
TUR,Türkiye,country,1996,
TUR,Türkiye,country,1997,
TUR,Türkiye,country,1998,
TUR,Türkiye,country,1999,
TUR,Türkiye,country,2000,
TUR,Türkiye,country,2001,
TUR,Türkiye,country,2002,
TUR,Türkiye,country,2003,
TUR,Türkiye,country,2004,
TUR,Türkiye,country,2005,
TUR,Türkiye,country,2006,
TUR,Türkiye,country,2007,
TUR,Türkiye,country,2008,
TUR,Türkiye,country,2009,
TUR,Türkiye,country,2010,.602
TUR,Türkiye,country,2011,.62
TUR,Türkiye,country,2012,.63099998
TUR,Türkiye,country,2013,.66000003
TUR,Türkiye,country,2014,.67199999
TUR,Türkiye,country,2015,.67799997
TUR,Türkiye,country,2016,.68300003
TUR,Türkiye,country,2017,.68900001
TUR,Türkiye,country,2018,.69700003
TUR,Türkiye,country,2019,.704
TUR,Türkiye,country,2020,.69599998
TUR,Türkiye,country,2021,.70200002
TUR,Türkiye,country,2022,.713
TUR,Türkiye,country,2023,.708
TUV,Tuvalu,country,1990,
TUV,Tuvalu,country,1991,
TUV,Tuvalu,country,1992,
TUV,Tuvalu,country,1993,
TUV,Tuvalu,country,1994,
TUV,Tuvalu,country,1995,
TUV,Tuvalu,country,1996,
TUV,Tuvalu,country,1997,
TUV,Tuvalu,country,1998,
TUV,Tuvalu,country,1999,
TUV,Tuvalu,country,2000,
TUV,Tuvalu,country,2001,
TUV,Tuvalu,country,2002,
TUV,Tuvalu,country,2003,
TUV,Tuvalu,country,2004,
TUV,Tuvalu,country,2005,
TUV,Tuvalu,country,2006,
TUV,Tuvalu,country,2007,
TUV,Tuvalu,country,2008,
TUV,Tuvalu,country,2009,
TUV,Tuvalu,country,2010,
TUV,Tuvalu,country,2011,
TUV,Tuvalu,country,2012,
TUV,Tuvalu,country,2013,
TUV,Tuvalu,country,2014,
TUV,Tuvalu,country,2015,
TUV,Tuvalu,country,2016,
TUV,Tuvalu,country,2017,
TUV,Tuvalu,country,2018,
TUV,Tuvalu,country,2019,.56800002
TUV,Tuvalu,country,2020,.56900001
TUV,Tuvalu,country,2021,.56999999
TUV,Tuvalu,country,2022,.57499999
TUV,Tuvalu,country,2023,.57800001
TZA,United Republic of Tanzania,country,1990,
TZA,United Republic of Tanzania,country,1991,
TZA,United Republic of Tanzania,country,1992,
TZA,United Republic of Tanzania,country,1993,
TZA,United Republic of Tanzania,country,1994,
TZA,United Republic of Tanzania,country,1995,
TZA,United Republic of Tanzania,country,1996,
TZA,United Republic of Tanzania,country,1997,
TZA,United Republic of Tanzania,country,1998,
TZA,United Republic of Tanzania,country,1999,
TZA,United Republic of Tanzania,country,2000,
TZA,United Republic of Tanzania,country,2001,
TZA,United Republic of Tanzania,country,2002,
TZA,United Republic of Tanzania,country,2003,
TZA,United Republic of Tanzania,country,2004,
TZA,United Republic of Tanzania,country,2005,
TZA,United Republic of Tanzania,country,2006,
TZA,United Republic of Tanzania,country,2007,
TZA,United Republic of Tanzania,country,2008,
TZA,United Republic of Tanzania,country,2009,
TZA,United Republic of Tanzania,country,2010,.33899999
TZA,United Republic of Tanzania,country,2011,.34400001
TZA,United Republic of Tanzania,country,2012,.35499999
TZA,United Republic of Tanzania,country,2013,.35699999
TZA,United Republic of Tanzania,country,2014,.359
TZA,United Republic of Tanzania,country,2015,.36199999
TZA,United Republic of Tanzania,country,2016,.36399999
TZA,United Republic of Tanzania,country,2017,.37
TZA,United Republic of Tanzania,country,2018,.37200001
TZA,United Republic of Tanzania,country,2019,.37900001
TZA,United Republic of Tanzania,country,2020,.38600001
TZA,United Republic of Tanzania,country,2021,.38299999
TZA,United Republic of Tanzania,country,2022,.389
TZA,United Republic of Tanzania,country,2023,.391
UGA,Uganda,country,1990,
UGA,Uganda,country,1991,
UGA,Uganda,country,1992,
UGA,Uganda,country,1993,
UGA,Uganda,country,1994,
UGA,Uganda,country,1995,
UGA,Uganda,country,1996,
UGA,Uganda,country,1997,
UGA,Uganda,country,1998,
UGA,Uganda,country,1999,
UGA,Uganda,country,2000,
UGA,Uganda,country,2001,
UGA,Uganda,country,2002,
UGA,Uganda,country,2003,
UGA,Uganda,country,2004,
UGA,Uganda,country,2005,
UGA,Uganda,country,2006,
UGA,Uganda,country,2007,
UGA,Uganda,country,2008,
UGA,Uganda,country,2009,
UGA,Uganda,country,2010,.32699999
UGA,Uganda,country,2011,.338
UGA,Uganda,country,2012,.34299999
UGA,Uganda,country,2013,.35499999
UGA,Uganda,country,2014,.361
UGA,Uganda,country,2015,.368
UGA,Uganda,country,2016,.377
UGA,Uganda,country,2017,.37799999
UGA,Uganda,country,2018,.38299999
UGA,Uganda,country,2019,.38800001
UGA,Uganda,country,2020,.38999999
UGA,Uganda,country,2021,.39199999
UGA,Uganda,country,2022,.396
UGA,Uganda,country,2023,.40000001
UKR,Ukraine,country,1990,
UKR,Ukraine,country,1991,
UKR,Ukraine,country,1992,
UKR,Ukraine,country,1993,
UKR,Ukraine,country,1994,
UKR,Ukraine,country,1995,
UKR,Ukraine,country,1996,
UKR,Ukraine,country,1997,
UKR,Ukraine,country,1998,
UKR,Ukraine,country,1999,
UKR,Ukraine,country,2000,
UKR,Ukraine,country,2001,
UKR,Ukraine,country,2002,
UKR,Ukraine,country,2003,
UKR,Ukraine,country,2004,
UKR,Ukraine,country,2005,
UKR,Ukraine,country,2006,
UKR,Ukraine,country,2007,
UKR,Ukraine,country,2008,
UKR,Ukraine,country,2009,
UKR,Ukraine,country,2010,.71100003
UKR,Ukraine,country,2011,.71499997
UKR,Ukraine,country,2012,.72500002
UKR,Ukraine,country,2013,.72600001
UKR,Ukraine,country,2014,.72600001
UKR,Ukraine,country,2015,.71499997
UKR,Ukraine,country,2016,.71799999
UKR,Ukraine,country,2017,.72100002
UKR,Ukraine,country,2018,.72100002
UKR,Ukraine,country,2019,.72399998
UKR,Ukraine,country,2020,.722
UKR,Ukraine,country,2021,.71200001
UKR,Ukraine,country,2022,.708
UKR,Ukraine,country,2023,.71499997
URY,Uruguay,country,1990,
URY,Uruguay,country,1991,
URY,Uruguay,country,1992,
URY,Uruguay,country,1993,
URY,Uruguay,country,1994,
URY,Uruguay,country,1995,
URY,Uruguay,country,1996,
URY,Uruguay,country,1997,
URY,Uruguay,country,1998,
URY,Uruguay,country,1999,
URY,Uruguay,country,2000,
URY,Uruguay,country,2001,
URY,Uruguay,country,2002,
URY,Uruguay,country,2003,
URY,Uruguay,country,2004,
URY,Uruguay,country,2005,
URY,Uruguay,country,2006,
URY,Uruguay,country,2007,
URY,Uruguay,country,2008,
URY,Uruguay,country,2009,
URY,Uruguay,country,2010,.66900003
URY,Uruguay,country,2011,.68300003
URY,Uruguay,country,2012,.69099998
URY,Uruguay,country,2013,.69599998
URY,Uruguay,country,2014,.70300001
URY,Uruguay,country,2015,.704
URY,Uruguay,country,2016,.71100003
URY,Uruguay,country,2017,.71799999
URY,Uruguay,country,2018,.71700001
URY,Uruguay,country,2019,.72100002
URY,Uruguay,country,2020,.72899997
URY,Uruguay,country,2021,.72899997
URY,Uruguay,country,2022,.73699999
URY,Uruguay,country,2023,.74699998
USA,United States of America,country,1990,
USA,United States of America,country,1991,
USA,United States of America,country,1992,
USA,United States of America,country,1993,
USA,United States of America,country,1994,
USA,United States of America,country,1995,
USA,United States of America,country,1996,
USA,United States of America,country,1997,
USA,United States of America,country,1998,
USA,United States of America,country,1999,
USA,United States of America,country,2000,
USA,United States of America,country,2001,
USA,United States of America,country,2002,
USA,United States of America,country,2003,
USA,United States of America,country,2004,
USA,United States of America,country,2005,
USA,United States of America,country,2006,
USA,United States of America,country,2007,
USA,United States of America,country,2008,
USA,United States of America,country,2009,
USA,United States of America,country,2010,.80699998
USA,United States of America,country,2011,.81099999
USA,United States of America,country,2012,.81
USA,United States of America,country,2013,.81199998
USA,United States of America,country,2014,.815
USA,United States of America,country,2015,.81199998
USA,United States of America,country,2016,.815
USA,United States of America,country,2017,.81699997
USA,United States of America,country,2018,.81800002
USA,United States of America,country,2019,.82099998
USA,United States of America,country,2020,.81099999
USA,United States of America,country,2021,.81400001
USA,United States of America,country,2022,.82499999
USA,United States of America,country,2023,.83200002
UZB,Uzbekistan,country,1990,
UZB,Uzbekistan,country,1991,
UZB,Uzbekistan,country,1992,
UZB,Uzbekistan,country,1993,
UZB,Uzbekistan,country,1994,
UZB,Uzbekistan,country,1995,
UZB,Uzbekistan,country,1996,
UZB,Uzbekistan,country,1997,
UZB,Uzbekistan,country,1998,
UZB,Uzbekistan,country,1999,
UZB,Uzbekistan,country,2000,
UZB,Uzbekistan,country,2001,
UZB,Uzbekistan,country,2002,
UZB,Uzbekistan,country,2003,
UZB,Uzbekistan,country,2004,
UZB,Uzbekistan,country,2005,
UZB,Uzbekistan,country,2006,
UZB,Uzbekistan,country,2007,
UZB,Uzbekistan,country,2008,
UZB,Uzbekistan,country,2009,
UZB,Uzbekistan,country,2010,
UZB,Uzbekistan,country,2011,
UZB,Uzbekistan,country,2012,
UZB,Uzbekistan,country,2013,
UZB,Uzbekistan,country,2014,
UZB,Uzbekistan,country,2015,
UZB,Uzbekistan,country,2016,
UZB,Uzbekistan,country,2017,
UZB,Uzbekistan,country,2018,
UZB,Uzbekistan,country,2019,
UZB,Uzbekistan,country,2020,
UZB,Uzbekistan,country,2021,
UZB,Uzbekistan,country,2022,
UZB,Uzbekistan,country,2023,
VCT,Saint Vincent and the Grenadines,country,1990,
VCT,Saint Vincent and the Grenadines,country,1991,
VCT,Saint Vincent and the Grenadines,country,1992,
VCT,Saint Vincent and the Grenadines,country,1993,
VCT,Saint Vincent and the Grenadines,country,1994,
VCT,Saint Vincent and the Grenadines,country,1995,
VCT,Saint Vincent and the Grenadines,country,1996,
VCT,Saint Vincent and the Grenadines,country,1997,
VCT,Saint Vincent and the Grenadines,country,1998,
VCT,Saint Vincent and the Grenadines,country,1999,
VCT,Saint Vincent and the Grenadines,country,2000,
VCT,Saint Vincent and the Grenadines,country,2001,
VCT,Saint Vincent and the Grenadines,country,2002,
VCT,Saint Vincent and the Grenadines,country,2003,
VCT,Saint Vincent and the Grenadines,country,2004,
VCT,Saint Vincent and the Grenadines,country,2005,
VCT,Saint Vincent and the Grenadines,country,2006,
VCT,Saint Vincent and the Grenadines,country,2007,
VCT,Saint Vincent and the Grenadines,country,2008,
VCT,Saint Vincent and the Grenadines,country,2009,
VCT,Saint Vincent and the Grenadines,country,2010,
VCT,Saint Vincent and the Grenadines,country,2011,
VCT,Saint Vincent and the Grenadines,country,2012,
VCT,Saint Vincent and the Grenadines,country,2013,
VCT,Saint Vincent and the Grenadines,country,2014,
VCT,Saint Vincent and the Grenadines,country,2015,
VCT,Saint Vincent and the Grenadines,country,2016,
VCT,Saint Vincent and the Grenadines,country,2017,
VCT,Saint Vincent and the Grenadines,country,2018,
VCT,Saint Vincent and the Grenadines,country,2019,
VCT,Saint Vincent and the Grenadines,country,2020,
VCT,Saint Vincent and the Grenadines,country,2021,
VCT,Saint Vincent and the Grenadines,country,2022,
VCT,Saint Vincent and the Grenadines,country,2023,
VEN,Venezuela (Bolivarian Republic of),country,1990,
VEN,Venezuela (Bolivarian Republic of),country,1991,
VEN,Venezuela (Bolivarian Republic of),country,1992,
VEN,Venezuela (Bolivarian Republic of),country,1993,
VEN,Venezuela (Bolivarian Republic of),country,1994,
VEN,Venezuela (Bolivarian Republic of),country,1995,
VEN,Venezuela (Bolivarian Republic of),country,1996,
VEN,Venezuela (Bolivarian Republic of),country,1997,
VEN,Venezuela (Bolivarian Republic of),country,1998,
VEN,Venezuela (Bolivarian Republic of),country,1999,
VEN,Venezuela (Bolivarian Republic of),country,2000,
VEN,Venezuela (Bolivarian Republic of),country,2001,
VEN,Venezuela (Bolivarian Republic of),country,2002,
VEN,Venezuela (Bolivarian Republic of),country,2003,
VEN,Venezuela (Bolivarian Republic of),country,2004,
VEN,Venezuela (Bolivarian Republic of),country,2005,
VEN,Venezuela (Bolivarian Republic of),country,2006,
VEN,Venezuela (Bolivarian Republic of),country,2007,
VEN,Venezuela (Bolivarian Republic of),country,2008,
VEN,Venezuela (Bolivarian Republic of),country,2009,
VEN,Venezuela (Bolivarian Republic of),country,2010,
VEN,Venezuela (Bolivarian Republic of),country,2011,.64099997
VEN,Venezuela (Bolivarian Republic of),country,2012,.639
VEN,Venezuela (Bolivarian Republic of),country,2013,.63800001
VEN,Venezuela (Bolivarian Republic of),country,2014,.639
VEN,Venezuela (Bolivarian Republic of),country,2015,.64499998
VEN,Venezuela (Bolivarian Republic of),country,2016,.65200001
VEN,Venezuela (Bolivarian Republic of),country,2017,.639
VEN,Venezuela (Bolivarian Republic of),country,2018,.63300002
VEN,Venezuela (Bolivarian Republic of),country,2019,.61799997
VEN,Venezuela (Bolivarian Republic of),country,2020,.597
VEN,Venezuela (Bolivarian Republic of),country,2021,.59399998
VEN,Venezuela (Bolivarian Republic of),country,2022,.60299999
VEN,Venezuela (Bolivarian Republic of),country,2023,.60500002
VNM,Viet Nam,country,1990,
VNM,Viet Nam,country,1991,
VNM,Viet Nam,country,1992,
VNM,Viet Nam,country,1993,
VNM,Viet Nam,country,1994,
VNM,Viet Nam,country,1995,
VNM,Viet Nam,country,1996,
VNM,Viet Nam,country,1997,
VNM,Viet Nam,country,1998,
VNM,Viet Nam,country,1999,
VNM,Viet Nam,country,2000,
VNM,Viet Nam,country,2001,
VNM,Viet Nam,country,2002,
VNM,Viet Nam,country,2003,
VNM,Viet Nam,country,2004,
VNM,Viet Nam,country,2005,
VNM,Viet Nam,country,2006,
VNM,Viet Nam,country,2007,
VNM,Viet Nam,country,2008,
VNM,Viet Nam,country,2009,
VNM,Viet Nam,country,2010,.55699998
VNM,Viet Nam,country,2011,.56300002
VNM,Viet Nam,country,2012,.57800001
VNM,Viet Nam,country,2013,.58099997
VNM,Viet Nam,country,2014,.59100002
VNM,Viet Nam,country,2015,.59600002
VNM,Viet Nam,country,2016,.60000002
VNM,Viet Nam,country,2017,.60600001
VNM,Viet Nam,country,2018,.611
VNM,Viet Nam,country,2019,.61699998
VNM,Viet Nam,country,2020,.63
VNM,Viet Nam,country,2021,.63
VNM,Viet Nam,country,2022,.63800001
VNM,Viet Nam,country,2023,.64099997
VUT,Vanuatu,country,1990,
VUT,Vanuatu,country,1991,
VUT,Vanuatu,country,1992,
VUT,Vanuatu,country,1993,
VUT,Vanuatu,country,1994,
VUT,Vanuatu,country,1995,
VUT,Vanuatu,country,1996,
VUT,Vanuatu,country,1997,
VUT,Vanuatu,country,1998,
VUT,Vanuatu,country,1999,
VUT,Vanuatu,country,2000,
VUT,Vanuatu,country,2001,
VUT,Vanuatu,country,2002,
VUT,Vanuatu,country,2003,
VUT,Vanuatu,country,2004,
VUT,Vanuatu,country,2005,
VUT,Vanuatu,country,2006,
VUT,Vanuatu,country,2007,
VUT,Vanuatu,country,2008,
VUT,Vanuatu,country,2009,
VUT,Vanuatu,country,2010,.477
VUT,Vanuatu,country,2011,.48100001
VUT,Vanuatu,country,2012,.48199999
VUT,Vanuatu,country,2013,.486
VUT,Vanuatu,country,2014,.49000001
VUT,Vanuatu,country,2015,.49200001
VUT,Vanuatu,country,2016,.49599999
VUT,Vanuatu,country,2017,.5
VUT,Vanuatu,country,2018,.50400001
VUT,Vanuatu,country,2019,.51300001
VUT,Vanuatu,country,2020,.51700002
VUT,Vanuatu,country,2021,.51599997
VUT,Vanuatu,country,2022,.52200001
VUT,Vanuatu,country,2023,.52100003
WSM,Samoa,country,1990,
WSM,Samoa,country,1991,
WSM,Samoa,country,1992,
WSM,Samoa,country,1993,
WSM,Samoa,country,1994,
WSM,Samoa,country,1995,
WSM,Samoa,country,1996,
WSM,Samoa,country,1997,
WSM,Samoa,country,1998,
WSM,Samoa,country,1999,
WSM,Samoa,country,2000,
WSM,Samoa,country,2001,
WSM,Samoa,country,2002,
WSM,Samoa,country,2003,
WSM,Samoa,country,2004,
WSM,Samoa,country,2005,
WSM,Samoa,country,2006,
WSM,Samoa,country,2007,
WSM,Samoa,country,2008,
WSM,Samoa,country,2009,
WSM,Samoa,country,2010,
WSM,Samoa,country,2011,
WSM,Samoa,country,2012,
WSM,Samoa,country,2013,
WSM,Samoa,country,2014,
WSM,Samoa,country,2015,
WSM,Samoa,country,2016,
WSM,Samoa,country,2017,
WSM,Samoa,country,2018,
WSM,Samoa,country,2019,.60500002
WSM,Samoa,country,2020,.60699999
WSM,Samoa,country,2021,.60600001
WSM,Samoa,country,2022,.60399997
WSM,Samoa,country,2023,.60900003
YEM,Yemen,country,1990,
YEM,Yemen,country,1991,
YEM,Yemen,country,1992,
YEM,Yemen,country,1993,
YEM,Yemen,country,1994,
YEM,Yemen,country,1995,
YEM,Yemen,country,1996,
YEM,Yemen,country,1997,
YEM,Yemen,country,1998,
YEM,Yemen,country,1999,
YEM,Yemen,country,2000,
YEM,Yemen,country,2001,
YEM,Yemen,country,2002,
YEM,Yemen,country,2003,
YEM,Yemen,country,2004,
YEM,Yemen,country,2005,
YEM,Yemen,country,2006,
YEM,Yemen,country,2007,
YEM,Yemen,country,2008,
YEM,Yemen,country,2009,
YEM,Yemen,country,2010,.33899999
YEM,Yemen,country,2011,.33899999
YEM,Yemen,country,2012,.34099999
YEM,Yemen,country,2013,.34799999
YEM,Yemen,country,2014,.34200001
YEM,Yemen,country,2015,.32300001
YEM,Yemen,country,2016,.31799999
YEM,Yemen,country,2017,.31400001
YEM,Yemen,country,2018,.30899999
YEM,Yemen,country,2019,.31299999
YEM,Yemen,country,2020,.315
YEM,Yemen,country,2021,.315
YEM,Yemen,country,2022,.32100001
YEM,Yemen,country,2023,.32499999
ZAF,South Africa,country,1990,
ZAF,South Africa,country,1991,
ZAF,South Africa,country,1992,
ZAF,South Africa,country,1993,
ZAF,South Africa,country,1994,
ZAF,South Africa,country,1995,
ZAF,South Africa,country,1996,
ZAF,South Africa,country,1997,
ZAF,South Africa,country,1998,
ZAF,South Africa,country,1999,
ZAF,South Africa,country,2000,
ZAF,South Africa,country,2001,
ZAF,South Africa,country,2002,
ZAF,South Africa,country,2003,
ZAF,South Africa,country,2004,
ZAF,South Africa,country,2005,
ZAF,South Africa,country,2006,
ZAF,South Africa,country,2007,
ZAF,South Africa,country,2008,
ZAF,South Africa,country,2009,
ZAF,South Africa,country,2010,
ZAF,South Africa,country,2011,
ZAF,South Africa,country,2012,.44600001
ZAF,South Africa,country,2013,.45100001
ZAF,South Africa,country,2014,.461
ZAF,South Africa,country,2015,.46700001
ZAF,South Africa,country,2016,.463
ZAF,South Africa,country,2017,.46900001
ZAF,South Africa,country,2018,.472
ZAF,South Africa,country,2019,.477
ZAF,South Africa,country,2020,.47099999
ZAF,South Africa,country,2021,.465
ZAF,South Africa,country,2022,.472
ZAF,South Africa,country,2023,.47600001
ZMB,Zambia,country,1990,
ZMB,Zambia,country,1991,
ZMB,Zambia,country,1992,
ZMB,Zambia,country,1993,
ZMB,Zambia,country,1994,
ZMB,Zambia,country,1995,
ZMB,Zambia,country,1996,
ZMB,Zambia,country,1997,
ZMB,Zambia,country,1998,
ZMB,Zambia,country,1999,
ZMB,Zambia,country,2000,
ZMB,Zambia,country,2001,
ZMB,Zambia,country,2002,
ZMB,Zambia,country,2003,
ZMB,Zambia,country,2004,
ZMB,Zambia,country,2005,
ZMB,Zambia,country,2006,
ZMB,Zambia,country,2007,
ZMB,Zambia,country,2008,
ZMB,Zambia,country,2009,
ZMB,Zambia,country,2010,.322
ZMB,Zambia,country,2011,.32699999
ZMB,Zambia,country,2012,.336
ZMB,Zambia,country,2013,.34299999
ZMB,Zambia,country,2014,.345
ZMB,Zambia,country,2015,.33399999
ZMB,Zambia,country,2016,.33399999
ZMB,Zambia,country,2017,.338
ZMB,Zambia,country,2018,.34400001
ZMB,Zambia,country,2019,.34599999
ZMB,Zambia,country,2020,.34799999
ZMB,Zambia,country,2021,.345
ZMB,Zambia,country,2022,.35600001
ZMB,Zambia,country,2023,.361
ZWE,Zimbabwe,country,1990,
ZWE,Zimbabwe,country,1991,
ZWE,Zimbabwe,country,1992,
ZWE,Zimbabwe,country,1993,
ZWE,Zimbabwe,country,1994,
ZWE,Zimbabwe,country,1995,
ZWE,Zimbabwe,country,1996,
ZWE,Zimbabwe,country,1997,
ZWE,Zimbabwe,country,1998,
ZWE,Zimbabwe,country,1999,
ZWE,Zimbabwe,country,2000,
ZWE,Zimbabwe,country,2001,
ZWE,Zimbabwe,country,2002,
ZWE,Zimbabwe,country,2003,
ZWE,Zimbabwe,country,2004,
ZWE,Zimbabwe,country,2005,
ZWE,Zimbabwe,country,2006,
ZWE,Zimbabwe,country,2007,
ZWE,Zimbabwe,country,2008,
ZWE,Zimbabwe,country,2009,
ZWE,Zimbabwe,country,2010,
ZWE,Zimbabwe,country,2011,.359
ZWE,Zimbabwe,country,2012,.37200001
ZWE,Zimbabwe,country,2013,.38
ZWE,Zimbabwe,country,2014,.38699999
ZWE,Zimbabwe,country,2015,.39500001
ZWE,Zimbabwe,country,2016,.398
ZWE,Zimbabwe,country,2017,.40099999
ZWE,Zimbabwe,country,2018,.41100001
ZWE,Zimbabwe,country,2019,.39300001
ZWE,Zimbabwe,country,2020,.39300001
ZWE,Zimbabwe,country,2021,.39300001
ZWE,Zimbabwe,country,2022,.40200001
ZWE,Zimbabwe,country,2023,.40599999
ZZA.VHHD,Very high human development,benchmark,1990,
ZZA.VHHD,Very high human development,benchmark,1991,
ZZA.VHHD,Very high human development,benchmark,1992,
ZZA.VHHD,Very high human development,benchmark,1993,
ZZA.VHHD,Very high human development,benchmark,1994,
ZZA.VHHD,Very high human development,benchmark,1995,
ZZA.VHHD,Very high human development,benchmark,1996,
ZZA.VHHD,Very high human development,benchmark,1997,
ZZA.VHHD,Very high human development,benchmark,1998,
ZZA.VHHD,Very high human development,benchmark,1999,
ZZA.VHHD,Very high human development,benchmark,2000,
ZZA.VHHD,Very high human development,benchmark,2001,
ZZA.VHHD,Very high human development,benchmark,2002,
ZZA.VHHD,Very high human development,benchmark,2003,
ZZA.VHHD,Very high human development,benchmark,2004,
ZZA.VHHD,Very high human development,benchmark,2005,
ZZA.VHHD,Very high human development,benchmark,2006,
ZZA.VHHD,Very high human development,benchmark,2007,
ZZA.VHHD,Very high human development,benchmark,2008,
ZZA.VHHD,Very high human development,benchmark,2009,
ZZA.VHHD,Very high human development,benchmark,2010,.77899998
ZZA.VHHD,Very high human development,benchmark,2011,.78600001
ZZA.VHHD,Very high human development,benchmark,2012,.78799999
ZZA.VHHD,Very high human development,benchmark,2013,.79299998
ZZA.VHHD,Very high human development,benchmark,2014,.79500002
ZZA.VHHD,Very high human development,benchmark,2015,.79699999
ZZA.VHHD,Very high human development,benchmark,2016,.801
ZZA.VHHD,Very high human development,benchmark,2017,.80500001
ZZA.VHHD,Very high human development,benchmark,2018,.80800003
ZZA.VHHD,Very high human development,benchmark,2019,.81099999
ZZA.VHHD,Very high human development,benchmark,2020,.80500001
ZZA.VHHD,Very high human development,benchmark,2021,.80800003
ZZA.VHHD,Very high human development,benchmark,2022,.81400001
ZZA.VHHD,Very high human development,benchmark,2023,.82099998
ZZB.HHD,High human development,benchmark,1990,
ZZB.HHD,High human development,benchmark,1991,
ZZB.HHD,High human development,benchmark,1992,
ZZB.HHD,High human development,benchmark,1993,
ZZB.HHD,High human development,benchmark,1994,
ZZB.HHD,High human development,benchmark,1995,
ZZB.HHD,High human development,benchmark,1996,
ZZB.HHD,High human development,benchmark,1997,
ZZB.HHD,High human development,benchmark,1998,
ZZB.HHD,High human development,benchmark,1999,
ZZB.HHD,High human development,benchmark,2000,
ZZB.HHD,High human development,benchmark,2001,
ZZB.HHD,High human development,benchmark,2002,
ZZB.HHD,High human development,benchmark,2003,
ZZB.HHD,High human development,benchmark,2004,
ZZB.HHD,High human development,benchmark,2005,
ZZB.HHD,High human development,benchmark,2006,
ZZB.HHD,High human development,benchmark,2007,
ZZB.HHD,High human development,benchmark,2008,
ZZB.HHD,High human development,benchmark,2009,
ZZB.HHD,High human development,benchmark,2010,.56099999
ZZB.HHD,High human development,benchmark,2011,.56599998
ZZB.HHD,High human development,benchmark,2012,.56999999
ZZB.HHD,High human development,benchmark,2013,.58700001
ZZB.HHD,High human development,benchmark,2014,.59799999
ZZB.HHD,High human development,benchmark,2015,.60100001
ZZB.HHD,High human development,benchmark,2016,.60799998
ZZB.HHD,High human development,benchmark,2017,.61199999
ZZB.HHD,High human development,benchmark,2018,.62
ZZB.HHD,High human development,benchmark,2019,.62699997
ZZB.HHD,High human development,benchmark,2020,.62699997
ZZB.HHD,High human development,benchmark,2021,.63099998
ZZB.HHD,High human development,benchmark,2022,.63700002
ZZB.HHD,High human development,benchmark,2023,.63999999
ZZC.MHD,Medium human development,benchmark,1990,
ZZC.MHD,Medium human development,benchmark,1991,
ZZC.MHD,Medium human development,benchmark,1992,
ZZC.MHD,Medium human development,benchmark,1993,
ZZC.MHD,Medium human development,benchmark,1994,
ZZC.MHD,Medium human development,benchmark,1995,
ZZC.MHD,Medium human development,benchmark,1996,
ZZC.MHD,Medium human development,benchmark,1997,
ZZC.MHD,Medium human development,benchmark,1998,
ZZC.MHD,Medium human development,benchmark,1999,
ZZC.MHD,Medium human development,benchmark,2000,
ZZC.MHD,Medium human development,benchmark,2001,
ZZC.MHD,Medium human development,benchmark,2002,
ZZC.MHD,Medium human development,benchmark,2003,
ZZC.MHD,Medium human development,benchmark,2004,
ZZC.MHD,Medium human development,benchmark,2005,
ZZC.MHD,Medium human development,benchmark,2006,
ZZC.MHD,Medium human development,benchmark,2007,
ZZC.MHD,Medium human development,benchmark,2008,
ZZC.MHD,Medium human development,benchmark,2009,
ZZC.MHD,Medium human development,benchmark,2010,.37
ZZC.MHD,Medium human development,benchmark,2011,.38299999
ZZC.MHD,Medium human development,benchmark,2012,.38699999
ZZC.MHD,Medium human development,benchmark,2013,.39199999
ZZC.MHD,Medium human development,benchmark,2014,.40000001
ZZC.MHD,Medium human development,benchmark,2015,.412
ZZC.MHD,Medium human development,benchmark,2016,.421
ZZC.MHD,Medium human development,benchmark,2017,.426
ZZC.MHD,Medium human development,benchmark,2018,.426
ZZC.MHD,Medium human development,benchmark,2019,.433
ZZC.MHD,Medium human development,benchmark,2020,.433
ZZC.MHD,Medium human development,benchmark,2021,.43399999
ZZC.MHD,Medium human development,benchmark,2022,.45100001
ZZC.MHD,Medium human development,benchmark,2023,.45699999
ZZD.LHD,Low human development,benchmark,1990,
ZZD.LHD,Low human development,benchmark,1991,
ZZD.LHD,Low human development,benchmark,1992,
ZZD.LHD,Low human development,benchmark,1993,
ZZD.LHD,Low human development,benchmark,1994,
ZZD.LHD,Low human development,benchmark,1995,
ZZD.LHD,Low human development,benchmark,1996,
ZZD.LHD,Low human development,benchmark,1997,
ZZD.LHD,Low human development,benchmark,1998,
ZZD.LHD,Low human development,benchmark,1999,
ZZD.LHD,Low human development,benchmark,2000,
ZZD.LHD,Low human development,benchmark,2001,
ZZD.LHD,Low human development,benchmark,2002,
ZZD.LHD,Low human development,benchmark,2003,
ZZD.LHD,Low human development,benchmark,2004,
ZZD.LHD,Low human development,benchmark,2005,
ZZD.LHD,Low human development,benchmark,2006,
ZZD.LHD,Low human development,benchmark,2007,
ZZD.LHD,Low human development,benchmark,2008,
ZZD.LHD,Low human development,benchmark,2009,
ZZD.LHD,Low human development,benchmark,2010,.294
ZZD.LHD,Low human development,benchmark,2011,.29499999
ZZD.LHD,Low human development,benchmark,2012,.301
ZZD.LHD,Low human development,benchmark,2013,.30599999
ZZD.LHD,Low human development,benchmark,2014,.31099999
ZZD.LHD,Low human development,benchmark,2015,.31400001
ZZD.LHD,Low human development,benchmark,2016,.317
ZZD.LHD,Low human development,benchmark,2017,.31999999
ZZD.LHD,Low human development,benchmark,2018,.324
ZZD.LHD,Low human development,benchmark,2019,.32800001
ZZD.LHD,Low human development,benchmark,2020,.329
ZZD.LHD,Low human development,benchmark,2021,.33000001
ZZD.LHD,Low human development,benchmark,2022,.333
ZZD.LHD,Low human development,benchmark,2023,.336
ZZK.WORLD,World,world,1990,
ZZK.WORLD,World,world,1991,
ZZK.WORLD,World,world,1992,
ZZK.WORLD,World,world,1993,
ZZK.WORLD,World,world,1994,
ZZK.WORLD,World,world,1995,
ZZK.WORLD,World,world,1996,
ZZK.WORLD,World,world,1997,
ZZK.WORLD,World,world,1998,
ZZK.WORLD,World,world,1999,
ZZK.WORLD,World,world,2000,
ZZK.WORLD,World,world,2001,
ZZK.WORLD,World,world,2002,
ZZK.WORLD,World,world,2003,
ZZK.WORLD,World,world,2004,
ZZK.WORLD,World,world,2005,
ZZK.WORLD,World,world,2006,
ZZK.WORLD,World,world,2007,
ZZK.WORLD,World,world,2008,
ZZK.WORLD,World,world,2009,
ZZK.WORLD,World,world,2010,.52999997
ZZK.WORLD,World,world,2011,.53600001
ZZK.WORLD,World,world,2012,.53899997
ZZK.WORLD,World,world,2013,.55000001
ZZK.WORLD,World,world,2014,.55699998
ZZK.WORLD,World,world,2015,.56099999
ZZK.WORLD,World,world,2016,.56699997
ZZK.WORLD,World,world,2017,.56999999
ZZK.WORLD,World,world,2018,.57300001
ZZK.WORLD,World,world,2019,.57800001
ZZK.WORLD,World,world,2020,.57700002
ZZK.WORLD,World,world,2021,.57800001
ZZK.WORLD,World,world,2022,.58700001
ZZK.WORLD,World,world,2023,.58999997
