iso3,area_name,area_type,year,gdppc
ABW,Aruba,country,1990,33146.67054787713
ABW,Aruba,country,1991,34079.23046300752
ABW,Aruba,country,1992,34458.14229750299
ABW,Aruba,country,1993,34627.74347531
ABW,Aruba,country,1994,35580.53397812795
ABW,Aruba,country,1995,35476.40998708642
ABW,Aruba,country,1996,34506.53308037524
ABW,Aruba,country,1997,35534.27450348678
ABW,Aruba,country,1998,35361.16588888977
ABW,Aruba,country,1999,35316.62293955777
ABW,Aruba,country,2000,37618.99261550944
ABW,Aruba,country,2001,38827.46727404479
ABW,Aruba,country,2002,38195.31760843459
ABW,Aruba,country,2003,38182.3925262649
ABW,Aruba,country,2004,40101.78761318514
ABW,Aruba,country,2005,38926.47500027061
ABW,Aruba,country,2006,38664.3995098654
ABW,Aruba,country,2007,39562.44884848757
ABW,Aruba,country,2008,39982.51199221482
ABW,Aruba,country,2009,35074.68412210137
ABW,Aruba,country,2010,34037.54232055946
ABW,Aruba,country,2011,34926.10089243223
ABW,Aruba,country,2012,34058.3102329903
ABW,Aruba,country,2013,35711.92905069667
ABW,Aruba,country,2014,35837.32409297112
ABW,Aruba,country,2015,36753.40417261785
ABW,Aruba,country,2016,36926.11306857286
ABW,Aruba,country,2017,38213.2892388309
ABW,Aruba,country,2018,39378.22841090465
ABW,Aruba,country,2019,39754.56007221495
ABW,Aruba,country,2020,30408.82709019835
ABW,Aruba,country,2021,35207.17090886393
ABW,Aruba,country,2022,39083.46163985071
ABW,Aruba,country,2023,42783.24890720672
ABW,Aruba,country,2024,45428.00272835179
ABW,Aruba,country,2025,
AFG,Afghanistan,country,1990,
AFG,Afghanistan,country,1991,
AFG,Afghanistan,country,1992,
AFG,Afghanistan,country,1993,
AFG,Afghanistan,country,1994,
AFG,Afghanistan,country,1995,
AFG,Afghanistan,country,1996,
AFG,Afghanistan,country,1997,
AFG,Afghanistan,country,1998,
AFG,Afghanistan,country,1999,
AFG,Afghanistan,country,2000,1617.826474949691
AFG,Afghanistan,country,2001,1454.110781955588
AFG,Afghanistan,country,2002,1774.308742873411
AFG,Afghanistan,country,2003,1815.928199795861
AFG,Afghanistan,country,2004,1776.918207121875
AFG,Afghanistan,country,2005,1908.114782345873
AFG,Afghanistan,country,2006,1929.723897093719
AFG,Afghanistan,country,2007,2155.353067844134
AFG,Afghanistan,country,2008,2191.504355590616
AFG,Afghanistan,country,2009,2565.022085840991
AFG,Afghanistan,country,2010,2848.586061114954
AFG,Afghanistan,country,2011,2757.052587477253
AFG,Afghanistan,country,2012,2985.319144528449
AFG,Afghanistan,country,2013,3046.579931171283
AFG,Afghanistan,country,2014,3017.942544246961
AFG,Afghanistan,country,2015,2967.692067153003
AFG,Afghanistan,country,2016,2958.785399230795
AFG,Afghanistan,country,2017,2952.998915989087
AFG,Afghanistan,country,2018,2902.392112855461
AFG,Afghanistan,country,2019,2927.245143535302
AFG,Afghanistan,country,2020,2769.68574507111
AFG,Afghanistan,country,2021,2144.166570028188
AFG,Afghanistan,country,2022,1981.710168105611
AFG,Afghanistan,country,2023,1983.812619929087
AFG,Afghanistan,country,2024,1964.452288954561
AFG,Afghanistan,country,2025,
AGO,Angola,country,1990,8366.412716263489
AGO,Angola,country,1991,8170.249393621187
AGO,Angola,country,1992,7445.438367081481
AGO,Angola,country,1993,5481.763867921944
AGO,Angola,country,1994,5377.990349679294
AGO,Angola,country,1995,5981.532575699012
AGO,Angola,country,1996,6565.86479361918
AGO,Angola,country,1997,6808.336281061091
AGO,Angola,country,1998,6893.122652895023
AGO,Angola,country,1999,6815.175306032123
AGO,Angola,country,2000,6794.530210720969
AGO,Angola,country,2001,6846.792695439784
AGO,Angola,country,2002,7521.735987549112
AGO,Angola,country,2003,7516.813914913186
AGO,Angola,country,2004,8079.526133282665
AGO,Angola,country,2005,8892.921060991537
AGO,Angola,country,2006,9586.175421238248
AGO,Angola,country,2007,10434.7087224445
AGO,Angola,country,2008,11131.63101453889
AGO,Angola,country,2009,10930.25312012047
AGO,Angola,country,2010,11074.07238139837
AGO,Angola,country,2011,11034.59196878144
AGO,Angola,country,2012,11516.81332465876
AGO,Angola,country,2013,11622.97834552402
AGO,Angola,country,2014,11718.42868323755
AGO,Angola,country,2015,11389.76095494807
AGO,Angola,country,2016,10963.99678871731
AGO,Angola,country,2017,10565.16764836072
AGO,Angola,country,2018,10154.8389228005
AGO,Angola,country,2019,9712.979449272691
AGO,Angola,country,2020,8904.949005801678
AGO,Angola,country,2021,8720.187687421234
AGO,Angola,country,2022,8750.99363032299
AGO,Angola,country,2023,8597.538787875537
AGO,Angola,country,2024,8752.797470983303
AGO,Angola,country,2025,8760.190819631507
ALB,Albania,country,1990,5560.833934909897
ALB,Albania,country,1991,4027.888807147908
ALB,Albania,country,1992,3761.13980833495
ALB,Albania,country,1993,4145.902505305247
ALB,Albania,country,1994,4517.780078626774
ALB,Albania,country,1995,5151.375962110469
ALB,Albania,country,1996,5563.77007788975
ALB,Albania,country,1997,4942.98350018006
ALB,Albania,country,1998,5387.545887459771
ALB,Albania,country,1999,6085.983397067011
ALB,Albania,country,2000,6581.989092428492
ALB,Albania,country,2001,7232.960554496641
ALB,Albania,country,2002,7590.458523777807
ALB,Albania,country,2003,8025.248032480197
ALB,Albania,country,2004,8483.258815492791
ALB,Albania,country,2005,8964.280822194964
ALB,Albania,country,2006,9563.989541545272
ALB,Albania,country,2007,10262.92423590259
ALB,Albania,country,2008,11056.30591733808
ALB,Albania,country,2009,11430.57463106554
ALB,Albania,country,2010,11829.00423696308
ALB,Albania,country,2011,12153.06365917855
ALB,Albania,country,2012,12463.51836984602
ALB,Albania,country,2013,12873.42981840734
ALB,Albania,country,2014,13366.50409481446
ALB,Albania,country,2015,13876.76162965979
ALB,Albania,country,2016,14643.42856147162
ALB,Albania,country,2017,15359.39745770248
ALB,Albania,country,2018,16170.9234325287
ALB,Albania,country,2019,16761.12301786816
ALB,Albania,country,2020,16457.71897449906
ALB,Albania,country,2021,18212.79471828798
ALB,Albania,country,2022,19388.79272793507
ALB,Albania,country,2023,20501.64707267415
ALB,Albania,country,2024,21640.98357732714
ALB,Albania,country,2025,22724.29381949489
AND,Andorra,country,1990,50036.30077575611
AND,Andorra,country,1991,47624.96685735417
AND,Andorra,country,1992,45246.53307100998
AND,Andorra,country,1993,42605.65958324506
AND,Andorra,country,1994,42716.36563539998
AND,Andorra,country,1995,44375.02472381593
AND,Andorra,country,1996,46386.09120224853
AND,Andorra,country,1997,50032.35291251282
AND,Andorra,country,1998,51092.22223522182
AND,Andorra,country,1999,52921.04526098456
AND,Andorra,country,2000,54809.1441679423
AND,Andorra,country,2001,59109.01368063779
AND,Andorra,country,2002,61188.63708514743
AND,Andorra,country,2003,63656.19583321842
AND,Andorra,country,2004,64353.48581135307
AND,Andorra,country,2005,65114.80536630213
AND,Andorra,country,2006,66390.293726491
AND,Andorra,country,2007,65534.11685551712
AND,Andorra,country,2008,60691.60515306368
AND,Andorra,country,2009,57203.97088837313
AND,Andorra,country,2010,58285.05777569807
AND,Andorra,country,2011,60470.46623770443
AND,Andorra,country,2012,58172.13239294742
AND,Andorra,country,2013,57332.15856113655
AND,Andorra,country,2014,59929.24446705011
AND,Andorra,country,2015,62105.15423896749
AND,Andorra,country,2016,64402.80923694676
AND,Andorra,country,2017,63239.65777119108
AND,Andorra,country,2018,63048.59855728337
AND,Andorra,country,2019,63215.89979191298
AND,Andorra,country,2020,55488.49029910951
AND,Andorra,country,2021,59332.20291001272
AND,Andorra,country,2022,63913.38350791049
AND,Andorra,country,2023,64631.29639092712
AND,Andorra,country,2024,66232.74441955978
AND,Andorra,country,2025,67993.05241788825
ARE,United Arab Emirates,country,1990,111376.9843734249
ARE,United Arab Emirates,country,1991,106266.1576252253
ARE,United Arab Emirates,country,1992,104207.059133554
ARE,United Arab Emirates,country,1993,100422.8324704774
ARE,United Arab Emirates,country,1994,102456.2399425807
ARE,United Arab Emirates,country,1995,104527.8482405773
ARE,United Arab Emirates,country,1996,103653.5427101042
ARE,United Arab Emirates,country,1997,103392.3794571382
ARE,United Arab Emirates,country,1998,96088.65872719717
ARE,United Arab Emirates,country,1999,92047.61046559853
ARE,United Arab Emirates,country,2000,95390.83288583209
ARE,United Arab Emirates,country,2001,90750.32579264544
ARE,United Arab Emirates,country,2002,87479.15453508624
ARE,United Arab Emirates,country,2003,89828.49339927401
ARE,United Arab Emirates,country,2004,93166.15688637839
ARE,United Arab Emirates,country,2005,92750.92263419941
ARE,United Arab Emirates,country,2006,94872.51213295777
ARE,United Arab Emirates,country,2007,87180.60016335461
ARE,United Arab Emirates,country,2008,80285.16130621034
ARE,United Arab Emirates,country,2009,71488.96967921006
ARE,United Arab Emirates,country,2010,70913.7569272495
ARE,United Arab Emirates,country,2011,73190.40563000141
ARE,United Arab Emirates,country,2012,73644.05499288836
ARE,United Arab Emirates,country,2013,74237.20380003187
ARE,United Arab Emirates,country,2014,74145.11754489513
ARE,United Arab Emirates,country,2015,75238.55718584538
ARE,United Arab Emirates,country,2016,75671.03686138502
ARE,United Arab Emirates,country,2017,72529.04235123649
ARE,United Arab Emirates,country,2018,72671.07872887644
ARE,United Arab Emirates,country,2019,72822.94664389215
ARE,United Arab Emirates,country,2020,66808.62092560282
ARE,United Arab Emirates,country,2021,68580.13129126764
ARE,United Arab Emirates,country,2022,70075.63837394999
ARE,United Arab Emirates,country,2023,70239.83283372284
ARE,United Arab Emirates,country,2024,69701.78583552502
ARE,United Arab Emirates,country,2025,
ARG,Argentina,country,1990,17007.28443171907
ARG,Argentina,country,1991,18295.60919968116
ARG,Argentina,country,1992,19476.28406064768
ARG,Argentina,country,1993,20791.34514795036
ARG,Argentina,country,1994,21711.84278809096
ARG,Argentina,country,1995,20819.49994799029
ARG,Argentina,country,1996,21695.59495153715
ARG,Argentina,country,1997,23172.15833983423
ARG,Argentina,country,1998,23783.10171854486
ARG,Argentina,country,1999,22714.51113027014
ARG,Argentina,country,2000,22281.38142999575
ARG,Argentina,country,2001,21066.45812904325
ARG,Argentina,country,2002,18571.70204712742
ARG,Argentina,country,2003,20005.13851134646
ARG,Argentina,country,2004,21591.44939651698
ARG,Argentina,country,2005,23262.40757928158
ARG,Argentina,country,2006,24877.24939222955
ARG,Argentina,country,2007,26850.66459327707
ARG,Argentina,country,2008,27658.48534468313
ARG,Argentina,country,2009,25747.19768099947
ARG,Argentina,country,2010,28056.25702123418
ARG,Argentina,country,2011,29425.7593876084
ARG,Argentina,country,2012,28825.96668653608
ARG,Argentina,country,2013,29227.66018184373
ARG,Argentina,country,2014,28200.81525713183
ARG,Argentina,country,2015,28669.20613367961
ARG,Argentina,country,2016,27802.10572014976
ARG,Argentina,country,2017,28334.904184742
ARG,Argentina,country,2018,27367.11509410798
ARG,Argentina,country,2019,26629.55294195005
ARG,Argentina,country,2020,23877.09314048554
ARG,Argentina,country,2021,26300.27426117504
ARG,Argentina,country,2022,27825.0273492567
ARG,Argentina,country,2023,27230.39684966819
ARG,Argentina,country,2024,26771.96576505708
ARG,Argentina,country,2025,27846.59845972391
ARM,Armenia,country,1990,6137.600457867606
ARM,Armenia,country,1991,5326.752855582356
ARM,Armenia,country,1992,3136.724282605262
ARM,Armenia,country,1993,2958.880371856468
ARM,Armenia,country,1994,3200.896494685686
ARM,Armenia,country,1995,3480.755936525098
ARM,Armenia,country,1996,3717.335765227622
ARM,Armenia,country,1997,3879.179380096783
ARM,Armenia,country,1998,4211.512767787968
ARM,Armenia,country,1999,4406.967067186179
ARM,Armenia,country,2000,4589.008250399769
ARM,Armenia,country,2001,5044.116478264678
ARM,Armenia,country,2002,5731.353466092127
ARM,Armenia,country,2003,6569.260234406313
ARM,Armenia,country,2004,7299.400018588655
ARM,Armenia,country,2005,8362.900840371192
ARM,Armenia,country,2006,9525.231467797785
ARM,Armenia,country,2007,10898.84837956342
ARM,Armenia,country,2008,11727.4821272949
ARM,Armenia,country,2009,10143.23507968671
ARM,Armenia,country,2010,10438.5641904169
ARM,Armenia,country,2011,10990.17709903501
ARM,Armenia,country,2012,11796.27411779944
ARM,Armenia,country,2013,12194.01895238429
ARM,Armenia,country,2014,12667.37573302492
ARM,Armenia,country,2015,13112.76009029153
ARM,Armenia,country,2016,13192.99407317313
ARM,Armenia,country,2017,14243.87490037949
ARM,Armenia,country,2018,15037.0452420712
ARM,Armenia,country,2019,16215.36079650941
ARM,Armenia,country,2020,15052.93597911361
ARM,Armenia,country,2021,15921.70528196402
ARM,Armenia,country,2022,17886.17838771678
ARM,Armenia,country,2023,19402.75109155784
ARM,Armenia,country,2024,20078.78489848438
ARM,Armenia,country,2025,21153.47832857101
ASM,American Samoa,country,1990,
ASM,American Samoa,country,1991,
ASM,American Samoa,country,1992,
ASM,American Samoa,country,1993,
ASM,American Samoa,country,1994,
ASM,American Samoa,country,1995,
ASM,American Samoa,country,1996,
ASM,American Samoa,country,1997,
ASM,American Samoa,country,1998,
ASM,American Samoa,country,1999,
ASM,American Samoa,country,2000,
ASM,American Samoa,country,2001,
ASM,American Samoa,country,2002,
ASM,American Samoa,country,2003,
ASM,American Samoa,country,2004,
ASM,American Samoa,country,2005,
ASM,American Samoa,country,2006,
ASM,American Samoa,country,2007,
ASM,American Samoa,country,2008,
ASM,American Samoa,country,2009,
ASM,American Samoa,country,2010,
ASM,American Samoa,country,2011,
ASM,American Samoa,country,2012,
ASM,American Samoa,country,2013,
ASM,American Samoa,country,2014,
ASM,American Samoa,country,2015,
ASM,American Samoa,country,2016,
ASM,American Samoa,country,2017,
ASM,American Samoa,country,2018,
ASM,American Samoa,country,2019,
ASM,American Samoa,country,2020,
ASM,American Samoa,country,2021,
ASM,American Samoa,country,2022,
ASM,American Samoa,country,2023,
ASM,American Samoa,country,2024,
ASM,American Samoa,country,2025,
ATG,Antigua and Barbuda,country,1990,21074.57643608996
ATG,Antigua and Barbuda,country,1991,21424.29118714613
ATG,Antigua and Barbuda,country,1992,21330.27319185275
ATG,Antigua and Barbuda,country,1993,22051.43732042611
ATG,Antigua and Barbuda,country,1994,23081.66391235285
ATG,Antigua and Barbuda,country,1995,21639.60206408542
ATG,Antigua and Barbuda,country,1996,22597.31450681603
ATG,Antigua and Barbuda,country,1997,23350.30938651695
ATG,Antigua and Barbuda,country,1998,23996.11440413665
ATG,Antigua and Barbuda,country,1999,24462.20340224118
ATG,Antigua and Barbuda,country,2000,25547.61202736786
ATG,Antigua and Barbuda,country,2001,24014.77545935107
ATG,Antigua and Barbuda,country,2002,23958.16381420707
ATG,Antigua and Barbuda,country,2003,25136.00169180701
ATG,Antigua and Barbuda,country,2004,26303.61790466052
ATG,Antigua and Barbuda,country,2005,27692.63487117802
ATG,Antigua and Barbuda,country,2006,30827.34167549156
ATG,Antigua and Barbuda,country,2007,33245.26786067655
ATG,Antigua and Barbuda,country,2008,32756.30678397533
ATG,Antigua and Barbuda,country,2009,28405.69009295235
ATG,Antigua and Barbuda,country,2010,25826.60863832351
ATG,Antigua and Barbuda,country,2011,25023.91744881786
ATG,Antigua and Barbuda,country,2012,25592.90661217349
ATG,Antigua and Barbuda,country,2013,25206.8458285339
ATG,Antigua and Barbuda,country,2014,25557.52491247155
ATG,Antigua and Barbuda,country,2015,25734.15164441712
ATG,Antigua and Barbuda,country,2016,26627.71453894004
ATG,Antigua and Barbuda,country,2017,27199.19524022618
ATG,Antigua and Barbuda,country,2018,28878.60676754708
ATG,Antigua and Barbuda,country,2019,29651.86415267051
ATG,Antigua and Barbuda,country,2020,23930.67149951148
ATG,Antigua and Barbuda,country,2021,25745.49580677462
ATG,Antigua and Barbuda,country,2022,27785.55723168384
ATG,Antigua and Barbuda,country,2023,28712.39704921922
ATG,Antigua and Barbuda,country,2024,29298.64741647266
ATG,Antigua and Barbuda,country,2025,30620.30755538588
AUS,Australia,country,1990,36267.74105922343
AUS,Australia,country,1991,35670.66786373092
AUS,Australia,country,1992,35426.28482890075
AUS,Australia,country,1993,36533.1468283451
AUS,Australia,country,1994,37622.65247729385
AUS,Australia,country,1995,38653.33667786574
AUS,Australia,country,1996,39663.1617728168
AUS,Australia,country,1997,40773.56605165184
AUS,Australia,country,1998,42257.17181223947
AUS,Australia,country,1999,43899.07379440501
AUS,Australia,country,2000,45099.07520970836
AUS,Australia,country,2001,45428.20008375794
AUS,Australia,country,2002,46688.39477606326
AUS,Australia,country,2003,47581.22853458794
AUS,Australia,country,2004,49061.27615039248
AUS,Australia,country,2005,49997.06649539411
AUS,Australia,country,2006,50693.72486497983
AUS,Australia,country,2007,51663.24039538806
AUS,Australia,country,2008,52473.38191607725
AUS,Australia,country,2009,52407.91153785844
AUS,Australia,country,2010,52739.2681556133
AUS,Australia,country,2011,53257.04732376031
AUS,Australia,country,2012,54403.8836902433
AUS,Australia,country,2013,54895.00525889843
AUS,Australia,country,2014,55489.06884414604
AUS,Australia,country,2015,55879.99588171027
AUS,Australia,country,2016,56529.95182468703
AUS,Australia,country,2017,56881.85698591039
AUS,Australia,country,2018,57647.8455068105
AUS,Australia,country,2019,58048.61884208314
AUS,Australia,country,2020,57260.46505301084
AUS,Australia,country,2021,58327.41468423248
AUS,Australia,country,2022,60029.13291907325
AUS,Australia,country,2023,60684.95962048829
AUS,Australia,country,2024,60309.58317723394
AUS,Australia,country,2025,60194.06335479612
AUT,Austria,country,1990,43258.11440957846
AUT,Austria,country,1991,44302.3593080223
AUT,Austria,country,1992,44734.79111576791
AUT,Austria,country,1993,44601.1442274518
AUT,Austria,country,1994,45497.07475429595
AUT,Austria,country,1995,46639.46674216133
AUT,Austria,country,1996,47608.56429629552
AUT,Austria,country,1997,48575.09071440699
AUT,Austria,country,1998,50216.62822841048
AUT,Austria,country,1999,52004.45978280599
AUT,Austria,country,2000,53534.26698942586
AUT,Austria,country,2001,54032.07574665903
AUT,Austria,country,2002,54565.00042274817
AUT,Austria,country,2003,54919.71019115127
AUT,Austria,country,2004,55980.15316656216
AUT,Austria,country,2005,56890.19961842039
AUT,Austria,country,2006,58460.15505041633
AUT,Austria,country,2007,60470.82514158702
AUT,Austria,country,2008,61157.90149741907
AUT,Austria,country,2009,58810.35968286964
AUT,Austria,country,2010,59730.46739030528
AUT,Austria,country,2011,61272.17246628989
AUT,Austria,country,2012,61376.63459304276
AUT,Austria,country,2013,60862.9693673785
AUT,Austria,country,2014,60845.57439807106
AUT,Austria,country,2015,60951.60372736618
AUT,Austria,country,2016,61572.62574024042
AUT,Austria,country,2017,62535.81057113446
AUT,Austria,country,2018,63777.9362157476
AUT,Austria,country,2019,64609.28363968946
AUT,Austria,country,2020,60276.33076973262
AUT,Austria,country,2021,62968.85387701863
AUT,Austria,country,2022,65694.45915014677
AUT,Austria,country,2023,64536.2076307547
AUT,Austria,country,2024,63787.9891749462
AUT,Austria,country,2025,63970.40085348593
AZE,Azerbaijan,country,1990,10776.06770180859
AZE,Azerbaijan,country,1991,10559.21193615271
AZE,Azerbaijan,country,1992,8050.216241951935
AZE,Azerbaijan,country,1993,6097.486223168339
AZE,Azerbaijan,country,1994,4830.699402876256
AZE,Azerbaijan,country,1995,4211.721143496356
AZE,Azerbaijan,country,1996,4223.522971130403
AZE,Azerbaijan,country,1997,4425.588235287202
AZE,Azerbaijan,country,1998,4822.160185645199
AZE,Azerbaijan,country,1999,5133.748120325692
AZE,Azerbaijan,country,2000,5656.92989378687
AZE,Azerbaijan,country,2001,6168.985120597489
AZE,Azerbaijan,country,2002,6701.081744442067
AZE,Azerbaijan,country,2003,7329.406018189433
AZE,Azerbaijan,country,2004,7937.8594791002
AZE,Azerbaijan,country,2005,10054.10033894009
AZE,Azerbaijan,country,2006,13371.65852145344
AZE,Azerbaijan,country,2007,16587.36572402281
AZE,Azerbaijan,country,2008,17963.02081268384
AZE,Azerbaijan,country,2009,19242.39000772312
AZE,Azerbaijan,country,2010,19925.39006621375
AZE,Azerbaijan,country,2011,19358.07781003448
AZE,Azerbaijan,country,2012,19523.37371613564
AZE,Azerbaijan,country,2013,20398.6462250349
AZE,Azerbaijan,country,2014,20709.20161123204
AZE,Azerbaijan,country,2015,20678.75395723748
AZE,Azerbaijan,country,2016,19822.41059439413
AZE,Azerbaijan,country,2017,19659.00485627677
AZE,Azerbaijan,country,2018,19781.85090584369
AZE,Azerbaijan,country,2019,20101.49187514704
AZE,Azerbaijan,country,2020,19126.09685112599
AZE,Azerbaijan,country,2021,20111.37569521088
AZE,Azerbaijan,country,2022,21051.24422916121
AZE,Azerbaijan,country,2023,21310.73869150223
AZE,Azerbaijan,country,2024,22090.52980269292
AZE,Azerbaijan,country,2025,22314.21689573327
BDI,Burundi,country,1990,1455.826225094452
BDI,Burundi,country,1991,1497.26901418268
BDI,Burundi,country,1992,1472.493173078911
BDI,Burundi,country,1993,1424.766008041866
BDI,Burundi,country,1994,1361.322133208032
BDI,Burundi,country,1995,1180.674887241464
BDI,Burundi,country,1996,1085.47116215302
BDI,Burundi,country,1997,1068.29382590126
BDI,Burundi,country,1998,1097.86451761348
BDI,Burundi,country,1999,1061.044114598422
BDI,Burundi,country,2000,1030.322347066158
BDI,Burundi,country,2001,1025.483749292628
BDI,Burundi,country,2002,1041.297191408751
BDI,Burundi,country,2003,996.5694339083851
BDI,Burundi,country,2004,1006.51241783279
BDI,Burundi,country,2005,978.5419608464999
BDI,Burundi,country,2006,995.0278136989613
BDI,Burundi,country,2007,991.9314113190686
BDI,Burundi,country,2008,998.5650555019846
BDI,Burundi,country,2009,985.184772509514
BDI,Burundi,country,2010,988.0186787163017
BDI,Burundi,country,2011,991.6598816668724
BDI,Burundi,country,2012,999.2200681631589
BDI,Burundi,country,2013,1011.431313031339
BDI,Burundi,country,2014,1019.176073986669
BDI,Burundi,country,2015,992.2858055202895
BDI,Burundi,country,2016,1006.559073859991
BDI,Burundi,country,2017,1020.849827571899
BDI,Burundi,country,2018,1043.405584340359
BDI,Burundi,country,2019,1054.725927348982
BDI,Burundi,country,2020,1027.628962767435
BDI,Burundi,country,2021,1032.382740819994
BDI,Burundi,country,2022,1028.111346401792
BDI,Burundi,country,2023,1033.009373417758
BDI,Burundi,country,2024,1048.05557098193
BDI,Burundi,country,2025,1066.512992405861
BEL,Belgium,country,1990,41640.0583572134
BEL,Belgium,country,1991,42246.07604968513
BEL,Belgium,country,1992,42719.04861342467
BEL,Belgium,country,1993,42143.19606120514
BEL,Belgium,country,1994,43369.27594443099
BEL,Belgium,country,1995,44310.62786882761
BEL,Belgium,country,1996,44808.52435803516
BEL,Belgium,country,1997,46396.00212839946
BEL,Belgium,country,1998,47205.30985273545
BEL,Belgium,country,1999,48765.76685719976
BEL,Belgium,country,2000,50455.73389206739
BEL,Belgium,country,2001,50835.39699160633
BEL,Belgium,country,2002,51471.85325509343
BEL,Belgium,country,2003,51788.84396419746
BEL,Belgium,country,2004,53406.69186252028
BEL,Belgium,country,2005,54346.89342192881
BEL,Belgium,country,2006,55367.62274679093
BEL,Belgium,country,2007,56983.46121700638
BEL,Belgium,country,2008,56787.73662574161
BEL,Belgium,country,2009,55258.70710196683
BEL,Belgium,country,2010,56240.20309362415
BEL,Belgium,country,2011,56585.30250006796
BEL,Belgium,country,2012,56356.82512921373
BEL,Belgium,country,2013,56263.17526796704
BEL,Belgium,country,2014,57002.90921852065
BEL,Belgium,country,2015,57509.02457287043
BEL,Belgium,country,2016,57901.49769031505
BEL,Belgium,country,2017,58529.33029575367
BEL,Belgium,country,2018,59357.68968843961
BEL,Belgium,country,2019,60479.97699554686
BEL,Belgium,country,2020,57333.54241379241
BEL,Belgium,country,2021,60669.21377465336
BEL,Belgium,country,2022,62602.92704697653
BEL,Belgium,country,2023,63042.00998763087
BEL,Belgium,country,2024,63311.27669171783
BEL,Belgium,country,2025,63488.42176225231
BEN,Benin,country,1990,2207.067964283567
BEN,Benin,country,1991,2230.460546645372
BEN,Benin,country,1992,2226.566660066255
BEN,Benin,country,1993,2254.245654288926
BEN,Benin,country,1994,2215.36616821938
BEN,Benin,country,1995,2300.14122107459
BEN,Benin,country,1996,2337.630307712787
BEN,Benin,country,1997,2399.785931273558
BEN,Benin,country,1998,2419.100143385479
BEN,Benin,country,1999,2470.68504400549
BEN,Benin,country,2000,2536.168858670967
BEN,Benin,country,2001,2591.064852202879
BEN,Benin,country,2002,2630.180610296271
BEN,Benin,country,2003,2639.043701146415
BEN,Benin,country,2004,2672.844043571575
BEN,Benin,country,2005,2632.472514543285
BEN,Benin,country,2006,2652.218419671588
BEN,Benin,country,2007,2729.137413903517
BEN,Benin,country,2008,2777.619740317654
BEN,Benin,country,2009,2758.072431506483
BEN,Benin,country,2010,2733.573996411508
BEN,Benin,country,2011,2732.012496479568
BEN,Benin,country,2012,2779.726480853202
BEN,Benin,country,2013,2893.046701535196
BEN,Benin,country,2014,2987.382363261529
BEN,Benin,country,2015,2952.002183387052
BEN,Benin,country,2016,2962.663815722646
BEN,Benin,country,2017,3041.779299849893
BEN,Benin,country,2018,3155.451065062702
BEN,Benin,country,2019,3281.104700514647
BEN,Benin,country,2020,3317.859722255697
BEN,Benin,country,2021,3464.2886286745
BEN,Benin,country,2022,3588.325199381471
BEN,Benin,country,2023,3721.212548148079
BEN,Benin,country,2024,3901.325884943923
BEN,Benin,country,2025,4116.215155948796
BFA,Burkina Faso,country,1990,1107.855904549655
BFA,Burkina Faso,country,1991,1178.077046390625
BFA,Burkina Faso,country,1992,1152.044760950961
BFA,Burkina Faso,country,1993,1162.64923453351
BFA,Burkina Faso,country,1994,1148.607213703954
BFA,Burkina Faso,country,1995,1183.528610080837
BFA,Burkina Faso,country,1996,1280.696085338885
BFA,Burkina Faso,country,1997,1326.94230829963
BFA,Burkina Faso,country,1998,1385.093106790948
BFA,Burkina Faso,country,1999,1444.566901704143
BFA,Burkina Faso,country,2000,1428.574006170963
BFA,Burkina Faso,country,2001,1477.284918465249
BFA,Burkina Faso,country,2002,1494.678012695828
BFA,Burkina Faso,country,2003,1561.833101849148
BFA,Burkina Faso,country,2004,1581.256209332939
BFA,Burkina Faso,country,2005,1664.995431800227
BFA,Burkina Faso,country,2006,1714.76034904509
BFA,Burkina Faso,country,2007,1731.930463350774
BFA,Burkina Faso,country,2008,1779.327109115711
BFA,Burkina Faso,country,2009,1779.323056279725
BFA,Burkina Faso,country,2010,1873.97146230828
BFA,Burkina Faso,country,2011,1939.866599894059
BFA,Burkina Faso,country,2012,2003.6646118745
BFA,Burkina Faso,country,2013,2057.063931985295
BFA,Burkina Faso,country,2014,2083.198446983037
BFA,Burkina Faso,country,2015,2101.702661920274
BFA,Burkina Faso,country,2016,2162.725789778139
BFA,Burkina Faso,country,2017,2232.287814909443
BFA,Burkina Faso,country,2018,2316.394320790445
BFA,Burkina Faso,country,2019,2391.536268444836
BFA,Burkina Faso,country,2020,2380.931718265739
BFA,Burkina Faso,country,2021,2486.430931477617
BFA,Burkina Faso,country,2022,2469.199569412594
BFA,Burkina Faso,country,2023,2486.206698128709
BFA,Burkina Faso,country,2024,2548.502477025037
BFA,Burkina Faso,country,2025,2624.828582708033
BGD,Bangladesh,country,1990,2069.782301006722
BGD,Bangladesh,country,1991,2101.383660356581
BGD,Bangladesh,country,1992,2174.382328669431
BGD,Bangladesh,country,1993,2234.810121922496
BGD,Bangladesh,country,1994,2279.094353029439
BGD,Bangladesh,country,1995,2351.703879469031
BGD,Bangladesh,country,1996,2413.542982015047
BGD,Bangladesh,country,1997,2475.595746024889
BGD,Bangladesh,country,1998,2555.061192182823
BGD,Bangladesh,country,1999,2624.065537976379
BGD,Bangladesh,country,2000,2712.935122157251
BGD,Bangladesh,country,2001,2803.554719509463
BGD,Bangladesh,country,2002,2866.434543287154
BGD,Bangladesh,country,2003,2958.915031156333
BGD,Bangladesh,country,2004,3071.83778764611
BGD,Bangladesh,country,2005,3231.613706928911
BGD,Bangladesh,country,2006,3407.427350215904
BGD,Bangladesh,country,2007,3608.915438193992
BGD,Bangladesh,country,2008,3787.938276185503
BGD,Bangladesh,country,2009,3942.136312072034
BGD,Bangladesh,country,2010,4125.463901632016
BGD,Bangladesh,country,2011,4352.42643359325
BGD,Bangladesh,country,2012,4592.048409198117
BGD,Bangladesh,country,2013,4822.726213782659
BGD,Bangladesh,country,2014,5068.639656727411
BGD,Bangladesh,country,2015,5352.711332995656
BGD,Bangladesh,country,2016,5682.535534943063
BGD,Bangladesh,country,2017,6005.707187810483
BGD,Bangladesh,country,2018,6392.593340240905
BGD,Bangladesh,country,2019,6838.326116082433
BGD,Bangladesh,country,2020,7015.197927970561
BGD,Bangladesh,country,2021,7441.069139612541
BGD,Bangladesh,country,2022,7888.163890983044
BGD,Bangladesh,country,2023,8242.397989772422
BGD,Bangladesh,country,2024,8486.784956605168
BGD,Bangladesh,country,2025,8676.755762250801
BGR,Bulgaria,country,1990,14954.13466073807
BGR,Bulgaria,country,1991,13827.47979294915
BGR,Bulgaria,country,1992,12960.32212766172
BGR,Bulgaria,country,1993,12870.73864868334
BGR,Bulgaria,country,1994,13149.30769441639
BGR,Bulgaria,country,1995,13591.34310832139
BGR,Bulgaria,country,1996,14372.77151144252
BGR,Bulgaria,country,1997,12419.37977380562
BGR,Bulgaria,country,1998,12976.26700267853
BGR,Bulgaria,country,1999,11953.59836073182
BGR,Bulgaria,country,2000,12563.83622852534
BGR,Bulgaria,country,2001,13306.50445539589
BGR,Bulgaria,country,2002,14397.00131819196
BGR,Bulgaria,country,2003,15271.48394890611
BGR,Bulgaria,country,2004,16388.96001458409
BGR,Bulgaria,country,2005,17678.0339712293
BGR,Bulgaria,country,2006,19024.54381381297
BGR,Bulgaria,country,2007,20440.25259415014
BGR,Bulgaria,country,2008,21845.954719527
BGR,Bulgaria,country,2009,21251.21686468022
BGR,Bulgaria,country,2010,21724.28634575963
BGR,Bulgaria,country,2011,22321.033168819
BGR,Bulgaria,country,2012,22618.81042789186
BGR,Bulgaria,country,2013,22954.39639985503
BGR,Bulgaria,country,2014,23455.48300192769
BGR,Bulgaria,country,2015,24562.64888092897
BGR,Bulgaria,country,2016,25636.74439034785
BGR,Bulgaria,country,2017,26691.75800190198
BGR,Bulgaria,country,2018,27690.89365500499
BGR,Bulgaria,country,2019,29149.92150997602
BGR,Bulgaria,country,2020,28521.20624825962
BGR,Bulgaria,country,2021,30958.98302383323
BGR,Bulgaria,country,2022,32433.65875696265
BGR,Bulgaria,country,2023,33073.68030934533
BGR,Bulgaria,country,2024,34221.38669403625
BGR,Bulgaria,country,2025,35325.53178834743
BHR,Bahrain,country,1990,41856.54450771998
BHR,Bahrain,country,1991,47644.02347168819
BHR,Bahrain,country,1992,49511.94740196268
BHR,Bahrain,country,1993,54433.13750849709
BHR,Bahrain,country,1994,52886.57890273291
BHR,Bahrain,country,1995,53537.6828948177
BHR,Bahrain,country,1996,54289.43803903094
BHR,Bahrain,country,1997,54512.85510568885
BHR,Bahrain,country,1998,55638.69358606837
BHR,Bahrain,country,1999,56522.22618998226
BHR,Bahrain,country,2000,57968.99560821348
BHR,Bahrain,country,2001,57280.69867074936
BHR,Bahrain,country,2002,55096.65715507789
BHR,Bahrain,country,2003,54431.87635596578
BHR,Bahrain,country,2004,54045.09288885802
BHR,Bahrain,country,2005,53478.26624155031
BHR,Bahrain,country,2006,52691.9323366851
BHR,Bahrain,country,2007,52731.79216726182
BHR,Bahrain,country,2008,52765.38994555459
BHR,Bahrain,country,2009,50665.75074892195
BHR,Bahrain,country,2010,50704.84796798192
BHR,Bahrain,country,2011,53132.3284162611
BHR,Bahrain,country,2012,54516.84065947874
BHR,Bahrain,country,2013,55376.40051478942
BHR,Bahrain,country,2014,55065.81894721295
BHR,Bahrain,country,2015,54149.91315247206
BHR,Bahrain,country,2016,54107.07522364232
BHR,Bahrain,country,2017,53859.77495896006
BHR,Bahrain,country,2018,54893.07244113678
BHR,Bahrain,country,2019,56749.96283706122
BHR,Bahrain,country,2020,53814.24525923582
BHR,Bahrain,country,2021,54954.67578955323
BHR,Bahrain,country,2022,57572.99798101796
BHR,Bahrain,country,2023,57819.90518312423
BHR,Bahrain,country,2024,59060.18183631831
BHR,Bahrain,country,2025,60669.63077957724
BHS,Bahamas,country,1990,33072.15961253817
BHS,Bahamas,country,1991,31148.90526228254
BHS,Bahamas,country,1992,29412.88049859186
BHS,Bahamas,country,1993,28955.35105890209
BHS,Bahamas,country,1994,29346.36048370793
BHS,Bahamas,country,1995,30128.19355572462
BHS,Bahamas,country,1996,30907.82080357564
BHS,Bahamas,country,1997,30839.02479524907
BHS,Bahamas,country,1998,31836.52649013313
BHS,Bahamas,country,1999,33657.80458887397
BHS,Bahamas,country,2000,34597.1621145274
BHS,Bahamas,country,2001,35072.36589904607
BHS,Bahamas,country,2002,35610.67864256465
BHS,Bahamas,country,2003,34740.76355353807
BHS,Bahamas,country,2004,34617.80511374587
BHS,Bahamas,country,2005,35365.46639802188
BHS,Bahamas,country,2006,35789.13221318984
BHS,Bahamas,country,2007,35797.11897207297
BHS,Bahamas,country,2008,34498.03513991732
BHS,Bahamas,country,2009,32630.26306597899
BHS,Bahamas,country,2010,32711.45924593831
BHS,Bahamas,country,2011,32535.66251391352
BHS,Bahamas,country,2012,33667.55470989106
BHS,Bahamas,country,2013,32402.91635031081
BHS,Bahamas,country,2014,32712.63566648108
BHS,Bahamas,country,2015,32777.58494107416
BHS,Bahamas,country,2016,32172.33651529757
BHS,Bahamas,country,2017,33050.03501286112
BHS,Bahamas,country,2018,33650.21643509353
BHS,Bahamas,country,2019,33202.49021050685
BHS,Bahamas,country,2020,26452.69576092903
BHS,Bahamas,country,2021,31064.68221661942
BHS,Bahamas,country,2022,34342.92853165692
BHS,Bahamas,country,2023,35221.26969323129
BHS,Bahamas,country,2024,36244.05001232444
BHS,Bahamas,country,2025,
BIH,Bosnia and Herzegovina,country,1990,2413.938229285261
BIH,Bosnia and Herzegovina,country,1991,2183.526049425391
BIH,Bosnia and Herzegovina,country,1992,2150.910740833656
BIH,Bosnia and Herzegovina,country,1993,2281.889836036616
BIH,Bosnia and Herzegovina,country,1994,2657.80295240973
BIH,Bosnia and Herzegovina,country,1995,3090.378235814621
BIH,Bosnia and Herzegovina,country,1996,4568.982658826874
BIH,Bosnia and Herzegovina,country,1997,6020.960237325431
BIH,Bosnia and Herzegovina,country,1998,6899.297058508195
BIH,Bosnia and Herzegovina,country,1999,7481.303989359275
BIH,Bosnia and Herzegovina,country,2000,7830.501860925203
BIH,Bosnia and Herzegovina,country,2001,7982.518853909901
BIH,Bosnia and Herzegovina,country,2002,8366.691556048445
BIH,Bosnia and Herzegovina,country,2003,8709.956715781971
BIH,Bosnia and Herzegovina,country,2004,9344.830158871931
BIH,Bosnia and Herzegovina,country,2005,9814.469641025311
BIH,Bosnia and Herzegovina,country,2006,10430.41199518465
BIH,Bosnia and Herzegovina,country,2007,11178.68148323923
BIH,Bosnia and Herzegovina,country,2008,11983.7199632138
BIH,Bosnia and Herzegovina,country,2009,11826.6501351383
BIH,Bosnia and Herzegovina,country,2010,12142.86169581684
BIH,Bosnia and Herzegovina,country,2011,12487.6490566037
BIH,Bosnia and Herzegovina,country,2012,12626.92632377528
BIH,Bosnia and Herzegovina,country,2013,13135.71750534542
BIH,Bosnia and Herzegovina,country,2014,13458.85257640801
BIH,Bosnia and Herzegovina,country,2015,14220.0900038037
BIH,Bosnia and Herzegovina,country,2016,14873.64111078795
BIH,Bosnia and Herzegovina,country,2017,15554.65874307656
BIH,Bosnia and Herzegovina,country,2018,16348.99971453527
BIH,Bosnia and Herzegovina,country,2019,17029.29719803434
BIH,Bosnia and Herzegovina,country,2020,16747.03539186946
BIH,Bosnia and Herzegovina,country,2021,18286.66149771745
BIH,Bosnia and Herzegovina,country,2022,19298.11707643705
BIH,Bosnia and Herzegovina,country,2023,19804.91814656348
BIH,Bosnia and Herzegovina,country,2024,20578.49954468165
BIH,Bosnia and Herzegovina,country,2025,21178.22600594972
BLR,Belarus,country,1990,12351.63571100648
BLR,Belarus,country,1991,12197.78778876339
BLR,Belarus,country,1992,11002.60176261362
BLR,Belarus,country,1993,10143.98401184446
BLR,Belarus,country,1994,8967.730729718314
BLR,Belarus,country,1995,8061.196041126087
BLR,Belarus,country,1996,8314.856566850254
BLR,Belarus,country,1997,9301.327175198667
BLR,Belarus,country,1998,10128.15604695626
BLR,Belarus,country,1999,10519.74891454422
BLR,Belarus,country,2000,11182.45483393934
BLR,Belarus,country,2001,11771.08720038606
BLR,Belarus,country,2002,12443.93225759393
BLR,Belarus,country,2003,13413.92655048538
BLR,Belarus,country,2004,15052.11821609467
BLR,Belarus,country,2005,16579.87316838339
BLR,Belarus,country,2006,18349.87190606336
BLR,Belarus,country,2007,20019.61116767283
BLR,Belarus,country,2008,22137.94729283149
BLR,Belarus,country,2009,22236.83876911358
BLR,Belarus,country,2010,24012.61330402131
BLR,Belarus,country,2011,25404.75660824116
BLR,Belarus,country,2012,25879.13194007011
BLR,Belarus,country,2013,26147.62535846452
BLR,Belarus,country,2014,26564.43472465475
BLR,Belarus,country,2015,25513.21329583165
BLR,Belarus,country,2016,24846.83015293586
BLR,Belarus,country,2017,25503.98098452067
BLR,Belarus,country,2018,26363.46297785364
BLR,Belarus,country,2019,26798.82063980764
BLR,Belarus,country,2020,26731.49538699221
BLR,Belarus,country,2021,27611.18011351571
BLR,Belarus,country,2022,26537.50830816744
BLR,Belarus,country,2023,27782.43801399673
BLR,Belarus,country,2024,29135.94651392321
BLR,Belarus,country,2025,29666.2115719117
BLZ,Belize,country,1990,8251.617625394707
BLZ,Belize,country,1991,9028.073438375617
BLZ,Belize,country,1992,9967.777792835528
BLZ,Belize,country,1993,10366.85905988067
BLZ,Belize,country,1994,10146.39967552026
BLZ,Belize,country,1995,9967.846880886425
BLZ,Belize,country,1996,9782.644160296513
BLZ,Belize,country,1997,9862.266345468755
BLZ,Belize,country,1998,9894.599197850257
BLZ,Belize,country,1999,10460.63461027953
BLZ,Belize,country,2000,11363.6868781615
BLZ,Belize,country,2001,11567.0265720608
BLZ,Belize,country,2002,11828.18657440671
BLZ,Belize,country,2003,12589.26793782061
BLZ,Belize,country,2004,12807.16587743844
BLZ,Belize,country,2005,12714.9697390831
BLZ,Belize,country,2006,12912.53002337743
BLZ,Belize,country,2007,12973.20672147461
BLZ,Belize,country,2008,12415.68113004643
BLZ,Belize,country,2009,12033.90968165876
BLZ,Belize,country,2010,11913.66359590605
BLZ,Belize,country,2011,11641.77173757032
BLZ,Belize,country,2012,11843.41534042118
BLZ,Belize,country,2013,12064.79725940596
BLZ,Belize,country,2014,12272.29578954463
BLZ,Belize,country,2015,12348.79449783111
BLZ,Belize,country,2016,12063.0600374093
BLZ,Belize,country,2017,11572.30079314612
BLZ,Belize,country,2018,11451.89794138773
BLZ,Belize,country,2019,11765.97486611762
BLZ,Belize,country,2020,10045.14041637455
BLZ,Belize,country,2021,11716.32678186555
BLZ,Belize,country,2022,12565.36458295762
BLZ,Belize,country,2023,12371.00865453477
BLZ,Belize,country,2024,12621.40819618969
BLZ,Belize,country,2025,12788.8423713826
BMU,Bermuda,country,1990,79750.85676806948
BMU,Bermuda,country,1991,76368.27420181382
BMU,Bermuda,country,1992,75769.90293525698
BMU,Bermuda,country,1993,77506.74373966453
BMU,Bermuda,country,1994,77473.57560603324
BMU,Bermuda,country,1995,80430.64364813229
BMU,Bermuda,country,1996,82126.25738250688
BMU,Bermuda,country,1997,85384.44745536665
BMU,Bermuda,country,1998,88038.53815613163
BMU,Bermuda,country,1999,90294.38285382428
BMU,Bermuda,country,2000,98024.07887931462
BMU,Bermuda,country,2001,104565.2639481215
BMU,Bermuda,country,2002,102564.1088805616
BMU,Bermuda,country,2003,105647.4460504662
BMU,Bermuda,country,2004,107807.7607129971
BMU,Bermuda,country,2005,109340.0121160842
BMU,Bermuda,country,2006,115175.7730163072
BMU,Bermuda,country,2007,118696.0920666294
BMU,Bermuda,country,2008,115947.63292703
BMU,Bermuda,country,2009,108967.4273669273
BMU,Bermuda,country,2010,105973.3588454441
BMU,Bermuda,country,2011,101994.2426804844
BMU,Bermuda,country,2012,96715.16599668883
BMU,Bermuda,country,2013,96553.87268278192
BMU,Bermuda,country,2014,93046.21009764433
BMU,Bermuda,country,2015,93863.84833634191
BMU,Bermuda,country,2016,93269.0137558453
BMU,Bermuda,country,2017,96441.27187672562
BMU,Bermuda,country,2018,95643.27340555425
BMU,Bermuda,country,2019,95523.96231260263
BMU,Bermuda,country,2020,88484.81559979214
BMU,Bermuda,country,2021,92319.67148612224
BMU,Bermuda,country,2022,97943.05489773222
BMU,Bermuda,country,2023,102268.9228032722
BMU,Bermuda,country,2024,104299.9443588149
BMU,Bermuda,country,2025,
BOL,Bolivia (Plurinational State of),country,1990,6247.104466154029
BOL,Bolivia (Plurinational State of),country,1991,6440.485714283178
BOL,Bolivia (Plurinational State of),country,1992,6414.328668254364
BOL,Bolivia (Plurinational State of),country,1993,6556.816405514493
BOL,Bolivia (Plurinational State of),country,1994,6731.28487501595
BOL,Bolivia (Plurinational State of),country,1995,6914.341896143043
BOL,Bolivia (Plurinational State of),country,1996,7083.613133108298
BOL,Bolivia (Plurinational State of),country,1997,7301.509358614958
BOL,Bolivia (Plurinational State of),country,1998,7534.516563696054
BOL,Bolivia (Plurinational State of),country,1999,7435.725442869489
BOL,Bolivia (Plurinational State of),country,2000,7492.433816809098
BOL,Bolivia (Plurinational State of),country,2001,7491.152577655713
BOL,Bolivia (Plurinational State of),country,2002,7550.015546450917
BOL,Bolivia (Plurinational State of),country,2003,7625.905159188924
BOL,Bolivia (Plurinational State of),country,2004,7811.596840939355
BOL,Bolivia (Plurinational State of),country,2005,8020.635688347929
BOL,Bolivia (Plurinational State of),country,2006,8263.318968536914
BOL,Bolivia (Plurinational State of),country,2007,8493.948482126527
BOL,Bolivia (Plurinational State of),country,2008,8865.272466166831
BOL,Bolivia (Plurinational State of),country,2009,9011.556298735472
BOL,Bolivia (Plurinational State of),country,2010,9230.398080146597
BOL,Bolivia (Plurinational State of),country,2011,9554.445025129997
BOL,Bolivia (Plurinational State of),country,2012,9884.461635946451
BOL,Bolivia (Plurinational State of),country,2013,10391.38337569171
BOL,Bolivia (Plurinational State of),country,2014,10790.84728875278
BOL,Bolivia (Plurinational State of),country,2015,11144.64157206405
BOL,Bolivia (Plurinational State of),country,2016,11448.02180321996
BOL,Bolivia (Plurinational State of),country,2017,11755.25561958852
BOL,Bolivia (Plurinational State of),country,2018,11920.31350796451
BOL,Bolivia (Plurinational State of),country,2019,11930.91591459184
BOL,Bolivia (Plurinational State of),country,2020,10285.65907502223
BOL,Bolivia (Plurinational State of),country,2021,11202.44098367071
BOL,Bolivia (Plurinational State of),country,2022,11487.71487991944
BOL,Bolivia (Plurinational State of),country,2023,11616.15755951592
BOL,Bolivia (Plurinational State of),country,2024,11329.1518061536
BOL,Bolivia (Plurinational State of),country,2025,11000.53452207276
BRA,Brazil,country,1990,12633.28845605973
BRA,Brazil,country,1991,12546.56050055594
BRA,Brazil,country,1992,12271.97884787267
BRA,Brazil,country,1993,12669.42872097492
BRA,Brazil,country,1994,13202.93080118807
BRA,Brazil,country,1995,13550.43937358432
BRA,Brazil,country,1996,13641.62959959613
BRA,Brazil,country,1997,13896.62499010717
BRA,Brazil,country,1998,13737.70264335559
BRA,Brazil,country,1999,13602.41370678739
BRA,Brazil,country,2000,14005.34718742313
BRA,Brazil,country,2001,14016.13137722363
BRA,Brazil,country,2002,14265.90487702918
BRA,Brazil,country,2003,14259.3664089322
BRA,Brazil,country,2004,14911.2609608592
BRA,Brazil,country,2005,15221.01382815413
BRA,Brazil,country,2006,15657.47957169828
BRA,Brazil,country,2007,16440.58374003197
BRA,Brazil,country,2008,17113.36798226429
BRA,Brazil,country,2009,16939.44078103275
BRA,Brazil,country,2010,18062.15811036592
BRA,Brazil,country,2011,18627.81045293967
BRA,Brazil,country,2012,18832.21955270747
BRA,Brazil,country,2013,19241.50598157255
BRA,Brazil,country,2014,19183.17274463602
BRA,Brazil,country,2015,18357.0690617991
BRA,Brazil,country,2016,17620.92724341364
BRA,Brazil,country,2017,17724.47995777842
BRA,Brazil,country,2018,17917.74921233588
BRA,Brazil,country,2019,18018.62091515179
BRA,Brazil,country,2020,17327.51572494663
BRA,Brazil,country,2021,18075.70600490678
BRA,Brazil,country,2022,18554.04618285662
BRA,Brazil,country,2023,19079.81221340277
BRA,Brazil,country,2024,19652.36549917105
BRA,Brazil,country,2025,20024.69682569025
BRB,Barbados,country,1990,19195.8871160038
BRB,Barbados,country,1991,18391.00740400664
BRB,Barbados,country,1992,17284.51965610549
BRB,Barbados,country,1993,17370.87348664217
BRB,Barbados,country,1994,17679.99855471764
BRB,Barbados,country,1995,18007.23377255565
BRB,Barbados,country,1996,18705.79763146767
BRB,Barbados,country,1997,19584.40759640162
BRB,Barbados,country,1998,20311.19927681602
BRB,Barbados,country,1999,20372.88393487048
BRB,Barbados,country,2000,21315.76843005711
BRB,Barbados,country,2001,20782.84324537008
BRB,Barbados,country,2002,20809.85672189414
BRB,Barbados,country,2003,21132.3281963019
BRB,Barbados,country,2004,21308.6052569587
BRB,Barbados,country,2005,22035.38595810353
BRB,Barbados,country,2006,23260.86454388107
BRB,Barbados,country,2007,23631.94338852992
BRB,Barbados,country,2008,23657.29006504461
BRB,Barbados,country,2009,22354.8404800399
BRB,Barbados,country,2010,20464.79396587758
BRB,Barbados,country,2011,20383.25309176866
BRB,Barbados,country,2012,19743.57827094995
BRB,Barbados,country,2013,19730.34697405179
BRB,Barbados,country,2014,19840.8306179644
BRB,Barbados,country,2015,19642.23225002187
BRB,Barbados,country,2016,19877.11200839683
BRB,Barbados,country,2017,19966.32024051543
BRB,Barbados,country,2018,19877.67595692346
BRB,Barbados,country,2019,19890.45571409404
BRB,Barbados,country,2020,16399.70201114048
BRB,Barbados,country,2021,17686.74693862888
BRB,Barbados,country,2022,20494.53438369361
BRB,Barbados,country,2023,20865.01554371472
BRB,Barbados,country,2024,21557.52763503849
BRB,Barbados,country,2025,22127.36049797184
BRN,Brunei Darussalam,country,1990,118163.6833699404
BRN,Brunei Darussalam,country,1991,118220.6835953304
BRN,Brunei Darussalam,country,1992,111457.2208835195
BRN,Brunei Darussalam,country,1993,107899.1363392393
BRN,Brunei Darussalam,country,1994,106239.2326943378
BRN,Brunei Darussalam,country,1995,105043.8530976832
BRN,Brunei Darussalam,country,1996,102522.1254181211
BRN,Brunei Darussalam,country,1997,106503.4202707962
BRN,Brunei Darussalam,country,1998,97171.63725510309
BRN,Brunei Darussalam,country,1999,99083.32052824221
BRN,Brunei Darussalam,country,2000,100323.4399185282
BRN,Brunei Darussalam,country,2001,99680.76267775369
BRN,Brunei Darussalam,country,2002,101571.5837846658
BRN,Brunei Darussalam,country,2003,103226.914446986
BRN,Brunei Darussalam,country,2004,101497.7547986552
BRN,Brunei Darussalam,country,2005,99795.68508545261
BRN,Brunei Darussalam,country,2006,102248.5103005666
BRN,Brunei Darussalam,country,2007,96752.62040918849
BRN,Brunei Darussalam,country,2008,91275.50009191816
BRN,Brunei Darussalam,country,2009,87875.82835460444
BRN,Brunei Darussalam,country,2010,88586.51336839241
BRN,Brunei Darussalam,country,2011,90279.66340421235
BRN,Brunei Darussalam,country,2012,89718.46360499819
BRN,Brunei Darussalam,country,2013,86606.65189101985
BRN,Brunei Darussalam,country,2014,83310.61518195331
BRN,Brunei Darussalam,country,2015,81910.18829594927
BRN,Brunei Darussalam,country,2016,78880.62285017676
BRN,Brunei Darussalam,country,2017,78966.86431423458
BRN,Brunei Darussalam,country,2018,78099.05078025609
BRN,Brunei Darussalam,country,2019,80228.1598170527
BRN,Brunei Darussalam,country,2020,80280.89806406767
BRN,Brunei Darussalam,country,2021,78248.797127611
BRN,Brunei Darussalam,country,2022,76357.82911499603
BRN,Brunei Darussalam,country,2023,76616.70148849809
BRN,Brunei Darussalam,country,2024,79071.73338014451
BRN,Brunei Darussalam,country,2025,78985.12202695095
BTN,Bhutan,country,1990,3411.383759917598
BTN,Bhutan,country,1991,3338.009418265986
BTN,Bhutan,country,1992,3624.597815001364
BTN,Bhutan,country,1993,3850.551287420996
BTN,Bhutan,country,1994,4042.494177692489
BTN,Bhutan,country,1995,4379.870466677782
BTN,Bhutan,country,1996,4616.919791984395
BTN,Bhutan,country,1997,4778.705117317324
BTN,Bhutan,country,1998,4965.876460316814
BTN,Bhutan,country,1999,5241.366637907368
BTN,Bhutan,country,2000,5287.574347216841
BTN,Bhutan,country,2001,5545.630551108397
BTN,Bhutan,country,2002,5991.254975717748
BTN,Bhutan,country,2003,6323.541195097297
BTN,Bhutan,country,2004,6517.996832902156
BTN,Bhutan,country,2005,6850.804416093337
BTN,Bhutan,country,2006,7140.856091483764
BTN,Bhutan,country,2007,8195.070744779117
BTN,Bhutan,country,2008,8470.034716228547
BTN,Bhutan,country,2009,9019.118612723974
BTN,Bhutan,country,2010,9985.284554836546
BTN,Bhutan,country,2011,10714.68656637095
BTN,Bhutan,country,2012,11143.94453545877
BTN,Bhutan,country,2013,11212.479426698
BTN,Bhutan,country,2014,11744.5189124825
BTN,Bhutan,country,2015,12400.29832373907
BTN,Bhutan,country,2016,13320.97590368825
BTN,Bhutan,country,2017,13482.34252803576
BTN,Bhutan,country,2018,13854.85439771577
BTN,Bhutan,country,2019,14555.18840458453
BTN,Bhutan,country,2020,12979.93694858239
BTN,Bhutan,country,2021,13458.81266674298
BTN,Bhutan,country,2022,14061.31202745876
BTN,Bhutan,country,2023,14610.29590978366
BTN,Bhutan,country,2024,15603.88712984691
BTN,Bhutan,country,2025,16743.87038545748
BWA,Botswana,country,1990,10520.91839784048
BWA,Botswana,country,1991,11001.80135881275
BWA,Botswana,country,1992,11008.68102141844
BWA,Botswana,country,1993,10902.95127749465
BWA,Botswana,country,1994,10989.67005510569
BWA,Botswana,country,1995,11457.6994362472
BWA,Botswana,country,1996,11832.93877823789
BWA,Botswana,country,1997,12526.352236393
BWA,Botswana,country,1998,12306.25047723296
BWA,Botswana,country,1999,13207.44734651202
BWA,Botswana,country,2000,13185.8171514278
BWA,Botswana,country,2001,12949.64031046555
BWA,Botswana,country,2002,13479.69607199231
BWA,Botswana,country,2003,13857.25882647372
BWA,Botswana,country,2004,13984.84151126411
BWA,Botswana,country,2005,14361.9576327759
BWA,Botswana,country,2006,15275.58288111166
BWA,Botswana,country,2007,15850.23434962309
BWA,Botswana,country,2008,16040.31532360978
BWA,Botswana,country,2009,13489.95091682964
BWA,Botswana,country,2010,14545.01980744265
BWA,Botswana,country,2011,15236.71888435222
BWA,Botswana,country,2012,14957.61891429318
BWA,Botswana,country,2013,16369.4252971454
BWA,Botswana,country,2014,17052.19241053606
BWA,Botswana,country,2015,15994.96430421008
BWA,Botswana,country,2016,16905.58874087305
BWA,Botswana,country,2017,17352.89584514535
BWA,Botswana,country,2018,17825.01856921301
BWA,Botswana,country,2019,18106.01054711243
BWA,Botswana,country,2020,16289.39135826454
BWA,Botswana,country,2021,17960.62544474373
BWA,Botswana,country,2022,18647.37345888319
BWA,Botswana,country,2023,18932.48027123341
BWA,Botswana,country,2024,18107.61445291302
BWA,Botswana,country,2025,17687.2042407934
CAF,Central African Republic,country,1990,1481.252550942584
CAF,Central African Republic,country,1991,1427.69018313539
CAF,Central African Republic,country,1992,1294.202547257675
CAF,Central African Republic,country,1993,1257.828403382401
CAF,Central African Republic,country,1994,1278.915091450628
CAF,Central African Republic,country,1995,1334.103229817836
CAF,Central African Republic,country,1996,1247.968752582802
CAF,Central African Republic,country,1997,1278.488260627812
CAF,Central African Republic,country,1998,1302.751428307817
CAF,Central African Republic,country,1999,1313.235709020881
CAF,Central African Republic,country,2000,1245.813995635986
CAF,Central African Republic,country,2001,1272.857107585051
CAF,Central African Republic,country,2002,1290.383149171263
CAF,Central African Republic,country,2003,1191.873152006197
CAF,Central African Republic,country,2004,1236.285347121657
CAF,Central African Republic,country,2005,1219.593944567398
CAF,Central African Republic,country,2006,1251.870821713353
CAF,Central African Republic,country,2007,1284.552835906657
CAF,Central African Republic,country,2008,1283.272826310596
CAF,Central African Republic,country,2009,1402.681647708011
CAF,Central African Republic,country,2010,1479.41367757692
CAF,Central African Republic,country,2011,1517.148390910111
CAF,Central African Republic,country,2012,1577.98053252253
CAF,Central African Republic,country,2013,996.8963559239124
CAF,Central African Republic,country,2014,1001.855980534957
CAF,Central African Republic,country,2015,1043.921716971573
CAF,Central African Republic,country,2016,1073.944777037391
CAF,Central African Republic,country,2017,1103.866093187238
CAF,Central African Republic,country,2018,1125.70091748228
CAF,Central African Republic,country,2019,1145.095636577519
CAF,Central African Republic,country,2020,1136.570529937575
CAF,Central African Republic,country,2021,1128.552379964586
CAF,Central African Republic,country,2022,1136.801711070446
CAF,Central African Republic,country,2023,1132.676433698038
CAF,Central African Republic,country,2024,1111.219416388828
CAF,Central African Republic,country,2025,1122.760833480966
CAN,Canada,country,1990,40475.09643663102
CAN,Canada,country,1991,39139.2968301857
CAN,Canada,country,1992,39023.16681320043
CAN,Canada,country,1993,39622.46341109226
CAN,Canada,country,1994,40952.11977370932
CAN,Canada,country,1995,41617.70691956896
CAN,Canada,country,1996,41880.53558957698
CAN,Canada,country,1997,43241.2236471729
CAN,Canada,country,1998,44553.26517156583
CAN,Canada,country,1999,46464.52744883743
CAN,Canada,country,2000,48399.28644455472
CAN,Canada,country,2001,48774.14832265156
CAN,Canada,country,2002,49694.98709143627
CAN,Canada,country,2003,50139.76645799939
CAN,Canada,country,2004,51210.65939661375
CAN,Canada,country,2005,52356.53714863538
CAN,Canada,country,2006,53195.76085738506
CAN,Canada,country,2007,53761.84079916845
CAN,Canada,country,2008,53711.65803296536
CAN,Canada,country,2009,51552.40203219755
CAN,Canada,country,2010,52558.42006178058
CAN,Canada,country,2011,53681.10848093447
CAN,Canada,country,2012,54034.78216803184
CAN,Canada,country,2013,54712.15685936768
CAN,Canada,country,2014,55723.46156525055
CAN,Canada,country,2015,55660.84558407595
CAN,Canada,country,2016,55606.13299481844
CAN,Canada,country,2017,56612.30621917766
CAN,Canada,country,2018,57337.46828700332
CAN,Canada,country,2019,57583.82307392043
CAN,Canada,country,2020,54092.8576890836
CAN,Canada,country,2021,56995.09520207115
CAN,Canada,country,2022,58583.1299860138
CAN,Canada,country,2023,58088.37780779945
CAN,Canada,country,2024,57534.09151853351
CAN,Canada,country,2025,57989.57846535583
CHE,Switzerland,country,1990,63921.42273342009
CHE,Switzerland,country,1991,62404.06277973629
CHE,Switzerland,country,1992,61004.74235396954
CHE,Switzerland,country,1993,59202.98501651616
CHE,Switzerland,country,1994,61091.49608523732
CHE,Switzerland,country,1995,63169.28272324116
CHE,Switzerland,country,1996,63243.21343102858
CHE,Switzerland,country,1997,64414.45789156817
CHE,Switzerland,country,1998,66006.25663695658
CHE,Switzerland,country,1999,66795.88796551555
CHE,Switzerland,country,2000,68834.81799065911
CHE,Switzerland,country,2001,69489.69950501029
CHE,Switzerland,country,2002,69228.36833207325
CHE,Switzerland,country,2003,68521.34202929426
CHE,Switzerland,country,2004,69812.37875803105
CHE,Switzerland,country,2005,71414.34955823681
CHE,Switzerland,country,2006,73901.61496285767
CHE,Switzerland,country,2007,76161.56002321161
CHE,Switzerland,country,2008,77103.71883206315
CHE,Switzerland,country,2009,74672.95127258066
CHE,Switzerland,country,2010,76308.80645208021
CHE,Switzerland,country,2011,76527.33615399452
CHE,Switzerland,country,2012,76570.23789871209
CHE,Switzerland,country,2013,77084.66564567387
CHE,Switzerland,country,2014,78086.68052498407
CHE,Switzerland,country,2015,78325.74874176952
CHE,Switzerland,country,2016,78956.06673150415
CHE,Switzerland,country,2017,79333.74378108812
CHE,Switzerland,country,2018,81371.8944120855
CHE,Switzerland,country,2019,81694.63065231395
CHE,Switzerland,country,2020,79270.8713687141
CHE,Switzerland,country,2021,83524.98328801953
CHE,Switzerland,country,2022,85762.28291743038
CHE,Switzerland,country,2023,85383.35645040081
CHE,Switzerland,country,2024,85448.05855770072
CHE,Switzerland,country,2025,85732.10975352318
CHI,Channel Islands,country,1990,
CHI,Channel Islands,country,1991,
CHI,Channel Islands,country,1992,
CHI,Channel Islands,country,1993,
CHI,Channel Islands,country,1994,
CHI,Channel Islands,country,1995,
CHI,Channel Islands,country,1996,
CHI,Channel Islands,country,1997,
CHI,Channel Islands,country,1998,
CHI,Channel Islands,country,1999,
CHI,Channel Islands,country,2000,
CHI,Channel Islands,country,2001,
CHI,Channel Islands,country,2002,
CHI,Channel Islands,country,2003,
CHI,Channel Islands,country,2004,
CHI,Channel Islands,country,2005,
CHI,Channel Islands,country,2006,
CHI,Channel Islands,country,2007,
CHI,Channel Islands,country,2008,
CHI,Channel Islands,country,2009,
CHI,Channel Islands,country,2010,
CHI,Channel Islands,country,2011,
CHI,Channel Islands,country,2012,
CHI,Channel Islands,country,2013,
CHI,Channel Islands,country,2014,
CHI,Channel Islands,country,2015,
CHI,Channel Islands,country,2016,
CHI,Channel Islands,country,2017,
CHI,Channel Islands,country,2018,
CHI,Channel Islands,country,2019,
CHI,Channel Islands,country,2020,
CHI,Channel Islands,country,2021,
CHI,Channel Islands,country,2022,
CHI,Channel Islands,country,2023,
CHI,Channel Islands,country,2024,
CHI,Channel Islands,country,2025,
CHL,Chile,country,1990,10955.24864814543
CHL,Chile,country,1991,11610.2783301649
CHL,Chile,country,1992,12738.61631570231
CHL,Chile,country,1993,13380.47221850574
CHL,Chile,country,1994,13849.62610080961
CHL,Chile,country,1995,14911.56407422676
CHL,Chile,country,1996,15748.46535555325
CHL,Chile,country,1997,16687.85559350605
CHL,Chile,country,1998,17161.03355644749
CHL,Chile,country,1999,16900.12440184718
CHL,Chile,country,2000,17529.42059976924
CHL,Chile,country,2001,17874.53138669378
CHL,Chile,country,2002,18244.51968273147
CHL,Chile,country,2003,18907.34587457551
CHL,Chile,country,2004,19966.70931060948
CHL,Chile,country,2005,20923.479756183
CHL,Chile,country,2006,21973.73829143887
CHL,Chile,country,2007,22884.29971088459
CHL,Chile,country,2008,23515.34731782689
CHL,Chile,country,2009,23019.02994540938
CHL,Chile,country,2010,24122.47879243864
CHL,Chile,country,2011,25372.27414807724
CHL,Chile,country,2012,26676.81101540189
CHL,Chile,country,2013,27297.81851453662
CHL,Chile,country,2014,27511.56100304042
CHL,Chile,country,2015,27817.95848480237
CHL,Chile,country,2016,27965.34735268309
CHL,Chile,country,2017,27899.59797770116
CHL,Chile,country,2018,28499.40640004063
CHL,Chile,country,2019,28227.97905075938
CHL,Chile,country,2020,26258.40385532415
CHL,Chile,country,2021,29106.63565220531
CHL,Chile,country,2022,29560.45138057852
CHL,Chile,country,2023,29600.41886131676
CHL,Chile,country,2024,30267.64409199075
CHL,Chile,country,2025,30863.42231551688
CHN,China,country,1990,1666.814122441904
CHN,China,country,1991,1798.382578876293
CHN,China,country,1992,2030.471265196744
CHN,China,country,1993,2286.795639487495
CHN,China,country,1994,2556.906883860127
CHN,China,country,1995,2807.886473017442
CHN,China,country,1996,3055.72827655781
CHN,China,country,1997,3305.830256659877
CHN,China,country,1998,3533.698397026383
CHN,China,country,1999,3774.427582744693
CHN,China,country,2000,4065.867078044285
CHN,China,country,2001,4372.435606083391
CHN,China,country,2002,4744.381824753065
CHN,China,country,2003,5191.781183081674
CHN,China,country,2004,5684.388171873298
CHN,China,country,2005,6298.299298085975
CHN,China,country,2006,7057.111315953044
CHN,China,country,2007,8013.783757391306
CHN,China,country,2008,8743.702003129902
CHN,China,country,2009,9518.681283519445
CHN,China,country,2010,10476.15256524075
CHN,China,country,2011,11404.91798355424
CHN,China,country,2012,12217.93438131015
CHN,China,country,2013,13080.87878647439
CHN,China,country,2014,13968.51877859216
CHN,China,country,2015,14857.10882344053
CHN,China,country,2016,15772.83726075017
CHN,China,country,2017,16758.04639768579
CHN,China,country,2018,17807.04905522442
CHN,China,country,2019,18820.58716456445
CHN,China,country,2020,19215.10124910116
CHN,China,country,2021,20843.29783473765
CHN,China,country,2022,21499.31255597571
CHN,China,country,2023,22687.25195343279
CHN,China,country,2024,23841.47691418167
CHN,China,country,2025,25066.5215296486
CIV,Côte d’Ivoire,country,1990,5255.548502664871
CIV,Côte d’Ivoire,country,1991,5052.88904768462
CIV,Côte d’Ivoire,country,1992,4843.329319581553
CIV,Côte d’Ivoire,country,1993,4645.50187236924
CIV,Côte d’Ivoire,country,1994,4502.492839830625
CIV,Côte d’Ivoire,country,1995,4638.791638839349
CIV,Côte d’Ivoire,country,1996,4807.459843465021
CIV,Côte d’Ivoire,country,1997,5072.634561258703
CIV,Côte d’Ivoire,country,1998,5093.169369517162
CIV,Côte d’Ivoire,country,1999,4987.393977994056
CIV,Côte d’Ivoire,country,2000,4838.376027676975
CIV,Côte d’Ivoire,country,2001,4609.178788915533
CIV,Côte d’Ivoire,country,2002,4368.960406394739
CIV,Côte d’Ivoire,country,2003,4060.030413192943
CIV,Côte d’Ivoire,country,2004,4088.975420205055
CIV,Côte d’Ivoire,country,2005,4032.275707800363
CIV,Côte d’Ivoire,country,2006,4049.290282986873
CIV,Côte d’Ivoire,country,2007,3999.720543507308
CIV,Côte d’Ivoire,country,2008,4096.753773647591
CIV,Côte d’Ivoire,country,2009,4151.084315101333
CIV,Côte d’Ivoire,country,2010,4338.684578007364
CIV,Côte d’Ivoire,country,2011,4017.437538143242
CIV,Côte d’Ivoire,country,2012,4234.211877194915
CIV,Côte d’Ivoire,country,2013,4597.220358902415
CIV,Côte d’Ivoire,country,2014,4907.610805465432
CIV,Côte d’Ivoire,country,2015,5110.900214389081
CIV,Côte d’Ivoire,country,2016,5320.885821991858
CIV,Côte d’Ivoire,country,2017,5556.154763150902
CIV,Côte d’Ivoire,country,2018,5670.241997413529
CIV,Côte d’Ivoire,country,2019,5894.922352591034
CIV,Côte d’Ivoire,country,2020,5787.858146965612
CIV,Côte d’Ivoire,country,2021,6045.204804908809
CIV,Côte d’Ivoire,country,2022,6272.263957600288
CIV,Côte d’Ivoire,country,2023,6520.898864597651
CIV,Côte d’Ivoire,country,2024,6747.037967770597
CIV,Côte d’Ivoire,country,2025,7014.845776930616
CMR,Cameroon,country,1990,4517.618877796182
CMR,Cameroon,country,1991,4220.652973870841
CMR,Cameroon,country,1992,3974.277595011964
CMR,Cameroon,country,1993,3556.318544245922
CMR,Cameroon,country,1994,3522.748852857493
CMR,Cameroon,country,1995,3526.543675103391
CMR,Cameroon,country,1996,3577.592041378707
CMR,Cameroon,country,1997,3641.707504632775
CMR,Cameroon,country,1998,3714.13212604236
CMR,Cameroon,country,1999,3780.062172821907
CMR,Cameroon,country,2000,3822.944253589258
CMR,Cameroon,country,2001,3884.873048127142
CMR,Cameroon,country,2002,3951.419362321322
CMR,Cameroon,country,2003,4054.781332465166
CMR,Cameroon,country,2004,4222.966386898855
CMR,Cameroon,country,2005,4199.722709693619
CMR,Cameroon,country,2006,4241.517447228207
CMR,Cameroon,country,2007,4302.619263084698
CMR,Cameroon,country,2008,4300.266403524642
CMR,Cameroon,country,2009,4286.57718166156
CMR,Cameroon,country,2010,4286.583029473781
CMR,Cameroon,country,2011,4307.851955585272
CMR,Cameroon,country,2012,4382.111207973549
CMR,Cameroon,country,2013,4473.57231896434
CMR,Cameroon,country,2014,4588.486494990299
CMR,Cameroon,country,2015,4698.666778435867
CMR,Cameroon,country,2016,4767.131861489534
CMR,Cameroon,country,2017,4797.975441855437
CMR,Cameroon,country,2018,4851.480039499606
CMR,Cameroon,country,2019,4882.355600288962
CMR,Cameroon,country,2020,4763.481943880655
CMR,Cameroon,country,2021,4793.556282001956
CMR,Cameroon,country,2022,4843.650382029165
CMR,Cameroon,country,2023,4875.251207680049
CMR,Cameroon,country,2024,4916.933540194937
CMR,Cameroon,country,2025,4945.956409653343
COD,Democratic Republic of the Congo,country,1990,2403.970250162401
COD,Democratic Republic of the Congo,country,1991,2129.448920372005
COD,Democratic Republic of the Congo,country,1992,1842.54848506846
COD,Democratic Republic of the Congo,country,1993,1538.396906972509
COD,Democratic Republic of the Congo,country,1994,1410.056553760533
COD,Democratic Republic of the Congo,country,1995,1362.187795729202
COD,Democratic Republic of the Congo,country,1996,1322.580119613958
COD,Democratic Republic of the Congo,country,1997,1228.390768463947
COD,Democratic Republic of the Congo,country,1998,1176.050497966387
COD,Democratic Republic of the Congo,country,1999,1088.650437261764
COD,Democratic Republic of the Congo,country,2000,981.4220800271891
COD,Democratic Republic of the Congo,country,2001,930.8578260808201
COD,Democratic Republic of the Congo,country,2002,929.4528070888836
COD,Democratic Republic of the Congo,country,2003,953.044643242042
COD,Democratic Republic of the Congo,country,2004,987.746920881562
COD,Democratic Republic of the Congo,country,2005,1016.633890766602
COD,Democratic Republic of the Congo,country,2006,1036.133296165627
COD,Democratic Republic of the Congo,country,2007,1091.540812332336
COD,Democratic Republic of the Congo,country,2008,1137.840873154877
COD,Democratic Republic of the Congo,country,2009,1109.183116744307
COD,Democratic Republic of the Congo,country,2010,1166.983065814417
COD,Democratic Republic of the Congo,country,2011,1124.772053576898
COD,Democratic Republic of the Congo,country,2012,1182.140745883271
COD,Democratic Republic of the Congo,country,2013,1342.741561120161
COD,Democratic Republic of the Congo,country,2014,1392.758413346732
COD,Democratic Republic of the Congo,country,2015,1433.21579814709
COD,Democratic Republic of the Congo,country,2016,1388.801632116331
COD,Democratic Republic of the Congo,country,2017,1395.719617617117
COD,Democratic Republic of the Congo,country,2018,1431.728526969297
COD,Democratic Republic of the Congo,country,2019,1394.764614728932
COD,Democratic Republic of the Congo,country,2020,1361.027910990083
COD,Democratic Republic of the Congo,country,2021,1402.38560295221
COD,Democratic Republic of the Congo,country,2022,1484.338418814492
COD,Democratic Republic of the Congo,country,2023,1559.338064758592
COD,Democratic Republic of the Congo,country,2024,1601.709266404224
COD,Democratic Republic of the Congo,country,2025,1640.566218242782
COG,Congo,country,1990,8699.526838706148
COG,Congo,country,1991,8658.161452860055
COG,Congo,country,1992,8636.637192099231
COG,Congo,country,1993,8302.697268349411
COG,Congo,country,1994,7617.607502748115
COG,Congo,country,1995,7701.324685333359
COG,Congo,country,1996,7812.047799716408
COG,Congo,country,1997,7599.048153885874
COG,Congo,country,1998,7711.632125760498
COG,Congo,country,1999,7312.326650716208
COG,Congo,country,2000,7570.582792973423
COG,Congo,country,2001,7567.439168171039
COG,Congo,country,2002,7729.388901418899
COG,Congo,country,2003,7577.456304563524
COG,Congo,country,2004,7577.445972741525
COG,Congo,country,2005,7876.11806658285
COG,Congo,country,2006,8192.57979719023
COG,Congo,country,2007,7375.824541001449
COG,Congo,country,2008,7587.28826163492
COG,Congo,country,2009,8138.450338188224
COG,Congo,country,2010,8583.661798342875
COG,Congo,country,2011,8492.420983921034
COG,Congo,country,2012,9079.686564008907
COG,Congo,country,2013,8798.493825063139
COG,Congo,country,2014,9159.256644140454
COG,Congo,country,2015,8977.706816414171
COG,Congo,country,2016,8001.825519450503
COG,Congo,country,2017,7372.770467375988
COG,Congo,country,2018,7029.33651566257
COG,Congo,country,2019,6939.369133974658
COG,Congo,country,2020,6350.509134097218
COG,Congo,country,2021,6263.211612926363
COG,Congo,country,2022,6205.105041403403
COG,Congo,country,2023,6172.287766506827
COG,Congo,country,2024,6152.565091184416
COG,Congo,country,2025,6194.089812877563
COL,Colombia,country,1990,9998.810696844628
COL,Colombia,country,1991,9996.097860432803
COL,Colombia,country,1992,10196.43297074683
COL,Colombia,country,1993,10533.11495617342
COL,Colombia,country,1994,10927.93894916071
COL,Colombia,country,1995,11279.00045793468
COL,Colombia,country,1996,11303.13088591861
COL,Colombia,country,1997,11483.50501259067
COL,Colombia,country,1998,11343.87991157328
COL,Colombia,country,1999,10679.7092686089
COL,Colombia,country,2000,10813.49422500105
COL,Colombia,country,2001,10823.45048788073
COL,Colombia,country,2002,10925.14856020823
COL,Colombia,country,2003,11183.29118197934
COL,Colombia,country,2004,11607.93849351049
COL,Colombia,country,2005,11999.25495913045
COL,Colombia,country,2006,12636.62465777241
COL,Colombia,country,2007,13318.30331381676
COL,Colombia,country,2008,13591.06090285667
COL,Colombia,country,2009,13586.75184309816
COL,Colombia,country,2010,14037.06426686389
COL,Colombia,country,2011,14852.36995130611
COL,Colombia,country,2012,15279.47900080579
COL,Colombia,country,2013,15912.24712932389
COL,Colombia,country,2014,16480.36314741611
COL,Colombia,country,2015,16821.38014006306
COL,Colombia,country,2016,17003.24436648501
COL,Colombia,country,2017,16986.03341828422
COL,Colombia,country,2018,17104.13135456782
COL,Colombia,country,2019,17336.77160305506
COL,Colombia,country,2020,15861.49992912953
COL,Colombia,country,2021,17383.09017282953
COL,Colombia,country,2022,18458.72094607036
COL,Colombia,country,2023,18406.62423384912
COL,Colombia,country,2024,18481.83749293675
COL,Colombia,country,2025,18778.64826319012
COM,Comoros,country,1990,3178.854768932741
COM,Comoros,country,1991,2911.0534990739
COM,Comoros,country,1992,3061.032592575146
COM,Comoros,country,1993,3082.222416128497
COM,Comoros,country,1994,2907.422275081745
COM,Comoros,country,1995,3018.457986738531
COM,Comoros,country,1996,2951.783126147471
COM,Comoros,country,1997,3029.34647330307
COM,Comoros,country,1998,2978.371244659777
COM,Comoros,country,1999,3004.690617267483
COM,Comoros,country,2000,2917.871541066341
COM,Comoros,country,2001,3013.388830963155
COM,Comoros,country,2002,3085.938149371419
COM,Comoros,country,2003,3085.59675447872
COM,Comoros,country,2004,3121.516775550239
COM,Comoros,country,2005,3231.725061543872
COM,Comoros,country,2006,3111.625708796919
COM,Comoros,country,2007,3074.734679605402
COM,Comoros,country,2008,3133.75034704474
COM,Comoros,country,2009,3171.6035546392
COM,Comoros,country,2010,3226.635020452668
COM,Comoros,country,2011,3293.83407668409
COM,Comoros,country,2012,3330.524460591874
COM,Comoros,country,2013,3406.499186493777
COM,Comoros,country,2014,3403.412914599851
COM,Comoros,country,2015,3370.555723203203
COM,Comoros,country,2016,3411.77123523582
COM,Comoros,country,2017,3472.078589423662
COM,Comoros,country,2018,3528.958681678771
COM,Comoros,country,2019,3522.668669526464
COM,Comoros,country,2020,3447.47274904772
COM,Comoros,country,2021,3449.043574531801
COM,Comoros,country,2022,3465.840227170499
COM,Comoros,country,2023,3508.158623315454
COM,Comoros,country,2024,3556.038426380102
COM,Comoros,country,2025,3621.766263043427
CPV,Cabo Verde,country,1990,1848.758652355745
CPV,Cabo Verde,country,1991,1830.075996562108
CPV,Cabo Verde,country,1992,1984.680629988347
CPV,Cabo Verde,country,1993,2111.621408147483
CPV,Cabo Verde,country,1994,2465.9939315017
CPV,Cabo Verde,country,1995,2763.397333718567
CPV,Cabo Verde,country,1996,3022.888252115846
CPV,Cabo Verde,country,1997,3302.974033753598
CPV,Cabo Verde,country,1998,3657.381189937758
CPV,Cabo Verde,country,1999,4006.47964718799
CPV,Cabo Verde,country,2000,4510.13573659758
CPV,Cabo Verde,country,2001,4540.907317805181
CPV,Cabo Verde,country,2002,4710.241049122802
CPV,Cabo Verde,country,2003,4841.265398714998
CPV,Cabo Verde,country,2004,5268.303124857083
CPV,Cabo Verde,country,2005,5565.76951208069
CPV,Cabo Verde,country,2006,5941.382180915113
CPV,Cabo Verde,country,2007,6767.406773803466
CPV,Cabo Verde,country,2008,7169.139441553671
CPV,Cabo Verde,country,2009,6994.5740991365
CPV,Cabo Verde,country,2010,7072.121502073416
CPV,Cabo Verde,country,2011,7325.784418346915
CPV,Cabo Verde,country,2012,7397.822207024744
CPV,Cabo Verde,country,2013,7440.662426501136
CPV,Cabo Verde,country,2014,7491.021982282428
CPV,Cabo Verde,country,2015,7560.136492024688
CPV,Cabo Verde,country,2016,7881.303362277843
CPV,Cabo Verde,country,2017,8234.560003124592
CPV,Cabo Verde,country,2018,8531.12961646549
CPV,Cabo Verde,country,2019,9111.629931732694
CPV,Cabo Verde,country,2020,7207.868539620482
CPV,Cabo Verde,country,2021,7685.419213936686
CPV,Cabo Verde,country,2022,8850.106691881196
CPV,Cabo Verde,country,2023,9228.460453311396
CPV,Cabo Verde,country,2024,9825.534100936193
CPV,Cabo Verde,country,2025,10395.74150440123
CRI,Costa Rica,country,1990,10979.78811332503
CRI,Costa Rica,country,1991,10946.38110470151
CRI,Costa Rica,country,1992,11654.81873408053
CRI,Costa Rica,country,1993,12173.67706727222
CRI,Costa Rica,country,1994,12415.26292466828
CRI,Costa Rica,country,1995,12623.5339424627
CRI,Costa Rica,country,1996,12497.62735991603
CRI,Costa Rica,country,1997,12887.52556562641
CRI,Costa Rica,country,1998,13505.08409751411
CRI,Costa Rica,country,1999,13776.58294164645
CRI,Costa Rica,country,2000,14025.68995374852
CRI,Costa Rica,country,2001,14257.52507171301
CRI,Costa Rica,country,2002,14503.17648160705
CRI,Costa Rica,country,2003,14898.71973947941
CRI,Costa Rica,country,2004,15330.88323329478
CRI,Costa Rica,country,2005,15711.74513353366
CRI,Costa Rica,country,2006,16628.37230140125
CRI,Costa Rica,country,2007,17752.41619545125
CRI,Costa Rica,country,2008,18343.09968548515
CRI,Costa Rica,country,2009,17941.50191294654
CRI,Costa Rica,country,2010,18670.16788273866
CRI,Costa Rica,country,2011,19264.45664617764
CRI,Costa Rica,country,2012,19970.68560136275
CRI,Costa Rica,country,2013,20242.29386483194
CRI,Costa Rica,country,2014,20735.19272584056
CRI,Costa Rica,country,2015,21265.31763363538
CRI,Costa Rica,country,2016,21936.46605753662
CRI,Costa Rica,country,2017,22633.76486633023
CRI,Costa Rica,country,2018,23069.86222412658
CRI,Costa Rica,country,2019,23496.82946229951
CRI,Costa Rica,country,2020,22368.13780726379
CRI,Costa Rica,country,2021,24083.59881824373
CRI,Costa Rica,country,2022,25290.00874669748
CRI,Costa Rica,country,2023,26378.54099419258
CRI,Costa Rica,country,2024,27325.04704765034
CRI,Costa Rica,country,2025,28443.41276763877
CUB,Cuba,country,1990,
CUB,Cuba,country,1991,
CUB,Cuba,country,1992,
CUB,Cuba,country,1993,
CUB,Cuba,country,1994,
CUB,Cuba,country,1995,
CUB,Cuba,country,1996,
CUB,Cuba,country,1997,
CUB,Cuba,country,1998,
CUB,Cuba,country,1999,
CUB,Cuba,country,2000,
CUB,Cuba,country,2001,
CUB,Cuba,country,2002,
CUB,Cuba,country,2003,
CUB,Cuba,country,2004,
CUB,Cuba,country,2005,
CUB,Cuba,country,2006,
CUB,Cuba,country,2007,
CUB,Cuba,country,2008,
CUB,Cuba,country,2009,
CUB,Cuba,country,2010,
CUB,Cuba,country,2011,
CUB,Cuba,country,2012,
CUB,Cuba,country,2013,
CUB,Cuba,country,2014,
CUB,Cuba,country,2015,
CUB,Cuba,country,2016,
CUB,Cuba,country,2017,
CUB,Cuba,country,2018,
CUB,Cuba,country,2019,
CUB,Cuba,country,2020,
CUB,Cuba,country,2021,
CUB,Cuba,country,2022,
CUB,Cuba,country,2023,
CUB,Cuba,country,2024,
CUB,Cuba,country,2025,
CUW,Curaçao,country,1990,
CUW,Curaçao,country,1991,
CUW,Curaçao,country,1992,
CUW,Curaçao,country,1993,
CUW,Curaçao,country,1994,
CUW,Curaçao,country,1995,
CUW,Curaçao,country,1996,
CUW,Curaçao,country,1997,
CUW,Curaçao,country,1998,
CUW,Curaçao,country,1999,
CUW,Curaçao,country,2000,34307.12506339626
CUW,Curaçao,country,2001,35339.06486399488
CUW,Curaçao,country,2002,35435.99757636582
CUW,Curaçao,country,2003,34812.79117281948
CUW,Curaçao,country,2004,34288.74023846348
CUW,Curaçao,country,2005,33651.50458295258
CUW,Curaçao,country,2006,33334.85678258081
CUW,Curaçao,country,2007,33490.25515921839
CUW,Curaçao,country,2008,33795.13111655696
CUW,Curaçao,country,2009,33397.39739527368
CUW,Curaçao,country,2010,33004.55428732728
CUW,Curaçao,country,2011,32704.35586928717
CUW,Curaçao,country,2012,32320.87703652452
CUW,Curaçao,country,2013,31753.38454835696
CUW,Curaçao,country,2014,31128.64733617461
CUW,Curaçao,country,2015,30861.32076517859
CUW,Curaçao,country,2016,30209.78825536089
CUW,Curaçao,country,2017,29729.10136394983
CUW,Curaçao,country,2018,29256.81578652859
CUW,Curaçao,country,2019,28659.65590140651
CUW,Curaçao,country,2020,23669.77115191282
CUW,Curaçao,country,2021,24905.76842669776
CUW,Curaçao,country,2022,26734.64589989214
CUW,Curaçao,country,2023,27617.92042836385
CUW,Curaçao,country,2024,28762.05815663891
CUW,Curaçao,country,2025,
CYM,Cayman Islands,country,1990,
CYM,Cayman Islands,country,1991,
CYM,Cayman Islands,country,1992,
CYM,Cayman Islands,country,1993,
CYM,Cayman Islands,country,1994,
CYM,Cayman Islands,country,1995,
CYM,Cayman Islands,country,1996,
CYM,Cayman Islands,country,1997,
CYM,Cayman Islands,country,1998,
CYM,Cayman Islands,country,1999,
CYM,Cayman Islands,country,2000,
CYM,Cayman Islands,country,2001,
CYM,Cayman Islands,country,2002,
CYM,Cayman Islands,country,2003,
CYM,Cayman Islands,country,2004,
CYM,Cayman Islands,country,2005,
CYM,Cayman Islands,country,2006,92213.07600372664
CYM,Cayman Islands,country,2007,92343.72508152032
CYM,Cayman Islands,country,2008,89380.1507450505
CYM,Cayman Islands,country,2009,80631.84422296265
CYM,Cayman Islands,country,2010,76294.76500385224
CYM,Cayman Islands,country,2011,75094.83129904073
CYM,Cayman Islands,country,2012,73982.67813358476
CYM,Cayman Islands,country,2013,72988.70634337747
CYM,Cayman Islands,country,2014,73051.81123032402
CYM,Cayman Islands,country,2015,73315.38452991618
CYM,Cayman Islands,country,2016,73941.85924131917
CYM,Cayman Islands,country,2017,74599.67995593572
CYM,Cayman Islands,country,2018,76124.5505976249
CYM,Cayman Islands,country,2019,77476.84099136094
CYM,Cayman Islands,country,2020,72183.13590458948
CYM,Cayman Islands,country,2021,74160.49140001911
CYM,Cayman Islands,country,2022,76735.3744333338
CYM,Cayman Islands,country,2023,79580.88728456527
CYM,Cayman Islands,country,2024,80996.65066416656
CYM,Cayman Islands,country,2025,
CYP,Cyprus,country,1990,27666.53515625
CYP,Cyprus,country,1991,27158.92578125
CYP,Cyprus,country,1992,28931.814453125
CYP,Cyprus,country,1993,28439.21484375
CYP,Cyprus,country,1994,29500.623046875
CYP,Cyprus,country,1995,31393.24609375
CYP,Cyprus,country,1996,31282.609375
CYP,Cyprus,country,1997,31656.830078125
CYP,Cyprus,country,1998,33181.98828125
CYP,Cyprus,country,1999,34452.72265625
CYP,Cyprus,country,2000,36121.6640625
CYP,Cyprus,country,2001,37146.84375
CYP,Cyprus,country,2002,38090.77734375
CYP,Cyprus,country,2003,38617.8125
CYP,Cyprus,country,2004,40019.92578125
CYP,Cyprus,country,2005,41362.09375
CYP,Cyprus,country,2006,42595.203125
CYP,Cyprus,country,2007,43823.76171875
CYP,Cyprus,country,2008,44295.62890625
CYP,Cyprus,country,2009,42253.38671875
CYP,Cyprus,country,2010,42102.28125
CYP,Cyprus,country,2011,41212.6875
CYP,Cyprus,country,2012,39190.22265625
CYP,Cyprus,country,2013,36650.5703125
CYP,Cyprus,country,2014,36104.90234375
CYP,Cyprus,country,2015,37258.5
CYP,Cyprus,country,2016,39500.8515625
CYP,Cyprus,country,2017,41417.98828125
CYP,Cyprus,country,2018,43510.03125
CYP,Cyprus,country,2019,45454.17578125
CYP,Cyprus,country,2020,43402.359375
CYP,Cyprus,country,2021,47632.5703125
CYP,Cyprus,country,2022,50840.9140625
CYP,Cyprus,country,2023,51674.90234375
CYP,Cyprus,country,2024,52861.8359375
CYP,Cyprus,country,2025,54103.26171875
CZE,Czechia,country,1990,27918.13751905664
CZE,Czechia,country,1991,24734.77020625463
CZE,Czechia,country,1992,24584.32996260506
CZE,Czechia,country,1993,24573.99148775295
CZE,Czechia,country,1994,25279.79179617286
CZE,Czechia,country,1995,26869.01971493981
CZE,Czechia,country,1996,28021.67045843359
CZE,Czechia,country,1997,27884.73975853432
CZE,Czechia,country,1998,27801.4387801408
CZE,Czechia,country,1999,28213.45550059971
CZE,Czechia,country,2000,29427.40700115136
CZE,Czechia,country,2001,30399.87307642828
CZE,Czechia,country,2002,30919.54966187016
CZE,Czechia,country,2003,31949.29631450342
CZE,Czechia,country,2004,33452.34080006141
CZE,Czechia,country,2005,35535.74799615105
CZE,Czechia,country,2006,37786.87817409053
CZE,Czechia,country,2007,39629.00613247275
CZE,Czechia,country,2008,40328.34266300954
CZE,Czechia,country,2009,38175.14227733338
CZE,Czechia,country,2010,39097.38862187557
CZE,Czechia,country,2011,39708.16262801955
CZE,Czechia,country,2012,39347.0492956846
CZE,Czechia,country,2013,39317.55356923765
CZE,Czechia,country,2014,40158.01642757353
CZE,Czechia,country,2015,42066.57598008014
CZE,Czechia,country,2016,43069.46597447271
CZE,Czechia,country,2017,45177.52260536337
CZE,Czechia,country,2018,46301.08203602899
CZE,Czechia,country,2019,47763.61655202543
CZE,Czechia,country,2020,45119.93873091392
CZE,Czechia,country,2021,47796.0337408466
CZE,Czechia,country,2022,48390.66167867495
CZE,Czechia,country,2023,47558.4106763314
CZE,Czechia,country,2024,47972.53171792004
CZE,Czechia,country,2025,49292.48787132084
DEU,Germany,country,1990,42355.28609561775
DEU,Germany,country,1991,44195.71647315437
DEU,Germany,country,1992,44744.13996911549
DEU,Germany,country,1993,44018.43809325423
DEU,Germany,country,1994,45005.1589836478
DEU,Germany,country,1995,45548.41811398015
DEU,Germany,country,1996,45888.12696048131
DEU,Germany,country,1997,46670.70535006722
DEU,Germany,country,1998,47641.52718450241
DEU,Germany,country,1999,48624.64843736019
DEU,Germany,country,2000,49955.64612864955
DEU,Germany,country,2001,50687.65004479243
DEU,Germany,country,2002,50486.998248551
DEU,Germany,country,2003,50191.7219389611
DEU,Germany,country,2004,50786.01764632749
DEU,Germany,country,2005,51264.81937489415
DEU,Germany,country,2006,53307.16237675165
DEU,Germany,country,2007,54920.65892997236
DEU,Germany,country,2008,55513.75588583147
DEU,Germany,country,2009,52568.79742499495
DEU,Germany,country,2010,54826.255453315
DEU,Germany,country,2011,57950.95897296767
DEU,Germany,country,2012,58110.37685122446
DEU,Germany,country,2013,58182.07661769533
DEU,Germany,country,2014,59203.23408799625
DEU,Germany,country,2015,59668.98903552816
DEU,Germany,country,2016,60504.5857417161
DEU,Germany,country,2017,61965.43429049647
DEU,Germany,country,2018,62481.11839710451
DEU,Germany,country,2019,62949.89325118552
DEU,Germany,country,2020,60299.57677108095
DEU,Germany,country,2021,62630.7748127737
DEU,Germany,country,2022,63777.92910292993
DEU,Germany,country,2023,63140.19490996694
DEU,Germany,country,2024,62654.60226402299
DEU,Germany,country,2025,62823.77366488221
DJI,Djibouti,country,1990,
DJI,Djibouti,country,1991,
DJI,Djibouti,country,1992,
DJI,Djibouti,country,1993,
DJI,Djibouti,country,1994,
DJI,Djibouti,country,1995,
DJI,Djibouti,country,1996,
DJI,Djibouti,country,1997,
DJI,Djibouti,country,1998,
DJI,Djibouti,country,1999,
DJI,Djibouti,country,2000,
DJI,Djibouti,country,2001,
DJI,Djibouti,country,2002,
DJI,Djibouti,country,2003,
DJI,Djibouti,country,2004,
DJI,Djibouti,country,2005,
DJI,Djibouti,country,2006,
DJI,Djibouti,country,2007,
DJI,Djibouti,country,2008,
DJI,Djibouti,country,2009,
DJI,Djibouti,country,2010,
DJI,Djibouti,country,2011,
DJI,Djibouti,country,2012,
DJI,Djibouti,country,2013,4469.074099331348
DJI,Djibouti,country,2014,4705.049267721836
DJI,Djibouti,country,2015,4961.868186059204
DJI,Djibouti,country,2016,5226.500261066066
DJI,Djibouti,country,2017,5421.956491496131
DJI,Djibouti,country,2018,5590.504266048528
DJI,Djibouti,country,2019,5809.304550413412
DJI,Djibouti,country,2020,5791.477676798773
DJI,Djibouti,country,2021,5960.108073968246
DJI,Djibouti,country,2022,6180.679985946064
DJI,Djibouti,country,2023,6510.67859061619
DJI,Djibouti,country,2024,6871.124404531289
DJI,Djibouti,country,2025,7222.549891875304
DMA,Dominica,country,1990,11311.55197620615
DMA,Dominica,country,1991,11518.76467449446
DMA,Dominica,country,1992,11747.61171445707
DMA,Dominica,country,1993,11982.85925535728
DMA,Dominica,country,1994,11979.39925044964
DMA,Dominica,country,1995,12343.90012385453
DMA,Dominica,country,1996,12737.89723590493
DMA,Dominica,country,1997,13037.14913137549
DMA,Dominica,country,1998,13563.45281994594
DMA,Dominica,country,1999,13661.67857741725
DMA,Dominica,country,2000,14054.65480160429
DMA,Dominica,country,2001,14091.54913875718
DMA,Dominica,country,2002,13640.70330574995
DMA,Dominica,country,2003,14398.00176368337
DMA,Dominica,country,2004,14962.24563260161
DMA,Dominica,country,2005,15080.52060409836
DMA,Dominica,country,2006,15727.70532323226
DMA,Dominica,country,2007,16560.51790099443
DMA,Dominica,country,2008,17738.04056850485
DMA,Dominica,country,2009,17534.03396169631
DMA,Dominica,country,2010,17516.78795731515
DMA,Dominica,country,2011,17475.04110616983
DMA,Dominica,country,2012,17431.12880030632
DMA,Dominica,country,2013,17282.63680403676
DMA,Dominica,country,2014,17520.85462656127
DMA,Dominica,country,2015,16920.91265556676
DMA,Dominica,country,2016,17364.07730467929
DMA,Dominica,country,2017,16314.22955588913
DMA,Dominica,country,2018,16877.12448806417
DMA,Dominica,country,2019,17619.43354167695
DMA,Dominica,country,2020,14919.53076867186
DMA,Dominica,country,2021,15808.9743503945
DMA,Dominica,country,2022,17550.80099464664
DMA,Dominica,country,2023,18278.22534019894
DMA,Dominica,country,2024,18739.3640404986
DMA,Dominica,country,2025,19409.29007001942
DNK,Denmark,country,1990,45943.8875401847
DNK,Denmark,country,1991,46493.01759580316
DNK,Denmark,country,1992,47276.89365896657
DNK,Denmark,country,1993,47082.46743718642
DNK,Denmark,country,1994,49408.20382137667
DNK,Denmark,country,1995,50644.70745822207
DNK,Denmark,country,1996,51817.17354169876
DNK,Denmark,country,1997,53237.29519139617
DNK,Denmark,country,1998,54278.27911908571
DNK,Denmark,country,1999,55704.25839889245
DNK,Denmark,country,2000,57585.89655535241
DNK,Denmark,country,2001,57925.05429541152
DNK,Denmark,country,2002,58003.88825726413
DNK,Denmark,country,2003,58101.4809549972
DNK,Denmark,country,2004,59560.45995039406
DNK,Denmark,country,2005,60798.1351548444
DNK,Denmark,country,2006,62911.39313829366
DNK,Denmark,country,2007,63251.31694167251
DNK,Denmark,country,2008,62618.44993824514
DNK,Denmark,country,2009,59185.96775055333
DNK,Denmark,country,2010,59856.34908600031
DNK,Denmark,country,2011,60391.77993322058
DNK,Denmark,country,2012,60161.70106602562
DNK,Denmark,country,2013,60745.77848002518
DNK,Denmark,country,2014,61210.94909229186
DNK,Denmark,country,2015,62059.12859917213
DNK,Denmark,country,2016,63468.98882468137
DNK,Denmark,country,2017,64989.44598723466
DNK,Denmark,country,2018,65870.83025543412
DNK,Denmark,country,2019,66758.63233461307
DNK,Denmark,country,2020,65379.30661209954
DNK,Denmark,country,2021,69327.99821652696
DNK,Denmark,country,2022,69089.46924922892
DNK,Denmark,country,2023,68993.90311003616
DNK,Denmark,country,2024,71034.57896671385
DNK,Denmark,country,2025,72723.27478679921
DOM,Dominican Republic,country,1990,7327.726701337506
DOM,Dominican Republic,country,1991,7246.246701442224
DOM,Dominican Republic,country,1992,7900.768092658645
DOM,Dominican Republic,country,1993,8318.491785761264
DOM,Dominican Republic,country,1994,8372.071697392792
DOM,Dominican Republic,country,1995,8685.016485570617
DOM,Dominican Republic,country,1996,9036.883521498963
DOM,Dominican Republic,country,1997,9671.148178817068
DOM,Dominican Republic,country,1998,10150.44601789925
DOM,Dominican Republic,country,1999,10582.07759393372
DOM,Dominican Republic,country,2000,10896.31841559638
DOM,Dominican Republic,country,2001,10991.13634204876
DOM,Dominican Republic,country,2002,11313.06902712729
DOM,Dominican Republic,country,2003,11000.86840593521
DOM,Dominican Republic,country,2004,11131.2709216332
DOM,Dominican Republic,country,2005,12022.50805440527
DOM,Dominican Republic,country,2006,12961.91836321332
DOM,Dominican Republic,country,2007,13754.92126740955
DOM,Dominican Republic,country,2008,14030.14110844645
DOM,Dominican Republic,country,2009,13992.41032701887
DOM,Dominican Republic,country,2010,14975.0010126958
DOM,Dominican Republic,country,2011,15258.08581485028
DOM,Dominican Republic,country,2012,15487.27763563205
DOM,Dominican Republic,country,2013,16054.76772976565
DOM,Dominican Republic,country,2014,16993.58744440305
DOM,Dominican Republic,country,2015,17973.18702568155
DOM,Dominican Republic,country,2016,18968.97523861793
DOM,Dominican Republic,country,2017,19501.87430540784
DOM,Dominican Republic,country,2018,20662.84858615297
DOM,Dominican Republic,country,2019,21451.28644199497
DOM,Dominican Republic,country,2020,19545.40995529432
DOM,Dominican Republic,country,2021,22053.45898699553
DOM,Dominican Republic,country,2022,22986.95808104995
DOM,Dominican Republic,country,2023,23282.48950710542
DOM,Dominican Republic,country,2024,24229.88948729152
DOM,Dominican Republic,country,2025,24543.34218434147
DZA,Algeria,country,1990,11728.5457286791
DZA,Algeria,country,1991,11314.86473512039
DZA,Algeria,country,1992,11241.41541737575
DZA,Algeria,country,1993,10743.70635341042
DZA,Algeria,country,1994,10414.03482414073
DZA,Algeria,country,1995,10588.44336957539
DZA,Algeria,country,1996,10808.87886669414
DZA,Algeria,country,1997,10725.96734933678
DZA,Algeria,country,1998,11094.88753685847
DZA,Algeria,country,1999,11292.03729971645
DZA,Algeria,country,2000,11558.22046938299
DZA,Algeria,country,2001,11742.59467612246
DZA,Algeria,country,2002,12213.12635312461
DZA,Algeria,country,2003,12835.18144133308
DZA,Algeria,country,2004,13226.76504811646
DZA,Algeria,country,2005,13738.49564443605
DZA,Algeria,country,2006,13920.69405537009
DZA,Algeria,country,2007,14114.67451926834
DZA,Algeria,country,2008,14206.77671470389
DZA,Algeria,country,2009,14104.42817213998
DZA,Algeria,country,2010,14496.42113129962
DZA,Algeria,country,2011,14641.96409356845
DZA,Algeria,country,2012,14697.53961338531
DZA,Algeria,country,2013,14778.19142572327
DZA,Algeria,country,2014,15073.76294035646
DZA,Algeria,country,2015,15239.51714564691
DZA,Algeria,country,2016,15511.68587680938
DZA,Algeria,country,2017,15427.66418947131
DZA,Algeria,country,2018,15343.42612224341
DZA,Algeria,country,2019,15199.19899656393
DZA,Algeria,country,2020,14194.1557479619
DZA,Algeria,country,2021,14496.86546972987
DZA,Algeria,country,2022,14782.20029702472
DZA,Algeria,country,2023,15159.32423734152
DZA,Algeria,country,2024,15501.91970039659
DZA,Algeria,country,2025,15882.71388363276
ECU,Ecuador,country,1990,9104.81599790272
ECU,Ecuador,country,1991,9292.617791737621
ECU,Ecuador,country,1992,9291.371048304198
ECU,Ecuador,country,1993,9284.315034312354
ECU,Ecuador,country,1994,9494.175061946964
ECU,Ecuador,country,1995,9525.177018324066
ECU,Ecuador,country,1996,9509.27540633173
ECU,Ecuador,country,1997,9739.266824280163
ECU,Ecuador,country,1998,9876.7507512592
ECU,Ecuador,country,1999,9242.966810195845
ECU,Ecuador,country,2000,9183.051552769188
ECU,Ecuador,country,2001,9405.11680690106
ECU,Ecuador,country,2002,9697.555176659778
ECU,Ecuador,country,2003,9802.81408202125
ECU,Ecuador,country,2004,10290.66342647664
ECU,Ecuador,country,2005,10660.2046228939
ECU,Ecuador,country,2006,10933.48974702828
ECU,Ecuador,country,2007,10952.82268539476
ECU,Ecuador,country,2008,11474.52570235412
ECU,Ecuador,country,2009,11403.52779788307
ECU,Ecuador,country,2010,11665.69785982038
ECU,Ecuador,country,2011,12449.07855492178
ECU,Ecuador,country,2012,12961.02674237651
ECU,Ecuador,country,2013,13689.15204601255
ECU,Ecuador,country,2014,14064.79922467266
ECU,Ecuador,country,2015,13881.57007381047
ECU,Ecuador,country,2016,13586.51607725682
ECU,Ecuador,country,2017,14179.15375033051
ECU,Ecuador,country,2018,14083.50699823042
ECU,Ecuador,country,2019,13870.48951180681
ECU,Ecuador,country,2020,12440.3263747814
ECU,Ecuador,country,2021,13507.44456383745
ECU,Ecuador,country,2022,14186.63885446246
ECU,Ecuador,country,2023,14321.16482956109
ECU,Ecuador,country,2024,13922.42227807439
ECU,Ecuador,country,2025,14319.24065582995
EGY,Egypt,country,1990,8006.621437401292
EGY,Egypt,country,1991,7876.552575528894
EGY,Egypt,country,1992,8034.562301245827
EGY,Egypt,country,1993,8079.054806792212
EGY,Egypt,country,1994,8221.046847743881
EGY,Egypt,country,1995,8423.578174982427
EGY,Egypt,country,1996,8662.331478682507
EGY,Egypt,country,1997,8950.654106931101
EGY,Egypt,country,1998,9245.478904683632
EGY,Egypt,country,1999,9588.859385137896
EGY,Egypt,country,2000,9981.627750815929
EGY,Egypt,country,2001,10117.33318215424
EGY,Egypt,country,2002,10143.50634565546
EGY,Egypt,country,2003,10250.37655014897
EGY,Egypt,country,2004,10451.82175115291
EGY,Egypt,country,2005,10700.60903725251
EGY,Egypt,country,2006,11211.8320228671
EGY,Egypt,country,2007,11782.00607170262
EGY,Egypt,country,2008,12391.58476249383
EGY,Egypt,country,2009,12728.08145875635
EGY,Egypt,country,2010,13128.98783348306
EGY,Egypt,country,2011,13082.42636802391
EGY,Egypt,country,2012,13076.80523948757
EGY,Egypt,country,2013,13058.07482382368
EGY,Egypt,country,2014,13136.36562980992
EGY,Egypt,country,2015,13425.91195994919
EGY,Egypt,country,2016,13727.32016008157
EGY,Egypt,country,2017,14018.36059344113
EGY,Egypt,country,2018,14488.20943402605
EGY,Egypt,country,2019,15026.56824368303
EGY,Egypt,country,2020,15309.23598818353
EGY,Egypt,country,2021,15579.01608615512
EGY,Egypt,country,2022,16360.39077501105
EGY,Egypt,country,2023,16691.38739919619
EGY,Egypt,country,2024,16798.15157783799
EGY,Egypt,country,2025,17265.14886046168
ERI,Eritrea,country,1990,
ERI,Eritrea,country,1991,
ERI,Eritrea,country,1992,
ERI,Eritrea,country,1993,
ERI,Eritrea,country,1994,
ERI,Eritrea,country,1995,
ERI,Eritrea,country,1996,
ERI,Eritrea,country,1997,
ERI,Eritrea,country,1998,
ERI,Eritrea,country,1999,
ERI,Eritrea,country,2000,
ERI,Eritrea,country,2001,
ERI,Eritrea,country,2002,
ERI,Eritrea,country,2003,
ERI,Eritrea,country,2004,
ERI,Eritrea,country,2005,
ERI,Eritrea,country,2006,
ERI,Eritrea,country,2007,
ERI,Eritrea,country,2008,
ERI,Eritrea,country,2009,
ERI,Eritrea,country,2010,
ERI,Eritrea,country,2011,
ERI,Eritrea,country,2012,
ERI,Eritrea,country,2013,
ERI,Eritrea,country,2014,
ERI,Eritrea,country,2015,
ERI,Eritrea,country,2016,
ERI,Eritrea,country,2017,
ERI,Eritrea,country,2018,
ERI,Eritrea,country,2019,
ERI,Eritrea,country,2020,
ERI,Eritrea,country,2021,
ERI,Eritrea,country,2022,
ERI,Eritrea,country,2023,
ERI,Eritrea,country,2024,
ERI,Eritrea,country,2025,
ESP,Spain,country,1990,31773.22674200416
ESP,Spain,country,1991,32499.34813719019
ESP,Spain,country,1992,32641.08271993596
ESP,Spain,country,1993,32137.31384377273
ESP,Spain,country,1994,32746.92878265982
ESP,Spain,country,1995,33501.73141829292
ESP,Spain,country,1996,34232.37868686025
ESP,Spain,country,1997,35312.08628543894
ESP,Spain,country,1998,36679.0942334698
ESP,Spain,country,1999,38141.31687868896
ESP,Spain,country,2000,39945.89712981783
ESP,Spain,country,2001,41224.29240573932
ESP,Spain,country,2002,41766.03781887906
ESP,Spain,country,2003,42223.13017452203
ESP,Spain,country,2004,42793.39023260056
ESP,Spain,country,2005,43570.76525740327
ESP,Spain,country,2006,44572.68154599307
ESP,Spain,country,2007,45301.28434163745
ESP,Spain,country,2008,44926.34895181203
ESP,Spain,country,2009,42852.22088845399
ESP,Spain,country,2010,42695.52741899325
ESP,Spain,country,2011,42271.83467882382
ESP,Spain,country,2012,41034.04815663563
ESP,Spain,country,2013,40594.91400876802
ESP,Spain,country,2014,41339.41111694166
ESP,Spain,country,2015,43053.76143031402
ESP,Spain,country,2016,44274.66761499219
ESP,Spain,country,2017,45446.25085756953
ESP,Spain,country,2018,46325.20994411408
ESP,Spain,country,2019,46896.41711414235
ESP,Spain,country,2020,41553.44779456746
ESP,Spain,country,2021,44251.66582226214
ESP,Spain,country,2022,46733.48097805359
ESP,Spain,country,2023,47322.59370045036
ESP,Spain,country,2024,48460.29140696611
ESP,Spain,country,2025,49318.10555903699
EST,Estonia,country,1990,19161.44515887822
EST,Estonia,country,1991,17717.30522838574
EST,Estonia,country,1992,14223.90756686932
EST,Estonia,country,1993,13757.01556256652
EST,Estonia,country,1994,13823.55660224292
EST,Estonia,country,1995,14709.59980608442
EST,Estonia,country,1996,15666.13304515019
EST,Estonia,country,1997,17913.7869992626
EST,Estonia,country,1998,18871.61967959569
EST,Estonia,country,1999,18736.15453394998
EST,Estonia,country,2000,20526.66063808647
EST,Estonia,country,2001,21872.65939531123
EST,Estonia,country,2002,23537.71568166011
EST,Estonia,country,2003,25485.16130289862
EST,Estonia,country,2004,27381.53506266937
EST,Estonia,country,2005,30161.19961339656
EST,Estonia,country,2006,33301.49454862064
EST,Estonia,country,2007,35986.51613326842
EST,Estonia,country,2008,34233.76438061671
EST,Estonia,country,2009,29281.67982846557
EST,Estonia,country,2010,30067.50104077499
EST,Estonia,country,2011,32453.1008476709
EST,Estonia,country,2012,33765.43020750718
EST,Estonia,country,2013,34481.01489215057
EST,Estonia,country,2014,35720.30253352335
EST,Estonia,country,2015,36353.05805204488
EST,Estonia,country,2016,37466.55618393177
EST,Estonia,country,2017,39529.78597327898
EST,Estonia,country,2018,40849.84734755637
EST,Estonia,country,2019,42215.03438358106
EST,Estonia,country,2020,40916.71941133273
EST,Estonia,country,2021,44247.41989718728
EST,Estonia,country,2022,43124.61965637754
EST,Estonia,country,2023,41284.77468755315
EST,Estonia,country,2024,41185.83483561088
EST,Estonia,country,2025,41604.32266128056
ETH,Ethiopia,country,1990,874.3469361774122
ETH,Ethiopia,country,1991,777.5235661113669
ETH,Ethiopia,country,1992,680.8347669684874
ETH,Ethiopia,country,1993,743.7084857847592
ETH,Ethiopia,country,1994,741.1766235901064
ETH,Ethiopia,country,1995,760.2643450104857
ETH,Ethiopia,country,1996,826.9916587689958
ETH,Ethiopia,country,1997,826.0052180272148
ETH,Ethiopia,country,1998,772.7866463862229
ETH,Ethiopia,country,1999,787.6795774759865
ETH,Ethiopia,country,2000,810.2707491155911
ETH,Ethiopia,country,2001,851.3134284112909
ETH,Ethiopia,country,2002,838.2980469521355
ETH,Ethiopia,country,2003,795.7721382989976
ETH,Ethiopia,country,2004,877.1144949583634
ETH,Ethiopia,country,2005,952.1156662824087
ETH,Ethiopia,country,2006,1024.729119375321
ETH,Ethiopia,country,2007,1109.14330259683
ETH,Ethiopia,country,2008,1193.747283312962
ETH,Ethiopia,country,2009,1262.463980009813
ETH,Ethiopia,country,2010,1381.190446507154
ETH,Ethiopia,country,2011,1492.533964699431
ETH,Ethiopia,country,2012,1576.768757339334
ETH,Ethiopia,country,2013,1696.865155886655
ETH,Ethiopia,country,2014,1821.391617724029
ETH,Ethiopia,country,2015,1957.414541845506
ETH,Ethiopia,country,2016,2084.840556164705
ETH,Ethiopia,country,2017,2222.828244782595
ETH,Ethiopia,country,2018,2311.165116563585
ETH,Ethiopia,country,2019,2437.970460479667
ETH,Ethiopia,country,2020,2516.549076388985
ETH,Ethiopia,country,2021,2588.413102137783
ETH,Ethiopia,country,2022,2655.592767436389
ETH,Ethiopia,country,2023,2757.959236260995
ETH,Ethiopia,country,2024,2892.222201627954
ETH,Ethiopia,country,2025,3094.868118683516
FIN,Finland,country,1990,38807.11852443474
FIN,Finland,country,1991,36326.0828945358
FIN,Finland,country,1992,34926.38335913414
FIN,Finland,country,1993,34486.75225553516
FIN,Finland,country,1994,35699.72030862248
FIN,Finland,country,1995,37069.62898135997
FIN,Finland,country,1996,38301.51261755818
FIN,Finland,country,1997,40630.92176731595
FIN,Finland,country,1998,42733.44557128972
FIN,Finland,country,1999,44505.71147702225
FIN,Finland,country,2000,46968.84171450701
FIN,Finland,country,2001,48099.30142827936
FIN,Finland,country,2002,48792.48647897748
FIN,Finland,country,2003,49655.54515640672
FIN,Finland,country,2004,51494.70586040098
FIN,Finland,country,2005,52744.04803413498
FIN,Finland,country,2006,54653.98120328102
FIN,Finland,country,2007,57313.29164744781
FIN,Finland,country,2008,57494.58535288597
FIN,Finland,country,2009,52599.14870669114
FIN,Finland,country,2010,54017.94586233392
FIN,Finland,country,2011,55053.39068503226
FIN,Finland,country,2012,53957.66809862787
FIN,Finland,country,2013,53183.42866851261
FIN,Finland,country,2014,52710.73348677775
FIN,Finland,country,2015,52782.48739262768
FIN,Finland,country,2016,53984.6316254715
FIN,Finland,country,2017,55637.2262781223
FIN,Finland,country,2018,56226.33724134295
FIN,Finland,country,2019,56922.48731631031
FIN,Finland,country,2020,55424.8574989208
FIN,Finland,country,2021,56790.37661776917
FIN,Finland,country,2022,57068.30564780736
FIN,Finland,country,2023,56051.77011295006
FIN,Finland,country,2024,55901.32022965883
FIN,Finland,country,2025,55735.21749213258
FJI,Fiji,country,1990,7820.717190149941
FJI,Fiji,country,1991,7547.678225172356
FJI,Fiji,country,1992,7950.066412509136
FJI,Fiji,country,1993,8067.804522516127
FJI,Fiji,country,1994,8432.298301479637
FJI,Fiji,country,1995,8600.092820443942
FJI,Fiji,country,1996,8956.350148368534
FJI,Fiji,country,1997,8669.251708841477
FJI,Fiji,country,1998,8673.878117764843
FJI,Fiji,country,1999,9328.606597790244
FJI,Fiji,country,2000,9070.993184568262
FJI,Fiji,country,2001,9157.808446236237
FJI,Fiji,country,2002,9357.753828386039
FJI,Fiji,country,2003,9361.4641667422
FJI,Fiji,country,2004,9766.527747865863
FJI,Fiji,country,2005,9745.581439084051
FJI,Fiji,country,2006,9837.085866889622
FJI,Fiji,country,2007,9672.29020465987
FJI,Fiji,country,2008,9711.966041057558
FJI,Fiji,country,2009,9536.817223523054
FJI,Fiji,country,2010,9784.303600305753
FJI,Fiji,country,2011,10020.69575480516
FJI,Fiji,country,2012,10140.69358553901
FJI,Fiji,country,2013,10604.15590553718
FJI,Fiji,country,2014,11183.31352508338
FJI,Fiji,country,2015,11674.06336762021
FJI,Fiji,country,2016,11951.91967383271
FJI,Fiji,country,2017,12597.32748548803
FJI,Fiji,country,2018,13100.09593944401
FJI,Fiji,country,2019,13056.33109370886
FJI,Fiji,country,2020,10812.03550141783
FJI,Fiji,country,2021,10322.42796388542
FJI,Fiji,country,2022,12118.31827100818
FJI,Fiji,country,2023,13194.80475704038
FJI,Fiji,country,2024,13592.46359374345
FJI,Fiji,country,2025,13961.1183693541
FRA,France,country,1990,38655.88568429137
FRA,France,country,1991,38937.95225137495
FRA,France,country,1992,39331.90419207176
FRA,France,country,1993,39020.61415842844
FRA,France,country,1994,39801.38889798174
FRA,France,country,1995,40570.71695605566
FRA,France,country,1996,40990.73951481246
FRA,France,country,1997,41876.93302651584
FRA,France,country,1998,43162.54238569384
FRA,France,country,1999,44400.13578891913
FRA,France,country,2000,45922.4789363701
FRA,France,country,2001,46454.87069273645
FRA,France,country,2002,46610.78207172138
FRA,France,country,2003,46730.97580637896
FRA,France,country,2004,47720.44133511029
FRA,France,country,2005,48257.46509379712
FRA,France,country,2006,49223.24719700797
FRA,France,country,2007,50157.78374776339
FRA,France,country,2008,50068.29691413794
FRA,France,country,2009,48404.96578263635
FRA,France,country,2010,49130.42294234402
FRA,France,country,2011,50085.68297791092
FRA,France,country,2012,49935.62690816174
FRA,France,country,2013,50066.53043247829
FRA,France,country,2014,50326.56786308905
FRA,France,country,2015,50682.8953586333
FRA,France,country,2016,50984.07529783197
FRA,France,country,2017,51895.56629858378
FRA,France,country,2018,52560.95362438406
FRA,France,country,2019,53448.55488499433
FRA,France,country,2020,49311.33340963903
FRA,France,country,2021,52517.33549058552
FRA,France,country,2022,53673.81374064215
FRA,France,country,2023,54296.72308977306
FRA,France,country,2024,54799.34826893885
FRA,France,country,2025,55124.53925643946
FRO,Faroe Islands,country,1990,
FRO,Faroe Islands,country,1991,
FRO,Faroe Islands,country,1992,
FRO,Faroe Islands,country,1993,
FRO,Faroe Islands,country,1994,
FRO,Faroe Islands,country,1995,
FRO,Faroe Islands,country,1996,
FRO,Faroe Islands,country,1997,
FRO,Faroe Islands,country,1998,
FRO,Faroe Islands,country,1999,
FRO,Faroe Islands,country,2000,
FRO,Faroe Islands,country,2001,
FRO,Faroe Islands,country,2002,
FRO,Faroe Islands,country,2003,
FRO,Faroe Islands,country,2004,
FRO,Faroe Islands,country,2005,
FRO,Faroe Islands,country,2006,
FRO,Faroe Islands,country,2007,
FRO,Faroe Islands,country,2008,54263.32640891695
FRO,Faroe Islands,country,2009,51534.60100876725
FRO,Faroe Islands,country,2010,51480.25200389503
FRO,Faroe Islands,country,2011,53441.43693533843
FRO,Faroe Islands,country,2012,57524.5150997874
FRO,Faroe Islands,country,2013,60950.03098275709
FRO,Faroe Islands,country,2014,64019.41566706375
FRO,Faroe Islands,country,2015,64010.16140223309
FRO,Faroe Islands,country,2016,64156.32415755161
FRO,Faroe Islands,country,2017,65461.91133010745
FRO,Faroe Islands,country,2018,66192.04943796714
FRO,Faroe Islands,country,2019,68136.66179571125
FRO,Faroe Islands,country,2020,66037.93615069446
FRO,Faroe Islands,country,2021,68433.21442981817
FRO,Faroe Islands,country,2022,70268.44971974916
FRO,Faroe Islands,country,2023,71828.43427818405
FRO,Faroe Islands,country,2024,72113.65138852685
FRO,Faroe Islands,country,2025,
FSM,Micronesia (Federated States of),country,1990,3119.81174628461
FSM,Micronesia (Federated States of),country,1991,3290.666740333919
FSM,Micronesia (Federated States of),country,1992,3355.548265538264
FSM,Micronesia (Federated States of),country,1993,3552.114995662084
FSM,Micronesia (Federated States of),country,1994,3468.053469414172
FSM,Micronesia (Federated States of),country,1995,3672.431261265258
FSM,Micronesia (Federated States of),country,1996,3534.416088564046
FSM,Micronesia (Federated States of),country,1997,3304.116094562791
FSM,Micronesia (Federated States of),country,1998,3388.51252228873
FSM,Micronesia (Federated States of),country,1999,3417.465400144152
FSM,Micronesia (Federated States of),country,2000,3563.891804844841
FSM,Micronesia (Federated States of),country,2001,3618.393960224105
FSM,Micronesia (Federated States of),country,2002,3631.748761533731
FSM,Micronesia (Federated States of),country,2003,3701.132651400567
FSM,Micronesia (Federated States of),country,2004,3594.577189992861
FSM,Micronesia (Federated States of),country,2005,3710.19849742597
FSM,Micronesia (Federated States of),country,2006,3717.657824036352
FSM,Micronesia (Federated States of),country,2007,3684.202093262811
FSM,Micronesia (Federated States of),country,2008,3622.048865597343
FSM,Micronesia (Federated States of),country,2009,3702.361316220485
FSM,Micronesia (Federated States of),country,2010,3780.251327926525
FSM,Micronesia (Federated States of),country,2011,3917.446414814823
FSM,Micronesia (Federated States of),country,2012,3847.147435283373
FSM,Micronesia (Federated States of),country,2013,3696.745503789411
FSM,Micronesia (Federated States of),country,2014,3592.819013895433
FSM,Micronesia (Federated States of),country,2015,3739.359687674478
FSM,Micronesia (Federated States of),country,2016,3774.031933969482
FSM,Micronesia (Federated States of),country,2017,3838.045342892611
FSM,Micronesia (Federated States of),country,2018,3838.640547932624
FSM,Micronesia (Federated States of),country,2019,3965.053772693958
FSM,Micronesia (Federated States of),country,2020,3861.293195703011
FSM,Micronesia (Federated States of),country,2021,3955.731413179713
FSM,Micronesia (Federated States of),country,2022,3815.794656996722
FSM,Micronesia (Federated States of),country,2023,3841.271165108155
FSM,Micronesia (Federated States of),country,2024,3911.266319404068
FSM,Micronesia (Federated States of),country,2025,3934.642683541105
GAB,Gabon,country,1990,23884.81069975102
GAB,Gabon,country,1991,24665.67922943332
GAB,Gabon,country,1992,23268.99747205757
GAB,Gabon,country,1993,23551.68125330102
GAB,Gabon,country,1994,23794.31492951661
GAB,Gabon,country,1995,24344.18574002852
GAB,Gabon,country,1996,24595.97196248689
GAB,Gabon,country,1997,25359.65965810655
GAB,Gabon,country,1998,25585.50779640375
GAB,Gabon,country,1999,22713.714440326
GAB,Gabon,country,2000,21717.2240796789
GAB,Gabon,country,2001,21604.78044417686
GAB,Gabon,country,2002,20981.47985844659
GAB,Gabon,country,2003,20875.45493258444
GAB,Gabon,country,2004,20438.93070665927
GAB,Gabon,country,2005,20385.28999091243
GAB,Gabon,country,2006,19224.12686583867
GAB,Gabon,country,2007,19751.87622158098
GAB,Gabon,country,2008,18493.09211027825
GAB,Gabon,country,2009,17911.14584911181
GAB,Gabon,country,2010,18530.57609354969
GAB,Gabon,country,2011,19153.08782009445
GAB,Gabon,country,2012,19450.40270667901
GAB,Gabon,country,2013,19836.45548514102
GAB,Gabon,country,2014,20008.98997787158
GAB,Gabon,country,2015,20147.71162017947
GAB,Gabon,country,2016,19988.17559631862
GAB,Gabon,country,2017,19555.707882916
GAB,Gabon,country,2018,19225.59825746784
GAB,Gabon,country,2019,19491.40676313957
GAB,Gabon,country,2020,18681.48407385464
GAB,Gabon,country,2021,18523.5798032135
GAB,Gabon,country,2022,18662.04979704721
GAB,Gabon,country,2023,18701.42277663227
GAB,Gabon,country,2024,18923.66166097781
GAB,Gabon,country,2025,18986.47387672934
GBR,United Kingdom of Great Britain and Northern Ireland,country,1990,33530.95781515456
GBR,United Kingdom of Great Britain and Northern Ireland,country,1991,32995.39487490545
GBR,United Kingdom of Great Britain and Northern Ireland,country,1992,33332.33263890227
GBR,United Kingdom of Great Britain and Northern Ireland,country,1993,34413.19049164617
GBR,United Kingdom of Great Britain and Northern Ireland,country,1994,36025.98309636769
GBR,United Kingdom of Great Britain and Northern Ireland,country,1995,37200.37899694838
GBR,United Kingdom of Great Britain and Northern Ireland,country,1996,38076.06244705625
GBR,United Kingdom of Great Britain and Northern Ireland,country,1997,39831.44925558234
GBR,United Kingdom of Great Britain and Northern Ireland,country,1998,41004.83863352873
GBR,United Kingdom of Great Britain and Northern Ireland,country,1999,42071.70553696513
GBR,United Kingdom of Great Britain and Northern Ireland,country,2000,43818.34630794435
GBR,United Kingdom of Great Britain and Northern Ireland,country,2001,44693.66126217552
GBR,United Kingdom of Great Britain and Northern Ireland,country,2002,45265.4565169944
GBR,United Kingdom of Great Britain and Northern Ireland,country,2003,46505.2798806788
GBR,United Kingdom of Great Britain and Northern Ireland,country,2004,47317.02707097901
GBR,United Kingdom of Great Britain and Northern Ireland,country,2005,48304.67532059319
GBR,United Kingdom of Great Britain and Northern Ireland,country,2006,49000.95353822407
GBR,United Kingdom of Great Britain and Northern Ireland,country,2007,50045.91630925193
GBR,United Kingdom of Great Britain and Northern Ireland,country,2008,49629.04986973492
GBR,United Kingdom of Great Britain and Northern Ireland,country,2009,46995.54499619451
GBR,United Kingdom of Great Britain and Northern Ireland,country,2010,47682.65251504426
GBR,United Kingdom of Great Britain and Northern Ireland,country,2011,47714.28942628269
GBR,United Kingdom of Great Britain and Northern Ireland,country,2012,48099.65944019423
GBR,United Kingdom of Great Britain and Northern Ireland,country,2013,48600.51008072658
GBR,United Kingdom of Great Britain and Northern Ireland,country,2014,49763.17387987999
GBR,United Kingdom of Great Britain and Northern Ireland,country,2015,50462.83299924769
GBR,United Kingdom of Great Britain and Northern Ireland,country,2016,51168.29257968135
GBR,United Kingdom of Great Britain and Northern Ireland,country,2017,52429.1275538988
GBR,United Kingdom of Great Britain and Northern Ireland,country,2018,52983.03954119698
GBR,United Kingdom of Great Britain and Northern Ireland,country,2019,53374.09276284817
GBR,United Kingdom of Great Britain and Northern Ireland,country,2020,47930.5490378931
GBR,United Kingdom of Great Britain and Northern Ireland,country,2021,51840.44242455153
GBR,United Kingdom of Great Britain and Northern Ireland,country,2022,53979.76791162336
GBR,United Kingdom of Great Britain and Northern Ireland,country,2023,53423.42263382916
GBR,United Kingdom of Great Britain and Northern Ireland,country,2024,53412.06471635891
GBR,United Kingdom of Great Britain and Northern Ireland,country,2025,53993.11726078849
GEO,Georgia,country,1990,12917.09442693614
GEO,Georgia,country,1991,10120.16288814348
GEO,Georgia,country,1992,5533.210823177277
GEO,Georgia,country,1993,3882.020297476482
GEO,Georgia,country,1994,3532.320081107201
GEO,Georgia,country,1995,3762.811537503087
GEO,Georgia,country,1996,4339.004668834698
GEO,Georgia,country,1997,4951.812917574723
GEO,Georgia,country,1998,5233.288376728161
GEO,Georgia,country,1999,5495.245050528662
GEO,Georgia,country,2000,5706.272365278365
GEO,Georgia,country,2001,6074.086430172819
GEO,Georgia,country,2002,6464.325396726477
GEO,Georgia,country,2003,7227.737059607012
GEO,Georgia,country,2004,7693.915253920673
GEO,Georgia,country,2005,8485.586705349529
GEO,Georgia,country,2006,9337.989064201014
GEO,Georgia,country,2007,10567.27471647578
GEO,Georgia,country,2008,10856.10313280033
GEO,Georgia,country,2009,10553.08963958534
GEO,Georgia,country,2010,11294.36859171121
GEO,Georgia,country,2011,12288.68288611561
GEO,Georgia,country,2012,13193.95969740535
GEO,Georgia,country,2013,13913.00182456612
GEO,Georgia,country,2014,14475.31353560347
GEO,Georgia,country,2015,14936.84341166466
GEO,Georgia,country,2016,15442.95643580538
GEO,Georgia,country,2017,16237.62422302752
GEO,Georgia,country,2018,17228.67908475033
GEO,Georgia,country,2019,18186.8816465807
GEO,Georgia,country,2020,17031.14402834258
GEO,Georgia,country,2021,18915.65340052627
GEO,Georgia,country,2022,20966.52803911345
GEO,Georgia,country,2023,22590.52936491459
GEO,Georgia,country,2024,24146.62341086449
GEO,Georgia,country,2025,25135.7822457412
GHA,Ghana,country,1990,2785.671143325006
GHA,Ghana,country,1991,2859.827021664115
GHA,Ghana,country,1992,2897.835431968584
GHA,Ghana,country,1993,2964.266009436585
GHA,Ghana,country,1994,2989.347310121313
GHA,Ghana,country,1995,3039.688730316742
GHA,Ghana,country,1996,3106.185554803875
GHA,Ghana,country,1997,3160.445040532495
GHA,Ghana,country,1998,3229.482282726312
GHA,Ghana,country,1999,3290.268652357485
GHA,Ghana,country,2000,3327.351992917668
GHA,Ghana,country,2001,3369.50702508212
GHA,Ghana,country,2002,3425.618209342781
GHA,Ghana,country,2003,3507.75105744843
GHA,Ghana,country,2004,3607.365222850211
GHA,Ghana,country,2005,3721.307857419958
GHA,Ghana,country,2006,3857.861548476053
GHA,Ghana,country,2007,3923.125678037277
GHA,Ghana,country,2008,4174.781241033644
GHA,Ghana,country,2009,4269.160058615575
GHA,Ghana,country,2010,4495.68916584106
GHA,Ghana,country,2011,5005.367324981874
GHA,Ghana,country,2012,5339.713219030446
GHA,Ghana,country,2013,5593.774818869173
GHA,Ghana,country,2014,5619.072335115914
GHA,Ghana,country,2015,5607.366356574134
GHA,Ghana,country,2016,5666.077953345908
GHA,Ghana,country,2017,5993.630852110768
GHA,Ghana,country,2018,6234.51208201488
GHA,Ghana,country,2019,6508.246523059009
GHA,Ghana,country,2020,6412.685417624688
GHA,Ghana,country,2021,6607.502973783208
GHA,Ghana,country,2022,6728.45413832472
GHA,Ghana,country,2023,6808.537750039638
GHA,Ghana,country,2024,7072.798795944447
GHA,Ghana,country,2025,7357.833329930141
GIB,Gibraltar,country,1990,
GIB,Gibraltar,country,1991,
GIB,Gibraltar,country,1992,
GIB,Gibraltar,country,1993,
GIB,Gibraltar,country,1994,
GIB,Gibraltar,country,1995,
GIB,Gibraltar,country,1996,
GIB,Gibraltar,country,1997,
GIB,Gibraltar,country,1998,
GIB,Gibraltar,country,1999,
GIB,Gibraltar,country,2000,
GIB,Gibraltar,country,2001,
GIB,Gibraltar,country,2002,
GIB,Gibraltar,country,2003,
GIB,Gibraltar,country,2004,
GIB,Gibraltar,country,2005,
GIB,Gibraltar,country,2006,
GIB,Gibraltar,country,2007,
GIB,Gibraltar,country,2008,
GIB,Gibraltar,country,2009,
GIB,Gibraltar,country,2010,
GIB,Gibraltar,country,2011,
GIB,Gibraltar,country,2012,
GIB,Gibraltar,country,2013,
GIB,Gibraltar,country,2014,
GIB,Gibraltar,country,2015,
GIB,Gibraltar,country,2016,
GIB,Gibraltar,country,2017,
GIB,Gibraltar,country,2018,
GIB,Gibraltar,country,2019,
GIB,Gibraltar,country,2020,
GIB,Gibraltar,country,2021,
GIB,Gibraltar,country,2022,
GIB,Gibraltar,country,2023,
GIB,Gibraltar,country,2024,
GIB,Gibraltar,country,2025,
GIN,Guinea,country,1990,2105.747294962324
GIN,Guinea,country,1991,2075.991943026749
GIN,Guinea,country,1992,2076.550626906952
GIN,Guinea,country,1993,2115.866495939395
GIN,Guinea,country,1994,2134.897693557875
GIN,Guinea,country,1995,2171.725521532645
GIN,Guinea,country,1996,2205.32363416973
GIN,Guinea,country,1997,2272.411004639549
GIN,Guinea,country,1998,2311.327353403001
GIN,Guinea,country,1999,2346.270183577095
GIN,Guinea,country,2000,2358.287656084953
GIN,Guinea,country,2001,2412.751619596276
GIN,Guinea,country,2002,2498.131774951023
GIN,Guinea,country,2003,2473.234182954709
GIN,Guinea,country,2004,2477.502826023631
GIN,Guinea,country,2005,2501.221604562786
GIN,Guinea,country,2006,2478.61319510726
GIN,Guinea,country,2007,2587.004888764803
GIN,Guinea,country,2008,2629.539747463695
GIN,Guinea,country,2009,2537.306457587457
GIN,Guinea,country,2010,2594.830503442451
GIN,Guinea,country,2011,2673.40873029955
GIN,Guinea,country,2012,2762.903509385131
GIN,Guinea,country,2013,2802.560070244735
GIN,Guinea,country,2014,2834.966343478455
GIN,Guinea,country,2015,2869.851571787319
GIN,Guinea,country,2016,3099.788741893716
GIN,Guinea,country,2017,3332.765761505315
GIN,Guinea,country,2018,3455.645126386619
GIN,Guinea,country,2019,3557.462338831454
GIN,Guinea,country,2020,3630.993305776769
GIN,Guinea,country,2021,3738.805125513302
GIN,Guinea,country,2022,3792.010688362773
GIN,Guinea,country,2023,3904.82395527998
GIN,Guinea,country,2024,4016.341913859785
GIN,Guinea,country,2025,4216.859708045437
GMB,Gambia,country,1990,2653.782913921254
GMB,Gambia,country,1991,2623.641616075073
GMB,Gambia,country,1992,2604.269033267541
GMB,Gambia,country,1993,2586.130416457032
GMB,Gambia,country,1994,2508.103915338899
GMB,Gambia,country,1995,2456.000781136065
GMB,Gambia,country,1996,2439.045516485124
GMB,Gambia,country,1997,2486.93798396527
GMB,Gambia,country,1998,2502.764771242983
GMB,Gambia,country,1999,2589.977738603956
GMB,Gambia,country,2000,2658.617705794637
GMB,Gambia,country,2001,2737.69610805906
GMB,Gambia,country,2002,2578.557145741996
GMB,Gambia,country,2003,2682.479933101329
GMB,Gambia,country,2004,2794.193526091177
GMB,Gambia,country,2005,2653.64239155191
GMB,Gambia,country,2006,2564.686539705195
GMB,Gambia,country,2007,2567.157288029818
GMB,Gambia,country,2008,2649.611198653064
GMB,Gambia,country,2009,2745.325405747684
GMB,Gambia,country,2010,2824.212592225169
GMB,Gambia,country,2011,2519.839832556724
GMB,Gambia,country,2012,2574.93509664061
GMB,Gambia,country,2013,2572.447289416851
GMB,Gambia,country,2014,2465.109711448233
GMB,Gambia,country,2015,2495.957416015248
GMB,Gambia,country,2016,2478.460557569992
GMB,Gambia,country,2017,2533.186837102765
GMB,Gambia,country,2018,2651.432814558264
GMB,Gambia,country,2019,2750.82132179634
GMB,Gambia,country,2020,2702.319194744816
GMB,Gambia,country,2021,2777.79620978324
GMB,Gambia,country,2022,2863.180498298595
GMB,Gambia,country,2023,2963.598734674361
GMB,Gambia,country,2024,3057.684177863302
GMB,Gambia,country,2025,3166.621296444424
GNB,Guinea-Bissau,country,1990,1968.090610795546
GNB,Guinea-Bissau,country,1991,2024.853768299087
GNB,Guinea-Bissau,country,1992,1987.7391360013
GNB,Guinea-Bissau,country,1993,1963.562248600404
GNB,Guinea-Bissau,country,1994,1964.630022503728
GNB,Guinea-Bissau,country,1995,1999.944739726889
GNB,Guinea-Bissau,country,1996,2185.903448799455
GNB,Guinea-Bissau,country,1997,2284.025766207448
GNB,Guinea-Bissau,country,1998,1738.649466323418
GNB,Guinea-Bissau,country,1999,1992.852546393996
GNB,Guinea-Bissau,country,2000,1974.74466342453
GNB,Guinea-Bissau,country,2001,2025.726754698776
GNB,Guinea-Bissau,country,2002,2054.089774135468
GNB,Guinea-Bissau,country,2003,2002.402068804515
GNB,Guinea-Bissau,country,2004,1979.697826702734
GNB,Guinea-Bissau,country,2005,2060.666632996116
GNB,Guinea-Bissau,country,2006,2065.212279779097
GNB,Guinea-Bissau,country,2007,2065.989838759439
GNB,Guinea-Bissau,country,2008,2105.673941787922
GNB,Guinea-Bissau,country,2009,2103.058134548233
GNB,Guinea-Bissau,country,2010,2164.268237553509
GNB,Guinea-Bissau,country,2011,2278.547515444484
GNB,Guinea-Bissau,country,2012,2180.74338832775
GNB,Guinea-Bissau,country,2013,2192.592786360299
GNB,Guinea-Bissau,country,2014,2156.336436762548
GNB,Guinea-Bissau,country,2015,2230.529931097793
GNB,Guinea-Bissau,country,2016,2293.378613602376
GNB,Guinea-Bissau,country,2017,2342.561105354159
GNB,Guinea-Bissau,country,2018,2373.649356534554
GNB,Guinea-Bissau,country,2019,2442.258683774761
GNB,Guinea-Bissau,country,2020,2456.011390533245
GNB,Guinea-Bissau,country,2021,2522.12869240841
GNB,Guinea-Bissau,country,2022,2600.802474482998
GNB,Guinea-Bissau,country,2023,2660.814446556563
GNB,Guinea-Bissau,country,2024,2717.542069724989
GNB,Guinea-Bissau,country,2025,2814.083559403275
GNQ,Equatorial Guinea,country,1990,1122.817673646643
GNQ,Equatorial Guinea,country,1991,1070.827642830413
GNQ,Equatorial Guinea,country,1992,1390.479184820128
GNQ,Equatorial Guinea,country,1993,1487.812025285878
GNQ,Equatorial Guinea,country,1994,1672.345475358967
GNQ,Equatorial Guinea,country,1995,1892.116530625265
GNQ,Equatorial Guinea,country,1996,3033.840312203059
GNQ,Equatorial Guinea,country,1997,7296.100098098426
GNQ,Equatorial Guinea,country,1998,8684.657308306403
GNQ,Equatorial Guinea,country,1999,10492.46494755543
GNQ,Equatorial Guinea,country,2000,11767.47088143129
GNQ,Equatorial Guinea,country,2001,18031.964975074
GNQ,Equatorial Guinea,country,2002,20242.43096843987
GNQ,Equatorial Guinea,country,2003,21709.57512419592
GNQ,Equatorial Guinea,country,2004,28225.98581612203
GNQ,Equatorial Guinea,country,2005,31302.95795387398
GNQ,Equatorial Guinea,country,2006,32251.76800825193
GNQ,Equatorial Guinea,country,2007,35540.44775636574
GNQ,Equatorial Guinea,country,2008,39994.61597906466
GNQ,Equatorial Guinea,country,2009,38706.6052512135
GNQ,Equatorial Guinea,country,2010,33668.87406548518
GNQ,Equatorial Guinea,country,2011,34341.93426075047
GNQ,Equatorial Guinea,country,2012,35711.49192735369
GNQ,Equatorial Guinea,country,2013,32894.36931891009
GNQ,Equatorial Guinea,country,2014,31765.89970568514
GNQ,Equatorial Guinea,country,2015,27797.79428031792
GNQ,Equatorial Guinea,country,2016,24435.06455648015
GNQ,Equatorial Guinea,country,2017,22250.43892302634
GNQ,Equatorial Guinea,country,2018,20165.47955506073
GNQ,Equatorial Guinea,country,2019,18446.59165796805
GNQ,Equatorial Guinea,country,2020,17089.15372637904
GNQ,Equatorial Guinea,country,2021,16821.44864704129
GNQ,Equatorial Guinea,country,2022,16932.77068271548
GNQ,Equatorial Guinea,country,2023,15302.15178351468
GNQ,Equatorial Guinea,country,2024,14997.75643929759
GNQ,Equatorial Guinea,country,2025,13786.39329340888
GRC,Greece,country,1990,26916.31252257045
GRC,Greece,country,1991,27419.60293322341
GRC,Greece,country,1992,27401.42400340498
GRC,Greece,country,1993,26804.85376161481
GRC,Greece,country,1994,27204.39586821984
GRC,Greece,country,1995,27646.14763835877
GRC,Greece,country,1996,27905.10656905938
GRC,Greece,country,1997,28768.24014722165
GRC,Greece,country,1998,29592.52548311397
GRC,Greece,country,1999,30263.05437050026
GRC,Greece,country,2000,31386.639783624
GRC,Greece,country,2001,32675.92923277678
GRC,Greece,country,2002,34081.02897593431
GRC,Greece,country,2003,35970.70168084745
GRC,Greece,country,2004,37811.49136644826
GRC,Greece,country,2005,38146.96297108296
GRC,Greece,country,2006,40483.15692253366
GRC,Greece,country,2007,41796.23369183028
GRC,Greece,country,2008,41709.38774203118
GRC,Greece,country,2009,39886.21354966643
GRC,Greece,country,2010,37566.7483686263
GRC,Greece,country,2011,33906.49174356758
GRC,Greece,country,2012,31250.22685659556
GRC,Greece,country,2013,30762.44322278129
GRC,Greece,country,2014,31213.37651202979
GRC,Greece,country,2015,31347.97657460404
GRC,Greece,country,2016,31468.61984710985
GRC,Greece,country,2017,31995.41088383864
GRC,Greece,country,2018,32722.33104440293
GRC,Greece,country,2019,33502.75064889967
GRC,Greece,country,2020,30487.11293310449
GRC,Greece,country,2021,33528.22712025147
GRC,Greece,country,2022,35828.17566417756
GRC,Greece,country,2023,36700.51346310555
GRC,Greece,country,2024,37474.2798239947
GRC,Greece,country,2025,38218.721628616
GRD,Grenada,country,1990,8883.91901529785
GRD,Grenada,country,1991,8932.303599190082
GRD,Grenada,country,1992,8785.758823748945
GRD,Grenada,country,1993,8548.038596996976
GRD,Grenada,country,1994,8629.086294704084
GRD,Grenada,country,1995,8750.81831848402
GRD,Grenada,country,1996,9076.719029492073
GRD,Grenada,country,1997,9467.777053485102
GRD,Grenada,country,1998,10509.10980750102
GRD,Grenada,country,1999,11158.48972985028
GRD,Grenada,country,2000,11625.05093918205
GRD,Grenada,country,2001,11333.23770924088
GRD,Grenada,country,2002,11677.7034172407
GRD,Grenada,country,2003,12726.52662194644
GRD,Grenada,country,2004,12593.35462573369
GRD,Grenada,country,2005,14211.84265692638
GRD,Grenada,country,2006,13594.35515962097
GRD,Grenada,country,2007,14376.28245127776
GRD,Grenada,country,2008,14463.56001212299
GRD,Grenada,country,2009,13463.58029395805
GRD,Grenada,country,2010,13354.9085012616
GRD,Grenada,country,2011,13397.85004055126
GRD,Grenada,country,2012,13161.3955324377
GRD,Grenada,country,2013,13386.31890641117
GRD,Grenada,country,2014,14287.95387200882
GRD,Grenada,country,2015,15136.69666737728
GRD,Grenada,country,2016,15640.82745038047
GRD,Grenada,country,2017,16291.48946259794
GRD,Grenada,country,2018,16964.85200169605
GRD,Grenada,country,2019,17036.91516897151
GRD,Grenada,country,2020,14647.74513848763
GRD,Grenada,country,2021,15290.250903138
GRD,Grenada,country,2022,16376.42730995945
GRD,Grenada,country,2023,17093.15628674474
GRD,Grenada,country,2024,17484.51539195564
GRD,Grenada,country,2025,18240.99342379263
GRL,Greenland,country,1990,38137.56848969554
GRL,Greenland,country,1991,38162.93422326208
GRL,Greenland,country,1992,36343.12572105204
GRL,Greenland,country,1993,34578.34649988543
GRL,Greenland,country,1994,36428.91239822437
GRL,Greenland,country,1995,37584.07190889153
GRL,Greenland,country,1996,38090.70899537132
GRL,Greenland,country,1997,38581.21519445183
GRL,Greenland,country,1998,41500.23127032939
GRL,Greenland,country,1999,42072.05650174189
GRL,Greenland,country,2000,44991.67514961341
GRL,Greenland,country,2001,45405.85437420442
GRL,Greenland,country,2002,44793.27042525653
GRL,Greenland,country,2003,46649.04807797563
GRL,Greenland,country,2004,49742.05822667265
GRL,Greenland,country,2005,52189.00148546202
GRL,Greenland,country,2006,55243.71027987864
GRL,Greenland,country,2007,56763.23872843588
GRL,Greenland,country,2008,60506.19462723282
GRL,Greenland,country,2009,61035.56729970709
GRL,Greenland,country,2010,61863.28269151375
GRL,Greenland,country,2011,61170.92036583207
GRL,Greenland,country,2012,62111.10330868069
GRL,Greenland,country,2013,61659.64152259853
GRL,Greenland,country,2014,64799.30566280169
GRL,Greenland,country,2015,63364.05360611641
GRL,Greenland,country,2016,66245.72947306976
GRL,Greenland,country,2017,66297.17906912809
GRL,Greenland,country,2018,66887.6779268926
GRL,Greenland,country,2019,68534.94190391335
GRL,Greenland,country,2020,68533.73399029639
GRL,Greenland,country,2021,69302.0088788237
GRL,Greenland,country,2022,70681.22539021583
GRL,Greenland,country,2023,71037.53722396232
GRL,Greenland,country,2024,
GRL,Greenland,country,2025,
GTM,Guatemala,country,1990,7594.732152675289
GTM,Guatemala,country,1991,7662.170998569689
GTM,Guatemala,country,1992,7822.263440243501
GTM,Guatemala,country,1993,7915.410598151845
GTM,Guatemala,country,1994,8018.283308215471
GTM,Guatemala,country,1995,8195.349709979593
GTM,Guatemala,country,1996,8222.069203511337
GTM,Guatemala,country,1997,8364.165191609898
GTM,Guatemala,country,1998,8559.990257391477
GTM,Guatemala,country,1999,8668.430997751453
GTM,Guatemala,country,2000,8770.40815272307
GTM,Guatemala,country,2001,8771.159272187826
GTM,Guatemala,country,2002,8901.540464621676
GTM,Guatemala,country,2003,8926.157717863727
GTM,Guatemala,country,2004,9003.861363887972
GTM,Guatemala,country,2005,9099.727506752801
GTM,Guatemala,country,2006,9386.005498141376
GTM,Guatemala,country,2007,9772.809920485008
GTM,Guatemala,country,2008,9889.576684189089
GTM,Guatemala,country,2009,9740.713876741593
GTM,Guatemala,country,2010,9825.022234197999
GTM,Guatemala,country,2011,10032.0932829709
GTM,Guatemala,country,2012,10126.83305662243
GTM,Guatemala,country,2013,10297.83929948268
GTM,Guatemala,country,2014,10553.56398897696
GTM,Guatemala,country,2015,10785.95831259572
GTM,Guatemala,country,2016,10872.59389024692
GTM,Guatemala,country,2017,11005.4592851719
GTM,Guatemala,country,2018,11192.37191927249
GTM,Guatemala,country,2019,11466.37649321973
GTM,Guatemala,country,2020,11097.15039029859
GTM,Guatemala,country,2021,11825.14127376404
GTM,Guatemala,country,2022,12144.48004615974
GTM,Guatemala,country,2023,12380.37151219961
GTM,Guatemala,country,2024,12643.98412350041
GTM,Guatemala,country,2025,12986.52411446316
GUM,Guam,country,1990,
GUM,Guam,country,1991,
GUM,Guam,country,1992,
GUM,Guam,country,1993,
GUM,Guam,country,1994,
GUM,Guam,country,1995,
GUM,Guam,country,1996,
GUM,Guam,country,1997,
GUM,Guam,country,1998,
GUM,Guam,country,1999,
GUM,Guam,country,2000,
GUM,Guam,country,2001,
GUM,Guam,country,2002,
GUM,Guam,country,2003,
GUM,Guam,country,2004,
GUM,Guam,country,2005,
GUM,Guam,country,2006,
GUM,Guam,country,2007,
GUM,Guam,country,2008,
GUM,Guam,country,2009,
GUM,Guam,country,2010,
GUM,Guam,country,2011,
GUM,Guam,country,2012,
GUM,Guam,country,2013,
GUM,Guam,country,2014,
GUM,Guam,country,2015,
GUM,Guam,country,2016,
GUM,Guam,country,2017,
GUM,Guam,country,2018,
GUM,Guam,country,2019,
GUM,Guam,country,2020,
GUM,Guam,country,2021,
GUM,Guam,country,2022,
GUM,Guam,country,2023,
GUM,Guam,country,2024,
GUM,Guam,country,2025,
GUY,Guyana,country,1990,5074.431099016817
GUY,Guyana,country,1991,5396.463425905431
GUY,Guyana,country,1992,5799.218360668056
GUY,Guyana,country,1993,6247.866248665943
GUY,Guyana,country,1994,6755.328668923102
GUY,Guyana,country,1995,7071.212800059471
GUY,Guyana,country,1996,7612.304242900208
GUY,Guyana,country,1997,8064.567151647248
GUY,Guyana,country,1998,7915.229562039506
GUY,Guyana,country,1999,8139.970184157417
GUY,Guyana,country,2000,8025.293264909623
GUY,Guyana,country,2001,8212.043217609167
GUY,Guyana,country,2002,8314.0272750321
GUY,Guyana,country,2003,8267.429105453626
GUY,Guyana,country,2004,8404.200162970803
GUY,Guyana,country,2005,8256.525190711376
GUY,Guyana,country,2006,8702.331334940014
GUY,Guyana,country,2007,9354.080177165335
GUY,Guyana,country,2008,9546.708759494364
GUY,Guyana,country,2009,9924.52660770631
GUY,Guyana,country,2010,10374.39475576558
GUY,Guyana,country,2011,10958.85988384375
GUY,Guyana,country,2012,11534.99855886591
GUY,Guyana,country,2013,11896.90698549415
GUY,Guyana,country,2014,12030.05293440453
GUY,Guyana,country,2015,12040.08253302001
GUY,Guyana,country,2016,12420.47247276027
GUY,Guyana,country,2017,12801.64085293463
GUY,Guyana,country,2018,12980.35760031769
GUY,Guyana,country,2019,13402.42194727565
GUY,Guyana,country,2020,19234.13019776369
GUY,Guyana,country,2021,22865.9270968882
GUY,Guyana,country,2022,37068.19938275884
GUY,Guyana,country,2023,49312.36032254444
GUY,Guyana,country,2024,70516.70279448364
GUY,Guyana,country,2025,83658.67734759969
HIC,High income,benchmark,1990,35048.48604858689
HIC,High income,benchmark,1991,34936.62494674939
HIC,High income,benchmark,1992,34831.4474654685
HIC,High income,benchmark,1993,34769.11140597222
HIC,High income,benchmark,1994,35306.64504274836
HIC,High income,benchmark,1995,36005.2121727433
HIC,High income,benchmark,1996,36746.94261951951
HIC,High income,benchmark,1997,37780.21970150615
HIC,High income,benchmark,1998,38417.01567563949
HIC,High income,benchmark,1999,39579.80195894212
HIC,High income,benchmark,2000,41171.50019213044
HIC,High income,benchmark,2001,41687.26423469948
HIC,High income,benchmark,2002,42228.51755734044
HIC,High income,benchmark,2003,43079.05112870559
HIC,High income,benchmark,2004,44471.44503522629
HIC,High income,benchmark,2005,45654.06512264944
HIC,High income,benchmark,2006,47042.11643634499
HIC,High income,benchmark,2007,48291.7487404085
HIC,High income,benchmark,2008,48486.4291565184
HIC,High income,benchmark,2009,46460.53396067397
HIC,High income,benchmark,2010,47722.61672853948
HIC,High income,benchmark,2011,48617.91246313002
HIC,High income,benchmark,2012,49098.57147424809
HIC,High income,benchmark,2013,49580.80017193607
HIC,High income,benchmark,2014,50378.31644008015
HIC,High income,benchmark,2015,51152.86636081055
HIC,High income,benchmark,2016,51760.63285401124
HIC,High income,benchmark,2017,52827.42656154036
HIC,High income,benchmark,2018,53954.48510703372
HIC,High income,benchmark,2019,54801.52594149749
HIC,High income,benchmark,2020,52507.01679846342
HIC,High income,benchmark,2021,55735.77342681545
HIC,High income,benchmark,2022,57194.6710863244
HIC,High income,benchmark,2023,57813.42350324444
HIC,High income,benchmark,2024,58645.04159476845
HIC,High income,benchmark,2025,59555.5130820323
HKG,"China, Hong Kong Special Administrative Region",country,1990,31598.72646061016
HKG,"China, Hong Kong Special Administrative Region",country,1991,33124.64459610186
HKG,"China, Hong Kong Special Administrative Region",country,1992,34895.73846908923
HKG,"China, Hong Kong Special Administrative Region",country,1993,36428.52382958237
HKG,"China, Hong Kong Special Administrative Region",country,1994,37767.18276477398
HKG,"China, Hong Kong Special Administrative Region",country,1995,37905.6482894504
HKG,"China, Hong Kong Special Administrative Region",country,1996,37804.07979031937
HKG,"China, Hong Kong Special Administrative Region",country,1997,39402.57368695507
HKG,"China, Hong Kong Special Administrative Region",country,1998,36776.36570791913
HKG,"China, Hong Kong Special Administrative Region",country,1999,37339.8931803408
HKG,"China, Hong Kong Special Administrative Region",country,2000,39848.55934755463
HKG,"China, Hong Kong Special Administrative Region",country,2001,39777.82623915965
HKG,"China, Hong Kong Special Administrative Region",country,2002,40258.1488758671
HKG,"China, Hong Kong Special Administrative Region",country,2003,41570.56344258767
HKG,"China, Hong Kong Special Administrative Region",country,2004,44836.1768653659
HKG,"China, Hong Kong Special Administrative Region",country,2005,47938.85335612862
HKG,"China, Hong Kong Special Administrative Region",country,2006,50981.72962330576
HKG,"China, Hong Kong Special Administrative Region",country,2007,53813.022139769
HKG,"China, Hong Kong Special Administrative Region",country,2008,54630.32991202221
HKG,"China, Hong Kong Special Administrative Region",country,2009,53172.28842682624
HKG,"China, Hong Kong Special Administrative Region",country,2010,56355.40908680899
HKG,"China, Hong Kong Special Administrative Region",country,2011,58672.80501857186
HKG,"China, Hong Kong Special Administrative Region",country,2012,59015.31795609552
HKG,"China, Hong Kong Special Administrative Region",country,2013,60601.61092128859
HKG,"China, Hong Kong Special Administrative Region",country,2014,61839.80441874739
HKG,"China, Hong Kong Special Administrative Region",country,2015,62779.75523862458
HKG,"China, Hong Kong Special Administrative Region",country,2016,63749.42850133691
HKG,"China, Hong Kong Special Administrative Region",country,2017,65662.8543379575
HKG,"China, Hong Kong Special Administrative Region",country,2018,66993.9592604441
HKG,"China, Hong Kong Special Administrative Region",country,2019,65388.3366418212
HKG,"China, Hong Kong Special Administrative Region",country,2020,61328.53670141928
HKG,"China, Hong Kong Special Administrative Region",country,2021,65884.93762606029
HKG,"China, Hong Kong Special Administrative Region",country,2022,64035.64849496294
HKG,"China, Hong Kong Special Administrative Region",country,2023,64387.66540660579
HKG,"China, Hong Kong Special Administrative Region",country,2024,66186.04486354558
HKG,"China, Hong Kong Special Administrative Region",country,2025,68724.55658657564
HND,Honduras,country,1990,1172.079806286433
HND,Honduras,country,1991,1436.050661431433
HND,Honduras,country,1992,1521.947216674669
HND,Honduras,country,1993,1681.082388094318
HND,Honduras,country,1994,2108.274148899252
HND,Honduras,country,1995,2555.026225793196
HND,Honduras,country,1996,3054.157739426958
HND,Honduras,country,1997,3635.980713575132
HND,Honduras,country,1998,3950.834987158551
HND,Honduras,country,1999,4293.827231525004
HND,Honduras,country,2000,4579.689608409841
HND,Honduras,country,2001,4578.947879447725
HND,Honduras,country,2002,4627.022787234557
HND,Honduras,country,2003,4714.867010009714
HND,Honduras,country,2004,4885.342583434222
HND,Honduras,country,2005,5056.675444125511
HND,Honduras,country,2006,5263.150290995781
HND,Honduras,country,2007,5461.901518890309
HND,Honduras,country,2008,5566.706394877225
HND,Honduras,country,2009,5313.755739677915
HND,Honduras,country,2010,5396.072279277437
HND,Honduras,country,2011,5488.433715963321
HND,Honduras,country,2012,5600.6077605497
HND,Honduras,country,2013,5644.133848020449
HND,Honduras,country,2014,5705.162462654839
HND,Honduras,country,2015,5812.534887910499
HND,Honduras,country,2016,5926.49025534228
HND,Honduras,country,2017,6099.607349194135
HND,Honduras,country,2018,6219.279737750595
HND,Honduras,country,2019,6264.018842767146
HND,Honduras,country,2020,5603.263983777774
HND,Honduras,country,2021,6202.980788120369
HND,Honduras,country,2022,6352.587101777318
HND,Honduras,country,2023,6467.880035278305
HND,Honduras,country,2024,6590.843843015528
HND,Honduras,country,2025,6726.166850666582
HRV,Croatia,country,1990,23399.6397169629
HRV,Croatia,country,1991,18812.86573793307
HRV,Croatia,country,1992,17020.16691002375
HRV,Croatia,country,1993,15570.33884337486
HRV,Croatia,country,1994,16301.68584847976
HRV,Croatia,country,1995,17522.51425100635
HRV,Croatia,country,1996,18850.16331006676
HRV,Croatia,country,1997,20110.20261983425
HRV,Croatia,country,1998,20576.01276690178
HRV,Croatia,country,1999,20489.35401082418
HRV,Croatia,country,2000,21302.41172063811
HRV,Croatia,country,2001,22826.72176243707
HRV,Croatia,country,2002,24136.78102278035
HRV,Croatia,country,2003,25473.56720363914
HRV,Croatia,country,2004,26528.5369054362
HRV,Croatia,country,2005,27641.13747138643
HRV,Croatia,country,2006,29035.67498414449
HRV,Croatia,country,2007,30508.30612791235
HRV,Croatia,country,2008,31113.55500768703
HRV,Croatia,country,2009,29024.66405519532
HRV,Croatia,country,2010,28701.87545730328
HRV,Croatia,country,2011,28769.02294908822
HRV,Croatia,country,2012,28259.16380739483
HRV,Croatia,country,2013,28397.98206615549
HRV,Croatia,country,2014,28456.33537560761
HRV,Croatia,country,2015,29466.45063657922
HRV,Croatia,country,2016,30820.80504213546
HRV,Croatia,country,2017,32348.58885561738
HRV,Croatia,country,2018,33729.54558119428
HRV,Croatia,country,2019,35122.79662310085
HRV,Croatia,country,2020,32493.40170100552
HRV,Croatia,country,2021,36930.076102199
HRV,Croatia,country,2022,39863.91093776488
HRV,Croatia,country,2023,41320.25799577197
HRV,Croatia,country,2024,42828.79972735691
HRV,Croatia,country,2025,44172.04422849063
HTI,Haiti,country,1990,3923.221957561601
HTI,Haiti,country,1991,3916.431394557007
HTI,Haiti,country,1992,3635.138928269285
HTI,Haiti,country,1993,3370.995332051466
HTI,Haiti,country,1994,2911.499753458906
HTI,Haiti,country,1995,3139.264167905179
HTI,Haiti,country,1996,3207.745803130156
HTI,Haiti,country,1997,3232.955248656538
HTI,Haiti,country,1998,3242.458901196661
HTI,Haiti,country,1999,3269.398822701202
HTI,Haiti,country,2000,3237.530778987243
HTI,Haiti,country,2001,3168.14454014466
HTI,Haiti,country,2002,3145.036896808685
HTI,Haiti,country,2003,3197.9365263707
HTI,Haiti,country,2004,3102.541739855446
HTI,Haiti,country,2005,3144.563539694369
HTI,Haiti,country,2006,3146.263438678604
HTI,Haiti,country,2007,3239.257459898407
HTI,Haiti,country,2008,3270.412723693263
HTI,Haiti,country,2009,3406.294867155493
HTI,Haiti,country,2010,3176.50949040109
HTI,Haiti,country,2011,3300.874441051747
HTI,Haiti,country,2012,3266.43832519352
HTI,Haiti,country,2013,3356.837321626404
HTI,Haiti,country,2014,3403.574966429468
HTI,Haiti,country,2015,3402.028398801605
HTI,Haiti,country,2016,3415.582181123084
HTI,Haiti,country,2017,3453.971421646588
HTI,Haiti,country,2018,3465.254805736011
HTI,Haiti,country,2019,3361.753288941139
HTI,Haiti,country,2020,3210.53609854862
HTI,Haiti,country,2021,3116.565053976037
HTI,Haiti,country,2022,3029.778663817016
HTI,Haiti,country,2023,2939.123794819903
HTI,Haiti,country,2024,2783.791408827883
HTI,Haiti,country,2025,2677.893853255493
HUN,Hungary,country,1990,21297.00064068285
HUN,Hungary,country,1991,18765.41625040081
HUN,Hungary,country,1992,18197.53055213513
HUN,Hungary,country,1993,18113.33690696551
HUN,Hungary,country,1994,18672.70723654695
HUN,Hungary,country,1995,18977.24370473655
HUN,Hungary,country,1996,19029.11372849141
HUN,Hungary,country,1997,19635.29496005369
HUN,Hungary,country,1998,20438.38295505058
HUN,Hungary,country,1999,21128.88846394023
HUN,Hungary,country,2000,22117.92043031928
HUN,Hungary,country,2001,23069.21147309875
HUN,Hungary,country,2002,24229.29535759811
HUN,Hungary,country,2003,25255.87113005673
HUN,Hungary,country,2004,26568.11886186403
HUN,Hungary,country,2005,27765.78861461975
HUN,Hungary,country,2006,28903.0475407078
HUN,Hungary,country,2007,29044.06690212541
HUN,Hungary,country,2008,29384.00703858179
HUN,Hungary,country,2009,27445.95945847901
HUN,Hungary,country,2010,27801.83381611095
HUN,Hungary,country,2011,28415.1173442897
HUN,Hungary,country,2012,28179.656464434
HUN,Hungary,country,2013,28891.02175449757
HUN,Hungary,country,2014,30264.94923021611
HUN,Hungary,country,2015,31485.56754256341
HUN,Hungary,country,2016,32378.96749830753
HUN,Hungary,country,2017,33828.71494257104
HUN,Hungary,country,2018,35798.04127540219
HUN,Hungary,country,2019,37662.67681013997
HUN,Hungary,country,2020,36119.52117356523
HUN,Hungary,country,2021,38887.19095271535
HUN,Hungary,country,2022,40610.97113682381
HUN,Hungary,country,2023,40333.25468881178
HUN,Hungary,country,2024,40747.19866796682
HUN,Hungary,country,2025,41160.64191409832
IDN,Indonesia,country,1990,4873.05380133263
IDN,Indonesia,country,1991,5118.467895918152
IDN,Indonesia,country,1992,5357.375897975897
IDN,Indonesia,country,1993,5609.151788142686
IDN,Indonesia,country,1994,5931.234734267616
IDN,Indonesia,country,1995,6312.934535611582
IDN,Indonesia,country,1996,6695.409757873947
IDN,Indonesia,country,1997,6897.002365633312
IDN,Indonesia,country,1998,5897.685308592068
IDN,Indonesia,country,1999,5855.658007449942
IDN,Indonesia,country,2000,6056.381978421648
IDN,Indonesia,country,2001,6190.519540409909
IDN,Indonesia,country,2002,6381.949551799957
IDN,Indonesia,country,2003,6599.091935970344
IDN,Indonesia,country,2004,6843.546549723642
IDN,Indonesia,country,2005,7140.854564070404
IDN,Indonesia,country,2006,7434.487853522205
IDN,Indonesia,country,2007,7802.464069059544
IDN,Indonesia,country,2008,8165.061551166244
IDN,Indonesia,country,2009,8435.455746862897
IDN,Indonesia,country,2010,8848.224737020655
IDN,Indonesia,country,2011,9274.969551817021
IDN,Indonesia,country,2012,9708.611825310807
IDN,Indonesia,country,2013,10121.8141535043
IDN,Indonesia,country,2014,10504.38694110877
IDN,Indonesia,country,2015,10893.66211421693
IDN,Indonesia,country,2016,11319.6634287738
IDN,Indonesia,country,2017,11772.57432961068
IDN,Indonesia,country,2018,12262.2310300771
IDN,Indonesia,country,2019,12757.78508548416
IDN,Indonesia,country,2020,12388.54492681313
IDN,Indonesia,country,2021,12757.07464402037
IDN,Indonesia,country,2022,13334.26539476368
IDN,Indonesia,country,2023,13889.94950128581
IDN,Indonesia,country,2024,14470.71798065778
IDN,Indonesia,country,2025,15091.00886046516
IMN,Isle of Man,country,1990,
IMN,Isle of Man,country,1991,
IMN,Isle of Man,country,1992,
IMN,Isle of Man,country,1993,
IMN,Isle of Man,country,1994,
IMN,Isle of Man,country,1995,
IMN,Isle of Man,country,1996,
IMN,Isle of Man,country,1997,
IMN,Isle of Man,country,1998,
IMN,Isle of Man,country,1999,
IMN,Isle of Man,country,2000,
IMN,Isle of Man,country,2001,
IMN,Isle of Man,country,2002,
IMN,Isle of Man,country,2003,
IMN,Isle of Man,country,2004,
IMN,Isle of Man,country,2005,
IMN,Isle of Man,country,2006,
IMN,Isle of Man,country,2007,
IMN,Isle of Man,country,2008,
IMN,Isle of Man,country,2009,
IMN,Isle of Man,country,2010,
IMN,Isle of Man,country,2011,
IMN,Isle of Man,country,2012,
IMN,Isle of Man,country,2013,
IMN,Isle of Man,country,2014,
IMN,Isle of Man,country,2015,
IMN,Isle of Man,country,2016,
IMN,Isle of Man,country,2017,
IMN,Isle of Man,country,2018,
IMN,Isle of Man,country,2019,
IMN,Isle of Man,country,2020,
IMN,Isle of Man,country,2021,
IMN,Isle of Man,country,2022,
IMN,Isle of Man,country,2023,
IMN,Isle of Man,country,2024,
IMN,Isle of Man,country,2025,
IND,India,country,1990,2139.827491741234
IND,India,country,1991,2116.069392492278
IND,India,country,1992,2185.040461806777
IND,India,country,1993,2241.285359324881
IND,India,country,1994,2342.156092638294
IND,India,country,1995,2469.351629263702
IND,India,country,1996,2603.246329741707
IND,India,country,1997,2655.929394295075
IND,India,country,1998,2766.110488607999
IND,India,country,1999,2954.068856039304
IND,India,country,2000,3010.421561483975
IND,India,country,2001,3097.162240223422
IND,India,country,2002,3157.269037705925
IND,India,country,2003,3346.888290291497
IND,India,country,2004,3551.047312137726
IND,India,country,2005,3770.396531738293
IND,India,country,2006,4011.086475858046
IND,India,country,2007,4253.821390467393
IND,India,country,2008,4322.483789835463
IND,India,country,2009,4595.379907538119
IND,India,country,2010,4913.876397237052
IND,India,country,2011,5098.674587754443
IND,India,country,2012,5303.501977676549
IND,India,country,2013,5567.494394187182
IND,India,country,2014,5905.106182046329
IND,India,country,2015,6301.673469682361
IND,India,country,2016,6741.148831853469
IND,India,country,2017,7116.036591853959
IND,India,country,2018,7492.625767551453
IND,India,country,2019,7702.176348119574
IND,India,country,2020,7186.864470996788
IND,India,country,2021,7818.657017575041
IND,India,country,2022,8347.384786470864
IND,India,country,2023,8870.550276093447
IND,India,country,2024,9416.051370447349
IND,India,country,2025,10039.07089105871
IRL,Ireland,country,1990,29504.87726578215
IRL,Ireland,country,1991,29901.80630080333
IRL,Ireland,country,1992,30691.39559730941
IRL,Ireland,country,1993,31360.64906512159
IRL,Ireland,country,1994,33035.23626327593
IRL,Ireland,country,1995,36032.77747325015
IRL,Ireland,country,1996,38386.91167340531
IRL,Ireland,country,1997,42192.58481124785
IRL,Ireland,country,1998,45415.04551603123
IRL,Ireland,country,1999,49634.50267364768
IRL,Ireland,country,2000,53582.8313532284
IRL,Ireland,country,2001,55534.5698068816
IRL,Ireland,country,2002,57828.01163384137
IRL,Ireland,country,2003,58608.33538166931
IRL,Ireland,country,2004,61452.86603883242
IRL,Ireland,country,2005,63579.71343841222
IRL,Ireland,country,2006,64975.40864962507
IRL,Ireland,country,2007,66475.84101429992
IRL,Ireland,country,2008,62213.64532564615
IRL,Ireland,country,2009,58446.72633349205
IRL,Ireland,country,2010,59107.42207404982
IRL,Ireland,country,2011,59797.05373434632
IRL,Ireland,country,2012,59303.03198135613
IRL,Ireland,country,2013,60285.23761400938
IRL,Ireland,country,2014,65463.19525415641
IRL,Ireland,country,2015,80815.64152773452
IRL,Ireland,country,2016,80760.09741456882
IRL,Ireland,country,2017,87731.78970457336
IRL,Ireland,country,2018,93115.83934983291
IRL,Ireland,country,2019,96205.7961557005
IRL,Ireland,country,2020,101793.4475258714
IRL,Ireland,country,2021,116702.85817485
IRL,Ireland,country,2022,123007.4764865099
IRL,Ireland,country,2023,117659.728593716
IRL,Ireland,country,2024,118833.3120717514
IRL,Ireland,country,2025,131338.4447450408
IRN,Iran (Islamic Republic of),country,1990,9656.001168943587
IRN,Iran (Islamic Republic of),country,1991,10592.33192572218
IRN,Iran (Islamic Republic of),country,1992,10727.41836715468
IRN,Iran (Islamic Republic of),country,1993,10531.99527772755
IRN,Iran (Islamic Republic of),country,1994,10333.43300055946
IRN,Iran (Islamic Republic of),country,1995,10465.02595926851
IRN,Iran (Islamic Republic of),country,1996,11010.00949762479
IRN,Iran (Islamic Republic of),country,1997,11025.72023715241
IRN,Iran (Islamic Republic of),country,1998,11101.50786919601
IRN,Iran (Islamic Republic of),country,1999,11163.69507364453
IRN,Iran (Islamic Republic of),country,2000,11643.12180776965
IRN,Iran (Islamic Republic of),country,2001,11739.00909112818
IRN,Iran (Islamic Republic of),country,2002,12583.04499042397
IRN,Iran (Islamic Republic of),country,2003,13519.45019269295
IRN,Iran (Islamic Republic of),country,2004,13807.19531140235
IRN,Iran (Islamic Republic of),country,2005,13935.77430875956
IRN,Iran (Islamic Republic of),country,2006,14320.65685345455
IRN,Iran (Islamic Republic of),country,2007,15237.42378505495
IRN,Iran (Islamic Republic of),country,2008,15091.25065214627
IRN,Iran (Islamic Republic of),country,2009,15055.14946471992
IRN,Iran (Islamic Republic of),country,2010,15729.91317072658
IRN,Iran (Islamic Republic of),country,2011,15947.76609796104
IRN,Iran (Islamic Republic of),country,2012,15159.29482065309
IRN,Iran (Islamic Republic of),country,2013,14734.74058871897
IRN,Iran (Islamic Republic of),country,2014,15262.85157609033
IRN,Iran (Islamic Republic of),country,2015,14841.90483407369
IRN,Iran (Islamic Republic of),country,2016,15920.37180212023
IRN,Iran (Islamic Republic of),country,2017,16167.96772242265
IRN,Iran (Islamic Republic of),country,2018,15364.80490526139
IRN,Iran (Islamic Republic of),country,2019,14841.07515149977
IRN,Iran (Islamic Republic of),country,2020,15381.58454372664
IRN,Iran (Islamic Republic of),country,2021,15884.42767759633
IRN,Iran (Islamic Republic of),country,2022,16377.96106453682
IRN,Iran (Islamic Republic of),country,2023,17044.81734426405
IRN,Iran (Islamic Republic of),country,2024,17484.13201404669
IRN,Iran (Islamic Republic of),country,2025,16833.78216771171
IRQ,Iraq,country,1990,10735.09411028998
IRQ,Iraq,country,1991,3819.161948266514
IRQ,Iraq,country,1992,4916.26440292597
IRQ,Iraq,country,1993,6105.041662849037
IRQ,Iraq,country,1994,6044.871048101805
IRQ,Iraq,country,1995,5969.669640960519
IRQ,Iraq,country,1996,6419.369818762515
IRQ,Iraq,country,1997,7545.729761006309
IRQ,Iraq,country,1998,9871.733980307752
IRQ,Iraq,country,1999,11237.85374399249
IRQ,Iraq,country,2000,12702.16419508916
IRQ,Iraq,country,2001,12529.60840509757
IRQ,Iraq,country,2002,11144.05052559024
IRQ,Iraq,country,2003,6849.332008003501
IRQ,Iraq,country,2004,10210.56310049358
IRQ,Iraq,country,2005,10078.44376468137
IRQ,Iraq,country,2006,10568.91376529531
IRQ,Iraq,country,2007,10853.81610222861
IRQ,Iraq,country,2008,11511.93876436376
IRQ,Iraq,country,2009,11470.51780617285
IRQ,Iraq,country,2010,11816.8410150233
IRQ,Iraq,country,2011,12267.58489406448
IRQ,Iraq,country,2012,13357.01438823226
IRQ,Iraq,country,2013,13712.93171429602
IRQ,Iraq,country,2014,13536.82276813993
IRQ,Iraq,country,2015,13516.02719891727
IRQ,Iraq,country,2016,15016.09206445574
IRQ,Iraq,country,2017,14417.63068964537
IRQ,Iraq,country,2018,14456.23570531905
IRQ,Iraq,country,2019,14910.22503238197
IRQ,Iraq,country,2020,12827.63453922931
IRQ,Iraq,country,2021,12731.75357551284
IRQ,Iraq,country,2022,13433.39771669556
IRQ,Iraq,country,2023,13202.3228073856
IRQ,Iraq,country,2024,12725.04312603639
IRQ,Iraq,country,2025,12191.5564658302
ISL,Iceland,country,1990,43099.5786392572
ISL,Iceland,country,1991,42507.64616910256
ISL,Iceland,country,1992,40560.57007382076
ISL,Iceland,country,1993,40677.58812375073
ISL,Iceland,country,1994,41781.8302657718
ISL,Iceland,country,1995,41604.23811804207
ISL,Iceland,country,1996,43241.35543672292
ISL,Iceland,country,1997,44664.53062868785
ISL,Iceland,country,1998,47286.63586632207
ISL,Iceland,country,1999,48539.34331364685
ISL,Iceland,country,2000,50227.84087453635
ISL,Iceland,country,2001,51468.32822678237
ISL,Iceland,country,2002,51287.59372994799
ISL,Iceland,country,2003,52095.64027405641
ISL,Iceland,country,2004,55576.6099806516
ISL,Iceland,country,2005,58549.13588621826
ISL,Iceland,country,2006,60434.38379311281
ISL,Iceland,country,2007,64075.3098188208
ISL,Iceland,country,2008,63963.76013922248
ISL,Iceland,country,2009,58441.27196739684
ISL,Iceland,country,2010,57225.1024282006
ISL,Iceland,country,2011,57837.86045994129
ISL,Iceland,country,2012,58203.63794595362
ISL,Iceland,country,2013,59729.54397753967
ISL,Iceland,country,2014,60199.1994872756
ISL,Iceland,country,2015,61820.3618857662
ISL,Iceland,country,2016,64759.22754232288
ISL,Iceland,country,2017,65462.50333062989
ISL,Iceland,country,2018,66703.02193980032
ISL,Iceland,country,2019,65994.98600381031
ISL,Iceland,country,2020,60617.14326885096
ISL,Iceland,country,2021,62720.79168327966
ISL,Iceland,country,2022,66581.24418010024
ISL,Iceland,country,2023,69268.12214042238
ISL,Iceland,country,2024,68230.35665281703
ISL,Iceland,country,2025,68064.6854551866
ISR,Israel,country,1990,25340.98132713358
ISR,Israel,country,1991,25704.7207371288
ISR,Israel,country,1992,26758.42907265823
ISR,Israel,country,1993,27129.2193762452
ISR,Israel,country,1994,28399.39819070557
ISR,Israel,country,1995,29477.45829468997
ISR,Israel,country,1996,30392.89730697583
ISR,Israel,country,1997,30713.15980192304
ISR,Israel,country,1998,31250.10716982718
ISR,Israel,country,1999,31466.16836892365
ISR,Israel,country,2000,33278.54122856824
ISR,Israel,country,2001,32591.21168174313
ISR,Israel,country,2002,31892.53959788159
ISR,Israel,country,2003,31771.21159067326
ISR,Israel,country,2004,32665.85370524376
ISR,Israel,country,2005,33491.99139963954
ISR,Israel,country,2006,34744.86750922976
ISR,Israel,country,2007,36288.06551185714
ISR,Israel,country,2008,36795.47991124236
ISR,Israel,country,2009,36364.78431826615
ISR,Israel,country,2010,37686.34208335434
ISR,Israel,country,2011,39036.0247356871
ISR,Israel,country,2012,39245.50781176866
ISR,Israel,country,2013,40095.47567730922
ISR,Israel,country,2014,40795.62909272809
ISR,Israel,country,2015,40889.59890808345
ISR,Israel,country,2016,41914.58029777058
ISR,Israel,country,2017,42895.58512984704
ISR,Israel,country,2018,43782.65264916894
ISR,Israel,country,2019,44492.12269670844
ISR,Israel,country,2020,42926.54154185844
ISR,Israel,country,2021,46151.10082040303
ISR,Israel,country,2022,48132.36372051771
ISR,Israel,country,2023,47671.24769260859
ISR,Israel,country,2024,47388.7236682364
ISR,Israel,country,2025,48196.63451765618
ITA,Italy,country,1990,42656.7445101659
ITA,Italy,country,1991,43283.02044419012
ITA,Italy,country,1992,43614.48508837581
ITA,Italy,country,1993,43216.10964447511
ITA,Italy,country,1994,44136.70591419227
ITA,Italy,country,1995,45410.13917310911
ITA,Italy,country,1996,46008.23893037959
ITA,Italy,country,1997,46869.42560864192
ITA,Italy,country,1998,47701.39741912646
ITA,Italy,country,1999,48493.66512103085
ITA,Italy,country,2000,50353.42004154356
ITA,Italy,country,2001,51332.29044325674
ITA,Italy,country,2002,51369.1149098293
ITA,Italy,country,2003,51126.25855440384
ITA,Italy,country,2004,51495.00288413637
ITA,Italy,country,2005,51585.6445807938
ITA,Italy,country,2006,52304.24029498189
ITA,Italy,country,2007,52747.19054768073
ITA,Italy,country,2008,51806.39061763907
ITA,Italy,country,2009,48774.39168337476
ITA,Italy,country,2010,49301.69591416742
ITA,Italy,country,2011,49473.01492356342
ITA,Italy,country,2012,47795.95793605412
ITA,Italy,country,2013,46833.36153093033
ITA,Italy,country,2014,46825.65112450621
ITA,Italy,country,2015,47311.82552627091
ITA,Italy,country,2016,47987.83795810143
ITA,Italy,country,2017,48849.21835347557
ITA,Italy,country,2018,49355.87519135039
ITA,Italy,country,2019,49690.62985052735
ITA,Italy,country,2020,45505.06887089558
ITA,Italy,country,2021,49825.39341118482
ITA,Italy,country,2022,52333.32742706041
ITA,Italy,country,2023,52842.62888317576
ITA,Italy,country,2024,53284.8745049149
ITA,Italy,country,2025,53606.07895710112
JAM,Jamaica,country,1990,8879.652952316252
JAM,Jamaica,country,1991,9227.876137706524
JAM,Jamaica,country,1992,9315.858188558803
JAM,Jamaica,country,1993,10088.23235775497
JAM,Jamaica,country,1994,10123.23393814878
JAM,Jamaica,country,1995,10257.80653819588
JAM,Jamaica,country,1996,10147.46411216523
JAM,Jamaica,country,1997,9939.661728620056
JAM,Jamaica,country,1998,9624.929359481273
JAM,Jamaica,country,1999,9650.43726482499
JAM,Jamaica,country,2000,9667.924744923155
JAM,Jamaica,country,2001,9736.062917575264
JAM,Jamaica,country,2002,9869.712919271764
JAM,Jamaica,country,2003,10169.75002432445
JAM,Jamaica,country,2004,10244.20667028778
JAM,Jamaica,country,2005,10278.68343825455
JAM,Jamaica,country,2006,10522.23674595915
JAM,Jamaica,country,2007,10622.44428290072
JAM,Jamaica,country,2008,10490.46861344975
JAM,Jamaica,country,2009,9992.976995390212
JAM,Jamaica,country,2010,9805.90172806302
JAM,Jamaica,country,2011,9932.483809469626
JAM,Jamaica,country,2012,9829.035100150444
JAM,Jamaica,country,2013,9839.965066060953
JAM,Jamaica,country,2014,9872.15913752129
JAM,Jamaica,country,2015,9931.898757151821
JAM,Jamaica,country,2016,10179.25364861582
JAM,Jamaica,country,2017,10391.03782246781
JAM,Jamaica,country,2018,10636.09297845508
JAM,Jamaica,country,2019,10816.37203911542
JAM,Jamaica,country,2020,9891.969329615484
JAM,Jamaica,country,2021,10430.69097717588
JAM,Jamaica,country,2022,11096.63770853209
JAM,Jamaica,country,2023,11398.81203946411
JAM,Jamaica,country,2024,11340.26388004509
JAM,Jamaica,country,2025,11357.91559206304
JOR,Jordan,country,1990,8241.804786552542
JOR,Jordan,country,1991,7747.143785688861
JOR,Jordan,country,1992,8402.680314106936
JOR,Jordan,country,1993,8334.814030791522
JOR,Jordan,country,1994,8339.88427710177
JOR,Jordan,country,1995,8501.619058298762
JOR,Jordan,country,1996,8395.632087185122
JOR,Jordan,country,1997,8443.481463619815
JOR,Jordan,country,1998,8499.076898047811
JOR,Jordan,country,1999,8600.369439151456
JOR,Jordan,country,2000,8781.609047442282
JOR,Jordan,country,2001,9056.194472819016
JOR,Jordan,country,2002,9380.113241242712
JOR,Jordan,country,2003,9556.481637120527
JOR,Jordan,country,2004,10127.8527547101
JOR,Jordan,country,2005,10684.94242285383
JOR,Jordan,country,2006,10834.8737267915
JOR,Jordan,country,2007,11034.29221768133
JOR,Jordan,country,2008,11555.72882583502
JOR,Jordan,country,2009,11888.66172125819
JOR,Jordan,country,2010,11942.572010796
JOR,Jordan,country,2011,11988.4963110815
JOR,Jordan,country,2012,12104.1217423938
JOR,Jordan,country,2013,11804.12253351261
JOR,Jordan,country,2014,11086.69054875129
JOR,Jordan,country,2015,10469.63063022255
JOR,Jordan,country,2016,10197.50449906168
JOR,Jordan,country,2017,10220.49278119301
JOR,Jordan,country,2018,10183.02483662352
JOR,Jordan,country,2019,10168.35885235369
JOR,Jordan,country,2020,9872.309451232497
JOR,Jordan,country,2021,10056.56112612386
JOR,Jordan,country,2022,10158.47387715237
JOR,Jordan,country,2023,10308.78219863369
JOR,Jordan,country,2024,10468.26533428397
JOR,Jordan,country,2025,10794.24026877318
JPN,Japan,country,1990,36137.84425874576
JPN,Japan,country,1991,37226.33390218294
JPN,Japan,country,1992,37402.94423951677
JPN,Japan,country,1993,37088.80200498435
JPN,Japan,country,1994,37352.68685813185
JPN,Japan,country,1995,38137.93463040158
JPN,Japan,country,1996,39221.765120663
JPN,Japan,country,1997,39661.73127622348
JPN,Japan,country,1998,38852.95265579434
JPN,Japan,country,1999,38647.27052756149
JPN,Japan,country,2000,39731.79536863041
JPN,Japan,country,2001,39748.98377258486
JPN,Japan,country,2002,39690.3676794625
JPN,Japan,country,2003,40152.12826356414
JPN,Japan,country,2004,40986.72257104968
JPN,Japan,country,2005,41740.35203690501
JPN,Japan,country,2006,42358.93373482528
JPN,Japan,country,2007,43041.5697058021
JPN,Japan,country,2008,42518.84234084171
JPN,Japan,country,2009,39999.94642034076
JPN,Japan,country,2010,41647.04585420082
JPN,Japan,country,2011,41640.66087212507
JPN,Japan,country,2012,42394.9433175064
JPN,Japan,country,2013,43304.11819314258
JPN,Japan,country,2014,43754.43801329304
JPN,Japan,country,2015,44589.3032854003
JPN,Japan,country,2016,44926.62029095252
JPN,Japan,country,2017,45693.37760809871
JPN,Japan,country,2018,46133.02259787178
JPN,Japan,country,2019,46055.3498672487
JPN,Japan,country,2020,44212.55034157237
JPN,Japan,country,2021,45999.46179668955
JPN,Japan,country,2022,46819.36061360902
JPN,Japan,country,2023,47387.21725425233
JPN,Japan,country,2024,47479.84485456675
JPN,Japan,country,2025,48283.37239594646
KAZ,Kazakhstan,country,1990,16837.69074900401
KAZ,Kazakhstan,country,1991,14877.52735412695
KAZ,Kazakhstan,country,1992,14045.10357803752
KAZ,Kazakhstan,country,1993,12795.87464253724
KAZ,Kazakhstan,country,1994,11334.9831283773
KAZ,Kazakhstan,country,1995,10600.33022700946
KAZ,Kazakhstan,country,1996,10857.43538987367
KAZ,Kazakhstan,country,1997,11298.5805497095
KAZ,Kazakhstan,country,1998,11364.03078093153
KAZ,Kazakhstan,country,1999,11815.77321154294
KAZ,Kazakhstan,country,2000,12935.86436830798
KAZ,Kazakhstan,country,2001,14612.02900504982
KAZ,Kazakhstan,country,2002,15960.87384500131
KAZ,Kazakhstan,country,2003,17344.752672995
KAZ,Kazakhstan,country,2004,18886.58119081216
KAZ,Kazakhstan,country,2005,20565.52944708655
KAZ,Kazakhstan,country,2006,22574.34295776651
KAZ,Kazakhstan,country,2007,24351.34641025419
KAZ,Kazakhstan,country,2008,24895.66456832453
KAZ,Kazakhstan,country,2009,24901.35272600837
KAZ,Kazakhstan,country,2010,26374.84076727946
KAZ,Kazakhstan,country,2011,27946.16034329439
KAZ,Kazakhstan,country,2012,28881.24175637276
KAZ,Kazakhstan,country,2013,30177.48872217358
KAZ,Kazakhstan,country,2014,30986.43791689945
KAZ,Kazakhstan,country,2015,30893.75948510414
KAZ,Kazakhstan,country,2016,30758.32272605979
KAZ,Kazakhstan,country,2017,31524.4416339794
KAZ,Kazakhstan,country,2018,32330.22745465675
KAZ,Kazakhstan,country,2019,33298.21236950345
KAZ,Kazakhstan,country,2020,32011.5491499004
KAZ,Kazakhstan,country,2021,32945.85157258231
KAZ,Kazakhstan,country,2022,33506.26148932374
KAZ,Kazakhstan,country,2023,34703.23492866036
KAZ,Kazakhstan,country,2024,35973.96332870171
KAZ,Kazakhstan,country,2025,37850.57910429838
KEN,Kenya,country,1990,4177.486033103455
KEN,Kenya,country,1991,4102.476775129651
KEN,Kenya,country,1992,3946.840934378508
KEN,Kenya,country,1993,3844.920297835986
KEN,Kenya,country,1994,3833.223578385886
KEN,Kenya,country,1995,3890.098551146502
KEN,Kenya,country,1996,3941.409194813533
KEN,Kenya,country,1997,3853.371392803545
KEN,Kenya,country,1998,3871.821763224465
KEN,Kenya,country,1999,3848.464706127269
KEN,Kenya,country,2000,3756.636222968789
KEN,Kenya,country,2001,3778.25854755615
KEN,Kenya,country,2002,3681.256942749095
KEN,Kenya,country,2003,3674.085927584086
KEN,Kenya,country,2004,3743.567857369295
KEN,Kenya,country,2005,3844.735571205778
KEN,Kenya,country,2006,3970.733498876854
KEN,Kenya,country,2007,4116.450947208563
KEN,Kenya,country,2008,4002.883640737916
KEN,Kenya,country,2009,4012.194283823972
KEN,Kenya,country,2010,4211.524629577841
KEN,Kenya,country,2011,4307.106115568585
KEN,Kenya,country,2012,4387.937900754086
KEN,Kenya,country,2013,4443.371215681998
KEN,Kenya,country,2014,4558.551552663736
KEN,Kenya,country,2015,4679.621828319382
KEN,Kenya,country,2016,4770.310463880859
KEN,Kenya,country,2017,4846.862108519316
KEN,Kenya,country,2018,5017.667846746638
KEN,Kenya,country,2019,5171.712642792572
KEN,Kenya,country,2020,5057.401155374287
KEN,Kenya,country,2021,5338.852433827813
KEN,Kenya,country,2022,5491.693782802457
KEN,Kenya,country,2023,5691.825134744166
KEN,Kenya,country,2024,5841.598660017056
KEN,Kenya,country,2025,5995.401778956319
KGZ,Kyrgyzstan,country,1990,6095.681086102347
KGZ,Kyrgyzstan,country,1991,5520.429798913135
KGZ,Kyrgyzstan,country,1992,4701.991380986582
KGZ,Kyrgyzstan,country,1993,3973.883239310327
KGZ,Kyrgyzstan,country,1994,3176.923818827262
KGZ,Kyrgyzstan,country,1995,2974.711638912944
KGZ,Kyrgyzstan,country,1996,3138.666156711145
KGZ,Kyrgyzstan,country,1997,3399.93427126665
KGZ,Kyrgyzstan,country,1998,3419.223307362149
KGZ,Kyrgyzstan,country,1999,3491.937732687406
KGZ,Kyrgyzstan,country,2000,3638.46314292227
KGZ,Kyrgyzstan,country,2001,3795.89059344129
KGZ,Kyrgyzstan,country,2002,3760.53239965257
KGZ,Kyrgyzstan,country,2003,3982.927220178016
KGZ,Kyrgyzstan,country,2004,4211.522483078572
KGZ,Kyrgyzstan,country,2005,4156.958492301157
KGZ,Kyrgyzstan,country,2006,4240.170177975543
KGZ,Kyrgyzstan,country,2007,4558.712678941719
KGZ,Kyrgyzstan,country,2008,4894.942780137603
KGZ,Kyrgyzstan,country,2009,4969.961327203736
KGZ,Kyrgyzstan,country,2010,4876.479648864833
KGZ,Kyrgyzstan,country,2011,5092.851657516775
KGZ,Kyrgyzstan,country,2012,4993.394316835278
KGZ,Kyrgyzstan,country,2013,5418.540619939346
KGZ,Kyrgyzstan,country,2014,5513.754469525203
KGZ,Kyrgyzstan,country,2015,5600.214334284603
KGZ,Kyrgyzstan,country,2016,5715.010411790033
KGZ,Kyrgyzstan,country,2017,5861.222000405032
KGZ,Kyrgyzstan,country,2018,5951.828767586057
KGZ,Kyrgyzstan,country,2019,6087.60193826927
KGZ,Kyrgyzstan,country,2020,5537.79547319377
KGZ,Kyrgyzstan,country,2021,5736.47883415154
KGZ,Kyrgyzstan,country,2022,6139.777888250061
KGZ,Kyrgyzstan,country,2023,6575.775412904989
KGZ,Kyrgyzstan,country,2024,7210.576698304988
KGZ,Kyrgyzstan,country,2025,7878.449136696598
KHM,Cambodia,country,1990,2646.09798836687
KHM,Cambodia,country,1991,2731.379737203139
KHM,Cambodia,country,1992,2769.488255266496
KHM,Cambodia,country,1993,2714.591500598835
KHM,Cambodia,country,1994,1650.391000018161
KHM,Cambodia,country,1995,1672.739285141363
KHM,Cambodia,country,1996,1643.015790583138
KHM,Cambodia,country,1997,1595.171306569353
KHM,Cambodia,country,1998,1602.383712089309
KHM,Cambodia,country,1999,1775.412398020434
KHM,Cambodia,country,2000,1922.031790925915
KHM,Cambodia,country,2001,2032.080920223727
KHM,Cambodia,country,2002,2126.341504689866
KHM,Cambodia,country,2003,2309.839314827877
KHM,Cambodia,country,2004,2491.309300038381
KHM,Cambodia,country,2005,2781.890288952551
KHM,Cambodia,country,2006,3041.104712201528
KHM,Cambodia,country,2007,3308.157472465436
KHM,Cambodia,country,2008,3501.925702193196
KHM,Cambodia,country,2009,3587.608895883625
KHM,Cambodia,country,2010,3711.537505801573
KHM,Cambodia,country,2011,3921.979115633081
KHM,Cambodia,country,2012,4159.163541234465
KHM,Cambodia,country,2013,4419.398868018598
KHM,Cambodia,country,2014,4702.730618232066
KHM,Cambodia,country,2015,4968.57276699143
KHM,Cambodia,country,2016,5283.729649437785
KHM,Cambodia,country,2017,5632.031256293422
KHM,Cambodia,country,2018,6050.590882622052
KHM,Cambodia,country,2019,6448.884559528051
KHM,Cambodia,country,2020,6128.782437833349
KHM,Cambodia,country,2021,6225.532654747405
KHM,Cambodia,country,2022,6458.368148808398
KHM,Cambodia,country,2023,6695.291947637226
KHM,Cambodia,country,2024,7011.581469037028
KHM,Cambodia,country,2025,7300.080782506343
KIR,Kiribati,country,1990,2213.823837932594
KIR,Kiribati,country,1991,2047.416063093955
KIR,Kiribati,country,1992,2496.316211035464
KIR,Kiribati,country,1993,2455.76448938155
KIR,Kiribati,country,1994,2469.037504276189
KIR,Kiribati,country,1995,2499.107781814769
KIR,Kiribati,country,1996,2455.815693974193
KIR,Kiribati,country,1997,2439.722674440998
KIR,Kiribati,country,1998,2503.182758617435
KIR,Kiribati,country,1999,2364.64913231153
KIR,Kiribati,country,2000,2481.733183297939
KIR,Kiribati,country,2001,2357.883964250162
KIR,Kiribati,country,2002,2341.99557733328
KIR,Kiribati,country,2003,2258.323137441253
KIR,Kiribati,country,2004,2199.952582723417
KIR,Kiribati,country,2005,2184.060944088076
KIR,Kiribati,country,2006,2264.451684611298
KIR,Kiribati,country,2007,2286.739436931111
KIR,Kiribati,country,2008,2172.636017446559
KIR,Kiribati,country,2009,2138.239874250407
KIR,Kiribati,country,2010,2119.911767062038
KIR,Kiribati,country,2011,2150.65854434166
KIR,Kiribati,country,2012,2242.301057650056
KIR,Kiribati,country,2013,2382.675594741118
KIR,Kiribati,country,2014,2381.653492531679
KIR,Kiribati,country,2015,2616.176359117107
KIR,Kiribati,country,2016,2762.287410398537
KIR,Kiribati,country,2017,2822.020922962836
KIR,Kiribati,country,2018,2875.417663411663
KIR,Kiribati,country,2019,2926.593664758546
KIR,Kiribati,country,2020,2839.172746225633
KIR,Kiribati,country,2021,3024.210296656343
KIR,Kiribati,country,2022,3127.177453815556
KIR,Kiribati,country,2023,3175.024757289033
KIR,Kiribati,country,2024,3275.00186630433
KIR,Kiribati,country,2025,3363.995213267664
KNA,Saint Kitts and Nevis,country,1990,14326.04106565066
KNA,Saint Kitts and Nevis,country,1991,14084.68319401021
KNA,Saint Kitts and Nevis,country,1992,14557.18425830499
KNA,Saint Kitts and Nevis,country,1993,15348.68877998466
KNA,Saint Kitts and Nevis,country,1994,15955.8375010028
KNA,Saint Kitts and Nevis,country,1995,16596.26562662867
KNA,Saint Kitts and Nevis,country,1996,17340.22346242213
KNA,Saint Kitts and Nevis,country,1997,18288.49436716574
KNA,Saint Kitts and Nevis,country,1998,17963.69923793475
KNA,Saint Kitts and Nevis,country,1999,18291.4229188676
KNA,Saint Kitts and Nevis,country,2000,19840.58006452671
KNA,Saint Kitts and Nevis,country,2001,20648.78897414721
KNA,Saint Kitts and Nevis,country,2002,20813.40500298057
KNA,Saint Kitts and Nevis,country,2003,19927.18183141375
KNA,Saint Kitts and Nevis,country,2004,20661.34586429934
KNA,Saint Kitts and Nevis,country,2005,22612.71265594554
KNA,Saint Kitts and Nevis,country,2006,23258.98422532109
KNA,Saint Kitts and Nevis,country,2007,23330.04424041951
KNA,Saint Kitts and Nevis,country,2008,25898.78236209808
KNA,Saint Kitts and Nevis,country,2009,24973.80452863034
KNA,Saint Kitts and Nevis,country,2010,24997.56725134279
KNA,Saint Kitts and Nevis,country,2011,25380.00873482145
KNA,Saint Kitts and Nevis,country,2012,25114.05726032444
KNA,Saint Kitts and Nevis,country,2013,26532.10165617253
KNA,Saint Kitts and Nevis,country,2014,28530.30722490133
KNA,Saint Kitts and Nevis,country,2015,28729.56644766704
KNA,Saint Kitts and Nevis,country,2016,29867.02655897908
KNA,Saint Kitts and Nevis,country,2017,29948.92000656823
KNA,Saint Kitts and Nevis,country,2018,30576.24867492441
KNA,Saint Kitts and Nevis,country,2019,31512.19431056841
KNA,Saint Kitts and Nevis,country,2020,26736.92835637709
KNA,Saint Kitts and Nevis,country,2021,26896.61770659784
KNA,Saint Kitts and Nevis,country,2022,29749.87008648232
KNA,Saint Kitts and Nevis,country,2023,30616.57728138599
KNA,Saint Kitts and Nevis,country,2024,30656.44101093667
KNA,Saint Kitts and Nevis,country,2025,31427.66308257171
KOR,Republic of Korea,country,1990,14377.88392032676
KOR,Republic of Korea,country,1991,15784.4668669974
KOR,Republic of Korea,country,1992,16613.4907015983
KOR,Republic of Korea,country,1993,17595.90361484322
KOR,Republic of Korea,country,1994,19052.29909262638
KOR,Republic of Korea,country,1995,20697.89698083446
KOR,Republic of Korea,country,1996,22139.79637854144
KOR,Republic of Korea,country,1997,23311.04209017409
KOR,Republic of Korea,country,1998,22000.33876035156
KOR,Republic of Korea,country,1999,24382.25085173692
KOR,Republic of Korea,country,2000,26404.15885757455
KOR,Republic of Korea,country,2001,27440.65649158466
KOR,Republic of Korea,country,2002,29395.27660367962
KOR,Republic of Korea,country,2003,30142.46055858137
KOR,Republic of Korea,country,2004,31579.52830488668
KOR,Republic of Korea,country,2005,32886.0472450743
KOR,Republic of Korea,country,2006,34429.62220131372
KOR,Republic of Korea,country,2007,36257.34016897016
KOR,Republic of Korea,country,2008,37064.15184841065
KOR,Republic of Korea,country,2009,37176.19392709687
KOR,Republic of Korea,country,2010,39574.05007329468
KOR,Republic of Korea,country,2011,40719.22737716707
KOR,Republic of Korea,country,2012,41537.67286111168
KOR,Republic of Korea,country,2013,42709.97518578872
KOR,Republic of Korea,country,2014,43806.92509856608
KOR,Republic of Korea,country,2015,44849.10676708895
KOR,Republic of Korea,country,2016,46088.24307853833
KOR,Republic of Korea,country,2017,47536.78985688512
KOR,Republic of Korea,country,2018,48834.44711577334
KOR,Republic of Korea,country,2019,49790.86798848215
KOR,Republic of Korea,country,2020,49374.09261480253
KOR,Republic of Korea,country,2021,51718.25186566311
KOR,Republic of Korea,country,2022,53228.60356553654
KOR,Republic of Korea,country,2023,54029.3434990785
KOR,Republic of Korea,country,2024,55070.93861941213
KOR,Republic of Korea,country,2025,55697.08480863279
KWT,Kuwait,country,1990,38932.94352751461
KWT,Kuwait,country,1991,28633.96959224654
KWT,Kuwait,country,1992,43266.93286516756
KWT,Kuwait,country,1993,56684.1863309395
KWT,Kuwait,country,1994,61753.84899900651
KWT,Kuwait,country,1995,64093.51787789493
KWT,Kuwait,country,1996,62665.2243536425
KWT,Kuwait,country,1997,62151.95182703328
KWT,Kuwait,country,1998,62450.08844247645
KWT,Kuwait,country,1999,59533.95427524524
KWT,Kuwait,country,2000,60585.30267881636
KWT,Kuwait,country,2001,59099.6653133601
KWT,Kuwait,country,2002,59348.6172741565
KWT,Kuwait,country,2003,67984.31450625538
KWT,Kuwait,country,2004,73298.06218194768
KWT,Kuwait,country,2005,78193.90121275854
KWT,Kuwait,country,2006,79521.34843384547
KWT,Kuwait,country,2007,79474.76113463767
KWT,Kuwait,country,2008,77036.50838330554
KWT,Kuwait,country,2009,67896.2680451995
KWT,Kuwait,country,2010,62956.2152904125
KWT,Kuwait,country,2011,64844.50190194081
KWT,Kuwait,country,2012,64908.262639237
KWT,Kuwait,country,2013,62458.8089221249
KWT,Kuwait,country,2014,60065.6544076232
KWT,Kuwait,country,2015,57763.51745743954
KWT,Kuwait,country,2016,56936.62084272598
KWT,Kuwait,country,2017,52285.58711756956
KWT,Kuwait,country,2018,51623.80786220523
KWT,Kuwait,country,2019,51380.64553546314
KWT,Kuwait,country,2020,49372.81879385524
KWT,Kuwait,country,2021,50651.95753370912
KWT,Kuwait,country,2022,51379.88331941186
KWT,Kuwait,country,2023,47790.19332391438
KWT,Kuwait,country,2024,46664.21951160563
KWT,Kuwait,country,2025,48253.96388513201
LAO,Lao People's Democratic Republic,country,1990,2005.500494104008
LAO,Lao People's Democratic Republic,country,1991,2033.582583032811
LAO,Lao People's Democratic Republic,country,1992,2088.020040832381
LAO,Lao People's Democratic Republic,country,1993,2152.276596640703
LAO,Lao People's Democratic Republic,country,1994,2267.782155213966
LAO,Lao People's Democratic Republic,country,1995,2368.054751825358
LAO,Lao People's Democratic Republic,country,1996,2473.772857531485
LAO,Lao People's Democratic Republic,country,1997,2589.207628641015
LAO,Lao People's Democratic Republic,country,1998,2642.566186995852
LAO,Lao People's Democratic Republic,country,1999,2786.520397034712
LAO,Lao People's Democratic Republic,country,2000,2899.019618797479
LAO,Lao People's Democratic Republic,country,2001,3015.632584806141
LAO,Lao People's Democratic Republic,country,2002,3143.223275795564
LAO,Lao People's Democratic Republic,country,2003,3282.985397127204
LAO,Lao People's Democratic Republic,country,2004,3441.169997065153
LAO,Lao People's Democratic Republic,country,2005,3630.55878769378
LAO,Lao People's Democratic Republic,country,2006,3881.537366326569
LAO,Lao People's Democratic Republic,country,2007,4112.253016597592
LAO,Lao People's Democratic Republic,country,2008,4367.162880257005
LAO,Lao People's Democratic Republic,country,2009,4625.07173324518
LAO,Lao People's Democratic Republic,country,2010,4946.105636781725
LAO,Lao People's Democratic Republic,country,2011,5266.878669242057
LAO,Lao People's Democratic Republic,country,2012,5608.969563370594
LAO,Lao People's Democratic Republic,country,2013,5974.473689434136
LAO,Lao People's Democratic Republic,country,2014,6341.212296703196
LAO,Lao People's Democratic Republic,country,2015,6703.741243488853
LAO,Lao People's Democratic Republic,country,2016,7063.255453479262
LAO,Lao People's Democratic Republic,country,2017,7432.459633048496
LAO,Lao People's Democratic Republic,country,2018,7775.08574451883
LAO,Lao People's Democratic Republic,country,2019,8075.275023770027
LAO,Lao People's Democratic Republic,country,2020,7995.595025278178
LAO,Lao People's Democratic Republic,country,2021,8080.435532499231
LAO,Lao People's Democratic Republic,country,2022,8183.032864726526
LAO,Lao People's Democratic Republic,country,2023,8372.155918744065
LAO,Lao People's Democratic Republic,country,2024,8600.324546656802
LAO,Lao People's Democratic Republic,country,2025,8872.69396186433
LBN,Lebanon,country,1990,5345.512097184129
LBN,Lebanon,country,1991,7828.172010776558
LBN,Lebanon,country,1992,8924.152645532711
LBN,Lebanon,country,1993,9695.315491827523
LBN,Lebanon,country,1994,10294.812771264
LBN,Lebanon,country,1995,10762.44269637762
LBN,Lebanon,country,1996,11757.28248879349
LBN,Lebanon,country,1997,11668.40068543725
LBN,Lebanon,country,1998,11885.30722784087
LBN,Lebanon,country,1999,11617.24977085381
LBN,Lebanon,country,2000,11571.73260410848
LBN,Lebanon,country,2001,11817.93050128441
LBN,Lebanon,country,2002,12053.83415638256
LBN,Lebanon,country,2003,12272.34406774967
LBN,Lebanon,country,2004,12882.0757995163
LBN,Lebanon,country,2005,13024.66489249561
LBN,Lebanon,country,2006,13003.68080390799
LBN,Lebanon,country,2007,13941.56142447672
LBN,Lebanon,country,2008,14955.14135632523
LBN,Lebanon,country,2009,16264.35061827061
LBN,Lebanon,country,2010,17390.75840129583
LBN,Lebanon,country,2011,17353.19608452942
LBN,Lebanon,country,2012,17323.30137642822
LBN,Lebanon,country,2013,16396.49693021634
LBN,Lebanon,country,2014,15205.873265402
LBN,Lebanon,country,2015,14980.02051561405
LBN,Lebanon,country,2016,15572.36117397737
LBN,Lebanon,country,2017,16128.58381960507
LBN,Lebanon,country,2018,16290.05164785917
LBN,Lebanon,country,2019,15659.56610400117
LBN,Lebanon,country,2020,12507.43663680785
LBN,Lebanon,country,2021,11599.77550837654
LBN,Lebanon,country,2022,11474.75058455584
LBN,Lebanon,country,2023,11330.26873874222
LBN,Lebanon,country,2024,10469.22109669316
LBN,Lebanon,country,2025,
LBR,Liberia,country,1990,1866.405481258332
LBR,Liberia,country,1991,1819.497852925218
LBR,Liberia,country,1992,1115.037708168518
LBR,Liberia,country,1993,718.6832388147643
LBR,Liberia,country,1994,563.6403611966473
LBR,Liberia,country,1995,534.8097151654064
LBR,Liberia,country,1996,582.6779825360925
LBR,Liberia,country,1997,1111.937602513708
LBR,Liberia,country,1998,1308.405683052936
LBR,Liberia,country,1999,1507.314702545942
LBR,Liberia,country,2000,1868.179755876176
LBR,Liberia,country,2001,1867.11910921753
LBR,Liberia,country,2002,1887.646015707326
LBR,Liberia,country,2003,1308.150901402741
LBR,Liberia,country,2004,1326.535655026949
LBR,Liberia,country,2005,1335.61728880785
LBR,Liberia,country,2006,1364.603473237093
LBR,Liberia,country,2007,1422.100196700045
LBR,Liberia,country,2008,1463.124081872974
LBR,Liberia,country,2009,1492.998173840529
LBR,Liberia,country,2010,1538.850834885123
LBR,Liberia,country,2011,1601.033740459957
LBR,Liberia,country,2012,1668.972895887763
LBR,Liberia,country,2013,1774.5205777394
LBR,Liberia,country,2014,1750.143848932803
LBR,Liberia,country,2015,1714.090479604636
LBR,Liberia,country,2016,1653.310502112331
LBR,Liberia,country,2017,1661.302907821714
LBR,Liberia,country,2018,1647.974437938465
LBR,Liberia,country,2019,1575.766650012378
LBR,Liberia,country,2020,1497.376924362723
LBR,Liberia,country,2021,1539.20892304674
LBR,Liberia,country,2022,1578.998370691749
LBR,Liberia,country,2023,1616.923733566953
LBR,Liberia,country,2024,1646.058613666008
LBR,Liberia,country,2025,1692.925911354751
LBY,Libya,country,1990,18126.58696126059
LBY,Libya,country,1991,20506.87626915782
LBY,Libya,country,1992,19538.138704794
LBY,Libya,country,1993,18434.64112846504
LBY,Libya,country,1994,18444.5133617859
LBY,Libya,country,1995,17723.26792110292
LBY,Libya,country,1996,17809.15192221706
LBY,Libya,country,1997,18451.69984513454
LBY,Libya,country,1998,17532.92610437553
LBY,Libya,country,1999,17402.5683820479
LBY,Libya,country,2000,17747.01888558321
LBY,Libya,country,2001,17115.98885642639
LBY,Libya,country,2002,16629.43643460045
LBY,Libya,country,2003,18422.73360324046
LBY,Libya,country,2004,18851.20391099632
LBY,Libya,country,2005,20649.46245801723
LBY,Libya,country,2006,21545.29863844188
LBY,Libya,country,2007,22422.01175947616
LBY,Libya,country,2008,21915.19762082735
LBY,Libya,country,2009,20518.96424128384
LBY,Libya,country,2010,21115.5259846154
LBY,Libya,country,2011,10741.92067519081
LBY,Libya,country,2012,20601.00266410003
LBY,Libya,country,2013,16557.50094166497
LBY,Libya,country,2014,12499.08299685231
LBY,Libya,country,2015,12195.34869904206
LBY,Libya,country,2016,11831.82576695593
LBY,Libya,country,2017,15428.11644118535
LBY,Libya,country,2018,16385.16447612699
LBY,Libya,country,2019,14337.19629875821
LBY,Libya,country,2020,9978.664001107427
LBY,Libya,country,2021,12641.50977140746
LBY,Libya,country,2022,11450.05985529284
LBY,Libya,country,2023,12476.59749440825
LBY,Libya,country,2024,12583.83387268161
LBY,Libya,country,2025,14118.20644185649
LCA,Saint Lucia,country,1990,17056.71849047046
LCA,Saint Lucia,country,1991,16916.72655769836
LCA,Saint Lucia,country,1992,17991.70932131062
LCA,Saint Lucia,country,1993,17831.09132398049
LCA,Saint Lucia,country,1994,17847.41376717553
LCA,Saint Lucia,country,1995,17875.41014111699
LCA,Saint Lucia,country,1996,18125.35755376727
LCA,Saint Lucia,country,1997,17747.90028591289
LCA,Saint Lucia,country,1998,18606.5360149924
LCA,Saint Lucia,country,1999,18856.57633556297
LCA,Saint Lucia,country,2000,18638.11770575504
LCA,Saint Lucia,country,2001,17820.79643129508
LCA,Saint Lucia,country,2002,17739.57667797234
LCA,Saint Lucia,country,2003,18344.59192580714
LCA,Saint Lucia,country,2004,19526.44613697182
LCA,Saint Lucia,country,2005,19303.99213151265
LCA,Saint Lucia,country,2006,20353.65337201877
LCA,Saint Lucia,country,2007,20559.89748301188
LCA,Saint Lucia,country,2008,21443.25929778409
LCA,Saint Lucia,country,2009,20706.50552762303
LCA,Saint Lucia,country,2010,20648.78610457647
LCA,Saint Lucia,country,2011,21430.02259480148
LCA,Saint Lucia,country,2012,21309.22512962948
LCA,Saint Lucia,country,2013,20827.28860258491
LCA,Saint Lucia,country,2014,21010.69819198946
LCA,Saint Lucia,country,2015,20939.88103123641
LCA,Saint Lucia,country,2016,21566.30587995746
LCA,Saint Lucia,country,2017,22207.21310412631
LCA,Saint Lucia,country,2018,22761.16134614472
LCA,Saint Lucia,country,2019,22445.2080507874
LCA,Saint Lucia,country,2020,17247.9578674753
LCA,Saint Lucia,country,2021,19141.3272253168
LCA,Saint Lucia,country,2022,22811.25244803831
LCA,Saint Lucia,country,2023,23636.02659402529
LCA,Saint Lucia,country,2024,24699.9694711589
LCA,Saint Lucia,country,2025,24502.96286412765
LIC,Low income,benchmark,1990,1861.436395500505
LIC,Low income,benchmark,1991,1835.505419844668
LIC,Low income,benchmark,1992,1779.986754129833
LIC,Low income,benchmark,1993,1746.574701228991
LIC,Low income,benchmark,1994,1711.926270165068
LIC,Low income,benchmark,1995,1746.148688624126
LIC,Low income,benchmark,1996,1802.881145992181
LIC,Low income,benchmark,1997,1857.39678230419
LIC,Low income,benchmark,1998,1879.341328971046
LIC,Low income,benchmark,1999,1855.173296540555
LIC,Low income,benchmark,2000,1848.072023669579
LIC,Low income,benchmark,2001,1879.891857416365
LIC,Low income,benchmark,2002,1938.903733331196
LIC,Low income,benchmark,2003,1962.858390119739
LIC,Low income,benchmark,2004,2037.735590206322
LIC,Low income,benchmark,2005,2117.245395310897
LIC,Low income,benchmark,2006,2183.706292056108
LIC,Low income,benchmark,2007,2267.436524629767
LIC,Low income,benchmark,2008,2332.31935449671
LIC,Low income,benchmark,2009,2363.645325517687
LIC,Low income,benchmark,2010,2461.603848783288
LIC,Low income,benchmark,2011,2471.469900922465
LIC,Low income,benchmark,2012,2314.690287039701
LIC,Low income,benchmark,2013,2284.047709887272
LIC,Low income,benchmark,2014,2312.397851993313
LIC,Low income,benchmark,2015,2349.580223169019
LIC,Low income,benchmark,2016,2367.134355839316
LIC,Low income,benchmark,2017,2398.91418465668
LIC,Low income,benchmark,2018,2422.641615647512
LIC,Low income,benchmark,2019,2449.562696586656
LIC,Low income,benchmark,2020,2399.29922464841
LIC,Low income,benchmark,2021,2374.749132690384
LIC,Low income,benchmark,2022,2395.91599638187
LIC,Low income,benchmark,2023,2365.062993033993
LIC,Low income,benchmark,2024,2395.991098554282
LIC,Low income,benchmark,2025,2481.013155957194
LIE,Liechtenstein,country,1990,
LIE,Liechtenstein,country,1991,
LIE,Liechtenstein,country,1992,
LIE,Liechtenstein,country,1993,
LIE,Liechtenstein,country,1994,
LIE,Liechtenstein,country,1995,
LIE,Liechtenstein,country,1996,
LIE,Liechtenstein,country,1997,
LIE,Liechtenstein,country,1998,
LIE,Liechtenstein,country,1999,
LIE,Liechtenstein,country,2000,
LIE,Liechtenstein,country,2001,
LIE,Liechtenstein,country,2002,
LIE,Liechtenstein,country,2003,
LIE,Liechtenstein,country,2004,
LIE,Liechtenstein,country,2005,
LIE,Liechtenstein,country,2006,
LIE,Liechtenstein,country,2007,
LIE,Liechtenstein,country,2008,
LIE,Liechtenstein,country,2009,
LIE,Liechtenstein,country,2010,
LIE,Liechtenstein,country,2011,
LIE,Liechtenstein,country,2012,
LIE,Liechtenstein,country,2013,
LIE,Liechtenstein,country,2014,
LIE,Liechtenstein,country,2015,
LIE,Liechtenstein,country,2016,
LIE,Liechtenstein,country,2017,
LIE,Liechtenstein,country,2018,
LIE,Liechtenstein,country,2019,
LIE,Liechtenstein,country,2020,
LIE,Liechtenstein,country,2021,
LIE,Liechtenstein,country,2022,
LIE,Liechtenstein,country,2023,
LIE,Liechtenstein,country,2024,
LIE,Liechtenstein,country,2025,
LKA,Sri Lanka,country,1990,4561.579132604912
LKA,Sri Lanka,country,1991,4735.819400226941
LKA,Sri Lanka,country,1992,4866.239411521259
LKA,Sri Lanka,country,1993,5114.436303958886
LKA,Sri Lanka,country,1994,5322.729631260429
LKA,Sri Lanka,country,1995,5523.312253928174
LKA,Sri Lanka,country,1996,5624.02393649431
LKA,Sri Lanka,country,1997,5871.722975560484
LKA,Sri Lanka,country,1998,6032.622126292457
LKA,Sri Lanka,country,1999,6176.235484546668
LKA,Sri Lanka,country,2000,6428.613418891281
LKA,Sri Lanka,country,2001,6230.030518635589
LKA,Sri Lanka,country,2002,6409.862788921148
LKA,Sri Lanka,country,2003,6741.012488480237
LKA,Sri Lanka,country,2004,7059.910980671019
LKA,Sri Lanka,country,2005,7452.742341229704
LKA,Sri Lanka,country,2006,7970.664910193901
LKA,Sri Lanka,country,2007,8454.206753315046
LKA,Sri Lanka,country,2008,8897.826860050161
LKA,Sri Lanka,country,2009,9156.319064812642
LKA,Sri Lanka,country,2010,9832.186223352654
LKA,Sri Lanka,country,2011,10618.4925999722
LKA,Sri Lanka,country,2012,11447.69377377823
LKA,Sri Lanka,country,2013,12249.7223347846
LKA,Sri Lanka,country,2014,12909.96630681131
LKA,Sri Lanka,country,2015,13329.77934388203
LKA,Sri Lanka,country,2016,13845.61467822182
LKA,Sri Lanka,country,2017,14572.48582146164
LKA,Sri Lanka,country,2018,14759.82489452264
LKA,Sri Lanka,country,2019,14637.44429126759
LKA,Sri Lanka,country,2020,13886.6513728689
LKA,Sri Lanka,country,2021,14316.13522255667
LKA,Sri Lanka,country,2022,13249.06505052013
LKA,Sri Lanka,country,2023,13065.06983057223
LKA,Sri Lanka,country,2024,13793.06698276772
LKA,Sri Lanka,country,2025,14582.76037403737
LMC,Lower middle income,benchmark,1990,3056.242898272268
LMC,Lower middle income,benchmark,1991,3042.824838956258
LMC,Lower middle income,benchmark,1992,3087.953287818278
LMC,Lower middle income,benchmark,1993,3083.367543789925
LMC,Lower middle income,benchmark,1994,3135.324398843944
LMC,Lower middle income,benchmark,1995,3227.69254959929
LMC,Lower middle income,benchmark,1996,3361.066105274469
LMC,Lower middle income,benchmark,1997,3416.431021766277
LMC,Lower middle income,benchmark,1998,3513.100790443126
LMC,Lower middle income,benchmark,1999,3645.891627442403
LMC,Lower middle income,benchmark,2000,3721.155830046684
LMC,Lower middle income,benchmark,2001,3811.503350960937
LMC,Lower middle income,benchmark,2002,3905.266096436312
LMC,Lower middle income,benchmark,2003,4065.502361563514
LMC,Lower middle income,benchmark,2004,4274.696102290247
LMC,Lower middle income,benchmark,2005,4484.763740231392
LMC,Lower middle income,benchmark,2006,4721.627385275546
LMC,Lower middle income,benchmark,2007,4960.878329707
LMC,Lower middle income,benchmark,2008,5091.433248564679
LMC,Lower middle income,benchmark,2009,5327.716397261785
LMC,Lower middle income,benchmark,2010,5602.460490379494
LMC,Lower middle income,benchmark,2011,5768.541268541032
LMC,Lower middle income,benchmark,2012,5959.123805665114
LMC,Lower middle income,benchmark,2013,6197.543092452325
LMC,Lower middle income,benchmark,2014,6478.862259936934
LMC,Lower middle income,benchmark,2015,6770.175504506679
LMC,Lower middle income,benchmark,2016,7060.833225681019
LMC,Lower middle income,benchmark,2017,7336.66033715744
LMC,Lower middle income,benchmark,2018,7634.725986898988
LMC,Lower middle income,benchmark,2019,7828.888165624426
LMC,Lower middle income,benchmark,2020,7421.092294980102
LMC,Lower middle income,benchmark,2021,7838.34718454926
LMC,Lower middle income,benchmark,2022,8239.029631627061
LMC,Lower middle income,benchmark,2023,8575.834068293392
LMC,Lower middle income,benchmark,2024,8930.712506431648
LMC,Lower middle income,benchmark,2025,9350.30085073697
LSO,Lesotho,country,1990,1422.150568812839
LSO,Lesotho,country,1991,1494.240324467769
LSO,Lesotho,country,1992,1571.827042031404
LSO,Lesotho,country,1993,1602.596332390953
LSO,Lesotho,country,1994,1675.597723242203
LSO,Lesotho,country,1995,1709.694335129395
LSO,Lesotho,country,1996,1786.182290166
LSO,Lesotho,country,1997,1837.696570499663
LSO,Lesotho,country,1998,1856.690784887138
LSO,Lesotho,country,1999,1860.700521786124
LSO,Lesotho,country,2000,1932.157932234147
LSO,Lesotho,country,2001,2004.033502159552
LSO,Lesotho,country,2002,2024.787273048636
LSO,Lesotho,country,2003,2127.373021601323
LSO,Lesotho,country,2004,2178.66474674332
LSO,Lesotho,country,2005,2275.016144192558
LSO,Lesotho,country,2006,2381.020245620732
LSO,Lesotho,country,2007,2470.314621278854
LSO,Lesotho,country,2008,2589.166358546858
LSO,Lesotho,country,2009,2538.193417518542
LSO,Lesotho,country,2010,2651.378048982262
LSO,Lesotho,country,2011,2749.319581665728
LSO,Lesotho,country,2012,2894.227050481422
LSO,Lesotho,country,2013,2914.375159667385
LSO,Lesotho,country,2014,2930.617240362057
LSO,Lesotho,country,2015,2986.958667298789
LSO,Lesotho,country,2016,3057.260915681621
LSO,Lesotho,country,2017,2924.680961932725
LSO,Lesotho,country,2018,2846.418281246494
LSO,Lesotho,country,2019,2773.286398872358
LSO,Lesotho,country,2020,2517.110444865932
LSO,Lesotho,country,2021,2544.782495512141
LSO,Lesotho,country,2022,2577.545441277691
LSO,Lesotho,country,2023,2592.457012952601
LSO,Lesotho,country,2024,2697.627384366472
LSO,Lesotho,country,2025,2720.957376534121
LTU,Lithuania,country,1990,20594.06237790424
LTU,Lithuania,country,1991,19392.19506579627
LTU,Lithuania,country,1992,15286.20396473814
LTU,Lithuania,country,1993,12866.58978961962
LTU,Lithuania,country,1994,11690.88610517247
LTU,Lithuania,country,1995,12168.83326954778
LTU,Lithuania,country,1996,12878.10014682091
LTU,Lithuania,country,1997,14050.34987877101
LTU,Lithuania,country,1998,15208.69785307013
LTU,Lithuania,country,1999,15148.95703256373
LTU,Lithuania,country,2000,15777.42938002362
LTU,Lithuania,country,2001,16939.46705922496
LTU,Lithuania,country,2002,18223.47826202152
LTU,Lithuania,country,2003,20310.71195823216
LTU,Lithuania,country,2004,21875.60857962236
LTU,Lithuania,country,2005,23953.81506817022
LTU,Lithuania,country,2006,26139.2837773621
LTU,Lithuania,country,2007,29381.95214649707
LTU,Lithuania,country,2008,30457.36825434358
LTU,Lithuania,country,2009,26227.52302010392
LTU,Lithuania,country,2010,26897.72437023378
LTU,Lithuania,country,2011,29251.87747185385
LTU,Lithuania,country,2012,30932.09831802608
LTU,Lithuania,country,2013,32487.0008217277
LTU,Lithuania,country,2014,33988.01489511976
LTU,Lithuania,country,2015,35264.71492483163
LTU,Lithuania,country,2016,36632.08327984384
LTU,Lithuania,country,2017,38789.24631790354
LTU,Lithuania,country,2018,41035.40181527325
LTU,Lithuania,country,2019,43078.71185854611
LTU,Lithuania,country,2020,43108.19760602826
LTU,Lithuania,country,2021,45897.37150263274
LTU,Lithuania,country,2022,46642.59472510857
LTU,Lithuania,country,2023,46333.90069652061
LTU,Lithuania,country,2024,47462.0039386975
LTU,Lithuania,country,2025,48839.54364529478
LUX,Luxembourg,country,1990,81455.03122649572
LUX,Luxembourg,country,1991,87318.49766928676
LUX,Luxembourg,country,1992,87734.20298423522
LUX,Luxembourg,country,1993,90200.60127092121
LUX,Luxembourg,country,1994,92380.41629450649
LUX,Luxembourg,country,1995,92396.3982654612
LUX,Luxembourg,country,1996,92421.5791788935
LUX,Luxembourg,country,1997,96216.90386881835
LUX,Luxembourg,country,1998,101369.8233966096
LUX,Luxembourg,country,1999,108186.8529730757
LUX,Luxembourg,country,2000,114148.3539076448
LUX,Luxembourg,country,2001,116265.2303691615
LUX,Luxembourg,country,2002,118764.3315072376
LUX,Luxembourg,country,2003,120403.0020179328
LUX,Luxembourg,country,2004,123725.7551225358
LUX,Luxembourg,country,2005,124871.9525232564
LUX,Luxembourg,country,2006,130290.1740827507
LUX,Luxembourg,country,2007,138683.3198528784
LUX,Luxembourg,country,2008,135814.6088623544
LUX,Luxembourg,country,2009,129004.5089488775
LUX,Luxembourg,country,2010,131434.360018803
LUX,Luxembourg,country,2011,129887.6269628733
LUX,Luxembourg,country,2012,128897.4032185065
LUX,Luxembourg,country,2013,129947.3361841963
LUX,Luxembourg,country,2014,130249.5504827587
LUX,Luxembourg,country,2015,130097.338289025
LUX,Luxembourg,country,2016,133661.734541281
LUX,Luxembourg,country,2017,132169.8295761743
LUX,Luxembourg,country,2018,131733.8844714893
LUX,Luxembourg,country,2019,132724.754668303
LUX,Luxembourg,country,2020,129865.6318711237
LUX,Luxembourg,country,2021,136772.4437532917
LUX,Luxembourg,country,2022,132570.8322726262
LUX,Luxembourg,country,2023,130048.9222731472
LUX,Luxembourg,country,2024,128475.2835404148
LUX,Luxembourg,country,2025,127420.6016251653
LVA,Latvia,country,1990,17508.78710053991
LVA,Latvia,country,1991,15376.09118581366
LVA,Latvia,country,1992,10582.20746164532
LVA,Latvia,country,1993,10255.14193015655
LVA,Latvia,country,1994,10656.609005478
LVA,Latvia,country,1995,10707.51499690065
LVA,Latvia,country,1996,11077.86184225967
LVA,Latvia,country,1997,12215.01519401886
LVA,Latvia,country,1998,13138.40125242551
LVA,Latvia,country,1999,13619.09879948504
LVA,Latvia,country,2000,14554.21317240369
LVA,Latvia,country,2001,15695.90671815301
LVA,Latvia,country,2002,17096.5594440255
LVA,Latvia,country,2003,18717.66755255377
LVA,Latvia,country,2004,20574.11820125104
LVA,Latvia,country,2005,23213.35393558806
LVA,Latvia,country,2006,26431.81402227665
LVA,Latvia,country,2007,29423.73712350628
LVA,Latvia,country,2008,28726.97228695216
LVA,Latvia,country,2009,24520.67914754886
LVA,Latvia,country,2010,24119.73078489392
LVA,Latvia,country,2011,25308.7322074626
LVA,Latvia,country,2012,27496.54545836354
LVA,Latvia,country,2013,28375.18428872629
LVA,Latvia,country,2014,29243.74125026286
LVA,Latvia,country,2015,30599.61331341473
LVA,Latvia,country,2016,31668.51484426617
LVA,Latvia,country,2017,33036.39159434369
LVA,Latvia,country,2018,34729.70627630565
LVA,Latvia,country,2019,35208.19345908587
LVA,Latvia,country,2020,34225.89760440581
LVA,Latvia,country,2021,36912.01306021606
LVA,Latvia,country,2022,37718.70979583672
LVA,Latvia,country,2023,37277.72172213173
LVA,Latvia,country,2024,37615.07624507436
LVA,Latvia,country,2025,38800.54252818721
MAC,"China, Macao Special Administrative Region",country,1990,55300.74426498883
MAC,"China, Macao Special Administrative Region",country,1991,54602.05449016213
MAC,"China, Macao Special Administrative Region",country,1992,58652.78991949283
MAC,"China, Macao Special Administrative Region",country,1993,59589.97590951596
MAC,"China, Macao Special Administrative Region",country,1994,60120.6582440409
MAC,"China, Macao Special Administrative Region",country,1995,60205.70863941471
MAC,"China, Macao Special Administrative Region",country,1996,59115.23361383356
MAC,"China, Macao Special Administrative Region",country,1997,58639.5250296819
MAC,"China, Macao Special Administrative Region",country,1998,55296.50076449855
MAC,"China, Macao Special Administrative Region",country,1999,53348.01269156553
MAC,"China, Macao Special Administrative Region",country,2000,55994.76069799298
MAC,"China, Macao Special Administrative Region",country,2001,57173.85909870629
MAC,"China, Macao Special Administrative Region",country,2002,61625.95600681142
MAC,"China, Macao Special Administrative Region",country,2003,67994.77752645897
MAC,"China, Macao Special Administrative Region",country,2004,84004.45580613024
MAC,"China, Macao Special Administrative Region",country,2005,87185.52544415533
MAC,"China, Macao Special Administrative Region",country,2006,93828.31987584167
MAC,"China, Macao Special Administrative Region",country,2007,102879.6391645585
MAC,"China, Macao Special Administrative Region",country,2008,102474.6685629261
MAC,"China, Macao Special Administrative Region",country,2009,104911.1403364621
MAC,"China, Macao Special Administrative Region",country,2010,130758.2806978998
MAC,"China, Macao Special Administrative Region",country,2011,155385.3242085412
MAC,"China, Macao Special Administrative Region",country,2012,164239.2619234566
MAC,"China, Macao Special Administrative Region",country,2013,174569.5231712668
MAC,"China, Macao Special Administrative Region",country,2014,162813.4393485893
MAC,"China, Macao Special Administrative Region",country,2015,123194.0672912747
MAC,"China, Macao Special Administrative Region",country,2016,120530.0528583142
MAC,"China, Macao Special Administrative Region",country,2017,133322.6326777444
MAC,"China, Macao Special Administrative Region",country,2018,139541.1572487692
MAC,"China, Macao Special Administrative Region",country,2019,133453.8960260373
MAC,"China, Macao Special Administrative Region",country,2020,59662.48558645506
MAC,"China, Macao Special Administrative Region",country,2021,73374.44868295889
MAC,"China, Macao Special Administrative Region",country,2022,59921.44169187301
MAC,"China, Macao Special Administrative Region",country,2023,104815.20003062
MAC,"China, Macao Special Administrative Region",country,2024,111693.5028314344
MAC,"China, Macao Special Administrative Region",country,2025,117098.2748455181
MAF,Saint Martin (French Part),country,1990,
MAF,Saint Martin (French Part),country,1991,
MAF,Saint Martin (French Part),country,1992,
MAF,Saint Martin (French Part),country,1993,
MAF,Saint Martin (French Part),country,1994,
MAF,Saint Martin (French Part),country,1995,
MAF,Saint Martin (French Part),country,1996,
MAF,Saint Martin (French Part),country,1997,
MAF,Saint Martin (French Part),country,1998,
MAF,Saint Martin (French Part),country,1999,
MAF,Saint Martin (French Part),country,2000,
MAF,Saint Martin (French Part),country,2001,
MAF,Saint Martin (French Part),country,2002,
MAF,Saint Martin (French Part),country,2003,
MAF,Saint Martin (French Part),country,2004,
MAF,Saint Martin (French Part),country,2005,
MAF,Saint Martin (French Part),country,2006,
MAF,Saint Martin (French Part),country,2007,
MAF,Saint Martin (French Part),country,2008,
MAF,Saint Martin (French Part),country,2009,
MAF,Saint Martin (French Part),country,2010,
MAF,Saint Martin (French Part),country,2011,
MAF,Saint Martin (French Part),country,2012,
MAF,Saint Martin (French Part),country,2013,
MAF,Saint Martin (French Part),country,2014,
MAF,Saint Martin (French Part),country,2015,
MAF,Saint Martin (French Part),country,2016,
MAF,Saint Martin (French Part),country,2017,
MAF,Saint Martin (French Part),country,2018,
MAF,Saint Martin (French Part),country,2019,
MAF,Saint Martin (French Part),country,2020,
MAF,Saint Martin (French Part),country,2021,
MAF,Saint Martin (French Part),country,2022,
MAF,Saint Martin (French Part),country,2023,
MAF,Saint Martin (French Part),country,2024,
MAF,Saint Martin (French Part),country,2025,
MAR,Morocco,country,1990,4418.66015625
MAR,Morocco,country,1991,4656.1259765625
MAR,Morocco,country,1992,4483.24951171875
MAR,Morocco,country,1993,4379.76416015625
MAR,Morocco,country,1994,4771.0927734375
MAR,Morocco,country,1995,4444.228515625
MAR,Morocco,country,1996,4916.47998046875
MAR,Morocco,country,1997,4766.1103515625
MAR,Morocco,country,1998,5033.92333984375
MAR,Morocco,country,1999,5043.6650390625
MAR,Morocco,country,2000,5100.11572265625
MAR,Morocco,country,2001,5417.57861328125
MAR,Morocco,country,2002,5544.07177734375
MAR,Morocco,country,2003,5810.05322265625
MAR,Morocco,country,2004,5996.39013671875
MAR,Morocco,country,2005,6103.42236328125
MAR,Morocco,country,2006,6488.673828125
MAR,Morocco,country,2007,6620.59033203125
MAR,Morocco,country,2008,6901.95068359375
MAR,Morocco,country,2009,7063.72705078125
MAR,Morocco,country,2010,7210.63671875
MAR,Morocco,country,2011,7503.79296875
MAR,Morocco,country,2012,7628.64404296875
MAR,Morocco,country,2013,7839.0322265625
MAR,Morocco,country,2014,7951.79833984375
MAR,Morocco,country,2015,8198.80859375
MAR,Morocco,country,2016,8141.9404296875
MAR,Morocco,country,2017,8450.0087890625
MAR,Morocco,country,2018,8611.75
MAR,Morocco,country,2019,8768.17578125
MAR,Morocco,country,2020,8054.56298828125
MAR,Morocco,country,2021,8623.265625
MAR,Morocco,country,2022,8690.4482421875
MAR,Morocco,country,2023,8915.3515625
MAR,Morocco,country,2024,9162.7470703125
MAR,Morocco,country,2025,9495.4052734375
MCO,Monaco,country,1990,
MCO,Monaco,country,1991,
MCO,Monaco,country,1992,
MCO,Monaco,country,1993,
MCO,Monaco,country,1994,
MCO,Monaco,country,1995,
MCO,Monaco,country,1996,
MCO,Monaco,country,1997,
MCO,Monaco,country,1998,
MCO,Monaco,country,1999,
MCO,Monaco,country,2000,
MCO,Monaco,country,2001,
MCO,Monaco,country,2002,
MCO,Monaco,country,2003,
MCO,Monaco,country,2004,
MCO,Monaco,country,2005,
MCO,Monaco,country,2006,
MCO,Monaco,country,2007,
MCO,Monaco,country,2008,
MCO,Monaco,country,2009,
MCO,Monaco,country,2010,
MCO,Monaco,country,2011,
MCO,Monaco,country,2012,
MCO,Monaco,country,2013,
MCO,Monaco,country,2014,
MCO,Monaco,country,2015,
MCO,Monaco,country,2016,
MCO,Monaco,country,2017,
MCO,Monaco,country,2018,
MCO,Monaco,country,2019,
MCO,Monaco,country,2020,
MCO,Monaco,country,2021,
MCO,Monaco,country,2022,
MCO,Monaco,country,2023,
MCO,Monaco,country,2024,
MCO,Monaco,country,2025,
MDA,Republic of Moldova,country,1990,15902.89432322782
MDA,Republic of Moldova,country,1991,13342.06002379623
MDA,Republic of Moldova,country,1992,9461.427726065775
MDA,Republic of Moldova,country,1993,9363.593099351179
MDA,Republic of Moldova,country,1994,6490.353102717693
MDA,Republic of Moldova,country,1995,6428.839794487521
MDA,Republic of Moldova,country,1996,6063.140516936644
MDA,Republic of Moldova,country,1997,6185.839524732319
MDA,Republic of Moldova,country,1998,5783.485937514826
MDA,Republic of Moldova,country,1999,5597.465128502955
MDA,Republic of Moldova,country,2000,5727.079225253518
MDA,Republic of Moldova,country,2001,6090.03474356112
MDA,Republic of Moldova,country,2002,6580.278414368378
MDA,Republic of Moldova,country,2003,7034.357849116869
MDA,Republic of Moldova,country,2004,7573.617845475095
MDA,Republic of Moldova,country,2005,8161.473447247648
MDA,Republic of Moldova,country,2006,8577.028580372862
MDA,Republic of Moldova,country,2007,8854.833976167243
MDA,Republic of Moldova,country,2008,9563.698142909387
MDA,Republic of Moldova,country,2009,9001.234320816216
MDA,Republic of Moldova,country,2010,9649.950993027102
MDA,Republic of Moldova,country,2011,10217.30877612553
MDA,Republic of Moldova,country,2012,10158.38546768829
MDA,Republic of Moldova,country,2013,11080.06345853405
MDA,Republic of Moldova,country,2014,11641.12084365769
MDA,Republic of Moldova,country,2015,11691.0797484184
MDA,Republic of Moldova,country,2016,12377.36667839404
MDA,Republic of Moldova,country,2017,13118.82193696054
MDA,Republic of Moldova,country,2018,13895.50436556919
MDA,Republic of Moldova,country,2019,14621.24013622859
MDA,Republic of Moldova,country,2020,13559.26002174829
MDA,Republic of Moldova,country,2021,15682.07032846535
MDA,Republic of Moldova,country,2022,15350.31204083912
MDA,Republic of Moldova,country,2023,15980.56688898556
MDA,Republic of Moldova,country,2024,16393.86332571838
MDA,Republic of Moldova,country,2025,17087.18740448192
MDG,Madagascar,country,1990,1968.272397714236
MDG,Madagascar,country,1991,1789.841693662488
MDG,Madagascar,country,1992,1757.294597752594
MDG,Madagascar,country,1993,1740.295135942031
MDG,Madagascar,country,1994,1686.341908333515
MDG,Madagascar,country,1995,1661.270624670609
MDG,Madagascar,country,1996,1643.325796288905
MDG,Madagascar,country,1997,1649.448090063059
MDG,Madagascar,country,1998,1658.888492530661
MDG,Madagascar,country,1999,1681.359332264931
MDG,Madagascar,country,2000,1701.443202535824
MDG,Madagascar,country,2001,1748.503509291777
MDG,Madagascar,country,2002,1486.434297417711
MDG,Madagascar,country,2003,1584.74925232364
MDG,Madagascar,country,2004,1620.119537932931
MDG,Madagascar,country,2005,1648.176315540089
MDG,Madagascar,country,2006,1686.863354600165
MDG,Madagascar,country,2007,1731.617517949756
MDG,Madagascar,country,2008,1794.402358873292
MDG,Madagascar,country,2009,1673.155514667233
MDG,Madagascar,country,2010,1635.245114730588
MDG,Madagascar,country,2011,1614.551377737849
MDG,Madagascar,country,2012,1617.79082882481
MDG,Madagascar,country,2013,1610.602307896598
MDG,Madagascar,country,2014,1620.357889066004
MDG,Madagascar,country,2015,1627.580613422402
MDG,Madagascar,country,2016,1648.912269792958
MDG,Madagascar,country,2017,1669.727642672779
MDG,Madagascar,country,2018,1678.786232694912
MDG,Madagascar,country,2019,1707.83153830039
MDG,Madagascar,country,2020,1545.727143792039
MDG,Madagascar,country,2021,1577.432460565288
MDG,Madagascar,country,2022,1602.428051975288
MDG,Madagascar,country,2023,1629.605522548898
MDG,Madagascar,country,2024,1659.150307701943
MDG,Madagascar,country,2025,1668.477023308542
MDV,Maldives,country,1990,8945.804786652769
MDV,Maldives,country,1991,8799.255109274623
MDV,Maldives,country,1992,9120.9918309279
MDV,Maldives,country,1993,9378.522436530429
MDV,Maldives,country,1994,9866.075028369925
MDV,Maldives,country,1995,10894.17302365851
MDV,Maldives,country,1996,11495.09886390628
MDV,Maldives,country,1997,12210.96872089158
MDV,Maldives,country,1998,12884.72231937627
MDV,Maldives,country,1999,13449.20267301528
MDV,Maldives,country,2000,13738.28094088754
MDV,Maldives,country,2001,12977.99906656117
MDV,Maldives,country,2002,13689.80655619492
MDV,Maldives,country,2003,15316.11928149985
MDV,Maldives,country,2004,15958.65577594636
MDV,Maldives,country,2005,13942.87538916618
MDV,Maldives,country,2006,16829.97682081569
MDV,Maldives,country,2007,17439.95048626253
MDV,Maldives,country,2008,18344.48664554361
MDV,Maldives,country,2009,16230.00893612635
MDV,Maldives,country,2010,16730.01442001671
MDV,Maldives,country,2011,17581.76766977516
MDV,Maldives,country,2012,17390.14749954217
MDV,Maldives,country,2013,17986.89073616452
MDV,Maldives,country,2014,18765.35921183438
MDV,Maldives,country,2015,18829.44815291115
MDV,Maldives,country,2016,19345.17923435409
MDV,Maldives,country,2017,20036.71653549491
MDV,Maldives,country,2018,21072.58052496942
MDV,Maldives,country,2019,21855.50122457897
MDV,Maldives,country,2020,14242.97507011623
MDV,Maldives,country,2021,19052.62249043106
MDV,Maldives,country,2022,21357.81125111531
MDV,Maldives,country,2023,22333.04771381746
MDV,Maldives,country,2024,23034.40984048391
MDV,Maldives,country,2025,24401.31592536352
MEX,Mexico,country,1990,17169.59258597953
MEX,Mexico,country,1991,17511.73131124919
MEX,Mexico,country,1992,17796.40596628665
MEX,Mexico,country,1993,17970.58718696931
MEX,Mexico,country,1994,18422.81992962673
MEX,Mexico,country,1995,17028.12150228367
MEX,Mexico,country,1996,17775.87278891278
MEX,Mexico,country,1997,18737.64264642921
MEX,Mexico,country,1998,19573.06545613279
MEX,Mexico,country,1999,19793.28528632927
MEX,Mexico,country,2000,20470.49376691576
MEX,Mexico,country,2001,20078.21839313071
MEX,Mexico,country,2002,19744.7933675609
MEX,Mexico,country,2003,19701.46338987137
MEX,Mexico,country,2004,20127.22429029681
MEX,Mexico,country,2005,20277.2552852007
MEX,Mexico,country,2006,20965.82560870441
MEX,Mexico,country,2007,21102.26883383487
MEX,Mexico,country,2008,20992.56026623639
MEX,Mexico,country,2009,19385.54372518774
MEX,Mexico,country,2010,20058.38548823014
MEX,Mexico,country,2011,20457.6001677783
MEX,Mexico,country,2012,20898.93572090796
MEX,Mexico,country,2013,20805.34804065642
MEX,Mexico,country,2014,21069.76616538862
MEX,Mexico,country,2015,21408.92832161953
MEX,Mexico,country,2016,21578.26335412599
MEX,Mexico,country,2017,21777.52251272752
MEX,Mexico,country,2018,21997.77302194944
MEX,Mexico,country,2019,21704.18595274795
MEX,Mexico,country,2020,19728.48178274552
MEX,Mexico,country,2021,20782.58774409054
MEX,Mexico,country,2022,21391.85736988454
MEX,Mexico,country,2023,21864.92361041453
MEX,Mexico,country,2024,21970.35204129263
MEX,Mexico,country,2025,21911.92928427468
MHL,Marshall Islands,country,1990,3906.086266887624
MHL,Marshall Islands,country,1991,3828.954088689032
MHL,Marshall Islands,country,1992,4029.857525528563
MHL,Marshall Islands,country,1993,4207.948864874634
MHL,Marshall Islands,country,1994,4397.478020096976
MHL,Marshall Islands,country,1995,4704.035699645673
MHL,Marshall Islands,country,1996,4175.348835419712
MHL,Marshall Islands,country,1997,3867.838385762876
MHL,Marshall Islands,country,1998,3806.374558657598
MHL,Marshall Islands,country,1999,3719.287607616231
MHL,Marshall Islands,country,2000,3772.699131929987
MHL,Marshall Islands,country,2001,4001.243120594542
MHL,Marshall Islands,country,2002,4122.367771862344
MHL,Marshall Islands,country,2003,4041.172843584045
MHL,Marshall Islands,country,2004,4012.85859698975
MHL,Marshall Islands,country,2005,4075.680792803604
MHL,Marshall Islands,country,2006,4076.098630457005
MHL,Marshall Islands,country,2007,4222.953935376435
MHL,Marshall Islands,country,2008,3903.805713234231
MHL,Marshall Islands,country,2009,4047.745372435312
MHL,Marshall Islands,country,2010,4269.905460450605
MHL,Marshall Islands,country,2011,4259.66173142969
MHL,Marshall Islands,country,2012,4244.588128386116
MHL,Marshall Islands,country,2013,4470.426300928426
MHL,Marshall Islands,country,2014,4492.567492118208
MHL,Marshall Islands,country,2015,4670.707557855773
MHL,Marshall Islands,country,2016,4897.149340020377
MHL,Marshall Islands,country,2017,5200.010665324851
MHL,Marshall Islands,country,2018,5636.029549376721
MHL,Marshall Islands,country,2019,6405.896323871048
MHL,Marshall Islands,country,2020,6418.006638224163
MHL,Marshall Islands,country,2021,6768.82579129624
MHL,Marshall Islands,country,2022,6937.753570505137
MHL,Marshall Islands,country,2023,6774.782655783783
MHL,Marshall Islands,country,2024,7236.867937664897
MHL,Marshall Islands,country,2025,7660.376955911684
MIC,Middle income,benchmark,1990,4646.259571512851
MIC,Middle income,benchmark,1991,4648.014309997311
MIC,Middle income,benchmark,1992,4722.096774979862
MIC,Middle income,benchmark,1993,4819.032140895398
MIC,Middle income,benchmark,1994,4921.839610529953
MIC,Middle income,benchmark,1995,5045.749812532754
MIC,Middle income,benchmark,1996,5255.641182307549
MIC,Middle income,benchmark,1997,5436.382293902389
MIC,Middle income,benchmark,1998,5503.338495233905
MIC,Middle income,benchmark,1999,5622.726766577452
MIC,Middle income,benchmark,2000,5839.156886600756
MIC,Middle income,benchmark,2001,5965.067059015601
MIC,Middle income,benchmark,2002,6156.315747072201
MIC,Middle income,benchmark,2003,6424.206023848427
MIC,Middle income,benchmark,2004,6820.505383136055
MIC,Middle income,benchmark,2005,7201.400531866852
MIC,Middle income,benchmark,2006,7665.317717240368
MIC,Middle income,benchmark,2007,8197.992684908846
MIC,Middle income,benchmark,2008,8535.840909468081
MIC,Middle income,benchmark,2009,8733.861635288822
MIC,Middle income,benchmark,2010,9296.317784187928
MIC,Middle income,benchmark,2011,9737.81435931152
MIC,Middle income,benchmark,2012,10125.51094914796
MIC,Middle income,benchmark,2013,10542.02667405205
MIC,Middle income,benchmark,2014,10935.25328612526
MIC,Middle income,benchmark,2015,11307.91801378046
MIC,Middle income,benchmark,2016,11720.82225797278
MIC,Middle income,benchmark,2017,12195.06321811322
MIC,Middle income,benchmark,2018,12658.32449962456
MIC,Middle income,benchmark,2019,13034.15133330081
MIC,Middle income,benchmark,2020,12685.09502137922
MIC,Middle income,benchmark,2021,13477.14802888862
MIC,Middle income,benchmark,2022,13938.71550771
MIC,Middle income,benchmark,2023,14488.64533670746
MIC,Middle income,benchmark,2024,15025.13373511363
MIC,Middle income,benchmark,2025,15594.23860384777
MKD,North Macedonia,country,1990,12904.48682111845
MKD,North Macedonia,country,1991,12153.49839602764
MKD,North Macedonia,country,1992,11486.72829935236
MKD,North Macedonia,country,1993,10764.70223584877
MKD,North Macedonia,country,1994,10650.73917809114
MKD,North Macedonia,country,1995,10501.08884735378
MKD,North Macedonia,country,1996,10551.52250950756
MKD,North Macedonia,country,1997,10787.53062572289
MKD,North Macedonia,country,1998,11092.82861759093
MKD,North Macedonia,country,1999,11518.95673302265
MKD,North Macedonia,country,2000,11988.24488268294
MKD,North Macedonia,country,2001,11571.81123164339
MKD,North Macedonia,country,2002,11830.26261324257
MKD,North Macedonia,country,2003,12077.84900546198
MKD,North Macedonia,country,2004,12683.38091111513
MKD,North Macedonia,country,2005,13354.4611473701
MKD,North Macedonia,country,2006,14118.22978775254
MKD,North Macedonia,country,2007,15118.24367195521
MKD,North Macedonia,country,2008,16038.04135305794
MKD,North Macedonia,country,2009,16084.22797305666
MKD,North Macedonia,country,2010,16731.09018384246
MKD,North Macedonia,country,2011,17201.23616264396
MKD,North Macedonia,country,2012,17189.99563054559
MKD,North Macedonia,country,2013,17758.22755944121
MKD,North Macedonia,country,2014,18452.20622801481
MKD,North Macedonia,country,2015,19215.0740381192
MKD,North Macedonia,country,2016,19825.77246850572
MKD,North Macedonia,country,2017,20121.05101807261
MKD,North Macedonia,country,2018,20805.9221192555
MKD,North Macedonia,country,2019,21766.88420624866
MKD,North Macedonia,country,2020,20971.44210335935
MKD,North Macedonia,country,2021,22144.19242527322
MKD,North Macedonia,country,2022,22822.23339942593
MKD,North Macedonia,country,2023,23455.22213181764
MKD,North Macedonia,country,2024,24203.18558001885
MKD,North Macedonia,country,2025,25094.6225007185
MLI,Mali,country,1990,1890.502129907083
MLI,Mali,country,1991,2087.919029385195
MLI,Mali,country,1992,1942.728571409508
MLI,Mali,country,1993,1985.380648637099
MLI,Mali,country,1994,2051.754784291084
MLI,Mali,country,1995,2022.403782682013
MLI,Mali,country,1996,2105.275301351891
MLI,Mali,country,1997,2142.787693000116
MLI,Mali,country,1998,2228.200555276419
MLI,Mali,country,1999,2269.087411516573
MLI,Mali,country,2000,2187.718942071609
MLI,Mali,country,2001,2458.46155673065
MLI,Mali,country,2002,2455.619357024169
MLI,Mali,country,2003,2611.836855272198
MLI,Mali,country,2004,2565.977445614701
MLI,Mali,country,2005,2546.332814058608
MLI,Mali,country,2006,2555.074762588047
MLI,Mali,country,2007,2515.946923661432
MLI,Mali,country,2008,2523.19961270039
MLI,Mali,country,2009,2575.545497736483
MLI,Mali,country,2010,2632.264682190896
MLI,Mali,country,2011,2623.346270086982
MLI,Mali,country,2012,2520.529310868043
MLI,Mali,country,2013,2528.530067672605
MLI,Mali,country,2014,2609.167330483949
MLI,Mali,country,2015,2686.560650737993
MLI,Mali,country,2016,2759.110512933412
MLI,Mali,country,2017,2816.194239015873
MLI,Mali,country,2018,2862.407289874756
MLI,Mali,country,2019,2916.171677910843
MLI,Mali,country,2020,2796.410384443858
MLI,Mali,country,2021,2796.227937954306
MLI,Mali,country,2022,2813.810959625646
MLI,Mali,country,2023,2861.480580633144
MLI,Mali,country,2024,2917.932458836713
MLI,Mali,country,2025,2993.251663592569
MLT,Malta,country,1990,18208.10559635452
MLT,Malta,country,1991,18832.83082040069
MLT,Malta,country,1992,19513.91074027618
MLT,Malta,country,1993,20185.66448582631
MLT,Malta,country,1994,21127.84953052727
MLT,Malta,country,1995,22311.79293973613
MLT,Malta,country,1996,23003.06671861643
MLT,Malta,country,1997,24029.78792844246
MLT,Malta,country,1998,25097.80834181626
MLT,Malta,country,1999,26127.06142929273
MLT,Malta,country,2000,31068.07844982414
MLT,Malta,country,2001,30602.10999736544
MLT,Malta,country,2002,31207.43220527093
MLT,Malta,country,2003,32147.87574832022
MLT,Malta,country,2004,32062.76412220758
MLT,Malta,country,2005,32776.96837211819
MLT,Malta,country,2006,33420.71410969273
MLT,Malta,country,2007,34981.70209703717
MLT,Malta,country,2008,36287.72609961895
MLT,Malta,country,2009,35512.67745554828
MLT,Malta,country,2010,37528.73415255109
MLT,Malta,country,2011,37740.84736654288
MLT,Malta,country,2012,38937.14877556738
MLT,Malta,country,2013,40921.31677950615
MLT,Malta,country,2014,43163.14730003956
MLT,Malta,country,2015,46171.88934207582
MLT,Malta,country,2016,46967.34862912116
MLT,Malta,country,2017,51628.26774003647
MLT,Malta,country,2018,53419.0022708322
MLT,Malta,country,2019,53393.42316424628
MLT,Malta,country,2020,50389.6963309289
MLT,Malta,country,2021,56823.9958525022
MLT,Malta,country,2022,56874.43393273677
MLT,Malta,country,2023,60459.76551826439
MLT,Malta,country,2024,62398.48923889467
MLT,Malta,country,2025,63655.51606596648
MMR,Myanmar,country,1990,775.3282543819985
MMR,Myanmar,country,1991,759.282764169726
MMR,Myanmar,country,1992,821.3277550471246
MMR,Myanmar,country,1993,859.3455267335963
MMR,Myanmar,country,1994,911.4684279546158
MMR,Myanmar,country,1995,962.209421824521
MMR,Myanmar,country,1996,1011.159934232744
MMR,Myanmar,country,1997,1054.767427912651
MMR,Myanmar,country,1998,1102.790963693994
MMR,Myanmar,country,1999,1209.016428099965
MMR,Myanmar,country,2000,1359.930387780365
MMR,Myanmar,country,2001,1498.311632365253
MMR,Myanmar,country,2002,1661.73588517132
MMR,Myanmar,country,2003,1874.171282693891
MMR,Myanmar,country,2004,2110.237284958309
MMR,Myanmar,country,2005,2377.902581629757
MMR,Myanmar,country,2006,2669.327003799993
MMR,Myanmar,country,2007,2968.303315123604
MMR,Myanmar,country,2008,3254.738978881005
MMR,Myanmar,country,2009,3578.174247045148
MMR,Myanmar,country,2010,3893.790306658738
MMR,Myanmar,country,2011,4078.612209199654
MMR,Myanmar,country,2012,4340.999450691742
MMR,Myanmar,country,2013,4666.953761413918
MMR,Myanmar,country,2014,5006.506671497667
MMR,Myanmar,country,2015,5313.88615901476
MMR,Myanmar,country,2016,5580.989772732316
MMR,Myanmar,country,2017,5877.874655581753
MMR,Myanmar,country,2018,6201.263414298031
MMR,Myanmar,country,2019,6562.988984786251
MMR,Myanmar,country,2020,5926.83450206681
MMR,Myanmar,country,2021,5178.447182171636
MMR,Myanmar,country,2022,5350.476668999314
MMR,Myanmar,country,2023,5364.137970344292
MMR,Myanmar,country,2024,5276.294339878527
MMR,Myanmar,country,2025,5137.100488256152
MNE,Montenegro,country,1990,
MNE,Montenegro,country,1991,
MNE,Montenegro,country,1992,
MNE,Montenegro,country,1993,
MNE,Montenegro,country,1994,
MNE,Montenegro,country,1995,
MNE,Montenegro,country,1996,
MNE,Montenegro,country,1997,14638.73634897022
MNE,Montenegro,country,1998,15402.98799667136
MNE,Montenegro,country,1999,13993.35774354183
MNE,Montenegro,country,2000,14452.21614234959
MNE,Montenegro,country,2001,14552.49567859232
MNE,Montenegro,country,2002,14770.25522454703
MNE,Montenegro,country,2003,15076.65139037809
MNE,Montenegro,country,2004,15716.07557255723
MNE,Montenegro,country,2005,16348.89944946519
MNE,Montenegro,country,2006,17727.36604494034
MNE,Montenegro,country,2007,18966.45295804647
MNE,Montenegro,country,2008,20238.9216459135
MNE,Montenegro,country,2009,18984.9379136097
MNE,Montenegro,country,2010,19476.16261794872
MNE,Montenegro,country,2011,20110.48697250475
MNE,Montenegro,country,2012,19576.41205145902
MNE,Montenegro,country,2013,20201.29163443687
MNE,Montenegro,country,2014,20641.76451765613
MNE,Montenegro,country,2015,21131.84103162473
MNE,Montenegro,country,2016,21834.09187419244
MNE,Montenegro,country,2017,22513.78076371706
MNE,Montenegro,country,2018,23562.17625589569
MNE,Montenegro,country,2019,24585.11595291575
MNE,Montenegro,country,2020,20904.59993145127
MNE,Montenegro,country,2021,23689.97910906513
MNE,Montenegro,country,2022,25583.31556906187
MNE,Montenegro,country,2023,27243.404228981
MNE,Montenegro,country,2024,28105.59277266236
MNE,Montenegro,country,2025,28895.31719700714
MNG,Mongolia,country,1990,6637.819267311982
MNG,Mongolia,country,1991,5874.25558231388
MNG,Mongolia,country,1992,5324.487596899868
MNG,Mongolia,country,1993,5162.0998701038
MNG,Mongolia,country,1994,5213.846326080758
MNG,Mongolia,country,1995,5457.685015700048
MNG,Mongolia,country,1996,5494.321339818972
MNG,Mongolia,country,1997,5628.106634842228
MNG,Mongolia,country,1998,5735.84383645771
MNG,Mongolia,country,1999,5829.166414559289
MNG,Mongolia,country,2000,5818.243078429008
MNG,Mongolia,country,2001,5917.070883963427
MNG,Mongolia,country,2002,6117.982422259202
MNG,Mongolia,country,2003,6463.789666517617
MNG,Mongolia,country,2004,7070.667158450999
MNG,Mongolia,country,2005,7499.848039354279
MNG,Mongolia,country,2006,8043.996781085566
MNG,Mongolia,country,2007,8750.134074422993
MNG,Mongolia,country,2008,9379.85489687765
MNG,Mongolia,country,2009,9095.976989252904
MNG,Mongolia,country,2010,9507.118823625
MNG,Mongolia,country,2011,10960.09592838643
MNG,Mongolia,country,2012,12078.91853200618
MNG,Mongolia,country,2013,13210.09456656678
MNG,Mongolia,country,2014,13943.42771486525
MNG,Mongolia,country,2015,13974.59672603652
MNG,Mongolia,country,2016,13898.14569535853
MNG,Mongolia,country,2017,14401.53750675622
MNG,Mongolia,country,2018,15230.24088288468
MNG,Mongolia,country,2019,15790.69611264413
MNG,Mongolia,country,2020,14801.34208291847
MNG,Mongolia,country,2021,14792.25090864221
MNG,Mongolia,country,2022,15310.43494691635
MNG,Mongolia,country,2023,16222.86388985287
MNG,Mongolia,country,2024,16842.65058737968
MNG,Mongolia,country,2025,17772.53422125586
MNP,Northern Mariana Islands,country,1990,
MNP,Northern Mariana Islands,country,1991,
MNP,Northern Mariana Islands,country,1992,
MNP,Northern Mariana Islands,country,1993,
MNP,Northern Mariana Islands,country,1994,
MNP,Northern Mariana Islands,country,1995,
MNP,Northern Mariana Islands,country,1996,
MNP,Northern Mariana Islands,country,1997,
MNP,Northern Mariana Islands,country,1998,
MNP,Northern Mariana Islands,country,1999,
MNP,Northern Mariana Islands,country,2000,
MNP,Northern Mariana Islands,country,2001,
MNP,Northern Mariana Islands,country,2002,
MNP,Northern Mariana Islands,country,2003,
MNP,Northern Mariana Islands,country,2004,
MNP,Northern Mariana Islands,country,2005,
MNP,Northern Mariana Islands,country,2006,
MNP,Northern Mariana Islands,country,2007,
MNP,Northern Mariana Islands,country,2008,
MNP,Northern Mariana Islands,country,2009,
MNP,Northern Mariana Islands,country,2010,
MNP,Northern Mariana Islands,country,2011,
MNP,Northern Mariana Islands,country,2012,
MNP,Northern Mariana Islands,country,2013,
MNP,Northern Mariana Islands,country,2014,
MNP,Northern Mariana Islands,country,2015,
MNP,Northern Mariana Islands,country,2016,
MNP,Northern Mariana Islands,country,2017,
MNP,Northern Mariana Islands,country,2018,
MNP,Northern Mariana Islands,country,2019,
MNP,Northern Mariana Islands,country,2020,
MNP,Northern Mariana Islands,country,2021,
MNP,Northern Mariana Islands,country,2022,
MNP,Northern Mariana Islands,country,2023,
MNP,Northern Mariana Islands,country,2024,
MNP,Northern Mariana Islands,country,2025,
MOZ,Mozambique,country,1990,547.6227814321957
MOZ,Mozambique,country,1991,563.5121034162315
MOZ,Mozambique,country,1992,510.8228229283101
MOZ,Mozambique,country,1993,549.0487597709551
MOZ,Mozambique,country,1994,546.2096881642631
MOZ,Mozambique,country,1995,525.4186718374989
MOZ,Mozambique,country,1996,562.8574563416563
MOZ,Mozambique,country,1997,612.3715512659153
MOZ,Mozambique,country,1998,660.6501778207478
MOZ,Mozambique,country,1999,722.3055613799794
MOZ,Mozambique,country,2000,711.9763935273959
MOZ,Mozambique,country,2001,785.7901736162456
MOZ,Mozambique,country,2002,842.6452661727614
MOZ,Mozambique,country,2003,883.239121472194
MOZ,Mozambique,country,2004,934.1339648444213
MOZ,Mozambique,country,2005,970.3899560986298
MOZ,Mozambique,country,2006,1041.804717095952
MOZ,Mozambique,country,2007,1095.125687015982
MOZ,Mozambique,country,2008,1141.942561610189
MOZ,Mozambique,country,2009,1178.70909947834
MOZ,Mozambique,country,2010,1224.230204713094
MOZ,Mozambique,country,2011,1275.529598225807
MOZ,Mozambique,country,2012,1338.515948661043
MOZ,Mozambique,country,2013,1385.83254864214
MOZ,Mozambique,country,2014,1449.929266327224
MOZ,Mozambique,country,2015,1512.599745555396
MOZ,Mozambique,country,2016,1537.908532712165
MOZ,Mozambique,country,2017,1532.0073576114
MOZ,Mozambique,country,2018,1538.835121270222
MOZ,Mozambique,country,2019,1528.889883543734
MOZ,Mozambique,country,2020,1466.124764744761
MOZ,Mozambique,country,2021,1457.235409309215
MOZ,Mozambique,country,2022,1476.734329170263
MOZ,Mozambique,country,2023,1512.667296096708
MOZ,Mozambique,country,2024,1500.707585048559
MOZ,Mozambique,country,2025,1450.95955248858
MRT,Mauritania,country,1990,5519.610335583432
MRT,Mauritania,country,1991,5456.555759482931
MRT,Mauritania,country,1992,5350.118035906573
MRT,Mauritania,country,1993,5439.822286831443
MRT,Mauritania,country,1994,5097.208389537022
MRT,Mauritania,country,1995,5446.269560215315
MRT,Mauritania,country,1996,5650.341180256318
MRT,Mauritania,country,1997,5302.366632555228
MRT,Mauritania,country,1998,5310.158190565245
MRT,Mauritania,country,1999,5359.988819643974
MRT,Mauritania,country,2000,5008.608065187736
MRT,Mauritania,country,2001,4847.410859924534
MRT,Mauritania,country,2002,4806.898533291484
MRT,Mauritania,country,2003,5023.652132168037
MRT,Mauritania,country,2004,5139.22552032468
MRT,Mauritania,country,2005,5445.829509032427
MRT,Mauritania,country,2006,6284.702090042173
MRT,Mauritania,country,2007,6002.778321344876
MRT,Mauritania,country,2008,5813.356085027906
MRT,Mauritania,country,2009,5639.787449104189
MRT,Mauritania,country,2010,5605.763888627147
MRT,Mauritania,country,2011,5653.217200924267
MRT,Mauritania,country,2012,5716.251954142849
MRT,Mauritania,country,2013,5769.728709023182
MRT,Mauritania,country,2014,5837.852030955078
MRT,Mauritania,country,2015,5969.542392895161
MRT,Mauritania,country,2016,5866.281446741288
MRT,Mauritania,country,2017,6050.621803252994
MRT,Mauritania,country,2018,6153.637902417045
MRT,Mauritania,country,2019,6162.21044455969
MRT,Mauritania,country,2020,5963.235497249875
MRT,Mauritania,country,2021,5836.565808218969
MRT,Mauritania,country,2022,6053.261781247681
MRT,Mauritania,country,2023,6276.475210756528
MRT,Mauritania,country,2024,6482.690166359361
MRT,Mauritania,country,2025,6559.043219605656
MUS,Mauritius,country,1990,8986.033071714921
MUS,Mauritius,country,1991,9283.845160432424
MUS,Mauritius,country,1992,9759.219291413579
MUS,Mauritius,country,1993,10134.32737676126
MUS,Mauritius,country,1994,10406.77138960201
MUS,Mauritius,country,1995,10760.05800493504
MUS,Mauritius,country,1996,11245.70597220032
MUS,Mauritius,country,1997,11737.41514763273
MUS,Mauritius,country,1998,12319.88665444561
MUS,Mauritius,country,1999,12481.86220002013
MUS,Mauritius,country,2000,13373.65579909703
MUS,Mauritius,country,2001,13712.57939010418
MUS,Mauritius,country,2002,13837.62580256051
MUS,Mauritius,country,2003,14551.87844425793
MUS,Mauritius,country,2004,15087.06878327972
MUS,Mauritius,country,2005,15264.59818391572
MUS,Mauritius,country,2006,15932.81922227947
MUS,Mauritius,country,2007,16774.56851375647
MUS,Mauritius,country,2008,17627.11219480776
MUS,Mauritius,country,2009,18171.68700257834
MUS,Mauritius,country,2010,18925.57138528287
MUS,Mauritius,country,2011,19678.60226397328
MUS,Mauritius,country,2012,20313.03289414685
MUS,Mauritius,country,2013,20952.37757349857
MUS,Mauritius,country,2014,21721.30964447881
MUS,Mauritius,country,2015,22499.02545705515
MUS,Mauritius,country,2016,23357.23000662099
MUS,Mauritius,country,2017,24258.98882156704
MUS,Mauritius,country,2018,25243.88646203099
MUS,Mauritius,country,2019,25958.49002814654
MUS,Mauritius,country,2020,22272.5398696677
MUS,Mauritius,country,2021,23010.20138269057
MUS,Mauritius,country,2022,25005.06661457229
MUS,Mauritius,country,2023,26471.03514228922
MUS,Mauritius,country,2024,27844.89561148312
MUS,Mauritius,country,2025,28769.51283077087
MWI,Malawi,country,1990,1047.464363511317
MWI,Malawi,country,1991,1104.390462221202
MWI,Malawi,country,1992,994.0365047904706
MWI,Malawi,country,1993,1074.584852132686
MWI,Malawi,country,1994,975.849640143399
MWI,Malawi,country,1995,1140.756093650786
MWI,Malawi,country,1996,1200.320582324221
MWI,Malawi,country,1997,1221.094045553534
MWI,Malawi,country,1998,1241.524331818263
MWI,Malawi,country,1999,1249.775232988706
MWI,Malawi,country,2000,1239.39174838676
MWI,Malawi,country,2001,1149.580396018983
MWI,Malawi,country,2002,1140.842746424176
MWI,Malawi,country,2003,1176.12385998737
MWI,Malawi,country,2004,1208.219697507503
MWI,Malawi,country,2005,1214.742641918799
MWI,Malawi,country,2006,1237.273865199468
MWI,Malawi,country,2007,1318.331963972136
MWI,Malawi,country,2008,1378.428866904647
MWI,Malawi,country,2009,1449.726015221361
MWI,Malawi,country,2010,1504.375141132146
MWI,Malawi,country,2011,1533.228895724054
MWI,Malawi,country,2012,1518.148038492382
MWI,Malawi,country,2013,1555.506074105113
MWI,Malawi,country,2014,1597.56484331405
MWI,Malawi,country,2015,1597.691453248547
MWI,Malawi,country,2016,1593.595492648081
MWI,Malawi,country,2017,1613.059357146196
MWI,Malawi,country,2018,1638.916657610765
MWI,Malawi,country,2019,1687.289449178915
MWI,Malawi,country,2020,1656.439851925326
MWI,Malawi,country,2021,1687.593581796507
MWI,Malawi,country,2022,1659.95933825168
MWI,Malawi,country,2023,1649.298732345505
MWI,Malawi,country,2024,1634.24660266597
MWI,Malawi,country,2025,1623.021785292823
MYS,Malaysia,country,1990,12013.69694831121
MYS,Malaysia,country,1991,12795.04989642277
MYS,Malaysia,country,1992,13567.89361211807
MYS,Malaysia,country,1993,14533.79039700696
MYS,Malaysia,country,1994,15474.0144648307
MYS,Malaysia,country,1995,16568.51605902089
MYS,Malaysia,country,1996,17771.71187950561
MYS,Malaysia,country,1997,18604.51452746502
MYS,Malaysia,country,1998,16817.17191904009
MYS,Malaysia,country,1999,17428.62565630429
MYS,Malaysia,country,2000,18532.90967062266
MYS,Malaysia,country,2001,18186.4411330146
MYS,Malaysia,country,2002,18708.8694877279
MYS,Malaysia,country,2003,19329.00627575376
MYS,Malaysia,country,2004,20168.50620994249
MYS,Malaysia,country,2005,20767.58572433463
MYS,Malaysia,country,2006,21444.48577150276
MYS,Malaysia,country,2007,22305.11826311699
MYS,Malaysia,country,2008,22898.00275754424
MYS,Malaysia,country,2009,22106.64173118005
MYS,Malaysia,country,2010,23307.96985437846
MYS,Malaysia,country,2011,24115.81812039579
MYS,Malaysia,country,2012,25006.35877815372
MYS,Malaysia,country,2013,25736.3525554142
MYS,Malaysia,country,2014,26818.43172816588
MYS,Malaysia,country,2015,27699.62788603868
MYS,Malaysia,country,2016,28425.37076094116
MYS,Malaysia,country,2017,29551.54575971972
MYS,Malaysia,country,2018,30459.96553380609
MYS,Malaysia,country,2019,31300.50865548491
MYS,Malaysia,country,2020,29200.45263212704
MYS,Malaysia,country,2021,29822.84918316183
MYS,Malaysia,country,2022,32129.22178201125
MYS,Malaysia,country,2023,32857.66766007743
MYS,Malaysia,country,2024,34116.23178488853
MYS,Malaysia,country,2025,35461.44658058718
NAM,Namibia,country,1990,7281.778925778885
NAM,Namibia,country,1991,7618.332781844494
NAM,Namibia,country,1992,7911.010258042807
NAM,Namibia,country,1993,7541.560817918446
NAM,Namibia,country,1994,7437.335290361091
NAM,Namibia,country,1995,7506.104840340862
NAM,Namibia,country,1996,7538.924623422007
NAM,Namibia,country,1997,7656.325125429863
NAM,Namibia,country,1998,7709.890043701341
NAM,Namibia,country,1999,7773.943541487135
NAM,Namibia,country,2000,7858.387895212531
NAM,Namibia,country,2001,7786.541694967607
NAM,Namibia,country,2002,8017.281341285588
NAM,Namibia,country,2003,8237.365972455969
NAM,Namibia,country,2004,9130.824423376938
NAM,Namibia,country,2005,9245.136532955503
NAM,Namibia,country,2006,9773.298331997976
NAM,Namibia,country,2007,10162.24007087455
NAM,Namibia,country,2008,10286.51240676046
NAM,Namibia,country,2009,10166.28994539386
NAM,Namibia,country,2010,10614.62015766705
NAM,Namibia,country,2011,10965.27297595353
NAM,Namibia,country,2012,11266.60894864636
NAM,Namibia,country,2013,11593.57537686892
NAM,Namibia,country,2014,11982.6963648348
NAM,Namibia,country,2015,12166.5658392058
NAM,Namibia,country,2016,11846.78808327567
NAM,Namibia,country,2017,11408.72530999667
NAM,Namibia,country,2018,11214.38604305997
NAM,Namibia,country,2019,10813.30446819441
NAM,Namibia,country,2020,9652.248272194625
NAM,Namibia,country,2021,9709.099306467706
NAM,Namibia,country,2022,9953.097524034909
NAM,Namibia,country,2023,10126.23595556107
NAM,Namibia,country,2024,10276.36864263857
NAM,Namibia,country,2025,10242.28404712186
NCL,New Caledonia,country,1990,
NCL,New Caledonia,country,1991,
NCL,New Caledonia,country,1992,
NCL,New Caledonia,country,1993,
NCL,New Caledonia,country,1994,
NCL,New Caledonia,country,1995,
NCL,New Caledonia,country,1996,
NCL,New Caledonia,country,1997,
NCL,New Caledonia,country,1998,
NCL,New Caledonia,country,1999,
NCL,New Caledonia,country,2000,
NCL,New Caledonia,country,2001,
NCL,New Caledonia,country,2002,
NCL,New Caledonia,country,2003,
NCL,New Caledonia,country,2004,
NCL,New Caledonia,country,2005,
NCL,New Caledonia,country,2006,
NCL,New Caledonia,country,2007,
NCL,New Caledonia,country,2008,
NCL,New Caledonia,country,2009,
NCL,New Caledonia,country,2010,
NCL,New Caledonia,country,2011,
NCL,New Caledonia,country,2012,
NCL,New Caledonia,country,2013,
NCL,New Caledonia,country,2014,
NCL,New Caledonia,country,2015,
NCL,New Caledonia,country,2016,
NCL,New Caledonia,country,2017,
NCL,New Caledonia,country,2018,
NCL,New Caledonia,country,2019,
NCL,New Caledonia,country,2020,
NCL,New Caledonia,country,2021,
NCL,New Caledonia,country,2022,
NCL,New Caledonia,country,2023,
NCL,New Caledonia,country,2024,
NCL,New Caledonia,country,2025,
NER,Niger,country,1990,1420.230632482594
NER,Niger,country,1991,1370.835651805874
NER,Niger,country,1992,1355.330992649225
NER,Niger,country,1993,1317.385967903375
NER,Niger,country,1994,1299.349924598157
NER,Niger,country,1995,1287.936376683308
NER,Niger,country,1996,1246.835030700852
NER,Niger,country,1997,1224.539343787698
NER,Niger,country,1998,1301.844950655239
NER,Niger,country,1999,1255.054024136133
NER,Niger,country,2000,1197.634772054316
NER,Niger,country,2001,1240.385444401997
NER,Niger,country,2002,1256.237013408521
NER,Niger,country,2003,1238.58780880353
NER,Niger,country,2004,1199.159375057936
NER,Niger,country,2005,1241.200647890588
NER,Niger,country,2006,1267.601412270996
NER,Niger,country,2007,1260.185451650151
NER,Niger,country,2008,1308.275173042402
NER,Niger,country,2009,1285.277573731914
NER,Niger,country,2010,1344.4988701596
NER,Niger,country,2011,1325.926469874159
NER,Niger,country,2012,1411.520014098314
NER,Niger,country,2013,1431.711154903411
NER,Niger,country,2014,1471.505547295594
NER,Niger,country,2015,1480.398151681465
NER,Niger,country,2016,1488.086480746553
NER,Niger,country,2017,1515.483073176178
NER,Niger,country,2018,1565.019700051415
NER,Niger,country,2019,1605.194765690292
NER,Niger,country,2020,1622.278736029109
NER,Niger,country,2021,1587.847849073291
NER,Niger,country,2022,1724.896994252152
NER,Niger,country,2023,1712.970317265209
NER,Niger,country,2024,1795.652668880218
NER,Niger,country,2025,1860.548582726076
NGA,Nigeria,country,1990,5423.806895869931
NGA,Nigeria,country,1991,5301.3634227925
NGA,Nigeria,country,1992,5403.153117967878
NGA,Nigeria,country,1993,5154.757578997701
NGA,Nigeria,country,1994,4929.268279126012
NGA,Nigeria,country,1995,4797.511521368202
NGA,Nigeria,country,1996,4869.821133234776
NGA,Nigeria,country,1997,4884.0474326173
NGA,Nigeria,country,1998,4880.87997109799
NGA,Nigeria,country,1999,4781.673109839751
NGA,Nigeria,country,2000,4889.003219212293
NGA,Nigeria,country,2001,5039.54869754112
NGA,Nigeria,country,2002,5654.897060442157
NGA,Nigeria,country,2003,5905.314827811012
NGA,Nigeria,country,2004,6275.298945064342
NGA,Nigeria,country,2005,6496.932281759769
NGA,Nigeria,country,2006,6702.945333338736
NGA,Nigeria,country,2007,6949.426507115674
NGA,Nigeria,country,2008,7215.769461957619
NGA,Nigeria,country,2009,7581.405720890922
NGA,Nigeria,country,2010,7962.639572810307
NGA,Nigeria,country,2011,8153.531786502706
NGA,Nigeria,country,2012,8265.90551181051
NGA,Nigeria,country,2013,8581.20782264031
NGA,Nigeria,country,2014,8884.774286286724
NGA,Nigeria,country,2015,8892.057986736309
NGA,Nigeria,country,2016,8534.692814823753
NGA,Nigeria,country,2017,8396.784522432272
NGA,Nigeria,country,2018,8362.623308602957
NGA,Nigeria,country,2019,8361.786648360001
NGA,Nigeria,country,2020,7664.210995751679
NGA,Nigeria,country,2021,7588.478855870022
NGA,Nigeria,country,2022,7752.262064952472
NGA,Nigeria,country,2023,7843.003990076752
NGA,Nigeria,country,2024,7994.037544708235
NGA,Nigeria,country,2025,8145.148083874695
NIC,Nicaragua,country,1990,4217.608624041713
NIC,Nicaragua,country,1991,4113.687244413264
NIC,Nicaragua,country,1992,4037.275239252489
NIC,Nicaragua,country,1993,3934.092513756153
NIC,Nicaragua,country,1994,3979.985090721798
NIC,Nicaragua,country,1995,4130.285871208445
NIC,Nicaragua,country,1996,4311.492901772857
NIC,Nicaragua,country,1997,4408.328627125947
NIC,Nicaragua,country,1998,4502.598087612792
NIC,Nicaragua,country,1999,4750.948574274089
NIC,Nicaragua,country,2000,4878.247467988298
NIC,Nicaragua,country,2001,4958.327404485267
NIC,Nicaragua,country,2002,4935.485084681484
NIC,Nicaragua,country,2003,5000.611456164088
NIC,Nicaragua,country,2004,5204.381706010522
NIC,Nicaragua,country,2005,5356.958178258082
NIC,Nicaragua,country,2006,5500.405435445258
NIC,Nicaragua,country,2007,5697.210742996404
NIC,Nicaragua,country,2008,5809.09928522386
NIC,Nicaragua,country,2009,5538.365550499313
NIC,Nicaragua,country,2010,5701.127549063786
NIC,Nicaragua,country,2011,5976.252475193953
NIC,Nicaragua,country,2012,6275.787302480032
NIC,Nicaragua,country,2013,6494.149209224067
NIC,Nicaragua,country,2014,6712.21708286288
NIC,Nicaragua,country,2015,6939.032432743444
NIC,Nicaragua,country,2016,7158.757554675015
NIC,Nicaragua,country,2017,7391.196382152652
NIC,Nicaragua,country,2018,7049.027098284028
NIC,Nicaragua,country,2019,6756.59334024487
NIC,Nicaragua,country,2020,6523.369446611954
NIC,Nicaragua,country,2021,7119.168747826008
NIC,Nicaragua,country,2022,7277.820416525839
NIC,Nicaragua,country,2023,7496.530565575048
NIC,Nicaragua,country,2024,7661.094101132016
NIC,Nicaragua,country,2025,7933.488880064118
NLD,Netherlands (Kingdom of the),country,1990,43128.3071656086
NLD,Netherlands (Kingdom of the),country,1991,43833.47850513506
NLD,Netherlands (Kingdom of the),country,1992,44245.51982479574
NLD,Netherlands (Kingdom of the),country,1993,44490.75044664414
NLD,Netherlands (Kingdom of the),country,1994,45532.79866599148
NLD,Netherlands (Kingdom of the),country,1995,46720.28193189589
NLD,Netherlands (Kingdom of the),country,1996,48095.98683802102
NLD,Netherlands (Kingdom of the),country,1997,49881.89475160828
NLD,Netherlands (Kingdom of the),country,1998,51879.3596710206
NLD,Netherlands (Kingdom of the),country,1999,54134.35145431526
NLD,Netherlands (Kingdom of the),country,2000,56016.83279464336
NLD,Netherlands (Kingdom of the),country,2001,56887.39764064436
NLD,Netherlands (Kingdom of the),country,2002,56664.40273544372
NLD,Netherlands (Kingdom of the),country,2003,56452.86955067337
NLD,Netherlands (Kingdom of the),country,2004,57391.35163420588
NLD,Netherlands (Kingdom of the),country,2005,58422.03040696735
NLD,Netherlands (Kingdom of the),country,2006,60391.51550333239
NLD,Netherlands (Kingdom of the),country,2007,62601.66128324246
NLD,Netherlands (Kingdom of the),country,2008,63678.40054914277
NLD,Netherlands (Kingdom of the),country,2009,61029.73298017833
NLD,Netherlands (Kingdom of the),country,2010,61518.57689542312
NLD,Netherlands (Kingdom of the),country,2011,62318.13911543888
NLD,Netherlands (Kingdom of the),country,2012,61480.84164163235
NLD,Netherlands (Kingdom of the),country,2013,61281.31256867414
NLD,Netherlands (Kingdom of the),country,2014,62045.84919756096
NLD,Netherlands (Kingdom of the),country,2015,63081.40834959662
NLD,Netherlands (Kingdom of the),country,2016,64267.74765536226
NLD,Netherlands (Kingdom of the),country,2017,65665.99102295777
NLD,Netherlands (Kingdom of the),country,2018,66758.24542833169
NLD,Netherlands (Kingdom of the),country,2019,67847.88184610951
NLD,Netherlands (Kingdom of the),country,2020,64862.18903534743
NLD,Netherlands (Kingdom of the),country,2021,68573.56487864471
NLD,Netherlands (Kingdom of the),country,2022,71324.03602294251
NLD,Netherlands (Kingdom of the),country,2023,70198.95460223609
NLD,Netherlands (Kingdom of the),country,2024,70493.90512192673
NLD,Netherlands (Kingdom of the),country,2025,71378.48563310123
NOR,Norway,country,1990,56608.25475143716
NOR,Norway,country,1991,57949.69867631303
NOR,Norway,country,1992,59669.75902025187
NOR,Norway,country,1993,61019.81610316956
NOR,Norway,country,1994,63730.89646376175
NOR,Norway,country,1995,66033.88378311969
NOR,Norway,country,1996,68964.97562182581
NOR,Norway,country,1997,72084.81391946778
NOR,Norway,country,1998,73610.18966870649
NOR,Norway,country,1999,74703.5199133097
NOR,Norway,country,2000,76775.94206009242
NOR,Norway,country,2001,78041.01462605853
NOR,Norway,country,2002,78752.59316310954
NOR,Norway,country,2003,79150.39628636606
NOR,Norway,country,2004,82091.19350359487
NOR,Norway,country,2005,83955.33650075775
NOR,Norway,country,2006,85653.1367825864
NOR,Norway,country,2007,87670.86179807919
NOR,Norway,country,2008,87297.39802918126
NOR,Norway,country,2009,84812.68512776379
NOR,Norway,country,2010,84604.51438919468
NOR,Norway,country,2011,84670.83443983554
NOR,Norway,country,2012,85925.87233520574
NOR,Norway,country,2013,85973.76949768013
NOR,Norway,country,2014,86790.79246256914
NOR,Norway,country,2015,87688.11967089928
NOR,Norway,country,2016,88041.64148089562
NOR,Norway,country,2017,89664.90864158294
NOR,Norway,country,2018,90064.06879743583
NOR,Norway,country,2019,90772.90170418654
NOR,Norway,country,2020,89012.27238045036
NOR,Norway,country,2021,92205.76986360489
NOR,Norway,country,2022,95109.8201605729
NOR,Norway,country,2023,94364.96417543356
NOR,Norway,country,2024,94803.67049316413
NOR,Norway,country,2025,95173.43082243668
NPL,Nepal,country,1990,1808.264900416536
NPL,Nepal,country,1991,1874.275135952118
NPL,Nepal,country,1992,1896.971662977471
NPL,Nepal,country,1993,1916.943526661562
NPL,Nepal,country,1994,2023.115196821549
NPL,Nepal,country,1995,2043.605171600691
NPL,Nepal,country,1996,2105.508327138573
NPL,Nepal,country,1997,2166.312633450497
NPL,Nepal,country,1998,2188.222015702305
NPL,Nepal,country,1999,2242.65011822095
NPL,Nepal,country,2000,2340.815631412976
NPL,Nepal,country,2001,2413.814212755604
NPL,Nepal,country,2002,2380.244245875713
NPL,Nepal,country,2003,2439.494796015557
NPL,Nepal,country,2004,2521.541051714275
NPL,Nepal,country,2005,2580.231063083642
NPL,Nepal,country,2006,2641.347994947486
NPL,Nepal,country,2007,2708.714392258897
NPL,Nepal,country,2008,2852.60983167965
NPL,Nepal,country,2009,2961.839003659121
NPL,Nepal,country,2010,3085.314070045017
NPL,Nepal,country,2011,3176.650406024168
NPL,Nepal,country,2012,3316.500734520208
NPL,Nepal,country,2013,3426.557959379598
NPL,Nepal,country,2014,3621.731689371123
NPL,Nepal,country,2015,3745.261822494766
NPL,Nepal,country,2016,3743.744578357797
NPL,Nepal,country,2017,4071.704317557979
NPL,Nepal,country,2018,4371.385717718967
NPL,Nepal,country,2019,4607.524547171124
NPL,Nepal,country,2020,4412.5420439395
NPL,Nepal,country,2021,4546.229700062892
NPL,Nepal,country,2022,4763.387510739456
NPL,Nepal,country,2023,4861.230303797002
NPL,Nepal,country,2024,5047.424490227022
NPL,Nepal,country,2025,5276.923877255382
NRU,Nauru,country,1990,30127.22587670392
NRU,Nauru,country,1991,23840.01389984615
NRU,Nauru,country,1992,19622.90299255498
NRU,Nauru,country,1993,16328.2267186109
NRU,Nauru,country,1994,15642.76126183397
NRU,Nauru,country,1995,14363.64033864886
NRU,Nauru,country,1996,12637.79533281178
NRU,Nauru,country,1997,11490.46229729581
NRU,Nauru,country,1998,10134.97318594839
NRU,Nauru,country,1999,9479.512901365335
NRU,Nauru,country,2000,8846.081247812206
NRU,Nauru,country,2001,8278.92548134223
NRU,Nauru,country,2002,7488.891527025189
NRU,Nauru,country,2003,7527.375493269709
NRU,Nauru,country,2004,7201.870937216006
NRU,Nauru,country,2005,7209.754366443728
NRU,Nauru,country,2006,7830.718185473978
NRU,Nauru,country,2007,6110.383876899137
NRU,Nauru,country,2008,7340.519106387769
NRU,Nauru,country,2009,6927.867342858077
NRU,Nauru,country,2010,6909.242189193119
NRU,Nauru,country,2011,7882.141055702917
NRU,Nauru,country,2012,9640.801443643624
NRU,Nauru,country,2013,9799.738029063197
NRU,Nauru,country,2014,11114.39122795872
NRU,Nauru,country,2015,11271.91226953629
NRU,Nauru,country,2016,11531.36300786653
NRU,Nauru,country,2017,10633.27664060181
NRU,Nauru,country,2018,10402.61310191972
NRU,Nauru,country,2019,11184.52849272064
NRU,Nauru,country,2020,11306.02077299987
NRU,Nauru,country,2021,12113.78776449398
NRU,Nauru,country,2022,12019.34928687908
NRU,Nauru,country,2023,11858.5184696436
NRU,Nauru,country,2024,11957.87855042289
NRU,Nauru,country,2025,12134.89208850128
NZL,New Zealand,country,1990,30785.70175255595
NZL,New Zealand,country,1991,29014.14994201806
NZL,New Zealand,country,1992,29029.58113616106
NZL,New Zealand,country,1993,30532.58801667984
NZL,New Zealand,country,1994,31669.54065091958
NZL,New Zealand,country,1995,32687.46577037063
NZL,New Zealand,country,1996,33329.53010117695
NZL,New Zealand,country,1997,33577.72549949053
NZL,New Zealand,country,1998,33565.73122209046
NZL,New Zealand,country,1999,35187.23572003312
NZL,New Zealand,country,2000,35984.62880161164
NZL,New Zealand,country,2001,36995.06031987738
NZL,New Zealand,country,2002,38072.27138350523
NZL,New Zealand,country,2003,39092.34552027118
NZL,New Zealand,country,2004,40091.13994873317
NZL,New Zealand,country,2005,40970.29583825498
NZL,New Zealand,country,2006,41596.83112899975
NZL,New Zealand,country,2007,42473.11826144987
NZL,New Zealand,country,2008,41682.24590691546
NZL,New Zealand,country,2009,41250.99857174253
NZL,New Zealand,country,2010,41395.37037558202
NZL,New Zealand,country,2011,41961.92022636408
NZL,New Zealand,country,2012,42693.42345165709
NZL,New Zealand,country,2013,43453.28141723165
NZL,New Zealand,country,2014,44369.76642418589
NZL,New Zealand,country,2015,45097.01646838696
NZL,New Zealand,country,2016,45746.13598106898
NZL,New Zealand,country,2017,46285.98109806422
NZL,New Zealand,country,2018,46974.68184004819
NZL,New Zealand,country,2019,47392.19331351721
NZL,New Zealand,country,2020,46326.38046729759
NZL,New Zealand,country,2021,48202.09133682335
NZL,New Zealand,country,2022,49842.98453341615
NZL,New Zealand,country,2023,49592.58755120981
NZL,New Zealand,country,2024,48325.36509856844
NZL,New Zealand,country,2025,48232.66519946959
OMN,Oman,country,1990,35201.55248710893
OMN,Oman,country,1991,35574.67613695992
OMN,Oman,country,1992,36841.40115556579
OMN,Oman,country,1993,37455.34025839499
OMN,Oman,country,1994,37782.72382897799
OMN,Oman,country,1995,38946.7742715175
OMN,Oman,country,1996,39455.82641199847
OMN,Oman,country,1997,41191.03124024436
OMN,Oman,country,1998,40574.67448618899
OMN,Oman,country,1999,40145.93128416914
OMN,Oman,country,2000,42086.04315363007
OMN,Oman,country,2001,43492.28637545575
OMN,Oman,country,2002,42654.14826716233
OMN,Oman,country,2003,41247.58737331045
OMN,Oman,country,2004,41351.76873850718
OMN,Oman,country,2005,41551.14138445518
OMN,Oman,country,2006,42540.43984853344
OMN,Oman,country,2007,43696.96914409169
OMN,Oman,country,2008,46586.39559267667
OMN,Oman,country,2009,48304.11789231672
OMN,Oman,country,2010,48191.6145135737
OMN,Oman,country,2011,44440.30926161254
OMN,Oman,country,2012,41964.08285785523
OMN,Oman,country,2013,40854.48535489053
OMN,Oman,country,2014,39639.98705148022
OMN,Oman,country,2015,39813.78870546745
OMN,Oman,country,2016,39860.98939096884
OMN,Oman,country,2017,38691.10771050966
OMN,Oman,country,2018,38673.60453608565
OMN,Oman,country,2019,38292.38596827522
OMN,Oman,country,2020,37560.59987149532
OMN,Oman,country,2021,38719.45876820488
OMN,Oman,country,2022,39780.2122774985
OMN,Oman,country,2023,37793.61639575154
OMN,Oman,country,2024,36721.08045483737
OMN,Oman,country,2025,36142.94397971938
PAK,Pakistan,country,1990,3199.729626098331
PAK,Pakistan,country,1991,3252.35104026309
PAK,Pakistan,country,1992,3404.12138406329
PAK,Pakistan,country,1993,3369.237959060277
PAK,Pakistan,country,1994,3395.504320675395
PAK,Pakistan,country,1995,3462.473361658408
PAK,Pakistan,country,1996,3526.141608751554
PAK,Pakistan,country,1997,3462.581456058892
PAK,Pakistan,country,1998,3454.176653305445
PAK,Pakistan,country,1999,3484.456783198132
PAK,Pakistan,country,2000,3531.712915316124
PAK,Pakistan,country,2001,3559.727846587147
PAK,Pakistan,country,2002,3563.678469265576
PAK,Pakistan,country,2003,3668.779388525078
PAK,Pakistan,country,2004,3859.646018089026
PAK,Pakistan,country,2005,4042.154575133781
PAK,Pakistan,country,2006,4185.866556592057
PAK,Pakistan,country,2007,4257.925568704323
PAK,Pakistan,country,2008,4233.348307154973
PAK,Pakistan,country,2009,4270.438822642294
PAK,Pakistan,country,2010,4228.7817715945
PAK,Pakistan,country,2011,4246.067108824967
PAK,Pakistan,country,2012,4292.021102934858
PAK,Pakistan,country,2013,4407.147058413765
PAK,Pakistan,country,2014,4520.234633992859
PAK,Pakistan,country,2015,4645.286310711446
PAK,Pakistan,country,2016,4886.612121153781
PAK,Pakistan,country,2017,5031.560607384335
PAK,Pakistan,country,2018,5255.06350681272
PAK,Pakistan,country,2019,5295.952951382034
PAK,Pakistan,country,2020,5135.014592888394
PAK,Pakistan,country,2021,5367.273647147621
PAK,Pakistan,country,2022,5526.279283102131
PAK,Pakistan,country,2023,5418.769318929704
PAK,Pakistan,country,2024,5502.073612018599
PAK,Pakistan,country,2025,5617.25078028458
PAN,Panama,country,1990,10263.69284264655
PAN,Panama,country,1991,10994.5538811637
PAN,Panama,country,1992,11649.80023841737
PAN,Panama,country,1993,12032.81225791564
PAN,Panama,country,1994,12123.35392578609
PAN,Panama,country,1995,12086.64811536564
PAN,Panama,country,1996,12327.85628900768
PAN,Panama,country,1997,13013.89599322081
PAN,Panama,country,1998,13826.53767787805
PAN,Panama,country,1999,14261.74645954282
PAN,Panama,country,2000,14572.98087000676
PAN,Panama,country,2001,14427.83554248618
PAN,Panama,country,2002,14507.14942327138
PAN,Panama,country,2003,14957.55905033228
PAN,Panama,country,2004,15875.11882014535
PAN,Panama,country,2005,16867.96745131242
PAN,Panama,country,2006,18190.28115471697
PAN,Panama,country,2007,20208.82939119644
PAN,Panama,country,2008,21867.82721867872
PAN,Panama,country,2009,21822.996136155
PAN,Panama,country,2010,22739.11941413406
PAN,Panama,country,2011,24999.47026554821
PAN,Panama,country,2012,26926.89569280648
PAN,Panama,country,2013,28135.33878353828
PAN,Panama,country,2014,28931.81564011986
PAN,Panama,country,2015,29933.1671530011
PAN,Panama,country,2016,30765.24906535062
PAN,Panama,country,2017,31979.82464377484
PAN,Panama,country,2018,32681.47298863307
PAN,Panama,country,2019,33163.7172814857
PAN,Panama,country,2020,26881.82772216894
PAN,Panama,country,2021,30932.76277805141
PAN,Panama,country,2022,33915.16933063093
PAN,Panama,country,2023,35872.97192000688
PAN,Panama,country,2024,36394.92353663164
PAN,Panama,country,2025,37516.17964285485
PER,Peru,country,1990,6316.226913871499
PER,Peru,country,1991,6321.722010252701
PER,Peru,country,1992,6160.804568139738
PER,Peru,country,1993,6354.40466195469
PER,Peru,country,1994,6996.761856178468
PER,Peru,country,1995,7371.047990204017
PER,Peru,country,1996,7436.189319082758
PER,Peru,country,1997,7772.778342255559
PER,Peru,country,1998,7602.78356076635
PER,Peru,country,1999,7584.304652571814
PER,Peru,country,2000,7668.060782011314
PER,Peru,country,2001,7610.639492948433
PER,Peru,country,2002,7930.509806317139
PER,Peru,country,2003,8173.276729876923
PER,Peru,country,2004,8494.840312172018
PER,Peru,country,2005,8948.747107426638
PER,Peru,country,2006,9546.625295454563
PER,Peru,country,2007,10284.9672238506
PER,Peru,country,2008,11150.0262166889
PER,Peru,country,2009,11202.86544184957
PER,Peru,country,2010,12057.39129637158
PER,Peru,country,2011,12724.88320494287
PER,Peru,country,2012,13393.59238516788
PER,Peru,country,2013,14050.24203191368
PER,Peru,country,2014,14242.64447608013
PER,Peru,country,2015,14540.8313160635
PER,Peru,country,2016,14915.43663244536
PER,Peru,country,2017,15067.48927938204
PER,Peru,country,2018,15384.1846082423
PER,Peru,country,2019,15461.45725854664
PER,Peru,country,2020,13607.76407058278
PER,Peru,country,2021,15285.77068523955
PER,Peru,country,2022,15566.52426125626
PER,Peru,country,2023,15342.27413596423
PER,Peru,country,2024,15708.83294409633
PER,Peru,country,2025,16079.12473948435
PHL,Philippines,country,1990,4504.462303835667
PHL,Philippines,country,1991,4378.395320905175
PHL,Philippines,country,1992,4293.718101310815
PHL,Philippines,country,1993,4283.159677866291
PHL,Philippines,country,1994,4374.067216511653
PHL,Philippines,country,1995,4477.323177110224
PHL,Philippines,country,1996,4631.771977059721
PHL,Philippines,country,1997,4758.708458085146
PHL,Philippines,country,1998,4616.672929006166
PHL,Philippines,country,1999,4650.759269475891
PHL,Philippines,country,2000,4740.438916945692
PHL,Philippines,country,2001,4778.400843747396
PHL,Philippines,country,2002,4856.499484295671
PHL,Philippines,country,2003,5003.383177187158
PHL,Philippines,country,2004,5229.450807001648
PHL,Philippines,country,2005,5386.816537128913
PHL,Philippines,country,2006,5578.572251121389
PHL,Philippines,country,2007,5840.068101699653
PHL,Philippines,country,2008,5987.037578618355
PHL,Philippines,country,2009,5965.307309022211
PHL,Philippines,country,2010,6273.039277315145
PHL,Philippines,country,2011,6388.31296959977
PHL,Philippines,country,2012,6697.556209627684
PHL,Philippines,country,2013,7016.538464704358
PHL,Philippines,country,2014,7340.361585911995
PHL,Philippines,country,2015,7691.763086850469
PHL,Philippines,country,2016,8131.825379486535
PHL,Philippines,country,2017,8584.136227096995
PHL,Philippines,country,2018,9016.286596376083
PHL,Philippines,country,2019,9452.293971598096
PHL,Philippines,country,2020,8455.184571341064
PHL,Philippines,country,2021,8857.789951155139
PHL,Philippines,country,2022,9457.103954028831
PHL,Philippines,country,2023,9898.532945881065
PHL,Philippines,country,2024,10378.17177035352
PHL,Philippines,country,2025,10747.54544086007
PLW,Palau,country,1990,17807.53008186641
PLW,Palau,country,1991,18256.29920475529
PLW,Palau,country,1992,16687.11632068724
PLW,Palau,country,1993,14292.23830365055
PLW,Palau,country,1994,14971.62059075452
PLW,Palau,country,1995,16193.1449208057
PLW,Palau,country,1996,17412.42784430168
PLW,Palau,country,1997,17366.31227834791
PLW,Palau,country,1998,17315.83417875956
PLW,Palau,country,1999,16054.05035407638
PLW,Palau,country,2000,15410.17402816825
PLW,Palau,country,2001,16393.45210149091
PLW,Palau,country,2002,17033.49027299596
PLW,Palau,country,2003,16538.76884245047
PLW,Palau,country,2004,16974.06829334124
PLW,Palau,country,2005,17464.62081676361
PLW,Palau,country,2006,17706.36736219045
PLW,Palau,country,2007,18096.79895317747
PLW,Palau,country,2008,17355.24230190789
PLW,Palau,country,2009,16541.12063118747
PLW,Palau,country,2010,16313.42876793975
PLW,Palau,country,2011,17354.93367679509
PLW,Palau,country,2012,18024.75409968721
PLW,Palau,country,2013,17891.3784371353
PLW,Palau,country,2014,18574.78894896551
PLW,Palau,country,2015,20104.23153790691
PLW,Palau,country,2016,20408.2613269723
PLW,Palau,country,2017,19693.40823793823
PLW,Palau,country,2018,19608.96170278216
PLW,Palau,country,2019,19685.60379892727
PLW,Palau,country,2020,18509.24918559132
PLW,Palau,country,2021,16312.19022001299
PLW,Palau,country,2022,16258.62712929116
PLW,Palau,country,2023,16487.15375426997
PLW,Palau,country,2024,18499.99219212809
PLW,Palau,country,2025,19698.59470322127
PNG,Papua New Guinea,country,1990,3164.554292040867
PNG,Papua New Guinea,country,1991,3358.618932692319
PNG,Papua New Guinea,country,1992,3690.817865724288
PNG,Papua New Guinea,country,1993,4206.968081958825
PNG,Papua New Guinea,country,1994,4298.441845405179
PNG,Papua New Guinea,country,1995,4009.235670523588
PNG,Papua New Guinea,country,1996,4167.57013807001
PNG,Papua New Guinea,country,1997,3864.725423249228
PNG,Papua New Guinea,country,1998,3590.560117977512
PNG,Papua New Guinea,country,1999,3532.112039713697
PNG,Papua New Guinea,country,2000,3327.224858370411
PNG,Papua New Guinea,country,2001,3212.170848455222
PNG,Papua New Guinea,country,2002,3101.192400636497
PNG,Papua New Guinea,country,2003,3064.836673446116
PNG,Papua New Guinea,country,2004,3046.723218961722
PNG,Papua New Guinea,country,2005,3136.987569425359
PNG,Papua New Guinea,country,2006,3202.897635073669
PNG,Papua New Guinea,country,2007,3346.279003371242
PNG,Papua New Guinea,country,2008,3234.332476730002
PNG,Papua New Guinea,country,2009,3350.072639647387
PNG,Papua New Guinea,country,2010,3579.63000710983
PNG,Papua New Guinea,country,2011,3515.283125173629
PNG,Papua New Guinea,country,2012,3577.910147227736
PNG,Papua New Guinea,country,2013,3615.746460290743
PNG,Papua New Guinea,country,2014,3999.130388118649
PNG,Papua New Guinea,country,2015,4155.055639621067
PNG,Papua New Guinea,country,2016,4276.296432631643
PNG,Papua New Guinea,country,2017,4322.776622009983
PNG,Papua New Guinea,country,2018,4211.685043103269
PNG,Papua New Guinea,country,2019,4302.162552300021
PNG,Papua New Guinea,country,2020,4078.153783585655
PNG,Papua New Guinea,country,2021,3977.442973607486
PNG,Papua New Guinea,country,2022,4126.030321454032
PNG,Papua New Guinea,country,2023,4206.378346913668
PNG,Papua New Guinea,country,2024,4292.712054300128
PNG,Papua New Guinea,country,2025,4456.231059621181
POL,Poland,country,1990,12821.46363165737
POL,Poland,country,1991,11879.75392526188
POL,Poland,country,1992,12141.23513237253
POL,Poland,country,1993,12563.1045363124
POL,Poland,country,1994,13200.16141649515
POL,Poland,country,1995,14227.56636877977
POL,Poland,country,1996,15083.09812162004
POL,Poland,country,1997,16031.72114852651
POL,Poland,country,1998,16766.64928832673
POL,Poland,country,1999,17556.00269279873
POL,Poland,country,2000,18566.35462887721
POL,Poland,country,2001,18800.60186484021
POL,Poland,country,2002,19166.91370581428
POL,Poland,country,2003,19855.63179891814
POL,Poland,country,2004,20878.65450025344
POL,Poland,country,2005,21568.94765943562
POL,Poland,country,2006,22921.19758876961
POL,Poland,country,2007,24484.06566637556
POL,Poland,country,2008,25553.90584065341
POL,Poland,country,2009,26204.410367111
POL,Poland,country,2010,27112.13337973814
POL,Poland,country,2011,28521.6612623568
POL,Poland,country,2012,28952.91573053006
POL,Poland,country,2013,29168.62421107496
POL,Poland,country,2014,30334.87865696185
POL,Poland,country,2015,31700.36823641537
POL,Poland,country,2016,32675.30522599538
POL,Poland,country,2017,34354.59876163194
POL,Poland,country,2018,36500.41142825841
POL,Poland,country,2019,38181.62303346887
POL,Poland,country,2020,37852.80213136387
POL,Poland,country,2021,41059.5847829682
POL,Poland,country,2022,43405.02157974411
POL,Poland,country,2023,43672.76680149465
POL,Poland,country,2024,45153.04397732806
POL,Poland,country,2025,46924.58878974773
PRI,Puerto Rico,country,1990,26738.81444052732
PRI,Puerto Rico,country,1991,27162.15078806148
PRI,Puerto Rico,country,1992,28219.1160498293
PRI,Puerto Rico,country,1993,29282.11217924311
PRI,Puerto Rico,country,1994,30225.78076026276
PRI,Puerto Rico,country,1995,31310.18016426934
PRI,Puerto Rico,country,1996,31677.23025416444
PRI,Puerto Rico,country,1997,32915.79057055682
PRI,Puerto Rico,country,1998,34537.18518594724
PRI,Puerto Rico,country,1999,36216.83808962254
PRI,Puerto Rico,country,2000,37298.54504471333
PRI,Puerto Rico,country,2001,39568.55283830324
PRI,Puerto Rico,country,2002,39879.72955669674
PRI,Puerto Rico,country,2003,39876.06702377732
PRI,Puerto Rico,country,2004,43355.82263652688
PRI,Puerto Rico,country,2005,42555.7081189669
PRI,Puerto Rico,country,2006,42133.96827487731
PRI,Puerto Rico,country,2007,41888.62327164778
PRI,Puerto Rico,country,2008,41358.06891366684
PRI,Puerto Rico,country,2009,40772.35142496121
PRI,Puerto Rico,country,2010,40777.68928256867
PRI,Puerto Rico,country,2011,40972.53640749594
PRI,Puerto Rico,country,2012,41347.45420135857
PRI,Puerto Rico,country,2013,41556.78523500742
PRI,Puerto Rico,country,2014,41593.6798280708
PRI,Puerto Rico,country,2015,41737.60685711526
PRI,Puerto Rico,country,2016,41858.26266984622
PRI,Puerto Rico,country,2017,41479.99777320338
PRI,Puerto Rico,country,2018,41119.30880516482
PRI,Puerto Rico,country,2019,41656.32915813694
PRI,Puerto Rico,country,2020,40171.37444617384
PRI,Puerto Rico,country,2021,40559.22618895699
PRI,Puerto Rico,country,2022,42310.81397257185
PRI,Puerto Rico,country,2023,42837.87273714496
PRI,Puerto Rico,country,2024,44216.43333671331
PRI,Puerto Rico,country,2025,44603.21805588302
PRK,Democratic People's Republic of Korea,country,1990,
PRK,Democratic People's Republic of Korea,country,1991,
PRK,Democratic People's Republic of Korea,country,1992,
PRK,Democratic People's Republic of Korea,country,1993,
PRK,Democratic People's Republic of Korea,country,1994,
PRK,Democratic People's Republic of Korea,country,1995,
PRK,Democratic People's Republic of Korea,country,1996,
PRK,Democratic People's Republic of Korea,country,1997,
PRK,Democratic People's Republic of Korea,country,1998,
PRK,Democratic People's Republic of Korea,country,1999,
PRK,Democratic People's Republic of Korea,country,2000,
PRK,Democratic People's Republic of Korea,country,2001,
PRK,Democratic People's Republic of Korea,country,2002,
PRK,Democratic People's Republic of Korea,country,2003,
PRK,Democratic People's Republic of Korea,country,2004,
PRK,Democratic People's Republic of Korea,country,2005,
PRK,Democratic People's Republic of Korea,country,2006,
PRK,Democratic People's Republic of Korea,country,2007,
PRK,Democratic People's Republic of Korea,country,2008,
PRK,Democratic People's Republic of Korea,country,2009,
PRK,Democratic People's Republic of Korea,country,2010,
PRK,Democratic People's Republic of Korea,country,2011,
PRK,Democratic People's Republic of Korea,country,2012,
PRK,Democratic People's Republic of Korea,country,2013,
PRK,Democratic People's Republic of Korea,country,2014,
PRK,Democratic People's Republic of Korea,country,2015,
PRK,Democratic People's Republic of Korea,country,2016,
PRK,Democratic People's Republic of Korea,country,2017,
PRK,Democratic People's Republic of Korea,country,2018,
PRK,Democratic People's Republic of Korea,country,2019,
PRK,Democratic People's Republic of Korea,country,2020,
PRK,Democratic People's Republic of Korea,country,2021,
PRK,Democratic People's Republic of Korea,country,2022,
PRK,Democratic People's Republic of Korea,country,2023,
PRK,Democratic People's Republic of Korea,country,2024,
PRK,Democratic People's Republic of Korea,country,2025,
PRT,Portugal,country,1990,27190.57202670459
PRT,Portugal,country,1991,28443.79453603754
PRT,Portugal,country,1992,28776.0475772622
PRT,Portugal,country,1993,28153.61551772183
PRT,Portugal,country,1994,28348.86583863749
PRT,Portugal,country,1995,29460.81418648544
PRT,Portugal,country,1996,30378.75577563907
PRT,Portugal,country,1997,31574.40219791242
PRT,Portugal,country,1998,32925.66387258606
PRT,Portugal,country,1999,34018.96370665079
PRT,Portugal,country,2000,35069.82757051334
PRT,Portugal,country,2001,35500.22668040933
PRT,Portugal,country,2002,35578.52003090004
PRT,Portugal,country,2003,35115.37951441305
PRT,Portugal,country,2004,35658.12982575067
PRT,Portugal,country,2005,35870.3092741502
PRT,Portugal,country,2006,36387.53673795229
PRT,Portugal,country,2007,37226.47026267039
PRT,Portugal,country,2008,37291.50489696638
PRT,Portugal,country,2009,36092.8109314688
PRT,Portugal,country,2010,36703.11418828249
PRT,Portugal,country,2011,36127.2949766157
PRT,Portugal,country,2012,34804.63333404844
PRT,Portugal,country,2013,34651.77194550585
PRT,Portugal,country,2014,35097.40982632318
PRT,Portugal,country,2015,35803.3575649772
PRT,Portugal,country,2016,36636.29784416364
PRT,Portugal,country,2017,37943.11505056769
PRT,Portugal,country,2018,39123.61512825749
PRT,Portugal,country,2019,40188.28687992231
PRT,Portugal,country,2020,36852.22873381031
PRT,Portugal,country,2021,38657.66772234286
PRT,Portugal,country,2022,41070.8611529744
PRT,Portugal,country,2023,41768.25830968737
PRT,Portugal,country,2024,42228.15804465021
PRT,Portugal,country,2025,42576.81396735445
PRY,Paraguay,country,1990,9961.221711247488
PRY,Paraguay,country,1991,10039.04384616221
PRY,Paraguay,country,1992,9947.164390368416
PRY,Paraguay,country,1993,10177.16894344943
PRY,Paraguay,country,1994,10457.76854582699
PRY,Paraguay,country,1995,10906.89461298604
PRY,Paraguay,country,1996,10823.91992187967
PRY,Paraguay,country,1997,11031.62191544756
PRY,Paraguay,country,1998,10801.19504604946
PRY,Paraguay,country,1999,10434.0803694109
PRY,Paraguay,country,2000,9997.329725140502
PRY,Paraguay,country,2001,9748.02702767691
PRY,Paraguay,country,2002,9609.533645853362
PRY,Paraguay,country,2003,9902.199180038169
PRY,Paraguay,country,2004,10185.90743877794
PRY,Paraguay,country,2005,10288.80086657702
PRY,Paraguay,country,2006,10671.64499843849
PRY,Paraguay,country,2007,11140.46290980644
PRY,Paraguay,country,2008,11749.65463544185
PRY,Paraguay,country,2009,11599.81985790923
PRY,Paraguay,country,2010,12736.96728678071
PRY,Paraguay,country,2011,13107.81044359892
PRY,Paraguay,country,2012,12833.18016194127
PRY,Paraguay,country,2013,13698.97223202622
PRY,Paraguay,country,2014,14217.55808969826
PRY,Paraguay,country,2015,14425.77758603295
PRY,Paraguay,country,2016,14824.79062808117
PRY,Paraguay,country,2017,15318.40121872757
PRY,Paraguay,country,2018,15591.01426630845
PRY,Paraguay,country,2019,15319.38899912212
PRY,Paraguay,country,2020,14989.76671301618
PRY,Paraguay,country,2021,15400.94463324281
PRY,Paraguay,country,2022,15222.89202285985
PRY,Paraguay,country,2023,15831.58498313085
PRY,Paraguay,country,2024,16367.49401664814
PRY,Paraguay,country,2025,17245.84584231183
PSE,State of Palestine,country,1990,
PSE,State of Palestine,country,1991,
PSE,State of Palestine,country,1992,
PSE,State of Palestine,country,1993,
PSE,State of Palestine,country,1994,3966.688750521523
PSE,State of Palestine,country,1995,4062.96290335877
PSE,State of Palestine,country,1996,3932.226947328538
PSE,State of Palestine,country,1997,4311.538767406362
PSE,State of Palestine,country,1998,4805.191568786443
PSE,State of Palestine,country,1999,5071.821217190425
PSE,State of Palestine,country,2000,4520.889925319747
PSE,State of Palestine,country,2001,3996.508780018211
PSE,State of Palestine,country,2002,3409.172874226984
PSE,State of Palestine,country,2003,3788.926527211281
PSE,State of Palestine,country,2004,4503.08034061409
PSE,State of Palestine,country,2005,4885.072521844444
PSE,State of Palestine,country,2006,4714.373317933418
PSE,State of Palestine,country,2007,4769.523280968006
PSE,State of Palestine,country,2008,4984.805798906947
PSE,State of Palestine,country,2009,5270.663316432195
PSE,State of Palestine,country,2010,5432.243630725217
PSE,State of Palestine,country,2011,5805.321153292509
PSE,State of Palestine,country,2012,6009.109258220422
PSE,State of Palestine,country,2013,6142.202043425908
PSE,State of Palestine,country,2014,5990.426615237782
PSE,State of Palestine,country,2015,6072.650317685494
PSE,State of Palestine,country,2016,6464.133525373713
PSE,State of Palestine,country,2017,6426.795216153346
PSE,State of Palestine,country,2018,6342.937480085202
PSE,State of Palestine,country,2019,6269.891345279849
PSE,State of Palestine,country,2020,5423.682546531257
PSE,State of Palestine,country,2021,5663.121607435843
PSE,State of Palestine,country,2022,5753.083958993073
PSE,State of Palestine,country,2023,5562.42442563953
PSE,State of Palestine,country,2024,4190.909113336262
PSE,State of Palestine,country,2025,4272.457620770194
PYF,French Polynesia,country,1990,
PYF,French Polynesia,country,1991,
PYF,French Polynesia,country,1992,
PYF,French Polynesia,country,1993,
PYF,French Polynesia,country,1994,
PYF,French Polynesia,country,1995,
PYF,French Polynesia,country,1996,
PYF,French Polynesia,country,1997,
PYF,French Polynesia,country,1998,
PYF,French Polynesia,country,1999,
PYF,French Polynesia,country,2000,
PYF,French Polynesia,country,2001,
PYF,French Polynesia,country,2002,
PYF,French Polynesia,country,2003,
PYF,French Polynesia,country,2004,
PYF,French Polynesia,country,2005,
PYF,French Polynesia,country,2006,
PYF,French Polynesia,country,2007,
PYF,French Polynesia,country,2008,
PYF,French Polynesia,country,2009,
PYF,French Polynesia,country,2010,
PYF,French Polynesia,country,2011,
PYF,French Polynesia,country,2012,
PYF,French Polynesia,country,2013,
PYF,French Polynesia,country,2014,
PYF,French Polynesia,country,2015,
PYF,French Polynesia,country,2016,
PYF,French Polynesia,country,2017,
PYF,French Polynesia,country,2018,
PYF,French Polynesia,country,2019,
PYF,French Polynesia,country,2020,
PYF,French Polynesia,country,2021,
PYF,French Polynesia,country,2022,
PYF,French Polynesia,country,2023,
PYF,French Polynesia,country,2024,
PYF,French Polynesia,country,2025,
QAT,Qatar,country,1990,75303.56017082201
QAT,Qatar,country,1991,71662.20429819457
QAT,Qatar,country,1992,77267.11454592232
QAT,Qatar,country,1993,73900.59136157758
QAT,Qatar,country,1994,72711.02420882133
QAT,Qatar,country,1995,72303.47796208521
QAT,Qatar,country,1996,73369.82924393643
QAT,Qatar,country,1997,91667.42398309353
QAT,Qatar,country,1998,96675.81247116627
QAT,Qatar,country,1999,95556.85224908736
QAT,Qatar,country,2000,98028.52329185256
QAT,Qatar,country,2001,96901.59437256062
QAT,Qatar,country,2002,99001.49399774607
QAT,Qatar,country,2003,98068.12324924985
QAT,Qatar,country,2004,112583.9299246064
QAT,Qatar,country,2005,113384.2670017061
QAT,Qatar,country,2006,121378.4389573702
QAT,Qatar,country,2007,115272.5100032383
QAT,Qatar,country,2008,114879.2217276743
QAT,Qatar,country,2009,114069.6523352836
QAT,Qatar,country,2010,132502.2818283134
QAT,Qatar,country,2011,149025.1163250236
QAT,Qatar,country,2012,147077.4060926366
QAT,Qatar,country,2013,138046.5963154584
QAT,Qatar,country,2014,128013.9870508911
QAT,Qatar,country,2015,123070.887876565
QAT,Qatar,country,2016,120054.4087365177
QAT,Qatar,country,2017,115064.9436628529
QAT,Qatar,country,2018,114909.9454851269
QAT,Qatar,country,2019,113160.973779334
QAT,Qatar,country,2020,103061.9134225024
QAT,Qatar,country,2021,116832.5702940979
QAT,Qatar,country,2022,114740.12361423
QAT,Qatar,country,2023,116159.1425640877
QAT,Qatar,country,2024,111314.2503558911
QAT,Qatar,country,2025,110135.6962976924
ROU,Romania,country,1990,16316.84466804191
ROU,Romania,country,1991,14332.97068033487
ROU,Romania,country,1992,13195.04180650672
ROU,Romania,country,1993,13415.01880401845
ROU,Romania,country,1994,13962.77386252387
ROU,Romania,country,1995,14863.18559372976
ROU,Romania,country,1996,15488.55747830698
ROU,Romania,country,1997,14779.99772623205
ROU,Romania,country,1998,14509.99318435088
ROU,Romania,country,1999,14478.04935383916
ROU,Romania,country,2000,14853.60636815313
ROU,Romania,country,2001,15848.30391431623
ROU,Romania,country,2002,17061.6293695412
ROU,Romania,country,2003,17587.46261776396
ROU,Romania,country,2004,19532.48002051843
ROU,Romania,country,2005,20570.92551468104
ROU,Romania,country,2006,22354.56378600533
ROU,Romania,country,2007,24328.39313327883
ROU,Romania,country,2008,27039.60008642909
ROU,Romania,country,2009,25761.63055172048
ROU,Romania,country,2010,24902.90448914657
ROU,Romania,country,2011,26150.74762317356
ROU,Romania,country,2012,26767.45564871809
ROU,Romania,country,2013,26941.93188495946
ROU,Romania,country,2014,28156.13078432931
ROU,Romania,country,2015,29181.87817224413
ROU,Romania,country,2016,30189.14772302397
ROU,Romania,country,2017,32852.63556722546
ROU,Romania,country,2018,34828.89586378838
ROU,Romania,country,2019,36399.4746080793
ROU,Romania,country,2020,35283.60603582406
ROU,Romania,country,2021,37534.00026435487
ROU,Romania,country,2022,39256.82608549771
ROU,Romania,country,2023,40116.68914169041
ROU,Romania,country,2024,40503.83232537888
ROU,Romania,country,2025,40845.98434401132
RUS,Russian Federation,country,1990,29643.595703125
RUS,Russian Federation,country,1991,28066.921875
RUS,Russian Federation,country,1992,23965.244140625
RUS,Russian Federation,country,1993,21899.517578125
RUS,Russian Federation,country,1994,19153.36328125
RUS,Russian Federation,country,1995,18363.712890625
RUS,Russian Federation,country,1996,17699.869140625
RUS,Russian Federation,country,1997,17977.3515625
RUS,Russian Federation,country,1998,17052.755859375
RUS,Russian Federation,country,1999,18200.3203125
RUS,Russian Federation,country,2000,20104.75
RUS,Russian Federation,country,2001,21219.904296875
RUS,Russian Federation,country,2002,22319.677734375
RUS,Russian Federation,country,2003,24057.927734375
RUS,Russian Federation,country,2004,25894.146484375
RUS,Russian Federation,country,2005,27656.658203125
RUS,Russian Federation,country,2006,30022.671875
RUS,Russian Federation,country,2007,32630.369140625
RUS,Russian Federation,country,2008,34342.2265625
RUS,Russian Federation,country,2009,31654.00390625
RUS,Russian Federation,country,2010,33063.5859375
RUS,Russian Federation,country,2011,34444.64453125
RUS,Russian Federation,country,2012,35740.69921875
RUS,Russian Federation,country,2013,36260.06640625
RUS,Russian Federation,country,2014,35853.24609375
RUS,Russian Federation,country,2015,35037.15234375
RUS,Russian Federation,country,2016,35005.4453125
RUS,Russian Federation,country,2017,35570.703125
RUS,Russian Federation,country,2018,36536.6953125
RUS,Russian Federation,country,2019,37319.3203125
RUS,Russian Federation,country,2020,36376.3359375
RUS,Russian Federation,country,2021,38638.4296875
RUS,Russian Federation,country,2022,38214.69140625
RUS,Russian Federation,country,2023,39881.44921875
RUS,Russian Federation,country,2024,41891.171875
RUS,Russian Federation,country,2025,42357.98828125
RWA,Rwanda,country,1990,1165.726052535032
RWA,Rwanda,country,1991,1113.517919981849
RWA,Rwanda,country,1992,1154.92927021895
RWA,Rwanda,country,1993,1021.671308858799
RWA,Rwanda,country,1994,597.262798593604
RWA,Rwanda,country,1995,966.8104054193428
RWA,Rwanda,country,1996,921.9282767550197
RWA,Rwanda,country,1997,907.9806859252451
RWA,Rwanda,country,1998,948.4906605013955
RWA,Rwanda,country,1999,981.7225015546845
RWA,Rwanda,country,2000,1055.350423397756
RWA,Rwanda,country,2001,1134.784531534681
RWA,Rwanda,country,2002,1267.19396540218
RWA,Rwanda,country,2003,1266.944494871964
RWA,Rwanda,country,2004,1325.795573125029
RWA,Rwanda,country,2005,1412.061079499669
RWA,Rwanda,country,2006,1501.764621859298
RWA,Rwanda,country,2007,1573.968112180113
RWA,Rwanda,country,2008,1704.254490577269
RWA,Rwanda,country,2009,1764.634849610941
RWA,Rwanda,country,2010,1846.863268400661
RWA,Rwanda,country,2011,1945.537053838781
RWA,Rwanda,country,2012,2063.664748230311
RWA,Rwanda,country,2013,2109.746688115671
RWA,Rwanda,country,2014,2176.094920146659
RWA,Rwanda,country,2015,2313.097169409616
RWA,Rwanda,country,2016,2386.748410028255
RWA,Rwanda,country,2017,2441.085408165086
RWA,Rwanda,country,2018,2577.69730366075
RWA,Rwanda,country,2019,2753.539598108564
RWA,Rwanda,country,2020,2617.707060343636
RWA,Rwanda,country,2021,2776.392763879232
RWA,Rwanda,country,2022,2983.107740073043
RWA,Rwanda,country,2023,3168.030752815154
RWA,Rwanda,country,2024,3325.007696838146
RWA,Rwanda,country,2025,3558.680037538084
SAU,Saudi Arabia,country,1990,65196.57338605297
SAU,Saudi Arabia,country,1991,67268.5518488763
SAU,Saudi Arabia,country,1992,67183.91002909448
SAU,Saudi Arabia,country,1993,64517.66528910518
SAU,Saudi Arabia,country,1994,62403.69373201216
SAU,Saudi Arabia,country,1995,60058.31745035106
SAU,Saudi Arabia,country,1996,59612.81259936654
SAU,Saudi Arabia,country,1997,58875.5473738828
SAU,Saudi Arabia,country,1998,58306.62280972302
SAU,Saudi Arabia,country,1999,55878.17364944261
SAU,Saudi Arabia,country,2000,55962.26613427894
SAU,Saudi Arabia,country,2001,53309.11138854396
SAU,Saudi Arabia,country,2002,50371.97830798337
SAU,Saudi Arabia,country,2003,52234.64928079102
SAU,Saudi Arabia,country,2004,54196.55141529533
SAU,Saudi Arabia,country,2005,54931.79424508451
SAU,Saudi Arabia,country,2006,54373.737695386
SAU,Saudi Arabia,country,2007,53318.41916018336
SAU,Saudi Arabia,country,2008,54407.70816732466
SAU,Saudi Arabia,country,2009,51760.76439875658
SAU,Saudi Arabia,country,2010,54911.54751701202
SAU,Saudi Arabia,country,2011,58645.44594165308
SAU,Saudi Arabia,country,2012,59471.70019093943
SAU,Saudi Arabia,country,2013,57998.46446191554
SAU,Saudi Arabia,country,2014,58872.26714001262
SAU,Saudi Arabia,country,2015,58498.53990406989
SAU,Saudi Arabia,country,2016,57308.44841274971
SAU,Saudi Arabia,country,2017,57942.54849830442
SAU,Saudi Arabia,country,2018,61359.46537403877
SAU,Saudi Arabia,country,2019,62647.72994878422
SAU,Saudi Arabia,country,2020,57420.73357364236
SAU,Saudi Arabia,country,2021,62690.49666459286
SAU,Saudi Arabia,country,2022,67178.59022749063
SAU,Saudi Arabia,country,2023,64481.84419272879
SAU,Saudi Arabia,country,2024,63194.43325288323
SAU,Saudi Arabia,country,2025,63051.04672579865
SDN,Sudan,country,1990,2460.18872070313
SDN,Sudan,country,1991,2591.869140625
SDN,Sudan,country,1992,2709.7900390625
SDN,Sudan,country,1993,2777.27490234375
SDN,Sudan,country,1994,2736.47192382813
SDN,Sudan,country,1995,2824.63208007813
SDN,Sudan,country,1996,2924.29077148438
SDN,Sudan,country,1997,3380.18676757813
SDN,Sudan,country,1998,3441.17919921875
SDN,Sudan,country,1999,3459.22998046875
SDN,Sudan,country,2000,3575.85205078125
SDN,Sudan,country,2001,3701.548828125
SDN,Sudan,country,2002,3814.31323242188
SDN,Sudan,country,2003,3946.92260742188
SDN,Sudan,country,2004,4041.05712890625
SDN,Sudan,country,2005,4152.32275390625
SDN,Sudan,country,2006,4299.97412109375
SDN,Sudan,country,2007,4415.78515625
SDN,Sudan,country,2008,4446.40966796875
SDN,Sudan,country,2009,4188.0546875
SDN,Sudan,country,2010,4219.8369140625
SDN,Sudan,country,2011,4467.6259765625
SDN,Sudan,country,2012,4145.931640625
SDN,Sudan,country,2013,4130.48583984375
SDN,Sudan,country,2014,4207.50048828125
SDN,Sudan,country,2015,4159.1943359375
SDN,Sudan,country,2016,4174.56103515625
SDN,Sudan,country,2017,4061.01831054688
SDN,Sudan,country,2018,3816.65991210938
SDN,Sudan,country,2019,3625.52319335938
SDN,Sudan,country,2020,3401.24975585938
SDN,Sudan,country,2021,3248.9755859375
SDN,Sudan,country,2022,3132.0771484375
SDN,Sudan,country,2023,2181.0791015625
SDN,Sudan,country,2024,1861.39794921875
SDN,Sudan,country,2025,1873.38562011719
SEN,Senegal,country,1990,2923.344124703973
SEN,Senegal,country,1991,2917.014277857494
SEN,Senegal,country,1992,2874.002979670229
SEN,Senegal,country,1993,2834.027972820205
SEN,Senegal,country,1994,2757.860875145277
SEN,Senegal,country,1995,2835.032728751984
SEN,Senegal,country,1996,2822.468373245557
SEN,Senegal,country,1997,2840.608088605356
SEN,Senegal,country,1998,2938.691625522534
SEN,Senegal,country,1999,3050.17800999452
SEN,Senegal,country,2000,3093.287916033818
SEN,Senegal,country,2001,3149.331137042829
SEN,Senegal,country,2002,3075.231575038738
SEN,Senegal,country,2003,3170.034946892646
SEN,Senegal,country,2004,3240.302016706425
SEN,Senegal,country,2005,3301.820761616329
SEN,Senegal,country,2006,3301.031524150108
SEN,Senegal,country,2007,3316.420378355961
SEN,Senegal,country,2008,3359.705670911439
SEN,Senegal,country,2009,3371.461666894513
SEN,Senegal,country,2010,3403.567071667622
SEN,Senegal,country,2011,3362.879405381648
SEN,Senegal,country,2012,3405.10864461668
SEN,Senegal,country,2013,3385.425906874005
SEN,Senegal,country,2014,3484.012197506607
SEN,Senegal,country,2015,3593.794771212792
SEN,Senegal,country,2016,3710.055315915588
SEN,Senegal,country,2017,3871.45146786374
SEN,Senegal,country,2018,3998.286353038672
SEN,Senegal,country,2019,4070.6122705955
SEN,Senegal,country,2020,4018.041292790441
SEN,Senegal,country,2021,4173.677413996166
SEN,Senegal,country,2022,4228.733826436619
SEN,Senegal,country,2023,4304.761487217733
SEN,Senegal,country,2024,4477.817368362585
SEN,Senegal,country,2025,4668.541676587259
SGP,Singapore,country,1990,45961.05982710939
SGP,Singapore,country,1991,47659.49668869528
SGP,Singapore,country,1992,49319.81926995252
SGP,Singapore,country,1993,53598.46396195194
SGP,Singapore,country,1994,57706.871164823
SGP,Singapore,country,1995,59997.0074442828
SGP,Singapore,country,1996,61911.50303580827
SGP,Singapore,country,1997,64846.06292777909
SGP,Singapore,country,1998,61306.77345426763
SGP,Singapore,country,1999,64296.63848743845
SGP,Singapore,country,2000,68904.12801545113
SGP,Singapore,country,2001,66352.14928658911
SGP,Singapore,country,2002,68328.93217205802
SGP,Singapore,country,2003,72497.86860120999
SGP,Singapore,country,2004,78712.53472973878
SGP,Singapore,country,2005,82547.48283577802
SGP,Singapore,country,2006,87210.04804676458
SGP,Singapore,country,2007,91198.15157084557
SGP,Singapore,country,2008,88083.28536645825
SGP,Singapore,country,2009,85575.75510667503
SGP,Singapore,country,2010,96280.01687564483
SGP,Singapore,country,2011,100153.7294059453
SGP,Singapore,country,2012,102061.1193610502
SGP,Singapore,country,2013,105259.693561054
SGP,Singapore,country,2014,107990.8912026252
SGP,Singapore,country,2015,109894.0413373405
SGP,Singapore,country,2016,112719.9479511114
SGP,Singapore,country,2017,117492.9679945258
SGP,Singapore,country,2018,120668.8887261584
SGP,Singapore,country,2019,120678.341978557
SGP,Singapore,country,2020,116684.2135965716
SGP,Singapore,country,2021,133990.1867821038
SGP,Singapore,country,2022,134828.0013926137
SGP,Singapore,country,2023,130296.8437892607
SGP,Singapore,country,2024,134548.764138482
SGP,Singapore,country,2025,139592.6122107608
SLB,Solomon Islands,country,1990,2352.700620365204
SLB,Solomon Islands,country,1991,2418.67567698408
SLB,Solomon Islands,country,1992,2644.839371248747
SLB,Solomon Islands,country,1993,2670.018033259598
SLB,Solomon Islands,country,1994,2802.591571225311
SLB,Solomon Islands,country,1995,2996.655552611222
SLB,Solomon Islands,country,1996,2958.198180468323
SLB,Solomon Islands,country,1997,2848.684656067063
SLB,Solomon Islands,country,1998,2805.625632489222
SLB,Solomon Islands,country,1999,2717.875339796499
SLB,Solomon Islands,country,2000,2277.113638312244
SLB,Solomon Islands,country,2001,2055.537713751592
SLB,Solomon Islands,country,2002,1960.675047933262
SLB,Solomon Islands,country,2003,2050.57140389822
SLB,Solomon Islands,country,2004,2168.783716480178
SLB,Solomon Islands,country,2005,2287.566688227152
SLB,Solomon Islands,country,2006,2340.951436624926
SLB,Solomon Islands,country,2007,2384.623330409454
SLB,Solomon Islands,country,2008,2490.102074957579
SLB,Solomon Islands,country,2009,2515.213240365065
SLB,Solomon Islands,country,2010,2682.62900140516
SLB,Solomon Islands,country,2011,2777.834390078931
SLB,Solomon Islands,country,2012,2743.810015145098
SLB,Solomon Islands,country,2013,2783.948566663634
SLB,Solomon Islands,country,2014,2716.770054031216
SLB,Solomon Islands,country,2015,2665.066206797987
SLB,Solomon Islands,country,2016,2715.581522526589
SLB,Solomon Islands,country,2017,2704.009880155546
SLB,Solomon Islands,country,2018,2686.463170279838
SLB,Solomon Islands,country,2019,2661.957708935876
SLB,Solomon Islands,country,2020,2515.463694133054
SLB,Solomon Islands,country,2021,2450.183997095533
SLB,Solomon Islands,country,2022,2330.401645234008
SLB,Solomon Islands,country,2023,2339.874699923472
SLB,Solomon Islands,country,2024,2353.549601111864
SLB,Solomon Islands,country,2025,2382.131452067402
SLE,Sierra Leone,country,1990,2703.599186298709
SLE,Sierra Leone,country,1991,2734.968624641111
SLE,Sierra Leone,country,1992,2257.44939799545
SLE,Sierra Leone,country,1993,2293.563539686744
SLE,Sierra Leone,country,1994,2240.290050300908
SLE,Sierra Leone,country,1995,2058.076832549985
SLE,Sierra Leone,country,1996,2084.182225860516
SLE,Sierra Leone,country,1997,1936.556530478393
SLE,Sierra Leone,country,1998,1951.820910579263
SLE,Sierra Leone,country,1999,1903.326960494113
SLE,Sierra Leone,country,2000,1981.506086359601
SLE,Sierra Leone,country,2001,1749.350862704292
SLE,Sierra Leone,country,2002,2089.261526726516
SLE,Sierra Leone,country,2003,2196.281344807175
SLE,Sierra Leone,country,2004,2260.838188921769
SLE,Sierra Leone,country,2005,2296.657678165809
SLE,Sierra Leone,country,2006,2342.754610646576
SLE,Sierra Leone,country,2007,2377.805300404038
SLE,Sierra Leone,country,2008,2404.651987105718
SLE,Sierra Leone,country,2009,2376.582544460386
SLE,Sierra Leone,country,2010,2459.76814343236
SLE,Sierra Leone,country,2011,2590.52839404167
SLE,Sierra Leone,country,2012,2792.926264592321
SLE,Sierra Leone,country,2013,3124.728323550662
SLE,Sierra Leone,country,2014,2812.5283210882
SLE,Sierra Leone,country,2015,2628.170580657459
SLE,Sierra Leone,country,2016,2732.26093913215
SLE,Sierra Leone,country,2017,2753.427197622217
SLE,Sierra Leone,country,2018,2767.380032966877
SLE,Sierra Leone,country,2019,2852.662698299674
SLE,Sierra Leone,country,2020,2752.626153556634
SLE,Sierra Leone,country,2021,2849.388658390093
SLE,Sierra Leone,country,2022,2934.733263403898
SLE,Sierra Leone,country,2023,3034.946081925047
SLE,Sierra Leone,country,2024,3098.762904466763
SLE,Sierra Leone,country,2025,3176.236812929961
SLV,El Salvador,country,1990,5976.017625220265
SLV,El Salvador,country,1991,5960.05892897788
SLV,El Salvador,country,1992,6275.187671169055
SLV,El Salvador,country,1993,6553.072340738406
SLV,El Salvador,country,1994,6795.506088971922
SLV,El Salvador,country,1995,7057.920252483545
SLV,El Salvador,country,1996,7062.300078241359
SLV,El Salvador,country,1997,7234.944562284349
SLV,El Salvador,country,1998,7381.114604175004
SLV,El Salvador,country,1999,7498.467410972064
SLV,El Salvador,country,2000,7545.44796218991
SLV,El Salvador,country,2001,7580.323384101586
SLV,El Salvador,country,2002,7675.671061951137
SLV,El Salvador,country,2003,7780.271776855987
SLV,El Salvador,country,2004,7841.532378868419
SLV,El Salvador,country,2005,8050.534512891895
SLV,El Salvador,country,2006,8404.246749031432
SLV,El Salvador,country,2007,8548.834761186046
SLV,El Salvador,country,2008,8704.805846325915
SLV,El Salvador,country,2009,8494.498474236214
SLV,El Salvador,country,2010,8648.929827176718
SLV,El Salvador,country,2011,8945.931329700064
SLV,El Salvador,country,2012,9162.562126135077
SLV,El Salvador,country,2013,9329.462022228612
SLV,El Salvador,country,2014,9451.744607867
SLV,El Salvador,country,2015,9646.154323398538
SLV,El Salvador,country,2016,9863.761212144531
SLV,El Salvador,country,2017,10064.79349426006
SLV,El Salvador,country,2018,10297.20361269201
SLV,El Salvador,country,2019,10543.93832913167
SLV,El Salvador,country,2020,9692.449316057988
SLV,El Salvador,country,2021,10809.71339951796
SLV,El Salvador,country,2022,11085.61661695532
SLV,El Salvador,country,2023,11404.33422626853
SLV,El Salvador,country,2024,11647.02344801269
SLV,El Salvador,country,2025,12050.02826570204
SMR,San Marino,country,1990,
SMR,San Marino,country,1991,
SMR,San Marino,country,1992,
SMR,San Marino,country,1993,
SMR,San Marino,country,1994,
SMR,San Marino,country,1995,
SMR,San Marino,country,1996,
SMR,San Marino,country,1997,66923.03258339284
SMR,San Marino,country,1998,71024.56187750743
SMR,San Marino,country,1999,76474.1322767635
SMR,San Marino,country,2000,77149.41857982933
SMR,San Marino,country,2001,80420.77254515163
SMR,San Marino,country,2002,79649.5350498753
SMR,San Marino,country,2003,81688.38141883086
SMR,San Marino,country,2004,80724.81147117283
SMR,San Marino,country,2005,81632.1776324722
SMR,San Marino,country,2006,83781.55019910101
SMR,San Marino,country,2007,86785.02102082736
SMR,San Marino,country,2008,85120.28972758832
SMR,San Marino,country,2009,73093.83414894441
SMR,San Marino,country,2010,68669.2549485757
SMR,San Marino,country,2011,64214.12090659502
SMR,San Marino,country,2012,58176.37974547606
SMR,San Marino,country,2013,58467.97891284855
SMR,San Marino,country,2014,58743.58638901506
SMR,San Marino,country,2015,59647.66001469336
SMR,San Marino,country,2016,60669.82289479664
SMR,San Marino,country,2017,59524.56068272017
SMR,San Marino,country,2018,59194.04440794003
SMR,San Marino,country,2019,60171.0506033928
SMR,San Marino,country,2020,55998.07346252783
SMR,San Marino,country,2021,64745.13227959011
SMR,San Marino,country,2022,70887.57805659817
SMR,San Marino,country,2023,70951.79196907149
SMR,San Marino,country,2024,
SMR,San Marino,country,2025,
SOM,Somalia,country,1990,
SOM,Somalia,country,1991,837.2670227949629
SOM,Somalia,country,1992,803.787078571081
SOM,Somalia,country,1993,812.5572911596544
SOM,Somalia,country,1994,634.7277341293047
SOM,Somalia,country,1995,636.6620713081038
SOM,Somalia,country,1996,663.3511315489003
SOM,Somalia,country,1997,648.0171635506869
SOM,Somalia,country,1998,662.6748571859832
SOM,Somalia,country,1999,682.9791233436154
SOM,Somalia,country,2000,702.8500711176612
SOM,Somalia,country,2001,723.3797329505903
SOM,Somalia,country,2002,749.913550912524
SOM,Somalia,country,2003,777.8845527331279
SOM,Somalia,country,2004,803.0597805802256
SOM,Somalia,country,2005,830.8072459395019
SOM,Somalia,country,2006,857.9936559021215
SOM,Somalia,country,2007,887.369352235607
SOM,Somalia,country,2008,919.1320834531066
SOM,Somalia,country,2009,956.2203253925931
SOM,Somalia,country,2010,995.2255555120166
SOM,Somalia,country,2011,1054.362149790929
SOM,Somalia,country,2012,1114.804148928297
SOM,Somalia,country,2013,1197.721664597222
SOM,Somalia,country,2014,1259.274328826051
SOM,Somalia,country,2015,1343.925174395938
SOM,Somalia,country,2016,1384.155174101235
SOM,Somalia,country,2017,1527.660290716476
SOM,Somalia,country,2018,1504.979082034806
SOM,Somalia,country,2019,1491.294939184054
SOM,Somalia,country,2020,1396.055446749776
SOM,Somalia,country,2021,1392.317820533705
SOM,Somalia,country,2022,1387.547537321911
SOM,Somalia,country,2023,1401.647352284554
SOM,Somalia,country,2024,1409.334922332828
SOM,Somalia,country,2025,1403.813890644664
SRB,Serbia,country,1990,
SRB,Serbia,country,1991,
SRB,Serbia,country,1992,
SRB,Serbia,country,1993,
SRB,Serbia,country,1994,
SRB,Serbia,country,1995,9444.751624947494
SRB,Serbia,country,1996,10035.01397500214
SRB,Serbia,country,1997,10965.48241175267
SRB,Serbia,country,1998,11598.33074923895
SRB,Serbia,country,1999,10438.46101539539
SRB,Serbia,country,2000,11105.94882373313
SRB,Serbia,country,2001,11879.17639097112
SRB,Serbia,country,2002,12661.93961153249
SRB,Serbia,country,2003,13273.6900656327
SRB,Serbia,country,2004,14194.36513179328
SRB,Serbia,country,2005,15077.55864625777
SRB,Serbia,country,2006,15727.40336836848
SRB,Serbia,country,2007,17028.0866985832
SRB,Serbia,country,2008,17983.28118556954
SRB,Serbia,country,2009,17488.12272415809
SRB,Serbia,country,2010,17841.43125990184
SRB,Serbia,country,2011,17986.58402835389
SRB,Serbia,country,2012,17993.8147169993
SRB,Serbia,country,2013,18163.20473302457
SRB,Serbia,country,2014,17922.43576857567
SRB,Serbia,country,2015,18247.80910579685
SRB,Serbia,country,2016,18889.38164155483
SRB,Serbia,country,2017,19438.99171297763
SRB,Serbia,country,2018,20454.22588436704
SRB,Serbia,country,2019,21541.12640371844
SRB,Serbia,country,2020,21479.07885533468
SRB,Serbia,country,2021,23406.30656571174
SRB,Serbia,country,2022,24651.84781835292
SRB,Serbia,country,2023,25735.13347741952
SRB,Serbia,country,2024,26900.74153406463
SRB,Serbia,country,2025,27603.39163092872
SSD,South Sudan,country,1990,
SSD,South Sudan,country,1991,
SSD,South Sudan,country,1992,
SSD,South Sudan,country,1993,
SSD,South Sudan,country,1994,
SSD,South Sudan,country,1995,
SSD,South Sudan,country,1996,
SSD,South Sudan,country,1997,
SSD,South Sudan,country,1998,
SSD,South Sudan,country,1999,
SSD,South Sudan,country,2000,
SSD,South Sudan,country,2001,
SSD,South Sudan,country,2002,
SSD,South Sudan,country,2003,
SSD,South Sudan,country,2004,
SSD,South Sudan,country,2005,
SSD,South Sudan,country,2006,
SSD,South Sudan,country,2007,
SSD,South Sudan,country,2008,
SSD,South Sudan,country,2009,
SSD,South Sudan,country,2010,
SSD,South Sudan,country,2011,
SSD,South Sudan,country,2012,
SSD,South Sudan,country,2013,
SSD,South Sudan,country,2014,
SSD,South Sudan,country,2015,
SSD,South Sudan,country,2016,
SSD,South Sudan,country,2017,
SSD,South Sudan,country,2018,
SSD,South Sudan,country,2019,
SSD,South Sudan,country,2020,
SSD,South Sudan,country,2021,
SSD,South Sudan,country,2022,
SSD,South Sudan,country,2023,
SSD,South Sudan,country,2024,
SSD,South Sudan,country,2025,
STP,Sao Tome and Principe,country,1990,3883.204298422663
STP,Sao Tome and Principe,country,1991,3844.896377148198
STP,Sao Tome and Principe,country,1992,3798.883529295142
STP,Sao Tome and Principe,country,1993,3771.286124160622
STP,Sao Tome and Principe,country,1994,3788.483704421524
STP,Sao Tome and Principe,country,1995,3802.291323021736
STP,Sao Tome and Principe,country,1996,3801.081649338574
STP,Sao Tome and Principe,country,1997,3784.790234317797
STP,Sao Tome and Principe,country,1998,3828.99823839083
STP,Sao Tome and Principe,country,1999,3878.131085252462
STP,Sao Tome and Principe,country,2000,3852.890427214534
STP,Sao Tome and Principe,country,2001,3907.019281869803
STP,Sao Tome and Principe,country,2002,3942.760406951149
STP,Sao Tome and Principe,country,2003,4161.638331675416
STP,Sao Tome and Principe,country,2004,4202.561868987751
STP,Sao Tome and Principe,country,2005,4371.497216441276
STP,Sao Tome and Principe,country,2006,4644.180446699914
STP,Sao Tome and Principe,country,2007,4698.084169618394
STP,Sao Tome and Principe,country,2008,4873.181311204605
STP,Sao Tome and Principe,country,2009,4919.195298228649
STP,Sao Tome and Principe,country,2010,4882.047964663413
STP,Sao Tome and Principe,country,2011,4876.473157921455
STP,Sao Tome and Principe,country,2012,4919.552943865769
STP,Sao Tome and Principe,country,2013,5072.112001958659
STP,Sao Tome and Principe,country,2014,5223.095728863879
STP,Sao Tome and Principe,country,2015,5210.203775543102
STP,Sao Tome and Principe,country,2016,5388.509133489098
STP,Sao Tome and Principe,country,2017,5521.202495974128
STP,Sao Tome and Principe,country,2018,5674.723790940113
STP,Sao Tome and Principe,country,2019,5702.083470712361
STP,Sao Tome and Principe,country,2020,5742.947248588261
STP,Sao Tome and Principe,country,2021,5732.694560615356
STP,Sao Tome and Principe,country,2022,5632.138907150473
STP,Sao Tome and Principe,country,2023,5541.301676053497
STP,Sao Tome and Principe,country,2024,5511.877854697516
STP,Sao Tome and Principe,country,2025,5459.213117663347
SUR,Suriname,country,1990,17137.65097005559
SUR,Suriname,country,1991,17493.49622574257
SUR,Suriname,country,1992,17455.12564543216
SUR,Suriname,country,1993,16217.16603471026
SUR,Suriname,country,1994,16648.53452589333
SUR,Suriname,country,1995,16368.31136058201
SUR,Suriname,country,1996,16184.4999295065
SUR,Suriname,country,1997,16754.35114270635
SUR,Suriname,country,1998,16789.75490053556
SUR,Suriname,country,1999,16217.51730314376
SUR,Suriname,country,2000,16220.17906032624
SUR,Suriname,country,2001,16556.94406099268
SUR,Suriname,country,2002,16678.07187065822
SUR,Suriname,country,2003,17383.50155056122
SUR,Suriname,country,2004,18585.51708641761
SUR,Suriname,country,2005,19220.28396966054
SUR,Suriname,country,2006,20113.67075476946
SUR,Suriname,country,2007,20902.13915892786
SUR,Suriname,country,2008,21515.81195510928
SUR,Suriname,country,2009,21906.41054474981
SUR,Suriname,country,2010,22772.47545436895
SUR,Suriname,country,2011,23829.53328563932
SUR,Suriname,country,2012,24193.84123739219
SUR,Suriname,country,2013,24624.0219854601
SUR,Suriname,country,2014,24414.35547597339
SUR,Suriname,country,2015,23327.52524974467
SUR,Suriname,country,2016,21950.41221486252
SUR,Suriname,country,2017,22070.51375708354
SUR,Suriname,country,2018,22938.53537155452
SUR,Suriname,country,2019,22966.74059991245
SUR,Suriname,country,2020,19091.36171842262
SUR,Suriname,country,2021,18458.23499968104
SUR,Suriname,country,2022,18742.58737603685
SUR,Suriname,country,2023,19020.86637510091
SUR,Suriname,country,2024,19179.10183910596
SUR,Suriname,country,2025,19357.39079693181
SVK,Slovakia,country,1990,17521.02505757896
SVK,Slovakia,country,1991,14955.95420780603
SVK,Slovakia,country,1992,13946.16307939194
SVK,Slovakia,country,1993,14157.18143742042
SVK,Slovakia,country,1994,14976.57735541293
SVK,Slovakia,country,1995,15805.41332987418
SVK,Slovakia,country,1996,16737.17221990434
SVK,Slovakia,country,1997,17622.77974778979
SVK,Slovakia,country,1998,18272.52244555343
SVK,Slovakia,country,1999,18167.49571733272
SVK,Slovakia,country,2000,18335.68345069369
SVK,Slovakia,country,2001,18906.60142790376
SVK,Slovakia,country,2002,19748.93187370565
SVK,Slovakia,country,2003,20721.71281075348
SVK,Slovakia,country,2004,21842.95637526206
SVK,Slovakia,country,2005,23257.17585216421
SVK,Slovakia,country,2006,25331.87402174209
SVK,Slovakia,country,2007,28064.24572646678
SVK,Slovakia,country,2008,29544.09059676204
SVK,Slovakia,country,2009,27880.4111227638
SVK,Slovakia,country,2010,29745.91966621664
SVK,Slovakia,country,2011,30468.82570494548
SVK,Slovakia,country,2012,30894.31180109261
SVK,Slovakia,country,2013,31078.18482156947
SVK,Slovakia,country,2014,31888.80535153103
SVK,Slovakia,country,2015,33507.79136037736
SVK,Slovakia,country,2016,34116.4502039273
SVK,Slovakia,country,2017,35042.78589256184
SVK,Slovakia,country,2018,36415.79205295075
SVK,Slovakia,country,2019,37194.2104548698
SVK,Slovakia,country,2020,36201.4863805533
SVK,Slovakia,country,2021,38330.30274344696
SVK,Slovakia,country,2022,38648.98557469188
SVK,Slovakia,country,2023,39501.94742319616
SVK,Slovakia,country,2024,40302.45142884245
SVK,Slovakia,country,2025,40689.81795574266
SVN,Slovenia,country,1990,25349.79771871001
SVN,Slovenia,country,1991,23078.99295017828
SVN,Slovenia,country,1992,21850.05710215903
SVN,Slovenia,country,1993,22524.95918762256
SVN,Slovenia,country,1994,23752.43772454128
SVN,Slovenia,country,1995,24722.65691675909
SVN,Slovenia,country,1996,25458.89667012392
SVN,Slovenia,country,1997,26811.48732266491
SVN,Slovenia,country,1998,27693.28274241969
SVN,Slovenia,country,1999,29131.35061353201
SVN,Slovenia,country,2000,30061.20619100891
SVN,Slovenia,country,2001,30862.89598745039
SVN,Slovenia,country,2002,31836.52156561879
SVN,Slovenia,country,2003,32833.90459694539
SVN,Slovenia,country,2004,34304.55650233307
SVN,Slovenia,country,2005,35565.04271896384
SVN,Slovenia,country,2006,37546.49560788631
SVN,Slovenia,country,2007,40002.70189919912
SVN,Slovenia,country,2008,41286.34624912233
SVN,Slovenia,country,2009,37809.17355139267
SVN,Slovenia,country,2010,38063.31468357195
SVN,Slovenia,country,2011,38233.29056228515
SVN,Slovenia,country,2012,37040.70827461065
SVN,Slovenia,country,2013,36685.74966450943
SVN,Slovenia,country,2014,37662.25598980978
SVN,Slovenia,country,2015,38534.6437425951
SVN,Slovenia,country,2016,39674.89315619678
SVN,Slovenia,country,2017,41700.65108502804
SVN,Slovenia,country,2018,43369.22194698099
SVN,Slovenia,country,2019,44577.94185830695
SVN,Slovenia,country,2020,42471.52280312766
SVN,Slovenia,country,2021,45922.66326001342
SVN,Slovenia,country,2022,47058.88659600281
SVN,Slovenia,country,2023,47986.41958558214
SVN,Slovenia,country,2024,48658.02651802673
SVN,Slovenia,country,2025,49091.01844059016
SWE,Sweden,country,1990,40199.70742198314
SWE,Sweden,country,1991,39469.07164728283
SWE,Sweden,country,1992,38783.6397676396
SWE,Sweden,country,1993,37762.54082213584
SWE,Sweden,country,1994,39000.82772339843
SWE,Sweden,country,1995,40385.21397111852
SWE,Sweden,country,1996,41008.35317467267
SWE,Sweden,country,1997,42241.06077422578
SWE,Sweden,country,1998,44010.10743582782
SWE,Sweden,country,1999,45823.30184181171
SWE,Sweden,country,2000,47868.50772925712
SWE,Sweden,country,2001,48389.81851325915
SWE,Sweden,country,2002,49331.2032555738
SWE,Sweden,country,2003,50072.47364629254
SWE,Sweden,country,2004,51960.53219029531
SWE,Sweden,country,2005,53198.67120001
SWE,Sweden,country,2006,55373.93381153931
SWE,Sweden,country,2007,56737.36891793015
SWE,Sweden,country,2008,55777.39730500939
SWE,Sweden,country,2009,52950.71033324671
SWE,Sweden,country,2010,55520.43241785336
SWE,Sweden,country,2011,56846.13682906253
SWE,Sweden,country,2012,56193.32874882461
SWE,Sweden,country,2013,56353.08563478974
SWE,Sweden,country,2014,57077.66935441957
SWE,Sweden,country,2015,58955.6412361461
SWE,Sweden,country,2016,59460.28727226893
SWE,Sweden,country,2017,59769.01362369996
SWE,Sweden,country,2018,60124.57119941789
SWE,Sweden,country,2019,61070.5243445838
SWE,Sweden,country,2020,59458.28052919693
SWE,Sweden,country,2021,62190.85269838252
SWE,Sweden,country,2022,62544.50022486441
SWE,Sweden,country,2023,62122.5116950792
SWE,Sweden,country,2024,62558.40658760405
SWE,Sweden,country,2025,63362.4612808079
SWZ,Eswatini,country,1990,5447.739002333465
SWZ,Eswatini,country,1991,5325.352463932543
SWZ,Eswatini,country,1992,5291.896289927523
SWZ,Eswatini,country,1993,5299.532301916246
SWZ,Eswatini,country,1994,5427.350019772511
SWZ,Eswatini,country,1995,5693.821954755667
SWZ,Eswatini,country,1996,5796.652550947226
SWZ,Eswatini,country,1997,5876.803417108218
SWZ,Eswatini,country,1998,5952.854231992522
SWZ,Eswatini,country,1999,6062.348059320835
SWZ,Eswatini,country,2000,6106.07478740465
SWZ,Eswatini,country,2001,6135.452999542968
SWZ,Eswatini,country,2002,6335.813518391927
SWZ,Eswatini,country,2003,6578.30152863605
SWZ,Eswatini,country,2004,6775.221741230199
SWZ,Eswatini,country,2005,7142.192186432402
SWZ,Eswatini,country,2006,7584.72030617794
SWZ,Eswatini,country,2007,7866.730734552732
SWZ,Eswatini,country,2008,7926.379611382208
SWZ,Eswatini,country,2009,7988.597500053027
SWZ,Eswatini,country,2010,8245.64153332215
SWZ,Eswatini,country,2011,8350.891909328655
SWZ,Eswatini,country,2012,8645.844782878017
SWZ,Eswatini,country,2013,8951.057498058912
SWZ,Eswatini,country,2014,9084.494057806351
SWZ,Eswatini,country,2015,9186.65344720515
SWZ,Eswatini,country,2016,9402.508341036806
SWZ,Eswatini,country,2017,9660.551615380857
SWZ,Eswatini,country,2018,9578.100610898049
SWZ,Eswatini,country,2019,10099.5863118406
SWZ,Eswatini,country,2020,9695.824980587553
SWZ,Eswatini,country,2021,9990.434919512047
SWZ,Eswatini,country,2022,9927.605670081393
SWZ,Eswatini,country,2023,10181.50407303966
SWZ,Eswatini,country,2024,10386.21457175718
SWZ,Eswatini,country,2025,10706.77780494676
SXM,Sint Maarten (Dutch part),country,1990,
SXM,Sint Maarten (Dutch part),country,1991,
SXM,Sint Maarten (Dutch part),country,1992,
SXM,Sint Maarten (Dutch part),country,1993,
SXM,Sint Maarten (Dutch part),country,1994,
SXM,Sint Maarten (Dutch part),country,1995,
SXM,Sint Maarten (Dutch part),country,1996,
SXM,Sint Maarten (Dutch part),country,1997,
SXM,Sint Maarten (Dutch part),country,1998,
SXM,Sint Maarten (Dutch part),country,1999,
SXM,Sint Maarten (Dutch part),country,2000,
SXM,Sint Maarten (Dutch part),country,2001,
SXM,Sint Maarten (Dutch part),country,2002,
SXM,Sint Maarten (Dutch part),country,2003,
SXM,Sint Maarten (Dutch part),country,2004,
SXM,Sint Maarten (Dutch part),country,2005,
SXM,Sint Maarten (Dutch part),country,2006,
SXM,Sint Maarten (Dutch part),country,2007,
SXM,Sint Maarten (Dutch part),country,2008,
SXM,Sint Maarten (Dutch part),country,2009,50980.94008389834
SXM,Sint Maarten (Dutch part),country,2010,52140.59965778998
SXM,Sint Maarten (Dutch part),country,2011,53786.24620003267
SXM,Sint Maarten (Dutch part),country,2012,53357.00346279699
SXM,Sint Maarten (Dutch part),country,2013,52801.40310547917
SXM,Sint Maarten (Dutch part),country,2014,52439.47367560478
SXM,Sint Maarten (Dutch part),country,2015,51375.60325037369
SXM,Sint Maarten (Dutch part),country,2016,50817.68149426807
SXM,Sint Maarten (Dutch part),country,2017,46088.35838391523
SXM,Sint Maarten (Dutch part),country,2018,42154.10202675042
SXM,Sint Maarten (Dutch part),country,2019,45996.79123469216
SXM,Sint Maarten (Dutch part),country,2020,39265.76167905683
SXM,Sint Maarten (Dutch part),country,2021,40507.06724117172
SXM,Sint Maarten (Dutch part),country,2022,45515.65284300259
SXM,Sint Maarten (Dutch part),country,2023,46571.08813424001
SXM,Sint Maarten (Dutch part),country,2024,47303.19464532772
SXM,Sint Maarten (Dutch part),country,2025,48273.42545961581
SYC,Seychelles,country,1990,15478.84754442276
SYC,Seychelles,country,1991,15695.67083894603
SYC,Seychelles,country,1992,16744.50808160341
SYC,Seychelles,country,1993,17596.89776171707
SYC,Seychelles,country,1994,16716.52071889228
SYC,Seychelles,country,1995,16552.45478152308
SYC,Seychelles,country,1996,17942.17330366271
SYC,Seychelles,country,1997,19895.14221884307
SYC,Seychelles,country,1998,19991.2293154949
SYC,Seychelles,country,1999,19969.35137461744
SYC,Seychelles,country,2000,20633.67469507607
SYC,Seychelles,country,2001,20147.41876561673
SYC,Seychelles,country,2002,19777.75252497214
SYC,Seychelles,country,2003,18825.22069361894
SYC,Seychelles,country,2004,18356.47114472117
SYC,Seychelles,country,2005,19917.11945342207
SYC,Seychelles,country,2006,21341.85975260028
SYC,Seychelles,country,2007,23117.85552247711
SYC,Seychelles,country,2008,21990.36852697053
SYC,Seychelles,country,2009,21361.13078752835
SYC,Seychelles,country,2010,21708.75545065657
SYC,Seychelles,country,2011,24406.41297641055
SYC,Seychelles,country,2012,24919.95521032795
SYC,Seychelles,country,2013,24770.65145917945
SYC,Seychelles,country,2014,25379.41807070132
SYC,Seychelles,country,2015,27032.20838800024
SYC,Seychelles,country,2016,29905.13473899518
SYC,Seychelles,country,2017,31595.66805705052
SYC,Seychelles,country,2018,32841.42424673813
SYC,Seychelles,country,2019,34346.07089234829
SYC,Seychelles,country,2020,30056.19943009681
SYC,Seychelles,country,2021,29979.82726860906
SYC,Seychelles,country,2022,27275.68838198028
SYC,Seychelles,country,2023,28713.66723530876
SYC,Seychelles,country,2024,29288.01918151901
SYC,Seychelles,country,2025,30638.72171945226
SYR,Syrian Arab Republic,country,1990,5952.358301680099
SYR,Syrian Arab Republic,country,1991,6210.41568146904
SYR,Syrian Arab Republic,country,1992,6803.929164987911
SYR,Syrian Arab Republic,country,1993,7007.724942842544
SYR,Syrian Arab Republic,country,1994,7294.863104693694
SYR,Syrian Arab Republic,country,1995,7589.396929088145
SYR,Syrian Arab Republic,country,1996,8112.373872740332
SYR,Syrian Arab Republic,country,1997,8299.189316582189
SYR,Syrian Arab Republic,country,1998,8636.633400645514
SYR,Syrian Arab Republic,country,1999,8120.492477973976
SYR,Syrian Arab Republic,country,2000,7973.981316324778
SYR,Syrian Arab Republic,country,2001,8075.784099240216
SYR,Syrian Arab Republic,country,2002,8502.493472163293
SYR,Syrian Arab Republic,country,2003,8351.46523749691
SYR,Syrian Arab Republic,country,2004,8710.008929679072
SYR,Syrian Arab Republic,country,2005,9016.720351221782
SYR,Syrian Arab Republic,country,2006,9074.772481499427
SYR,Syrian Arab Republic,country,2007,9017.087183035592
SYR,Syrian Arab Republic,country,2008,9093.129568914626
SYR,Syrian Arab Republic,country,2009,9481.56997895749
SYR,Syrian Arab Republic,country,2010,9749.574452198247
SYR,Syrian Arab Republic,country,2011,9854.033801627575
SYR,Syrian Arab Republic,country,2012,7296.328867942284
SYR,Syrian Arab Republic,country,2013,5648.602130258741
SYR,Syrian Arab Republic,country,2014,5414.375096882424
SYR,Syrian Arab Republic,country,2015,5414.839052428079
SYR,Syrian Arab Republic,country,2016,5128.918228622955
SYR,Syrian Arab Republic,country,2017,5083.651738884216
SYR,Syrian Arab Republic,country,2018,5061.493994245619
SYR,Syrian Arab Republic,country,2019,4928.028854120282
SYR,Syrian Arab Republic,country,2020,4810.610726325985
SYR,Syrian Arab Republic,country,2021,4765.529113577025
SYR,Syrian Arab Republic,country,2022,4579.439736333409
SYR,Syrian Arab Republic,country,2023,
SYR,Syrian Arab Republic,country,2024,
SYR,Syrian Arab Republic,country,2025,
TCA,Turks and Caicos Islands,country,1990,
TCA,Turks and Caicos Islands,country,1991,
TCA,Turks and Caicos Islands,country,1992,
TCA,Turks and Caicos Islands,country,1993,
TCA,Turks and Caicos Islands,country,1994,
TCA,Turks and Caicos Islands,country,1995,
TCA,Turks and Caicos Islands,country,1996,
TCA,Turks and Caicos Islands,country,1997,
TCA,Turks and Caicos Islands,country,1998,
TCA,Turks and Caicos Islands,country,1999,
TCA,Turks and Caicos Islands,country,2000,
TCA,Turks and Caicos Islands,country,2001,
TCA,Turks and Caicos Islands,country,2002,
TCA,Turks and Caicos Islands,country,2003,
TCA,Turks and Caicos Islands,country,2004,
TCA,Turks and Caicos Islands,country,2005,
TCA,Turks and Caicos Islands,country,2006,
TCA,Turks and Caicos Islands,country,2007,21878.8206013071
TCA,Turks and Caicos Islands,country,2008,22689.31601337688
TCA,Turks and Caicos Islands,country,2009,17512.19777778764
TCA,Turks and Caicos Islands,country,2010,17000.22277664626
TCA,Turks and Caicos Islands,country,2011,17147.42476412696
TCA,Turks and Caicos Islands,country,2012,16024.6915652254
TCA,Turks and Caicos Islands,country,2013,15461.87351127104
TCA,Turks and Caicos Islands,country,2014,16138.84876042493
TCA,Turks and Caicos Islands,country,2015,17201.77203459332
TCA,Turks and Caicos Islands,country,2016,17625.72028435146
TCA,Turks and Caicos Islands,country,2017,29540.35374731508
TCA,Turks and Caicos Islands,country,2018,30286.11961121513
TCA,Turks and Caicos Islands,country,2019,30611.21302373811
TCA,Turks and Caicos Islands,country,2020,19702.53681968552
TCA,Turks and Caicos Islands,country,2021,25056.48805155688
TCA,Turks and Caicos Islands,country,2022,28209.62425360789
TCA,Turks and Caicos Islands,country,2023,31839.37053819695
TCA,Turks and Caicos Islands,country,2024,33390.52671480588
TCA,Turks and Caicos Islands,country,2025,
TCD,Chad,country,1990,1711.36988441453
TCD,Chad,country,1991,1790.737911014875
TCD,Chad,country,1992,1853.676676323836
TCD,Chad,country,1993,1526.054325313182
TCD,Chad,country,1994,1642.51653215853
TCD,Chad,country,1995,1591.141540552242
TCD,Chad,country,1996,1555.913924908826
TCD,Chad,country,1997,1588.09860417129
TCD,Chad,country,1998,1641.057153308223
TCD,Chad,country,1999,1573.58531388243
TCD,Chad,country,2000,1506.7157720422
TCD,Chad,country,2001,1626.566831285234
TCD,Chad,country,2002,1704.272951473399
TCD,Chad,country,2003,1878.585786188219
TCD,Chad,country,2004,2400.97004978207
TCD,Chad,country,2005,2705.816508327286
TCD,Chad,country,2006,2596.032354554558
TCD,Chad,country,2007,2613.473873857666
TCD,Chad,country,2008,2601.361258038828
TCD,Chad,country,2009,2474.70758352529
TCD,Chad,country,2010,2717.405401818195
TCD,Chad,country,2011,2741.070833994096
TCD,Chad,country,2012,2886.274745636191
TCD,Chad,country,2013,2864.113014073609
TCD,Chad,country,2014,2820.677950666633
TCD,Chad,country,2015,2822.579299000141
TCD,Chad,country,2016,2622.59780844501
TCD,Chad,country,2017,2496.262136431579
TCD,Chad,country,2018,2552.37036387707
TCD,Chad,country,2019,2604.531536617891
TCD,Chad,country,2020,2513.029227293047
TCD,Chad,country,2021,2435.072746510987
TCD,Chad,country,2022,2449.482510522963
TCD,Chad,country,2023,2433.533309627074
TCD,Chad,country,2024,2430.732983552709
TCD,Chad,country,2025,2480.509625009239
TGO,Togo,country,1990,2409.148195930779
TGO,Togo,country,1991,2324.311420517287
TGO,Togo,country,1992,2169.392728782694
TGO,Togo,country,1993,1863.037250421041
TGO,Togo,country,1994,2133.271581475193
TGO,Togo,country,1995,2185.195566828598
TGO,Togo,country,1996,2278.142142842064
TGO,Togo,country,1997,2519.000429562771
TGO,Togo,country,1998,2400.053462547085
TGO,Togo,country,1999,2399.457412915108
TGO,Togo,country,2000,2321.950418846805
TGO,Togo,country,2001,2283.584923007102
TGO,Togo,country,2002,2312.964630350738
TGO,Togo,country,2003,2407.585783823703
TGO,Togo,country,2004,2326.60102463281
TGO,Togo,country,2005,2164.015995527276
TGO,Togo,country,2006,2158.943939957691
TGO,Togo,country,2007,2067.218361350146
TGO,Togo,country,2008,2082.642015531815
TGO,Togo,country,2009,2126.441319250905
TGO,Togo,country,2010,2181.598892620376
TGO,Togo,country,2011,2246.562045226789
TGO,Togo,country,2012,2333.192767378857
TGO,Togo,country,2013,2416.378051011524
TGO,Togo,country,2014,2501.432530929173
TGO,Togo,country,2015,2588.27260980499
TGO,Togo,country,2016,2648.900848350763
TGO,Togo,country,2017,2708.611223968464
TGO,Togo,country,2018,2787.56398409759
TGO,Togo,country,2019,2862.626611603314
TGO,Togo,country,2020,2861.29796240513
TGO,Togo,country,2021,2952.097300669849
TGO,Togo,country,2022,3086.408787423343
TGO,Togo,country,2023,3215.82300022488
TGO,Togo,country,2024,3351.249931119388
TGO,Togo,country,2025,3485.981845120738
THA,Thailand,country,1990,8702.899560468995
THA,Thailand,country,1991,9295.040573429947
THA,Thailand,country,1992,9887.97373654022
THA,Thailand,country,1993,10539.96110810013
THA,Thailand,country,1994,11216.25482856357
THA,Thailand,country,1995,11955.21880898114
THA,Thailand,country,1996,12457.6820831228
THA,Thailand,country,1997,11954.14743359193
THA,Thailand,country,1998,10898.33702398723
THA,Thailand,country,1999,11254.60983033328
THA,Thailand,country,2000,11623.7874580461
THA,Thailand,country,2001,11902.61092297048
THA,Thailand,country,2002,12513.54219670317
THA,Thailand,country,2003,13288.74815611372
THA,Thailand,country,2004,13998.52173081199
THA,Thailand,country,2005,14459.825626203
THA,Thailand,country,2006,15052.69551010585
THA,Thailand,country,2007,15744.36524491467
THA,Thailand,country,2008,15893.50849479676
THA,Thailand,country,2009,15667.60473431636
THA,Thailand,country,2010,16732.18702901403
THA,Thailand,country,2011,16768.16885424865
THA,Thailand,country,2012,17871.57864775648
THA,Thailand,country,2013,18244.40715050881
THA,Thailand,country,2014,18326.60487374703
THA,Thailand,country,2015,18814.04085545657
THA,Thailand,country,2016,19372.71280241073
THA,Thailand,country,2017,20096.86054551644
THA,Thailand,country,2018,20882.17074195763
THA,Thailand,country,2019,21280.15045186009
THA,Thailand,country,2020,19950.28440631474
THA,Thailand,country,2021,20236.97604087845
THA,Thailand,country,2022,20768.48000935766
THA,Thailand,country,2023,21245.27067718793
THA,Thailand,country,2024,21882.21424748325
THA,Thailand,country,2025,22431.75183808476
TJK,Tajikistan,country,1990,4173.046079822492
TJK,Tajikistan,country,1991,3777.107506321832
TJK,Tajikistan,country,1992,2630.386580661864
TJK,Tajikistan,country,1993,2169.967473539278
TJK,Tajikistan,country,1994,1678.338517339181
TJK,Tajikistan,country,1995,1439.50277584065
TJK,Tajikistan,country,1996,1175.794072352418
TJK,Tajikistan,country,1997,1181.281101336333
TJK,Tajikistan,country,1998,1236.675528955563
TJK,Tajikistan,country,1999,1275.822490260451
TJK,Tajikistan,country,2000,1365.233274471293
TJK,Tajikistan,country,2001,1467.39882474638
TJK,Tajikistan,country,2002,1594.93890470219
TJK,Tajikistan,country,2003,1736.640397498551
TJK,Tajikistan,country,2004,1878.28696227255
TJK,Tajikistan,country,2005,1965.300204582565
TJK,Tajikistan,country,2006,2063.288508243002
TJK,Tajikistan,country,2007,2181.897980565358
TJK,Tajikistan,country,2008,2308.094300403342
TJK,Tajikistan,country,2009,2349.500302694164
TJK,Tajikistan,country,2010,2449.273587453586
TJK,Tajikistan,country,2011,2572.480748954979
TJK,Tajikistan,country,2012,2700.095460373584
TJK,Tajikistan,country,2013,2828.385420751475
TJK,Tajikistan,country,2014,2943.088679173167
TJK,Tajikistan,country,2015,3041.44479553257
TJK,Tajikistan,country,2016,3169.966782052396
TJK,Tajikistan,country,2017,3312.712022435056
TJK,Tajikistan,country,2018,3479.692359660406
TJK,Tajikistan,country,2019,3649.883755186463
TJK,Tajikistan,country,2020,3724.748959146597
TJK,Tajikistan,country,2021,3985.912476112185
TJK,Tajikistan,country,2022,4213.756183626869
TJK,Tajikistan,country,2023,4472.324137877705
TJK,Tajikistan,country,2024,4755.932967047187
TJK,Tajikistan,country,2025,5061.847006236489
TKM,Turkmenistan,country,1990,7850.713289432111
TKM,Turkmenistan,country,1991,7304.007288891479
TKM,Turkmenistan,country,1992,6071.08330709863
TKM,Turkmenistan,country,1993,6028.102731461404
TKM,Turkmenistan,country,1994,4883.217141930144
TKM,Turkmenistan,country,1995,4451.028093495019
TKM,Turkmenistan,country,1996,4668.363426700585
TKM,Turkmenistan,country,1997,4066.630892520143
TKM,Turkmenistan,country,1998,4282.507145712818
TKM,Turkmenistan,country,1999,4898.423753600353
TKM,Turkmenistan,country,2000,5064.287824186852
TKM,Turkmenistan,country,2001,5179.46446676106
TKM,Turkmenistan,country,2002,5090.380951837438
TKM,Turkmenistan,country,2003,5154.750981461405
TKM,Turkmenistan,country,2004,5309.645393824865
TKM,Turkmenistan,country,2005,5889.84657742616
TKM,Turkmenistan,country,2006,6415.712908549774
TKM,Turkmenistan,country,2007,6993.529115670763
TKM,Turkmenistan,country,2008,7870.027175306303
TKM,Turkmenistan,country,2009,8186.87833253045
TKM,Turkmenistan,country,2010,8758.896866805084
TKM,Turkmenistan,country,2011,9837.563455134583
TKM,Turkmenistan,country,2012,10689.35373472846
TKM,Turkmenistan,country,2013,11516.37412345268
TKM,Turkmenistan,country,2014,12423.92464177446
TKM,Turkmenistan,country,2015,12926.66373069663
TKM,Turkmenistan,country,2016,13420.38497174711
TKM,Turkmenistan,country,2017,13963.40458772955
TKM,Turkmenistan,country,2018,14499.16843776063
TKM,Turkmenistan,country,2019,15080.90340076934
TKM,Turkmenistan,country,2020,15630.91451925293
TKM,Turkmenistan,country,2021,16259.87000518844
TKM,Turkmenistan,country,2022,16943.60460371407
TKM,Turkmenistan,country,2023,17685.85859292817
TKM,Turkmenistan,country,2024,18470.7438450744
TKM,Turkmenistan,country,2025,19313.94302620247
TLS,Timor-Leste,country,1990,2143.791936478911
TLS,Timor-Leste,country,1991,2318.794253136847
TLS,Timor-Leste,country,1992,2493.908564136792
TLS,Timor-Leste,country,1993,2674.39919964976
TLS,Timor-Leste,country,1994,2786.676220505554
TLS,Timor-Leste,country,1995,2891.864585085574
TLS,Timor-Leste,country,1996,3038.230368301357
TLS,Timor-Leste,country,1997,3073.970367726279
TLS,Timor-Leste,country,1998,2931.480820070781
TLS,Timor-Leste,country,1999,2136.649451877604
TLS,Timor-Leste,country,2000,3783.783295457393
TLS,Timor-Leste,country,2001,4038.33571017769
TLS,Timor-Leste,country,2002,3480.988472292198
TLS,Timor-Leste,country,2003,3264.94647161828
TLS,Timor-Leste,country,2004,3234.975836743381
TLS,Timor-Leste,country,2005,3263.944460055728
TLS,Timor-Leste,country,2006,3038.952317656303
TLS,Timor-Leste,country,2007,3256.569801181287
TLS,Timor-Leste,country,2008,3530.882174790741
TLS,Timor-Leste,country,2009,3792.358316129867
TLS,Timor-Leste,country,2010,4047.249406143136
TLS,Timor-Leste,country,2011,4189.799784810147
TLS,Timor-Leste,country,2012,4297.914824491317
TLS,Timor-Leste,country,2013,4340.278395035107
TLS,Timor-Leste,country,2014,4445.359268870328
TLS,Timor-Leste,country,2015,4467.800071848959
TLS,Timor-Leste,country,2016,4515.422459893996
TLS,Timor-Leste,country,2017,4290.027092965618
TLS,Timor-Leste,country,2018,4188.840991913375
TLS,Timor-Leste,country,2019,5103.149642922074
TLS,Timor-Leste,country,2020,6594.881707845197
TLS,Timor-Leste,country,2021,6825.045808599503
TLS,Timor-Leste,country,2022,5348.49182701353
TLS,Timor-Leste,country,2023,4331.077925603865
TLS,Timor-Leste,country,2024,3890.957546534528
TLS,Timor-Leste,country,2025,4109.904478528903
TON,Tonga,country,1990,4488.394237430309
TON,Tonga,country,1991,4766.999024632829
TON,Tonga,country,1992,4772.942585462346
TON,Tonga,country,1993,4947.351479392043
TON,Tonga,country,1994,5189.104340414936
TON,Tonga,country,1995,5509.045123109378
TON,Tonga,country,1996,5511.414506569679
TON,Tonga,country,1997,5456.604234243717
TON,Tonga,country,1998,5542.393306885447
TON,Tonga,country,1999,5633.444237863673
TON,Tonga,country,2000,5809.009297387226
TON,Tonga,country,2001,5860.83162290404
TON,Tonga,country,2002,6085.892910106052
TON,Tonga,country,2003,6054.655542340447
TON,Tonga,country,2004,5901.213431357852
TON,Tonga,country,2005,5829.117326021104
TON,Tonga,country,2006,5671.640791635647
TON,Tonga,country,2007,5507.357338943639
TON,Tonga,country,2008,5759.306125014638
TON,Tonga,country,2009,5454.573943889067
TON,Tonga,country,2010,5489.453670190622
TON,Tonga,country,2011,5848.193120093818
TON,Tonga,country,2012,5908.024006997976
TON,Tonga,country,2013,5952.456904479132
TON,Tonga,country,2014,6097.650418616355
TON,Tonga,country,2015,6195.433027337859
TON,Tonga,country,2016,6639.987196995606
TON,Tonga,country,2017,6863.547964300866
TON,Tonga,country,2018,6885.984904697184
TON,Tonga,country,2019,6859.717398517864
TON,Tonga,country,2020,6981.304364536291
TON,Tonga,country,2021,6930.064825186633
TON,Tonga,country,2022,6811.48234641523
TON,Tonga,country,2023,7031.320217046881
TON,Tonga,country,2024,7180.98743332878
TON,Tonga,country,2025,7412.866419688286
TTO,Trinidad and Tobago,country,1990,11869.52872663167
TTO,Trinidad and Tobago,country,1991,12142.34815029701
TTO,Trinidad and Tobago,country,1992,13267.97705817068
TTO,Trinidad and Tobago,country,1993,13088.70738551685
TTO,Trinidad and Tobago,country,1994,13472.74641550311
TTO,Trinidad and Tobago,country,1995,13912.31332990447
TTO,Trinidad and Tobago,country,1996,14838.90265296757
TTO,Trinidad and Tobago,country,1997,15895.24387631643
TTO,Trinidad and Tobago,country,1998,17129.09114446863
TTO,Trinidad and Tobago,country,1999,18440.57413129076
TTO,Trinidad and Tobago,country,2000,19637.55454107208
TTO,Trinidad and Tobago,country,2001,20366.75313221195
TTO,Trinidad and Tobago,country,2002,21876.85290704027
TTO,Trinidad and Tobago,country,2003,24910.82319615199
TTO,Trinidad and Tobago,country,2004,26757.90756014294
TTO,Trinidad and Tobago,country,2005,29536.43941010961
TTO,Trinidad and Tobago,country,2006,33348.75074708856
TTO,Trinidad and Tobago,country,2007,34793.64575211048
TTO,Trinidad and Tobago,country,2008,35825.33334563622
TTO,Trinidad and Tobago,country,2009,34212.26830570082
TTO,Trinidad and Tobago,country,2010,35145.12536390618
TTO,Trinidad and Tobago,country,2011,34769.76202513761
TTO,Trinidad and Tobago,country,2012,36903.68985740943
TTO,Trinidad and Tobago,country,2013,37994.06864804727
TTO,Trinidad and Tobago,country,2014,39248.6570516023
TTO,Trinidad and Tobago,country,2015,38963.96417830112
TTO,Trinidad and Tobago,country,2016,35914.9901970983
TTO,Trinidad and Tobago,country,2017,34095.98992561517
TTO,Trinidad and Tobago,country,2018,33710.01785400078
TTO,Trinidad and Tobago,country,2019,33748.70608499245
TTO,Trinidad and Tobago,country,2020,30720.88769360423
TTO,Trinidad and Tobago,country,2021,30482.12017986305
TTO,Trinidad and Tobago,country,2022,30784.11125803557
TTO,Trinidad and Tobago,country,2023,31196.60355471798
TTO,Trinidad and Tobago,country,2024,31960.15688889829
TTO,Trinidad and Tobago,country,2025,31721.5757411236
TUN,Tunisia,country,1990,6742.584264205511
TUN,Tunisia,country,1991,6859.73427153777
TUN,Tunisia,country,1992,7241.291058947385
TUN,Tunisia,country,1993,7253.336145798809
TUN,Tunisia,country,1994,7350.656004714941
TUN,Tunisia,country,1995,7406.239009308424
TUN,Tunisia,country,1996,7821.792191073586
TUN,Tunisia,country,1997,8136.337611140798
TUN,Tunisia,country,1998,8417.984932646847
TUN,Tunisia,country,1999,8821.987912882572
TUN,Tunisia,country,2000,9134.415063270049
TUN,Tunisia,country,2001,9380.563176170243
TUN,Tunisia,country,2002,9407.55676671593
TUN,Tunisia,country,2003,9752.024423358238
TUN,Tunisia,country,2004,10263.80554224082
TUN,Tunisia,country,2005,10529.15989568446
TUN,Tunisia,country,2006,10983.92219039913
TUN,Tunisia,country,2007,11613.92475114282
TUN,Tunisia,country,2008,11990.19623717158
TUN,Tunisia,country,2009,12229.77525366927
TUN,Tunisia,country,2010,12458.27103665511
TUN,Tunisia,country,2011,12068.71362576667
TUN,Tunisia,country,2012,12436.39581157351
TUN,Tunisia,country,2013,12587.99506455963
TUN,Tunisia,country,2014,12824.00289144413
TUN,Tunisia,country,2015,12802.79172114331
TUN,Tunisia,country,2016,12803.87973715433
TUN,Tunisia,country,2017,12955.40148142407
TUN,Tunisia,country,2018,13163.19522303567
TUN,Tunisia,country,2019,13243.9024233246
TUN,Tunisia,country,2020,11955.59836984789
TUN,Tunisia,country,2021,12444.3264026887
TUN,Tunisia,country,2022,12712.22345453002
TUN,Tunisia,country,2023,12650.96151581659
TUN,Tunisia,country,2024,12774.91585680211
TUN,Tunisia,country,2025,13017.63404229769
TUR,Türkiye,country,1990,12184.1995945303
TUR,Türkiye,country,1991,12057.93543643816
TUR,Türkiye,country,1992,12451.04511979478
TUR,Türkiye,country,1993,13174.46711641198
TUR,Türkiye,country,1994,12343.00418489881
TUR,Türkiye,country,1995,13099.25752676122
TUR,Türkiye,country,1996,13826.9201097072
TUR,Türkiye,country,1997,14631.29588147392
TUR,Türkiye,country,1998,14704.33857442066
TUR,Türkiye,country,1999,14066.18962572332
TUR,Türkiye,country,2000,14856.914625257
TUR,Türkiye,country,2001,13872.12872845658
TUR,Türkiye,country,2002,14587.89462165597
TUR,Türkiye,country,2003,15255.71779606888
TUR,Türkiye,country,2004,16583.88370940621
TUR,Türkiye,country,2005,17902.59660044867
TUR,Türkiye,country,2006,18972.0089563632
TUR,Türkiye,country,2007,19909.08351967499
TUR,Türkiye,country,2008,19839.58454622688
TUR,Türkiye,country,2009,18612.19252319049
TUR,Türkiye,country,2010,19897.44648368865
TUR,Türkiye,country,2011,21760.42919236336
TUR,Türkiye,country,2012,22517.71482878751
TUR,Türkiye,country,2013,24117.31210998387
TUR,Türkiye,country,2014,24888.85217425757
TUR,Türkiye,country,2015,25984.80273061772
TUR,Türkiye,country,2016,26489.64368160457
TUR,Türkiye,country,2017,28194.68830938104
TUR,Türkiye,country,2018,28780.30364581514
TUR,Türkiye,country,2019,28741.05350827015
TUR,Türkiye,country,2020,28976.71791616107
TUR,Türkiye,country,2021,32105.54744005056
TUR,Türkiye,country,2022,33520.81113842082
TUR,Türkiye,country,2023,35069.17017146847
TUR,Türkiye,country,2024,36154.490436557
TUR,Türkiye,country,2025,37300.74857393543
TUV,Tuvalu,country,1990,3120.281131845447
TUV,Tuvalu,country,1991,3185.823779090188
TUV,Tuvalu,country,1992,3234.814216548987
TUV,Tuvalu,country,1993,3335.316857280643
TUV,Tuvalu,country,1994,3645.939646625862
TUV,Tuvalu,country,1995,3436.235295784011
TUV,Tuvalu,country,1996,3209.94284061686
TUV,Tuvalu,country,1997,3509.255854639367
TUV,Tuvalu,country,1998,4031.359166636128
TUV,Tuvalu,country,1999,3949.508722394112
TUV,Tuvalu,country,2000,3893.296766144115
TUV,Tuvalu,country,2001,3903.203101331609
TUV,Tuvalu,country,2002,4211.589932143206
TUV,Tuvalu,country,2003,3998.436074381598
TUV,Tuvalu,country,2004,3874.582668228444
TUV,Tuvalu,country,2005,3682.891759262324
TUV,Tuvalu,country,2006,3687.771233127783
TUV,Tuvalu,country,2007,3893.642599754076
TUV,Tuvalu,country,2008,4093.924739516323
TUV,Tuvalu,country,2009,3812.139295708274
TUV,Tuvalu,country,2010,3664.450345987892
TUV,Tuvalu,country,2011,3879.349099699495
TUV,Tuvalu,country,2012,3715.600469566134
TUV,Tuvalu,country,2013,3833.489554561806
TUV,Tuvalu,country,2014,3903.434514987799
TUV,Tuvalu,country,2015,4277.714669027298
TUV,Tuvalu,country,2016,4495.572156924856
TUV,Tuvalu,country,2017,4668.543766847272
TUV,Tuvalu,country,2018,4785.232899650775
TUV,Tuvalu,country,2019,5515.899537207935
TUV,Tuvalu,country,2020,5442.363211212934
TUV,Tuvalu,country,2021,5551.808419992477
TUV,Tuvalu,country,2022,5044.539845789113
TUV,Tuvalu,country,2023,5315.163010281039
TUV,Tuvalu,country,2024,5592.187236026594
TUV,Tuvalu,country,2025,5776.078493848446
TZA,United Republic of Tanzania,country,1990,1794.20458984375
TZA,United Republic of Tanzania,country,1991,1785.66394042969
TZA,United Republic of Tanzania,country,1992,1751.91845703125
TZA,United Republic of Tanzania,country,1993,1718.39306640625
TZA,United Republic of Tanzania,country,1994,1679.66235351563
TZA,United Republic of Tanzania,country,1995,1685.85107421875
TZA,United Republic of Tanzania,country,1996,1730.55456542969
TZA,United Republic of Tanzania,country,1997,1755.8037109375
TZA,United Republic of Tanzania,country,1998,1773.72424316406
TZA,United Republic of Tanzania,country,1999,1810.97155761719
TZA,United Republic of Tanzania,country,2000,1839.93664550781
TZA,United Republic of Tanzania,country,2001,1899.74536132813
TZA,United Republic of Tanzania,country,2002,1982.64428710938
TZA,United Republic of Tanzania,country,2003,2059.83740234375
TZA,United Republic of Tanzania,country,2004,2155.24145507813
TZA,United Republic of Tanzania,country,2005,2253.09326171875
TZA,United Republic of Tanzania,country,2006,2334.1044921875
TZA,United Republic of Tanzania,country,2007,2423.61596679688
TZA,United Republic of Tanzania,country,2008,2493.25927734375
TZA,United Republic of Tanzania,country,2009,2560.81103515625
TZA,United Republic of Tanzania,country,2010,2654.80346679688
TZA,United Republic of Tanzania,country,2011,2779.70776367188
TZA,United Republic of Tanzania,country,2012,2822.4853515625
TZA,United Republic of Tanzania,country,2013,2924.86328125
TZA,United Republic of Tanzania,country,2014,3027.56909179688
TZA,United Republic of Tanzania,country,2015,3111.44458007813
TZA,United Republic of Tanzania,country,2016,3214.24682617188
TZA,United Republic of Tanzania,country,2017,3318.28833007813
TZA,United Republic of Tanzania,country,2018,3392.68872070313
TZA,United Republic of Tanzania,country,2019,3484.63256835938
TZA,United Republic of Tanzania,country,2020,3449.82153320313
TZA,United Republic of Tanzania,country,2021,3493.0830078125
TZA,United Republic of Tanzania,country,2022,3546.98095703125
TZA,United Republic of Tanzania,country,2023,3620.79345703125
TZA,United Republic of Tanzania,country,2024,3713.26293945313
TZA,United Republic of Tanzania,country,2025,3820.61181640625
UGA,Uganda,country,1990,1080.038309803981
UGA,Uganda,country,1991,1103.228972788346
UGA,Uganda,country,1992,1102.72992145701
UGA,Uganda,country,1993,1153.993690703182
UGA,Uganda,country,1994,1187.367805417343
UGA,Uganda,country,1995,1288.508866743482
UGA,Uganda,country,1996,1367.945737649357
UGA,Uganda,country,1997,1396.631069152182
UGA,Uganda,country,1998,1422.207891847052
UGA,Uganda,country,1999,1487.75796178874
UGA,Uganda,country,2000,1487.004988535119
UGA,Uganda,country,2001,1516.964237556952
UGA,Uganda,country,2002,1598.582838084899
UGA,Uganda,country,2003,1649.148260144797
UGA,Uganda,country,2004,1709.361592168574
UGA,Uganda,country,2005,1765.037884570657
UGA,Uganda,country,2006,1898.979152804785
UGA,Uganda,country,2007,1999.062489643405
UGA,Uganda,country,2008,2110.100492715031
UGA,Uganda,country,2009,2188.299162463274
UGA,Uganda,country,2010,2244.605951945837
UGA,Uganda,country,2011,2384.465327315405
UGA,Uganda,country,2012,2405.094559327674
UGA,Uganda,country,2013,2420.888080872662
UGA,Uganda,country,2014,2470.503809095982
UGA,Uganda,country,2015,2520.020102884298
UGA,Uganda,country,2016,2554.227690620728
UGA,Uganda,country,2017,2543.847543949565
UGA,Uganda,country,2018,2613.879764139631
UGA,Uganda,country,2019,2689.410091449192
UGA,Uganda,country,2020,2678.009072022927
UGA,Uganda,country,2021,2684.920359397435
UGA,Uganda,country,2022,2724.906095684086
UGA,Uganda,country,2023,2791.055768858613
UGA,Uganda,country,2024,2879.670092903761
UGA,Uganda,country,2025,2980.379421355015
UKR,Ukraine,country,1990,22815.798828125
UKR,Ukraine,country,1991,20784.16015625
UKR,Ukraine,country,1992,18671.873046875
UKR,Ukraine,country,1993,16012.3720703125
UKR,Ukraine,country,1994,12410.525390625
UKR,Ukraine,country,1995,10983.0087890625
UKR,Ukraine,country,1996,9969.5009765625
UKR,Ukraine,country,1997,9754.0498046875
UKR,Ukraine,country,1998,9646.0546875
UKR,Ukraine,country,1999,9704.4453125
UKR,Ukraine,country,2000,10364.0625
UKR,Ukraine,country,2001,11379.3857421875
UKR,Ukraine,country,2002,12092.7890625
UKR,Ukraine,country,2003,13342.8798828125
UKR,Ukraine,country,2004,15021.06640625
UKR,Ukraine,country,2005,15610.5732421875
UKR,Ukraine,country,2006,16901.5078125
UKR,Ukraine,country,2007,18374.013671875
UKR,Ukraine,country,2008,18883.986328125
UKR,Ukraine,country,2009,16092.7958984375
UKR,Ukraine,country,2010,16811.794921875
UKR,Ukraine,country,2011,17783.95703125
UKR,Ukraine,country,2012,17848.740234375
UKR,Ukraine,country,2013,17889.091796875
UKR,Ukraine,country,2014,16978.8125
UKR,Ukraine,country,2015,15403.7099609375
UKR,Ukraine,country,2016,15856.8125
UKR,Ukraine,country,2017,16310.3603515625
UKR,Ukraine,country,2018,16978.984375
UKR,Ukraine,country,2019,17636.5546875
UKR,Ukraine,country,2020,17092.5390625
UKR,Ukraine,country,2021,17846.408203125
UKR,Ukraine,country,2022,13787.12109375
UKR,Ukraine,country,2023,15916.9580078125
UKR,Ukraine,country,2024,16371.44140625
UKR,Ukraine,country,2025,16155.0732421875
UMC,Upper middle income,benchmark,1990,5810.419619102281
UMC,Upper middle income,benchmark,1991,5832.262694114926
UMC,Upper middle income,benchmark,1992,5937.926734701062
UMC,Upper middle income,benchmark,1993,6118.061893360868
UMC,Upper middle income,benchmark,1994,6270.838657132168
UMC,Upper middle income,benchmark,1995,6432.685400275818
UMC,Upper middle income,benchmark,1996,6714.808807763702
UMC,Upper middle income,benchmark,1997,7003.135632191983
UMC,Upper middle income,benchmark,1998,7065.409469085756
UMC,Upper middle income,benchmark,1999,7193.227079872424
UMC,Upper middle income,benchmark,2000,7534.466013041862
UMC,Upper middle income,benchmark,2001,7707.833367978817
UMC,Upper middle income,benchmark,2002,7995.268958746388
UMC,Upper middle income,benchmark,2003,8370.322350250155
UMC,Upper middle income,benchmark,2004,8939.431571097301
UMC,Upper middle income,benchmark,2005,9482.473160244021
UMC,Upper middle income,benchmark,2006,10156.82857981171
UMC,Upper middle income,benchmark,2007,10958.71420050815
UMC,Upper middle income,benchmark,2008,11494.8903381638
UMC,Upper middle income,benchmark,2009,11694.22211590181
UMC,Upper middle income,benchmark,2010,12531.0895213844
UMC,Upper middle income,benchmark,2011,13236.51530443397
UMC,Upper middle income,benchmark,2012,13822.30468744759
UMC,Upper middle income,benchmark,2013,14423.8295348435
UMC,Upper middle income,benchmark,2014,14947.2403476526
UMC,Upper middle income,benchmark,2015,15424.56158680636
UMC,Upper middle income,benchmark,2016,15979.55362127
UMC,Upper middle income,benchmark,2017,16662.42843873681
UMC,Upper middle income,benchmark,2018,17308.08502177016
UMC,Upper middle income,benchmark,2019,17882.20484578139
UMC,Upper middle income,benchmark,2020,17611.74344550763
UMC,Upper middle income,benchmark,2021,18796.44149794798
UMC,Upper middle income,benchmark,2022,19378.70955940567
UMC,Upper middle income,benchmark,2023,20194.44371954014
UMC,Upper middle income,benchmark,2024,20967.35894597481
UMC,Upper middle income,benchmark,2025,21748.87818574635
URY,Uruguay,country,1990,14060.84015310533
URY,Uruguay,country,1991,14474.72723081283
URY,Uruguay,country,1992,15536.48132751871
URY,Uruguay,country,1993,15865.2715092002
URY,Uruguay,country,1994,16932.02204497349
URY,Uruguay,country,1995,16600.03290419537
URY,Uruguay,country,1996,17433.68668516283
URY,Uruguay,country,1997,18823.93479074803
URY,Uruguay,country,1998,19577.78255476323
URY,Uruguay,country,1999,19192.71030258169
URY,Uruguay,country,2000,18752.05071219378
URY,Uruguay,country,2001,17986.89395021153
URY,Uruguay,country,2002,16572.7819019325
URY,Uruguay,country,2003,16694.4326030244
URY,Uruguay,country,2004,17519.3729926744
URY,Uruguay,country,2005,18811.31247556411
URY,Uruguay,country,2006,19560.07435063824
URY,Uruguay,country,2007,20803.88530617497
URY,Uruguay,country,2008,22249.37509344245
URY,Uruguay,country,2009,23138.07330914956
URY,Uruguay,country,2010,24879.82560032186
URY,Uruguay,country,2011,26099.31164877044
URY,Uruguay,country,2012,26953.27090263889
URY,Uruguay,country,2013,28119.47268874321
URY,Uruguay,country,2014,28935.08648675698
URY,Uruguay,country,2015,28941.61845405814
URY,Uruguay,country,2016,29332.55615688148
URY,Uruguay,country,2017,29762.4220666605
URY,Uruguay,country,2018,29757.92760554146
URY,Uruguay,country,2019,30010.56288342943
URY,Uruguay,country,2020,27788.17496001961
URY,Uruguay,country,2021,29431.87388333611
URY,Uruguay,country,2022,30840.07098276756
URY,Uruguay,country,2023,31100.96968898817
URY,Uruguay,country,2024,32149.48007398599
URY,Uruguay,country,2025,32741.62468779078
USA,United States of America,country,1990,44384.21019126061
USA,United States of America,country,1991,43747.63073517491
USA,United States of America,country,1992,44664.873585596
USA,United States of America,country,1993,45292.73806830918
USA,United States of America,country,1994,46543.31992045533
USA,United States of America,country,1995,47227.00832570082
USA,United States of America,country,1996,48441.90611255683
USA,United States of America,country,1997,49990.67407391247
USA,United States of America,country,1998,51626.4838297863
USA,United States of America,country,1999,53480.89699624156
USA,United States of America,country,2000,55045.67453115594
USA,United States of America,country,2001,55024.35427662814
USA,United States of America,country,2002,55443.21994356833
USA,United States of America,country,2003,56505.4468784112
USA,United States of America,country,2004,58139.08201952295
USA,United States of America,country,2005,59612.39072155589
USA,United States of America,country,2006,60684.33998325392
USA,United States of America,country,2007,61314.45208163674
USA,United States of America,country,2008,60806.22387137132
USA,United States of America,country,2009,58722.49676725096
USA,United States of America,country,2010,59797.07365459365
USA,United States of America,country,2011,60253.20357967189
USA,United States of America,country,2012,61142.36370342647
USA,United States of America,country,2013,61966.6621370894
USA,United States of America,country,2014,63026.8779187814
USA,United States of America,country,2015,64367.7188912582
USA,United States of America,country,2016,65025.98559806158
USA,United States of America,country,2017,66164.03200142893
USA,United States of America,country,2018,67728.44249210236
USA,United States of America,country,2019,69121.45800167408
USA,United States of America,country,2020,67406.83113255069
USA,United States of America,country,2021,71441.23198059498
USA,United States of America,country,2022,72828.74309071893
USA,United States of America,country,2023,74351.6718197429
USA,United States of America,country,2024,75698.1773354629
USA,United States of America,country,2025,76931.31069904083
UZB,Uzbekistan,country,1990,4239.586491087788
UZB,Uzbekistan,country,1991,4118.515858481224
UZB,Uzbekistan,country,1992,3568.355386104567
UZB,Uzbekistan,country,1993,3406.551840621827
UZB,Uzbekistan,country,1994,3161.074970535762
UZB,Uzbekistan,country,1995,3070.526904451408
UZB,Uzbekistan,country,1996,3064.637122785367
UZB,Uzbekistan,country,1997,3168.772789280545
UZB,Uzbekistan,country,1998,3253.544935899253
UZB,Uzbekistan,country,1999,3346.158871037098
UZB,Uzbekistan,country,2000,3430.883708088955
UZB,Uzbekistan,country,2001,3530.549664771205
UZB,Uzbekistan,country,2002,3626.077856149293
UZB,Uzbekistan,country,2003,3733.798193473942
UZB,Uzbekistan,country,2004,3962.901170611277
UZB,Uzbekistan,country,2005,4185.639476757337
UZB,Uzbekistan,country,2006,4439.906672056227
UZB,Uzbekistan,country,2007,4792.829095114097
UZB,Uzbekistan,country,2008,5145.991833784793
UZB,Uzbekistan,country,2009,5471.820136838883
UZB,Uzbekistan,country,2010,5794.980377043577
UZB,Uzbekistan,country,2011,6170.841497475337
UZB,Uzbekistan,country,2012,6525.4971525889
UZB,Uzbekistan,country,2013,6932.93371228586
UZB,Uzbekistan,country,2014,7344.443044056232
UZB,Uzbekistan,country,2015,7792.236059837129
UZB,Uzbekistan,country,2016,8172.9216949615
UZB,Uzbekistan,country,2017,8413.299752994944
UZB,Uzbekistan,country,2018,8742.549199121602
UZB,Uzbekistan,country,2019,9169.011475083511
UZB,Uzbekistan,country,2020,9145.23119844239
UZB,Uzbekistan,country,2021,9705.600545656924
UZB,Uzbekistan,country,2022,10091.38778699989
UZB,Uzbekistan,country,2023,10514.09557214471
UZB,Uzbekistan,country,2024,10997.17072916441
UZB,Uzbekistan,country,2025,11622.85562435312
VCT,Saint Vincent and the Grenadines,country,1990,7467.378746572385
VCT,Saint Vincent and the Grenadines,country,1991,7524.584778159631
VCT,Saint Vincent and the Grenadines,country,1992,7984.079596620879
VCT,Saint Vincent and the Grenadines,country,1993,8306.775271391882
VCT,Saint Vincent and the Grenadines,country,1994,8189.843627110982
VCT,Saint Vincent and the Grenadines,country,1995,8815.848718257483
VCT,Saint Vincent and the Grenadines,country,1996,8923.70555514296
VCT,Saint Vincent and the Grenadines,country,1997,9234.698883687644
VCT,Saint Vincent and the Grenadines,country,1998,9609.10378620502
VCT,Saint Vincent and the Grenadines,country,1999,9853.347365519616
VCT,Saint Vincent and the Grenadines,country,2000,9999.058792036847
VCT,Saint Vincent and the Grenadines,country,2001,10177.80945838958
VCT,Saint Vincent and the Grenadines,country,2002,10736.0878714164
VCT,Saint Vincent and the Grenadines,country,2003,11475.33124145306
VCT,Saint Vincent and the Grenadines,country,2004,11979.90729450098
VCT,Saint Vincent and the Grenadines,country,2005,12320.07100110767
VCT,Saint Vincent and the Grenadines,country,2006,13233.40689304313
VCT,Saint Vincent and the Grenadines,country,2007,13732.36225914954
VCT,Saint Vincent and the Grenadines,country,2008,13850.39367900625
VCT,Saint Vincent and the Grenadines,country,2009,13723.78382526216
VCT,Saint Vincent and the Grenadines,country,2010,13175.72301542283
VCT,Saint Vincent and the Grenadines,country,2011,13168.89642917426
VCT,Saint Vincent and the Grenadines,country,2012,13397.96329827005
VCT,Saint Vincent and the Grenadines,country,2013,13804.18379518866
VCT,Saint Vincent and the Grenadines,country,2014,14040.24606904522
VCT,Saint Vincent and the Grenadines,country,2015,14508.86094654587
VCT,Saint Vincent and the Grenadines,country,2016,15197.74825133517
VCT,Saint Vincent and the Grenadines,country,2017,15533.22128215439
VCT,Saint Vincent and the Grenadines,country,2018,16139.06610849646
VCT,Saint Vincent and the Grenadines,country,2019,16365.32557851241
VCT,Saint Vincent and the Grenadines,country,2020,15763.70543825388
VCT,Saint Vincent and the Grenadines,country,2021,16200.89945978452
VCT,Saint Vincent and the Grenadines,country,2022,16835.02351454095
VCT,Saint Vincent and the Grenadines,country,2023,17858.24464687023
VCT,Saint Vincent and the Grenadines,country,2024,18714.19884935297
VCT,Saint Vincent and the Grenadines,country,2025,19483.01276389937
VEN,Venezuela (Bolivarian Republic of),country,1990,
VEN,Venezuela (Bolivarian Republic of),country,1991,
VEN,Venezuela (Bolivarian Republic of),country,1992,
VEN,Venezuela (Bolivarian Republic of),country,1993,
VEN,Venezuela (Bolivarian Republic of),country,1994,
VEN,Venezuela (Bolivarian Republic of),country,1995,
VEN,Venezuela (Bolivarian Republic of),country,1996,
VEN,Venezuela (Bolivarian Republic of),country,1997,
VEN,Venezuela (Bolivarian Republic of),country,1998,
VEN,Venezuela (Bolivarian Republic of),country,1999,
VEN,Venezuela (Bolivarian Republic of),country,2000,
VEN,Venezuela (Bolivarian Republic of),country,2001,
VEN,Venezuela (Bolivarian Republic of),country,2002,
VEN,Venezuela (Bolivarian Republic of),country,2003,
VEN,Venezuela (Bolivarian Republic of),country,2004,
VEN,Venezuela (Bolivarian Republic of),country,2005,
VEN,Venezuela (Bolivarian Republic of),country,2006,
VEN,Venezuela (Bolivarian Republic of),country,2007,
VEN,Venezuela (Bolivarian Republic of),country,2008,
VEN,Venezuela (Bolivarian Republic of),country,2009,
VEN,Venezuela (Bolivarian Republic of),country,2010,
VEN,Venezuela (Bolivarian Republic of),country,2011,
VEN,Venezuela (Bolivarian Republic of),country,2012,
VEN,Venezuela (Bolivarian Republic of),country,2013,
VEN,Venezuela (Bolivarian Republic of),country,2014,
VEN,Venezuela (Bolivarian Republic of),country,2015,
VEN,Venezuela (Bolivarian Republic of),country,2016,
VEN,Venezuela (Bolivarian Republic of),country,2017,
VEN,Venezuela (Bolivarian Republic of),country,2018,
VEN,Venezuela (Bolivarian Republic of),country,2019,
VEN,Venezuela (Bolivarian Republic of),country,2020,
VEN,Venezuela (Bolivarian Republic of),country,2021,
VEN,Venezuela (Bolivarian Republic of),country,2022,
VEN,Venezuela (Bolivarian Republic of),country,2023,
VEN,Venezuela (Bolivarian Republic of),country,2024,
VEN,Venezuela (Bolivarian Republic of),country,2025,
VGB,British Virgin Islands,country,1990,
VGB,British Virgin Islands,country,1991,
VGB,British Virgin Islands,country,1992,
VGB,British Virgin Islands,country,1993,
VGB,British Virgin Islands,country,1994,
VGB,British Virgin Islands,country,1995,
VGB,British Virgin Islands,country,1996,
VGB,British Virgin Islands,country,1997,
VGB,British Virgin Islands,country,1998,
VGB,British Virgin Islands,country,1999,
VGB,British Virgin Islands,country,2000,
VGB,British Virgin Islands,country,2001,
VGB,British Virgin Islands,country,2002,
VGB,British Virgin Islands,country,2003,
VGB,British Virgin Islands,country,2004,
VGB,British Virgin Islands,country,2005,
VGB,British Virgin Islands,country,2006,
VGB,British Virgin Islands,country,2007,
VGB,British Virgin Islands,country,2008,
VGB,British Virgin Islands,country,2009,
VGB,British Virgin Islands,country,2010,
VGB,British Virgin Islands,country,2011,
VGB,British Virgin Islands,country,2012,
VGB,British Virgin Islands,country,2013,
VGB,British Virgin Islands,country,2014,
VGB,British Virgin Islands,country,2015,
VGB,British Virgin Islands,country,2016,
VGB,British Virgin Islands,country,2017,
VGB,British Virgin Islands,country,2018,
VGB,British Virgin Islands,country,2019,
VGB,British Virgin Islands,country,2020,
VGB,British Virgin Islands,country,2021,
VGB,British Virgin Islands,country,2022,
VGB,British Virgin Islands,country,2023,
VGB,British Virgin Islands,country,2024,
VGB,British Virgin Islands,country,2025,
VIR,United States Virgin Islands,country,1990,
VIR,United States Virgin Islands,country,1991,
VIR,United States Virgin Islands,country,1992,
VIR,United States Virgin Islands,country,1993,
VIR,United States Virgin Islands,country,1994,
VIR,United States Virgin Islands,country,1995,
VIR,United States Virgin Islands,country,1996,
VIR,United States Virgin Islands,country,1997,
VIR,United States Virgin Islands,country,1998,
VIR,United States Virgin Islands,country,1999,
VIR,United States Virgin Islands,country,2000,
VIR,United States Virgin Islands,country,2001,
VIR,United States Virgin Islands,country,2002,54299.22986993937
VIR,United States Virgin Islands,country,2003,54086.15479456726
VIR,United States Virgin Islands,country,2004,55883.45455108637
VIR,United States Virgin Islands,country,2005,57838.09771428234
VIR,United States Virgin Islands,country,2006,59911.72244531618
VIR,United States Virgin Islands,country,2007,62332.94453713475
VIR,United States Virgin Islands,country,2008,63057.62631236381
VIR,United States Virgin Islands,country,2009,58895.30568994961
VIR,United States Virgin Islands,country,2010,59272.24568563432
VIR,United States Virgin Islands,country,2011,54443.06869424981
VIR,United States Virgin Islands,country,2012,46422.41512362234
VIR,United States Virgin Islands,country,2013,43563.88649314072
VIR,United States Virgin Islands,country,2014,42853.89865991852
VIR,United States Virgin Islands,country,2015,42739.08350229929
VIR,United States Virgin Islands,country,2016,43502.43369415636
VIR,United States Virgin Islands,country,2017,43277.1546523522
VIR,United States Virgin Islands,country,2018,44205.40713243939
VIR,United States Virgin Islands,country,2019,45632.63647156925
VIR,United States Virgin Islands,country,2020,45055.78293035233
VIR,United States Virgin Islands,country,2021,46893.54969887414
VIR,United States Virgin Islands,country,2022,46479.29966853264
VIR,United States Virgin Islands,country,2023,
VIR,United States Virgin Islands,country,2024,
VIR,United States Virgin Islands,country,2025,
VNM,Viet Nam,country,1990,2467.964600804633
VNM,Viet Nam,country,1991,2560.843834961642
VNM,Viet Nam,country,1992,2726.473737484872
VNM,Viet Nam,country,1993,2890.424317377613
VNM,Viet Nam,country,1994,3089.609337256306
VNM,Viet Nam,country,1995,3328.214860395577
VNM,Viet Nam,country,1996,3584.028983351468
VNM,Viet Nam,country,1997,3820.302494854339
VNM,Viet Nam,country,1998,3982.958059656033
VNM,Viet Nam,country,1999,4119.053672082309
VNM,Viet Nam,country,2000,4349.223487514622
VNM,Viet Nam,country,2001,4570.268465773852
VNM,Viet Nam,country,2002,4809.62151118535
VNM,Viet Nam,country,2003,5090.289908698845
VNM,Viet Nam,country,2004,5421.097028291215
VNM,Viet Nam,country,2005,5776.363044512679
VNM,Viet Nam,country,2006,6098.24495436514
VNM,Viet Nam,country,2007,6418.54381402878
VNM,Viet Nam,country,2008,6659.135614320655
VNM,Viet Nam,country,2009,6914.338635895455
VNM,Viet Nam,country,2010,7274.733106980158
VNM,Viet Nam,country,2011,7652.61895672271
VNM,Viet Nam,country,2012,7979.868289268585
VNM,Viet Nam,country,2013,8324.198712500469
VNM,Viet Nam,country,2014,8751.882806343749
VNM,Viet Nam,country,2015,9248.023960696222
VNM,Viet Nam,country,2016,9743.188223145504
VNM,Viet Nam,country,2017,10290.54871422442
VNM,Viet Nam,country,2018,10936.89378595577
VNM,Viet Nam,country,2019,11628.61391474506
VNM,Viet Nam,country,2020,11851.3965685649
VNM,Viet Nam,country,2021,12048.9019935536
VNM,Viet Nam,country,2022,12979.76389837107
VNM,Viet Nam,country,2023,13534.79978430164
VNM,Viet Nam,country,2024,14396.4217369473
VNM,Viet Nam,country,2025,15457.34994035466
VUT,Vanuatu,country,1990,3531.787504659316
VUT,Vanuatu,country,1991,3553.437289307747
VUT,Vanuatu,country,1992,3555.937288442282
VUT,Vanuatu,country,1993,3495.49275262507
VUT,Vanuatu,country,1994,3723.024435879123
VUT,Vanuatu,country,1995,3674.388193931034
VUT,Vanuatu,country,1996,3676.87858931689
VUT,Vanuatu,country,1997,3775.235873076532
VUT,Vanuatu,country,1998,3740.685216546712
VUT,Vanuatu,country,1999,3676.297416021274
VUT,Vanuatu,country,2000,3805.622273093528
VUT,Vanuatu,country,2001,3584.911069838157
VUT,Vanuatu,country,2002,3314.712552069053
VUT,Vanuatu,country,2003,3372.772972492714
VUT,Vanuatu,country,2004,3422.608177593754
VUT,Vanuatu,country,2005,3517.846198574613
VUT,Vanuatu,country,2006,3724.247416999449
VUT,Vanuatu,country,2007,3738.66656241804
VUT,Vanuatu,country,2008,3850.279024686276
VUT,Vanuatu,country,2009,3867.757992801349
VUT,Vanuatu,country,2010,3825.756535716133
VUT,Vanuatu,country,2011,3861.182230023093
VUT,Vanuatu,country,2012,3815.418952468156
VUT,Vanuatu,country,2013,3748.765090256792
VUT,Vanuatu,country,2014,3779.649411659981
VUT,Vanuatu,country,2015,3825.812314002291
VUT,Vanuatu,country,2016,3877.083546435485
VUT,Vanuatu,country,2017,3947.678241932029
VUT,Vanuatu,country,2018,3951.18453122592
VUT,Vanuatu,country,2019,3986.656200214719
VUT,Vanuatu,country,2020,3671.973905653031
VUT,Vanuatu,country,2021,3546.080218968717
VUT,Vanuatu,country,2022,3658.518711820463
VUT,Vanuatu,country,2023,3782.826490294179
VUT,Vanuatu,country,2024,3837.039374460482
VUT,Vanuatu,country,2025,3866.998149016736
WLD,World,world,1990,11275.13397758248
WLD,World,world,1991,11183.41069233893
WLD,World,world,1992,11147.55759800001
WLD,World,world,1993,11138.3321858645
WLD,World,world,1994,11264.77782991066
WLD,World,world,1995,11442.8041494803
WLD,World,world,1996,11691.70785949732
WLD,World,world,1997,11979.72379513681
WLD,World,world,1998,12098.40318808805
WLD,World,world,1999,12360.7433274205
WLD,World,world,2000,12780.63813914907
WLD,World,world,2001,12915.05532387913
WLD,World,world,2002,13104.34680438733
WLD,World,world,2003,13410.59782665643
WLD,World,world,2004,13921.34009551008
WLD,World,world,2005,14377.20536383433
WLD,World,world,2006,14934.69329913252
WLD,World,world,2007,15519.53751164796
WLD,World,world,2008,15756.19739182774
WLD,World,world,2009,15456.59250811594
WLD,World,world,2010,16050.85284593309
WLD,World,world,2011,16478.65087219607
WLD,World,world,2012,16785.05388101866
WLD,World,world,2013,17121.72317893752
WLD,World,world,2014,17502.78045901751
WLD,World,world,2015,17870.97974052454
WLD,World,world,2016,18234.0187668301
WLD,World,world,2017,18714.57367777432
WLD,World,world,2018,19189.49222634462
WLD,World,world,2019,19551.0853720052
WLD,World,world,2020,18812.4921846351
WLD,World,world,2021,19875.56691606087
WLD,World,world,2022,20421.73367996202
WLD,World,world,2023,20894.86637476493
WLD,World,world,2024,21393.18435942261
WLD,World,world,2025,21913.50949345307
WSM,Samoa,country,1990,3991.438065616393
WSM,Samoa,country,1991,3892.128468327931
WSM,Samoa,country,1992,3862.383800569908
WSM,Samoa,country,1993,3986.964659916939
WSM,Samoa,country,1994,3854.533219587211
WSM,Samoa,country,1995,4078.513364774691
WSM,Samoa,country,1996,4334.068119852664
WSM,Samoa,country,1997,4325.692396922059
WSM,Samoa,country,1998,4387.081198987866
WSM,Samoa,country,1999,4448.889736940037
WSM,Samoa,country,2000,4639.188802502523
WSM,Samoa,country,2001,4941.748324503162
WSM,Samoa,country,2002,5184.118712181521
WSM,Samoa,country,2003,5426.138991110844
WSM,Samoa,country,2004,5569.060811806686
WSM,Samoa,country,2005,5915.647573679097
WSM,Samoa,country,2006,6018.248054669696
WSM,Samoa,country,2007,6014.046762065998
WSM,Samoa,country,2008,6183.555468499416
WSM,Samoa,country,2009,6104.909629360407
WSM,Samoa,country,2010,6428.135085903328
WSM,Samoa,country,2011,6617.618895095883
WSM,Samoa,country,2012,6312.769446211448
WSM,Samoa,country,2013,6263.126104113589
WSM,Samoa,country,2014,6248.70534550413
WSM,Samoa,country,2015,6433.183962135105
WSM,Samoa,country,2016,6888.187697510013
WSM,Samoa,country,2017,6919.902253669145
WSM,Samoa,country,2018,6805.917093927974
WSM,Samoa,country,2019,7034.422330368147
WSM,Samoa,country,2020,6746.156679631092
WSM,Samoa,country,2021,6350.927870337113
WSM,Samoa,country,2022,6450.191516778419
WSM,Samoa,country,2023,7384.691636886129
WSM,Samoa,country,2024,7687.234255524851
WSM,Samoa,country,2025,7963.427490521526
XKX,Kosovo,country,1990,
XKX,Kosovo,country,1991,
XKX,Kosovo,country,1992,
XKX,Kosovo,country,1993,
XKX,Kosovo,country,1994,
XKX,Kosovo,country,1995,
XKX,Kosovo,country,1996,
XKX,Kosovo,country,1997,
XKX,Kosovo,country,1998,
XKX,Kosovo,country,1999,
XKX,Kosovo,country,2000,
XKX,Kosovo,country,2001,
XKX,Kosovo,country,2002,
XKX,Kosovo,country,2003,
XKX,Kosovo,country,2004,
XKX,Kosovo,country,2005,
XKX,Kosovo,country,2006,
XKX,Kosovo,country,2007,
XKX,Kosovo,country,2008,7098.40301909042
XKX,Kosovo,country,2009,7481.458898327845
XKX,Kosovo,country,2010,7877.10199850556
XKX,Kosovo,country,2011,8359.936214793357
XKX,Kosovo,country,2012,8431.662326946565
XKX,Kosovo,country,2013,8828.276832516382
XKX,Kosovo,country,2014,9150.749972938826
XKX,Kosovo,country,2015,9824.991059553186
XKX,Kosovo,country,2016,10434.88882592679
XKX,Kosovo,country,2017,10856.2902074239
XKX,Kosovo,country,2018,11188.22446279663
XKX,Kosovo,country,2019,11774.11785109084
XKX,Kosovo,country,2020,11137.5028560404
XKX,Kosovo,country,2021,12362.42101812131
XKX,Kosovo,country,2022,13022.4627441502
XKX,Kosovo,country,2023,14240.20303203646
XKX,Kosovo,country,2024,15716.29255645863
XKX,Kosovo,country,2025,16461.29436311884
YEM,Yemen,country,1990,
YEM,Yemen,country,1991,
YEM,Yemen,country,1992,
YEM,Yemen,country,1993,
YEM,Yemen,country,1994,
YEM,Yemen,country,1995,
YEM,Yemen,country,1996,
YEM,Yemen,country,1997,
YEM,Yemen,country,1998,
YEM,Yemen,country,1999,
YEM,Yemen,country,2000,
YEM,Yemen,country,2001,
YEM,Yemen,country,2002,
YEM,Yemen,country,2003,
YEM,Yemen,country,2004,
YEM,Yemen,country,2005,
YEM,Yemen,country,2006,
YEM,Yemen,country,2007,
YEM,Yemen,country,2008,
YEM,Yemen,country,2009,
YEM,Yemen,country,2010,
YEM,Yemen,country,2011,
YEM,Yemen,country,2012,
YEM,Yemen,country,2013,
YEM,Yemen,country,2014,
YEM,Yemen,country,2015,
YEM,Yemen,country,2016,
YEM,Yemen,country,2017,
YEM,Yemen,country,2018,
YEM,Yemen,country,2019,
YEM,Yemen,country,2020,
YEM,Yemen,country,2021,
YEM,Yemen,country,2022,
YEM,Yemen,country,2023,
YEM,Yemen,country,2024,
YEM,Yemen,country,2025,
ZAF,South Africa,country,1990,10811.15153282961
ZAF,South Africa,country,1991,10459.3559818564
ZAF,South Africa,country,1992,10053.61012122922
ZAF,South Africa,country,1993,9976.965064583741
ZAF,South Africa,country,1994,10130.8058233004
ZAF,South Africa,country,1995,10318.83859843533
ZAF,South Africa,country,1996,10623.86035931512
ZAF,South Africa,country,1997,10770.27796248281
ZAF,South Africa,country,1998,10693.68823266222
ZAF,South Africa,country,1999,10831.65896179489
ZAF,South Africa,country,2000,11183.82550314303
ZAF,South Africa,country,2001,11387.49236678196
ZAF,South Africa,country,2002,11697.56572616868
ZAF,South Africa,country,2003,11923.12110136326
ZAF,South Africa,country,2004,12341.21026558284
ZAF,South Africa,country,2005,12861.56330891137
ZAF,South Africa,country,2006,13444.23321260576
ZAF,South Africa,country,2007,14016.2444716386
ZAF,South Africa,country,2008,14297.68878026325
ZAF,South Africa,country,2009,13910.70170933938
ZAF,South Africa,country,2010,14164.99583631155
ZAF,South Africa,country,2011,14434.26114560481
ZAF,South Africa,country,2012,14563.76240410324
ZAF,South Africa,country,2013,14681.09663895704
ZAF,South Africa,country,2014,14643.33847829363
ZAF,South Africa,country,2015,14541.67486136687
ZAF,South Africa,country,2016,14501.2807823402
ZAF,South Africa,country,2017,14573.59808400042
ZAF,South Africa,country,2018,14553.56156689573
ZAF,South Africa,country,2019,14352.66987098708
ZAF,South Africa,country,2020,13250.56665944564
ZAF,South Africa,country,2021,13681.95481448131
ZAF,South Africa,country,2022,13767.49675899361
ZAF,South Africa,country,2023,13695.3755694076
ZAF,South Africa,country,2024,13597.65384959978
ZAF,South Africa,country,2025,13592.04840209295
ZMB,Zambia,country,1990,2425.111286783817
ZMB,Zambia,country,1991,2364.862340399563
ZMB,Zambia,country,1992,2268.49812195378
ZMB,Zambia,country,1993,2365.629536307784
ZMB,Zambia,country,1994,2110.583255648097
ZMB,Zambia,country,1995,2119.956429286973
ZMB,Zambia,country,1996,2197.195649252415
ZMB,Zambia,country,1997,2223.457454457307
ZMB,Zambia,country,1998,2157.573393356672
ZMB,Zambia,country,1999,2198.189129986476
ZMB,Zambia,country,2000,2220.565371271404
ZMB,Zambia,country,2001,2268.969655645968
ZMB,Zambia,country,2002,2299.332891881143
ZMB,Zambia,country,2003,2383.876117410889
ZMB,Zambia,country,2004,2471.720733286847
ZMB,Zambia,country,2005,2564.475609659117
ZMB,Zambia,country,2006,2673.461519285285
ZMB,Zambia,country,2007,2796.352933218403
ZMB,Zambia,country,2008,2908.143625106681
ZMB,Zambia,country,2009,3065.844201089975
ZMB,Zambia,country,2010,3266.507492938285
ZMB,Zambia,country,2011,3335.64339500657
ZMB,Zambia,country,2012,3474.552528440921
ZMB,Zambia,country,2013,3535.22449043144
ZMB,Zambia,country,2014,3585.577485071313
ZMB,Zambia,country,2015,3576.92544834125
ZMB,Zambia,country,2016,3598.171660233895
ZMB,Zambia,country,2017,3612.505976645926
ZMB,Zambia,country,2018,3646.959664816546
ZMB,Zambia,country,2019,3591.56418883108
ZMB,Zambia,country,2020,3391.595411560952
ZMB,Zambia,country,2021,3503.034914183715
ZMB,Zambia,country,2022,3585.123790843465
ZMB,Zambia,country,2023,3673.484196992201
ZMB,Zambia,country,2024,3708.069042956468
ZMB,Zambia,country,2025,3742.256463164917
ZWE,Zimbabwe,country,1990,6082.868798176188
ZWE,Zimbabwe,country,1991,6254.301824896256
ZWE,Zimbabwe,country,1992,5532.061364916718
ZWE,Zimbabwe,country,1993,5509.106974608181
ZWE,Zimbabwe,country,1994,6010.768452390515
ZWE,Zimbabwe,country,1995,5964.615215485972
ZWE,Zimbabwe,country,1996,6474.18822514185
ZWE,Zimbabwe,country,1997,6524.090916152205
ZWE,Zimbabwe,country,1998,6582.376930124917
ZWE,Zimbabwe,country,1999,6423.736691983712
ZWE,Zimbabwe,country,2000,6170.360634505506
ZWE,Zimbabwe,country,2001,6217.438724348632
ZWE,Zimbabwe,country,2002,5610.215768596967
ZWE,Zimbabwe,country,2003,4601.680678457866
ZWE,Zimbabwe,country,2004,4287.616863263518
ZWE,Zimbabwe,country,2005,4004.681783012476
ZWE,Zimbabwe,country,2006,3819.249971166075
ZWE,Zimbabwe,country,2007,3631.553345304115
ZWE,Zimbabwe,country,2008,2954.112119164693
ZWE,Zimbabwe,country,2009,3299.428087029217
ZWE,Zimbabwe,country,2010,3885.410613737564
ZWE,Zimbabwe,country,2011,4358.944706743855
ZWE,Zimbabwe,country,2012,5003.508733970691
ZWE,Zimbabwe,country,2013,5031.709238254249
ZWE,Zimbabwe,country,2014,5081.134412321858
ZWE,Zimbabwe,country,2015,5102.73642537223
ZWE,Zimbabwe,country,2016,5070.424132099813
ZWE,Zimbabwe,country,2017,5234.4065377844
ZWE,Zimbabwe,country,2018,5415.493220281926
ZWE,Zimbabwe,country,2019,4993.865469282076
ZWE,Zimbabwe,country,2020,4527.739492192542
ZWE,Zimbabwe,country,2021,4827.109601659941
ZWE,Zimbabwe,country,2022,5036.783177322392
ZWE,Zimbabwe,country,2023,5218.04526596398
ZWE,Zimbabwe,country,2024,5211.897555879542
ZWE,Zimbabwe,country,2025,5529.233100161538
